city_area,tile_id,device_id,timestamp_amsterdam,temperature_c,latitude,longitude,altitude_m,location_name,country
Utrecht,Utrecht_T1,02:00:00:37:12:66,2026-07-29 15:58:45,31.3,52.179145,5.068822,0,Breukeleveen,NL
Utrecht,Utrecht_T1,02:00:00:02:f6:0e,2026-07-29 15:54:40,32.8,52.197652,5.132777,2,Loosdrecht,NL
Utrecht,Utrecht_T1,02:00:00:b0:a9:90,2026-07-29 15:56:54,36.4,52.200455,5.136932,3,Loosdrecht,NL
Utrecht,Utrecht_T1,02:00:00:5f:5a:3c,2026-07-29 16:01:43,33.9,52.203813,5.065594,0,Wijdemeren,NL
Utrecht,Utrecht_T1,02:00:00:64:1b:94,2026-07-29 16:01:27,33.3,52.20692,5.09326999999999,1,Loosdrecht,NL
Utrecht,Utrecht_T1,02:00:00:00:10:50,2026-07-29 15:57:43,32.6,52.2050161837691,5.12837827205658,3,Loosdrecht,NL
Utrecht,Utrecht_T1,02:00:00:7b:01:10,2026-07-29 15:54:48,36.8,52.205692,5.131749,1,Loosdrecht,NL
Utrecht,Utrecht_T1,02:00:00:3c:ed:a2,2026-07-29 15:56:47,34.4,52.204017,5.140781,2,Loosdrecht,NL
Utrecht,Utrecht_T1,02:00:00:bd:fd:a6,2026-07-29 15:55:16,34.2,52.2087615,5.16269899999998,13,Hilversum,NL
Utrecht,Utrecht_T1,02:00:00:b5:4f:02,2026-07-29 16:03:26,35.4,52.2167510750697,5.15140235424042,4,Hilversum,NL
Utrecht,Utrecht_T1,02:00:00:01:3a:f2,2026-07-29 15:56:56,32.2,52.2149722583813,5.16004279666198,7,Hilversum,NL
Utrecht,Utrecht_T1,02:00:00:b5:b0:3c,2026-07-29 15:58:09,34.9,52.2155,5.16047000000006,7,Hilversum,NL
Utrecht,Utrecht_T1,02:00:00:70:5f:4c,2026-07-29 15:57:21,34.2,52.2131071,5.161144,11,Hilversum,NL
Utrecht,Utrecht_T1,02:00:00:2c:c0:f8,2026-07-29 16:01:32,32.6,52.215289,5.191587,6,Hilversum,NL
Utrecht,Utrecht_T1,02:00:00:a9:99:4e,2026-07-29 16:02:27,31.4,52.217244,5.19999860000001,6,Hilversum,NL
Utrecht,Utrecht_T1,02:00:00:53:5a:42,2026-07-29 15:55:43,33.6,52.218062,5.125525,1,Hilversum,NL
Utrecht,Utrecht_T1,02:00:00:bc:cd:8a,2026-07-29 15:58:21,37.6,52.2181299999999,5.12974530000001,1,Hilversum,NL
Utrecht,Utrecht_T1,02:00:00:32:e1:fc,2026-07-29 15:56:56,34.1,52.21986,5.138679,0,Hilversum,NL
Utrecht,Utrecht_T1,02:00:00:37:0a:6e,2026-07-29 15:59:58,33.5,52.218807220459,5.17026710510254,11,Hilversum,NL
Utrecht,Utrecht_T1,02:00:00:7f:c0:96,2026-07-29 15:58:48,35.3,52.22016524,5.18491051,8,Hilversum,NL
Utrecht,Utrecht_T1,02:00:00:9b:49:56,2026-07-29 16:01:37,34.6,52.0555172581761,5.07246375001336,1,Nieuwegein,NL
Utrecht,Utrecht_T1,02:00:00:a4:2e:9e,2026-07-29 15:55:33,35.3,52.057163,5.071938,1,Nieuwegein,NL
Utrecht,Utrecht_T1,02:00:00:a9:c0:b8,2026-07-29 16:02:48,32.7,52.058835,5.135174,4,Utrecht,NL
Utrecht,Utrecht_T1,02:00:00:bd:cd:b0,2026-07-29 15:57:17,38.1,52.061641,5.128472,3,Utrecht,NL
Utrecht,Utrecht_T1,02:00:00:bd:dc:c4,2026-07-29 15:57:35,32.8,52.0630189775525,5.12959063053131,4,Utrecht,NL
Utrecht,Utrecht_T1,02:00:00:27:58:00,2026-07-29 15:57:53,36.8,52.06631,5.128964,4,Utrecht,NL
Utrecht,Utrecht_T1,02:00:00:2e:c2:fe,2026-07-29 15:54:37,32.0,52.060052,5.134025,4,Utrecht,NL
Utrecht,Utrecht_T1,02:00:00:3e:ec:de,2026-07-29 15:59:02,32.0,52.0628885050208,5.13711911594507,4,Utrecht,NL
Utrecht,Utrecht_T1,02:00:00:28:ec:80,2026-07-29 16:00:34,35.3,52.065526,5.200063,5,Bunnik,NL
Utrecht,Utrecht_T1,02:00:00:63:34:44,2026-07-29 15:54:22,35.6,52.0706,5.0769,0,Utrecht,NL
Utrecht,Utrecht_T1,02:00:00:02:f3:b2,2026-07-29 16:01:53,34.8,52.0684013366699,5.10129976272583,4,Utrecht,NL
Utrecht,Utrecht_T1,02:00:00:02:26:50,2026-07-29 15:59:02,32.1,52.0673127854311,5.1019960641861,3,Utrecht,NL
Utrecht,Utrecht_T1,02:00:00:c2:89:3a,2026-07-29 15:56:57,32.3,52.069,5.1024,4,Utrecht,NL
Utrecht,Utrecht_T1,02:00:00:29:08:ec,2026-07-29 15:58:48,33.7,52.072575,5.120578,2,Utrecht,NL
Utrecht,Utrecht_T1,02:00:00:37:1d:2c,2026-07-29 16:00:43,34.0,52.0740013122559,5.11969995498657,1,Utrecht,NL
Utrecht,Utrecht_T1,02:00:00:b5:00:ce,2026-07-29 15:56:21,35.7,52.069854,5.12234250000003,4,Utrecht,NL
Utrecht,Utrecht_T1,02:00:00:a9:6f:5c,2026-07-29 15:59:57,32.2,52.073802947998,5.12334251403809,5,Utrecht,NL
Utrecht,Utrecht_T1,02:00:00:1e:2a:90,2026-07-29 15:57:25,33.3,52.070201,5.125238,4,Utrecht,NL
Utrecht,Utrecht_T1,02:00:00:65:70:6e,2026-07-29 15:55:10,34.3,52.069762,5.187772,3,Bunnik,NL
Utrecht,Utrecht_T1,02:00:00:1b:06:58,2026-07-29 15:57:12,33.4,52.0673070316701,5.19202797330763,5,Bunnik,NL
Utrecht,Utrecht_T1,02:00:00:83:ec:80,2026-07-29 15:57:16,33.5,52.077263,5.0638604,0,Utrecht,NL
Utrecht,Utrecht_T1,02:00:00:90:d2:70,2026-07-29 15:54:44,35.7,52.081236,5.086788,3,Utrecht,NL
Utrecht,Utrecht_T1,02:00:00:00:ec:e0,2026-07-29 15:55:28,34.1,52.0783359526579,5.11196332515445,6,Utrecht,NL
Utrecht,Utrecht_T1,02:00:00:2f:04:02,2026-07-29 15:57:54,36.1,52.08055,5.122316,6,Utrecht,NL
Utrecht,Utrecht_T1,02:00:00:9c:fc:b4,2026-07-29 16:02:02,30.5,52.0790023803711,5.13050746917725,2,Utrecht,NL
Utrecht,Utrecht_T1,02:00:00:69:29:62,2026-07-29 15:54:00,29.8,52.0756661902043,5.13833000000005,6,Utrecht,NL
Utrecht,Utrecht_T1,02:00:00:90:79:e6,2026-07-29 15:55:05,38.2,52.07892,5.14051000000002,4,Utrecht,NL
Utrecht,Utrecht_T1,02:00:00:53:25:54,2026-07-29 15:55:05,34.4,52.081985,5.087011,2,Utrecht,NL
Utrecht,Utrecht_T1,02:00:00:01:04:a2,2026-07-29 15:59:27,31.3,52.086276,5.08958300000004,8,Utrecht,NL
Utrecht,Utrecht_T1,02:00:00:b5:08:94,2026-07-29 15:56:54,28.5,52.0842805951218,5.12355080298444,8,Utrecht,NL
Utrecht,Utrecht_T1,02:00:00:02:9c:e4,2026-07-29 15:57:52,28.7,52.088481,5.143561,2,Utrecht,NL
Utrecht,Utrecht_T1,02:00:00:63:37:c0,2026-07-29 16:02:51,29.5,52.0846376741441,5.14990675244556,4,Utrecht,NL
Utrecht,Utrecht_T1,02:00:00:84:9e:e4,2026-07-29 16:00:57,29.6,52.085608,5.153452,1,Utrecht,NL
Utrecht,Utrecht_T1,02:00:00:8d:c3:0e,2026-07-29 16:00:17,33.5,52.09396,5.067146,1,Utrecht,NL
Utrecht,Utrecht_T1,02:00:00:5e:f9:3e,2026-07-29 16:00:52,36.4,52.095,5.06790999999997,2,Utrecht,NL
Utrecht,Utrecht_T1,02:00:00:b5:8a:96,2026-07-29 15:57:54,33.8,52.0890953545022,5.07631123065949,1,Utrecht,NL
Utrecht,Utrecht_T1,02:00:00:02:ab:72,2026-07-29 16:00:44,33.4,52.089195,5.089759,4,Utrecht,NL
Utrecht,Utrecht_T1,02:00:00:70:58:26,2026-07-29 16:02:08,32.5,52.093772,5.087235,3,Utrecht,NL
Utrecht,Utrecht_T1,02:00:00:b5:3c:02,2026-07-29 16:00:49,32.6,52.0945,5.09406000000001,4,Utrecht,NL
Utrecht,Utrecht_T1,02:00:00:b9:42:72,2026-07-29 15:54:24,34.2,52.0899963378906,5.09774255752563,4,Utrecht,NL
Utrecht,Utrecht_T1,02:00:00:bd:cf:26,2026-07-29 15:55:57,31.7,52.0907374,5.12142010000002,18,Utrecht,NL
Utrecht,Utrecht_T1,02:00:00:27:49:d0,2026-07-29 15:54:54,31.3,52.091476,5.122634,10,Utrecht,NL
Utrecht,Utrecht_T1,02:00:00:5f:23:9a,2026-07-29 15:56:33,33.4,52.0947967203465,5.12172407991812,9,Utrecht,NL
Utrecht,Utrecht_T1,02:00:00:5e:ef:2e,2026-07-29 15:57:49,34.0,52.09442,5.134765,6,Utrecht,NL
Utrecht,Utrecht_T1,02:00:00:5f:20:04,2026-07-29 16:02:35,31.2,52.0938845651776,5.13856323934985,6,Utrecht,NL
Utrecht,Utrecht_T1,02:00:00:c3:a6:ae,2026-07-29 16:01:10,36.7,52.0966653034839,5.07333587462335,0,Utrecht,NL
Utrecht,Utrecht_T1,02:00:00:02:bd:78,2026-07-29 15:56:05,32.7,52.1013615,5.09969620000004,3,Utrecht,NL
Utrecht,Utrecht_T1,02:00:00:52:d7:a4,2026-07-29 16:03:30,34.1,52.101415,5.10791,5,Utrecht,NL
Utrecht,Utrecht_T1,02:00:00:28:df:e8,2026-07-29 15:56:23,32.9,52.09981,5.11318999999998,4,Utrecht,NL
Utrecht,Utrecht_T1,02:00:00:b5:97:f6,2026-07-29 15:57:20,32.1,52.100982,5.113231,4,Utrecht,NL
Utrecht,Utrecht_T1,02:00:00:a9:76:3c,2026-07-29 16:03:14,32.9,52.099474,5.11834,6,Utrecht,NL
Utrecht,Utrecht_T1,02:00:00:3c:f5:5e,2026-07-29 16:02:21,33.8,52.095871,5.131864,3,Utrecht,NL
Utrecht,Utrecht_T1,02:00:00:a4:41:f0,2026-07-29 16:02:31,32.4,52.10156,5.1217494,3,Utrecht,NL
Utrecht,Utrecht_T1,02:00:00:b4:ee:1a,2026-07-29 15:58:34,31.5,52.099659,5.124221,4,Utrecht,NL
Utrecht,Utrecht_T1,02:00:00:2c:9c:64,2026-07-29 15:55:49,34.4,52.098562,5.141,4,Utrecht,NL
Utrecht,Utrecht_T1,02:00:00:01:91:12,2026-07-29 15:59:35,31.1,52.096668,5.141989,6,Utrecht,NL
Utrecht,Utrecht_T1,02:00:00:64:29:de,2026-07-29 15:58:15,33.2,52.105162,5.100294,2,Utrecht,NL
Utrecht,Utrecht_T1,02:00:00:28:cf:22,2026-07-29 15:57:04,32.0,52.107056,5.121125,2,Utrecht,NL
Utrecht,Utrecht_T1,02:00:00:02:a5:b6,2026-07-29 16:00:24,35.2,52.104958,5.13533300000003,4,Utrecht,NL
Utrecht,Utrecht_T1,02:00:00:b5:0b:b6,2026-07-29 16:03:22,35.6,52.1083564758301,5.13924789428711,2,Utrecht,NL
Utrecht,Utrecht_T1,02:00:00:58:d2:58,2026-07-29 15:59:08,33.0,52.104095,5.144752,0,Utrecht,NL
Utrecht,Utrecht_T1,02:00:00:14:60:ec,2026-07-29 16:02:08,33.9,52.106249,5.171551,3,De Bilt,NL
Utrecht,Utrecht_T1,02:00:00:a2:02:8a,2026-07-29 16:00:27,33.9,52.106261,5.177714,5,De Bilt,NL
Utrecht,Utrecht_T1,02:00:00:70:4e:ba,2026-07-29 16:00:58,34.7,52.112316,5.090597,1,Utrecht,NL
Utrecht,Utrecht_T1,02:00:00:01:d1:6c,2026-07-29 15:59:12,36.9,52.1147232055664,5.11503601074219,7,Utrecht,NL
Utrecht,Utrecht_T1,02:00:00:a9:a9:ac,2026-07-29 15:58:32,33.5,52.11504,5.11446000000007,4,Utrecht,NL
Utrecht,Utrecht_T1,02:00:00:7b:00:16,2026-07-29 16:00:53,35.6,52.116092,5.116809,5,Utrecht,NL
Utrecht,Utrecht_T1,02:00:00:a2:28:d4,2026-07-29 16:02:35,38.7,52.11298,5.176283,3,De Bilt,NL
Utrecht,Utrecht_T1,02:00:00:74:4f:c6,2026-07-29 15:59:33,34.2,52.114273,5.1778874,5,De Bilt,NL
Utrecht,Utrecht_T1,02:00:00:b5:07:da,2026-07-29 15:56:59,33.8,52.1185,5.0885,0,Utrecht,NL
Utrecht,Utrecht_T1,02:00:00:9d:2a:ee,2026-07-29 15:55:41,33.9,52.1226012257881,5.09323120411752,2,Utrecht,NL
Utrecht,Utrecht_T1,02:00:00:af:6f:c0,2026-07-29 15:55:30,36.3,52.1203433,5.1160012,4,Utrecht,NL
Utrecht,Utrecht_T1,02:00:00:63:2e:78,2026-07-29 15:57:22,34.3,52.124311,5.149015,3,Groenekan,NL
Utrecht,Utrecht_T1,02:00:00:17:79:98,2026-07-29 16:02:34,34.2,52.1210929,5.18279509999996,4,Bilthoven,NL
Utrecht,Utrecht_T1,02:00:00:2e:bd:ce,2026-07-29 15:58:08,33.1,52.122233,5.200776,10,Bilthoven,NL
Utrecht,Utrecht_T1,02:00:00:7f:b2:0e,2026-07-29 15:53:39,31.5,52.127119,5.100939,4,Utrecht,NL
Utrecht,Utrecht_T1,02:00:00:33:2d:6a,2026-07-29 16:02:35,34.2,52.1263389,5.1944393,6,De Bilt,NL
Utrecht,Utrecht_T1,02:00:00:36:a3:68,2026-07-29 16:01:22,32.7,52.12822,5.20124999999999,8,Bilthoven,NL
Utrecht,Utrecht_T1,02:00:00:7a:ff:64,2026-07-29 15:58:44,35.4,52.132211,5.197475,3,Bilthoven,NL
Utrecht,Utrecht_T1,02:00:00:2c:9c:48,2026-07-29 15:54:40,30.1,52.140412,5.009436,0,Stichtse Vecht,NL
Utrecht,Utrecht_T1,02:00:00:13:51:2c,2026-07-29 16:00:17,31.4,52.1396417101006,5.0186761524582,0,Maarssen,NL
Utrecht,Utrecht_T1,02:00:00:04:6a:e8,2026-07-29 16:00:59,32.4,52.140233,5.042324,2,Stichtse Vecht,NL
Utrecht,Utrecht_T1,02:00:00:1c:40:12,2026-07-29 15:57:14,37.0,52.145925,5.043263,0,Maarssen,NL
Utrecht,Utrecht_T1,02:00:00:2c:b8:78,2026-07-29 16:03:00,34.9,52.1517178597221,4.94924400000001,0,Kockengen,NL
Utrecht,Utrecht_T1,02:00:00:9d:25:4e,2026-07-29 15:54:24,34.3,52.15058,4.95477000000003,0,Kockengen,NL
Utrecht,Utrecht_T1,02:00:00:05:38:88,2026-07-29 16:02:00,36.4,52.1500807019266,5.03824532032017,0,Maarssen,NL
Utrecht,Utrecht_T1,02:00:00:a4:59:54,2026-07-29 15:55:14,34.8,52.1487083,5.03985960000006,0,Maarssen,NL
Utrecht,Utrecht_T1,02:00:00:27:6f:7e,2026-07-29 16:01:07,33.3,52.150683,5.039803,0,Stichtse Vecht,NL
Utrecht,Utrecht_T1,02:00:00:9b:60:ca,2026-07-29 15:56:40,37.5,52.1661071777344,4.99944877624512,0,Stichtse Vecht,NL
Utrecht,Utrecht_T1,02:00:00:31:b2:30,2026-07-29 15:53:19,31.9,52.179563,5.020723,0,Breukelen,NL
Utrecht,Utrecht_T1,02:00:00:27:a6:98,2026-07-29 15:54:40,35.2,52.177905,5.023052,0,Breukelen,NL
Utrecht,Utrecht_T1,02:00:00:3f:28:4e,2026-07-29 15:58:09,34.9,52.1885295082791,4.98983681201935,0,Nieuwer Ter Aa,NL
Utrecht,Utrecht_T1,02:00:00:37:28:66,2026-07-29 16:00:22,35.2,52.208307,4.923314,0,Vinkeveen,NL
Utrecht,Utrecht_T1,02:00:00:5e:f1:70,2026-07-29 15:54:23,32.1,52.209506,5.015637,0,Loenen aan de Vecht,NL
Utrecht,Utrecht_T1,02:00:00:bc:d2:3a,2026-07-29 16:01:46,33.3,52.2071006719862,5.01808721691921,0,Loenen aan de Vecht,NL
Utrecht,Utrecht_T1,02:00:00:70:39:30,2026-07-29 15:53:49,33.3,52.2132735899086,4.92226205035142,0,Vinkeveen,NL
Utrecht,Utrecht_T1,02:00:00:14:48:30,2026-07-29 16:03:14,31.9,52.214024,5.026552,0,Loenen aan de Vecht,NL
Utrecht,Utrecht_T1,02:00:00:2b:23:dc,2026-07-29 15:58:01,35.8,52.052497,4.955131,1,Montfoort,NL
Utrecht,Utrecht_T1,02:00:00:c2:4e:14,2026-07-29 15:56:42,34.9,52.080025,5.00642199999999,0,Utrecht,NL
Utrecht,Utrecht_T1,02:00:00:64:15:e6,2026-07-29 15:54:37,34.7,52.07943,5.0167677,0,Utrecht,NL
Utrecht,Utrecht_T1,02:00:00:27:5f:76,2026-07-29 15:59:43,37.8,52.077418,5.020574,0,Utrecht,NL
Utrecht,Utrecht_T1,02:00:00:29:3e:f6,2026-07-29 16:03:59,42.8,52.078198,5.020616,0,Utrecht,NL
Utrecht,Utrecht_T1,02:00:00:a4:3e:00,2026-07-29 15:57:22,37.0,52.0758920140845,5.0307848067002,0,Utrecht,NL
Utrecht,Utrecht_T1,02:00:00:17:7b:70,2026-07-29 15:58:06,32.5,52.0873338,4.9699941,1,Woerden,NL
Utrecht,Utrecht_T1,02:00:00:5f:5e:f6,2026-07-29 15:56:22,33.7,52.082204,5.032968,3,Utrecht,NL
Utrecht,Utrecht_T1,02:00:00:a4:6c:14,2026-07-29 15:53:51,34.9,52.082503,5.035357,2,Utrecht,NL
Utrecht,Utrecht_T1,02:00:00:84:0d:58,2026-07-29 15:55:40,36.1,52.083796,5.042289,0,Utrecht,NL
Utrecht,Utrecht_T1,02:00:00:2e:9f:46,2026-07-29 15:54:31,35.7,52.0872737363844,5.0397069563345,1,Utrecht,NL
Utrecht,Utrecht_T1,02:00:00:1c:75:b0,2026-07-29 15:56:28,34.5,52.083493,5.0442,1,Utrecht,NL
Utrecht,Utrecht_T1,02:00:00:84:4c:be,2026-07-29 15:59:57,33.5,52.085796,5.05175,2,Utrecht,NL
Utrecht,Utrecht_T1,02:00:00:63:1e:24,2026-07-29 16:00:00,32.9,52.0841807,5.0583297,1,Utrecht,NL
Utrecht,Utrecht_T1,02:00:00:c2:3c:a4,2026-07-29 16:00:38,33.0,52.088304,5.055145,0,Utrecht,NL
Utrecht,Utrecht_T1,02:00:00:a2:64:3a,2026-07-29 16:02:31,34.5,52.08912,4.955397,1,Woerden,NL
Utrecht,Utrecht_T1,02:00:00:27:67:9e,2026-07-29 15:57:04,33.8,52.0939775908876,4.95844790679508,1,Woerden,NL
Utrecht,Utrecht_T1,02:00:00:7f:a0:a8,2026-07-29 16:00:09,34.0,52.0889488341052,4.96163483170568,0,Woerden,NL
Utrecht,Utrecht_T1,02:00:00:1c:5a:c4,2026-07-29 15:55:41,33.1,52.091265,4.999434,0,Utrecht,NL
Utrecht,Utrecht_T1,02:00:00:b5:b1:bc,2026-07-29 15:56:29,34.1,52.095,5.0099,0,Utrecht,NL
Utrecht,Utrecht_T1,02:00:00:01:14:58,2026-07-29 15:54:15,39.5,52.089916,5.01991400000001,0,Utrecht,NL
Utrecht,Utrecht_T1,02:00:00:90:90:7e,2026-07-29 16:00:15,34.0,52.09193,5.016591,0,Utrecht,NL
Utrecht,Utrecht_T1,02:00:00:34:05:ae,2026-07-29 15:56:48,37.3,52.091745,5.01907,1,Utrecht,NL
Utrecht,Utrecht_T1,02:00:00:c2:47:80,2026-07-29 16:02:46,32.7,52.0893016,5.03434910000001,0,Utrecht,NL
Utrecht,Utrecht_T1,02:00:00:64:2b:54,2026-07-29 15:55:36,34.4,52.0939815413722,5.04236700868549,0,Utrecht,NL
Utrecht,Utrecht_T1,02:00:00:2b:42:7a,2026-07-29 15:59:57,34.6,52.0941,5.0504,2,Utrecht,NL
Utrecht,Utrecht_T1,02:00:00:7a:c6:dc,2026-07-29 16:00:59,31.9,52.096533,5.002674,0,Utrecht,NL
Utrecht,Utrecht_T1,02:00:00:70:38:92,2026-07-29 15:58:35,31.9,52.099754,4.997049,0,Utrecht,NL
Utrecht,Utrecht_T1,02:00:00:33:dd:42,2026-07-29 16:01:42,34.4,52.0973472595215,5.0064435005188,0,Utrecht,NL
Utrecht,Utrecht_T1,02:00:00:5e:e2:2e,2026-07-29 15:59:17,33.0,52.0987673336394,5.01320895590376,0,Utrecht,NL
Utrecht,Utrecht_T1,02:00:00:bd:d9:bc,2026-07-29 15:54:40,36.9,52.1012649536133,5.01841592788696,1,Utrecht,NL
Utrecht,Utrecht_T1,02:00:00:a9:50:38,2026-07-29 16:01:40,29.9,52.098376,5.039789,0,Utrecht,NL
Utrecht,Utrecht_T1,02:00:00:01:86:10,2026-07-29 15:55:37,37.6,52.09855,5.039822,0,Utrecht,NL
Utrecht,Utrecht_T1,02:00:00:bd:c9:2c,2026-07-29 15:57:45,33.0,52.099041,5.042377,0,Utrecht,NL
Utrecht,Utrecht_T1,02:00:00:73:be:5a,2026-07-29 15:57:05,37.7,52.097817,5.051997,3,Utrecht,NL
Utrecht,Utrecht_T1,02:00:00:01:a1:ee,2026-07-29 15:53:30,36.0,52.0960000139971,5.0595535031938,0,Utrecht,NL
Utrecht,Utrecht_T1,02:00:00:3e:ec:2c,2026-07-29 16:00:42,40.6,52.0968945722032,5.05947500118808,0,Utrecht,NL
Utrecht,Utrecht_T1,02:00:00:2c:f6:ae,2026-07-29 15:58:05,31.8,52.106163,4.981696,0,Utrecht,NL
Utrecht,Utrecht_T1,02:00:00:53:19:bc,2026-07-29 15:55:52,34.4,52.109263,5.018467,1,Utrecht,NL
Utrecht,Utrecht_T1,02:00:00:84:78:2c,2026-07-29 15:57:46,31.0,52.1067630675542,5.02126398724257,1,Utrecht,NL
Utrecht,Utrecht_T1,02:00:00:31:cb:18,2026-07-29 15:56:01,31.4,52.1073892613559,5.02463787381133,0,Utrecht,NL
Utrecht,Utrecht_T1,02:00:00:84:24:48,2026-07-29 15:55:31,30.7,52.1050731,5.0346819,1,Utrecht,NL
Utrecht,Utrecht_T1,02:00:00:32:ed:e0,2026-07-29 15:55:16,31.0,52.1070404052734,5.03613185882568,0,Utrecht,NL
Utrecht,Utrecht_T1,02:00:00:39:fb:5e,2026-07-29 16:04:02,32.8,52.1148094074168,5.00760211705581,0,Utrecht,NL
Utrecht,Utrecht_T1,02:00:00:64:3e:bc,2026-07-29 16:01:38,34.8,52.115205,5.007731,0,Utrecht,NL
Utrecht,Utrecht_T1,02:00:00:84:79:a0,2026-07-29 16:01:53,34.9,52.114201,5.01126,0,Utrecht,NL
Utrecht,Utrecht_T1,02:00:00:3f:0a:32,2026-07-29 16:01:30,32.6,52.110354,5.02495200000003,3,Utrecht,NL
Utrecht,Utrecht_T1,02:00:00:a9:4b:60,2026-07-29 15:55:13,36.8,52.119961,4.99775200000006,3,Utrecht,NL
Utrecht,Utrecht_T1,02:00:00:1c:6e:60,2026-07-29 15:53:51,32.1,52.121309,5.030174,0,Maarssen,NL
Utrecht,Utrecht_T1,02:00:00:22:a9:96,2026-07-29 16:02:03,38.2,52.122375,5.033245,0,Stichtse Vecht,NL
Utrecht,Utrecht_T1,02:00:00:70:2f:1c,2026-07-29 15:58:53,31.8,52.122375,5.033245,0,Stichtse Vecht,NL
Utrecht,Utrecht_T1,02:00:00:3d:25:42,2026-07-29 16:01:59,31.9,52.135743,5.016961,0,Maarssen,NL
Utrecht,Utrecht_T1,02:00:00:29:08:b2,2026-07-29 15:58:15,34.0,52.138664,5.0182734,0,Maarssen,NL
Utrecht,Utrecht_T1,02:00:00:a9:65:bc,2026-07-29 15:57:11,36.2,52.1340026855469,5.04215478897095,1,Maarssen,NL
Utrecht,Utrecht_T1,02:00:00:af:40:24,2026-07-29 15:56:44,35.1,52.1336212158203,5.04450082778931,2,Maarssen,NL
Utrecht,Utrecht_T1,02:00:00:2c:75:f4,2026-07-29 15:57:08,32.9,52.1375923156738,5.05607128143311,1,Stichtse Vecht,NL
Utrecht,Utrecht_T2,02:00:00:74:07:28,2026-07-29 15:57:13,30.4,52.145235,5.210172,10,Bilthoven,NL
Utrecht,Utrecht_T2,02:00:00:c2:35:ac,2026-07-29 16:03:40,31.2,52.1459370151422,5.21551547366956,7,Bilthoven,NL
Utrecht,Utrecht_T2,02:00:00:7f:c4:6a,2026-07-29 16:02:41,34.3,52.1425225952839,5.23391006287104,10,Zeist,NL
Utrecht,Utrecht_T2,02:00:00:74:64:38,2026-07-29 15:55:52,33.7,52.1411243623068,5.23903367633706,11,Zeist,NL
Utrecht,Utrecht_T2,02:00:00:b5:78:d6,2026-07-29 15:56:46,32.8,52.146778,5.237025,10,Zeist,NL
Utrecht,Utrecht_T2,02:00:00:5f:15:c0,2026-07-29 16:00:43,33.9,52.16024,5.215069,6,Bilthoven,NL
Utrecht,Utrecht_T2,02:00:00:a2:74:3e,2026-07-29 15:56:51,35.4,52.1600980139711,5.28715847486947,6,Soest,NL
Utrecht,Utrecht_T2,02:00:00:28:9f:7a,2026-07-29 15:57:39,35.2,52.159431,5.300399,7,Soest,NL
Utrecht,Utrecht_T2,02:00:00:a2:74:d8,2026-07-29 15:55:52,34.7,52.159536,5.30479100000001,8,Soest,NL
Utrecht,Utrecht_T2,02:00:00:00:4a:16,2026-07-29 16:03:03,32.3,52.158649,5.33553899999997,6,Soest,NL
Utrecht,Utrecht_T2,02:00:00:31:ea:a8,2026-07-29 16:03:27,36.0,52.166694,5.293944,4,Soest,NL
Utrecht,Utrecht_T2,02:00:00:03:b6:1e,2026-07-29 15:56:59,36.5,52.160626,5.3011,7,Soest,NL
Utrecht,Utrecht_T2,02:00:00:70:4e:b4,2026-07-29 15:59:59,34.0,52.1610313078006,5.31033632946336,7,Soest,NL
Utrecht,Utrecht_T2,02:00:00:27:55:54,2026-07-29 15:59:28,33.3,52.161317,5.311697,10,Soest,NL
Utrecht,Utrecht_T2,02:00:00:3f:6d:36,2026-07-29 15:59:01,33.4,52.1615414,5.3120704,10,Soest,NL
Utrecht,Utrecht_T2,02:00:00:83:cc:cc,2026-07-29 15:55:50,35.1,52.1690789466029,5.27412414550781,2,Soest,NL
Utrecht,Utrecht_T2,02:00:00:3c:17:5e,2026-07-29 16:00:49,34.1,52.174072,5.286707,4,Soest,NL
Utrecht,Utrecht_T2,02:00:00:6b:39:c6,2026-07-29 15:56:26,33.3,52.174175,5.287441,4,Soest,NL
Utrecht,Utrecht_T2,02:00:00:1e:02:2c,2026-07-29 15:55:45,34.9,52.1752333,5.2742121,3,Soest,NL
Utrecht,Utrecht_T2,02:00:00:a9:e6:ca,2026-07-29 15:59:59,33.6,52.1806831359863,5.27848291397095,7,Soest,NL
Utrecht,Utrecht_T2,02:00:00:b4:e8:ee,2026-07-29 15:57:20,34.9,52.185532,5.296697,9,Soest,NL
Utrecht,Utrecht_T2,02:00:00:b2:be:4a,2026-07-29 15:56:13,34.7,52.182134,5.302085,8,Soest,NL
Utrecht,Utrecht_T2,02:00:00:7a:b5:60,2026-07-29 16:00:42,33.3,52.189513,5.28451299999998,7,Soest,NL
Utrecht,Utrecht_T2,02:00:00:1d:ec:aa,2026-07-29 16:03:38,38.9,52.190209,5.284914,3,Soest,NL
Utrecht,Utrecht_T2,02:00:00:6b:5e:00,2026-07-29 15:57:56,35.4,52.18958,5.285416,3,Soest,NL
Utrecht,Utrecht_T2,02:00:00:5e:fd:72,2026-07-29 15:53:44,32.8,52.1916211079577,5.29531314838943,2,Baarn,NL
Utrecht,Utrecht_T2,02:00:00:74:36:ec,2026-07-29 15:55:13,33.5,52.1987916,5.29681810000006,0,Baarn,NL
Utrecht,Utrecht_T2,02:00:00:03:a5:92,2026-07-29 15:54:01,32.7,52.205826,5.303774,1,Baarn,NL
Utrecht,Utrecht_T2,02:00:00:6b:4e:c2,2026-07-29 15:58:35,32.4,52.205954,5.303684,1,Baarn,NL
Utrecht,Utrecht_T2,02:00:00:9b:5d:8c,2026-07-29 15:56:28,31.6,52.2144057,5.2672261,15,Baarn,NL
Utrecht,Utrecht_T2,02:00:00:73:a9:6a,2026-07-29 15:54:28,33.1,52.211376,5.2808995,14,Baarn,NL
Utrecht,Utrecht_T2,02:00:00:b2:ca:86,2026-07-29 15:57:39,33.5,52.211498260498,5.29220008850098,8,Baarn,NL
Utrecht,Utrecht_T2,02:00:00:90:7d:3c,2026-07-29 15:56:28,34.4,52.214039,5.301358,4,Baarn,NL
Utrecht,Utrecht_T2,02:00:00:64:24:30,2026-07-29 16:00:14,35.9,52.2223117937543,5.20657381176758,7,Hilversum,NL
Utrecht,Utrecht_T2,02:00:00:5e:d4:3c,2026-07-29 16:00:14,33.2,52.2219,5.2869,0,Kortenhoef,NL
Utrecht,Utrecht_T2,02:00:00:3f:5b:90,2026-07-29 16:03:31,34.4,52.2184876,5.2895261,3,Baarn,NL
Utrecht,Utrecht_T2,02:00:00:7f:da:5c,2026-07-29 15:59:30,33.6,52.0531304369579,5.22815108299255,4,Odijk,NL
Utrecht,Utrecht_T2,02:00:00:6b:5c:40,2026-07-29 15:57:49,34.2,52.054557,5.231227,4,Odijk,NL
Utrecht,Utrecht_T2,02:00:00:6b:66:fe,2026-07-29 15:55:36,34.9,52.054769,5.232745,4,Bunnik,NL
Utrecht,Utrecht_T2,02:00:00:83:93:78,2026-07-29 15:59:58,35.2,52.055734,5.266538,4,Driebergen-Rijsenburg,NL
Utrecht,Utrecht_T2,02:00:00:b2:c5:82,2026-07-29 16:00:17,33.8,52.053513,5.28343899999996,7,Driebergen-Rijsenburg,NL
Utrecht,Utrecht_T2,02:00:00:05:4c:fe,2026-07-29 15:59:48,28.9,52.05599,5.302302,8,Driebergen-Rijsenburg,NL
Utrecht,Utrecht_T2,02:00:00:53:4b:f6,2026-07-29 15:55:02,33.0,52.0663334077756,5.27181981444309,7,Utrechtse Heuvelrug,NL
Utrecht,Utrecht_T2,02:00:00:5f:31:da,2026-07-29 16:02:43,30.3,52.060634,5.303621,9,Driebergen-Rijsenburg,NL
Utrecht,Utrecht_T2,02:00:00:12:fa:c2,2026-07-29 15:56:43,40.9,52.0734988364436,5.26520848274231,11,Zeist,NL
Utrecht,Utrecht_T2,02:00:00:69:2d:ce,2026-07-29 15:55:06,35.0,52.0776864965393,5.21996678862774,2,Zeist,NL
Utrecht,Utrecht_T2,02:00:00:70:49:70,2026-07-29 15:54:10,32.8,52.078163,5.220644,3,Zeist,NL
Utrecht,Utrecht_T2,02:00:00:2c:8c:8e,2026-07-29 15:57:10,38.3,52.076028,5.223584,3,Zeist,NL
Utrecht,Utrecht_T2,02:00:00:a9:8d:d8,2026-07-29 15:59:52,33.5,52.085205078125,5.20746994018555,3,Zeist,NL
Utrecht,Utrecht_T2,02:00:00:6b:50:1c,2026-07-29 16:03:27,37.8,52.0831358136488,5.20810304846899,3,Zeist,NL
Utrecht,Utrecht_T2,02:00:00:3c:09:22,2026-07-29 15:57:26,34.3,52.08636,5.221066,4,Zeist,NL
Utrecht,Utrecht_T2,02:00:00:b5:a7:22,2026-07-29 16:02:39,33.9,52.086941,5.225881,3,Zeist,NL
Utrecht,Utrecht_T2,02:00:00:63:36:3c,2026-07-29 16:02:45,33.5,52.082337,5.230563,5,Zeist,NL
Utrecht,Utrecht_T2,02:00:00:b5:78:be,2026-07-29 15:55:56,35.4,52.0856160136376,5.24176729332961,10,Zeist,NL
Utrecht,Utrecht_T2,02:00:00:71:2a:b6,2026-07-29 16:00:59,37.1,52.0859,5.251713,8,Zeist,NL
Utrecht,Utrecht_T2,02:00:00:2b:15:76,2026-07-29 15:56:13,32.5,52.081371,5.269217,9,Zeist,NL
Utrecht,Utrecht_T2,02:00:00:2b:1b:b8,2026-07-29 15:57:17,33.0,52.0832,5.3114,16,Zeist,NL
Utrecht,Utrecht_T2,02:00:00:b5:6c:22,2026-07-29 15:58:05,34.3,52.091126,5.216452,3,Zeist,NL
Utrecht,Utrecht_T2,02:00:00:2d:02:84,2026-07-29 16:02:17,40.8,52.0891283153717,5.22022247314453,4,Zeist,NL
Utrecht,Utrecht_T2,02:00:00:be:08:80,2026-07-29 16:00:43,36.3,52.08921,5.23415,4,Zeist,NL
Utrecht,Utrecht_T2,02:00:00:a9:76:24,2026-07-29 15:59:27,37.9,52.0949630737305,5.24057006835938,6,Zeist,NL
Utrecht,Utrecht_T2,02:00:00:9b:53:2c,2026-07-29 15:57:53,35.5,52.0996245440849,5.21469090660867,4,Zeist,NL
Utrecht,Utrecht_T2,02:00:00:7a:86:6c,2026-07-29 15:54:27,34.0,52.096791,5.223656,6,Zeist,NL
Utrecht,Utrecht_T2,02:00:00:70:52:12,2026-07-29 16:01:14,35.0,52.0989064,5.2171375,7,Zeist,NL
Utrecht,Utrecht_T2,02:00:00:a9:7b:ee,2026-07-29 15:58:51,33.8,52.101676940918,5.22248458862305,7,Zeist,NL
Utrecht,Utrecht_T2,02:00:00:01:97:ee,2026-07-29 16:01:56,37.0,52.095773,5.238273,8,Zeist,NL
Utrecht,Utrecht_T2,02:00:00:04:78:82,2026-07-29 15:57:06,32.5,52.1007772460734,5.24760032682437,9,Zeist,NL
Utrecht,Utrecht_T2,02:00:00:c3:89:70,2026-07-29 16:02:25,34.5,52.09627,5.25480000000008,10,Zeist,NL
Utrecht,Utrecht_T2,02:00:00:b5:7f:6e,2026-07-29 15:55:35,30.0,52.096116,5.275819,16,Zeist,NL
Utrecht,Utrecht_T2,02:00:00:00:cf:e2,2026-07-29 16:01:11,34.1,52.1165564224102,5.27588927533017,26,Zeist,NL
Utrecht,Utrecht_T2,02:00:00:32:d5:b4,2026-07-29 15:59:29,32.1,52.120705,5.242738,11,Zeist,NL
Utrecht,Utrecht_T2,02:00:00:2e:f1:88,2026-07-29 15:54:40,33.0,52.118117,5.282257,18,Soest,NL
Utrecht,Utrecht_T2,02:00:00:58:d1:7c,2026-07-29 16:02:42,36.6,52.1175345595035,5.29194567397049,21,Soest,NL
Utrecht,Utrecht_T2,02:00:00:c3:8d:d4,2026-07-29 16:02:35,34.0,52.122499,5.2877,20,Soest,NL
Utrecht,Utrecht_T2,02:00:00:19:a7:d8,2026-07-29 15:59:05,32.0,52.1270529486221,5.20968830477742,9,De Bilt,NL
Utrecht,Utrecht_T2,02:00:00:1c:70:32,2026-07-29 15:54:05,31.6,52.1276989082711,5.20827054977417,6,Bilthoven,NL
Utrecht,Utrecht_T2,02:00:00:83:f8:ea,2026-07-29 16:02:04,33.4,52.130348,5.321519,28,Soest,NL
Utrecht,Utrecht_T2,02:00:00:64:3a:06,2026-07-29 16:01:55,32.5,52.135639,5.211466,8,Bilthoven,NL
Utrecht,Utrecht_T2,02:00:00:b2:c4:4c,2026-07-29 15:57:04,31.0,52.137758,5.221579,12,Bilthoven,NL
Utrecht,Utrecht_T2,02:00:00:84:6f:f6,2026-07-29 15:55:31,33.2,52.138655,5.227653,12,Bilthoven,NL
Utrecht,Utrecht_T3,02:00:00:7a:fc:c0,2026-07-29 15:55:33,35.2,51.985681,5.077175,5,Vianen,NL
Utrecht,Utrecht_T3,02:00:00:bc:e5:5a,2026-07-29 16:02:46,35.5,51.985033,5.080696,3,Vianen,NL
Utrecht,Utrecht_T3,02:00:00:31:ed:ec,2026-07-29 15:55:17,37.9,51.983323,5.093653,2,Vianen,NL
Utrecht,Utrecht_T3,02:00:00:7f:8d:c4,2026-07-29 15:54:49,32.1,51.9830332883009,5.12328207492826,3,Hagestein,NL
Utrecht,Utrecht_T3,02:00:00:b2:b1:fc,2026-07-29 16:03:37,33.7,51.9884779,5.07393630000002,2,Vianen,NL
Utrecht,Utrecht_T3,02:00:00:b9:1e:ca,2026-07-29 15:57:49,34.1,51.9914952649266,5.10561422229253,2,Vianen,NL
Utrecht,Utrecht_T3,02:00:00:52:ed:28,2026-07-29 15:56:50,37.7,51.993881,5.120075,3,Hoef en Haag,NL
Utrecht,Utrecht_T3,02:00:00:a9:87:e4,2026-07-29 15:54:34,37.8,51.9912528991699,5.12258720397949,0,Hoef en Haag,NL
Utrecht,Utrecht_T3,02:00:00:28:d9:60,2026-07-29 15:58:06,35.4,52.008254895269,5.07912755012512,1,Nieuwegein,NL
Utrecht,Utrecht_T3,02:00:00:ab:df:d2,2026-07-29 15:59:31,33.7,52.0028160778323,5.0815361738205,8,Nieuwegein,NL
Utrecht,Utrecht_T3,02:00:00:06:71:46,2026-07-29 15:56:41,32.9,52.0032156734361,5.08314549922943,8,Nieuwegein,NL
Utrecht,Utrecht_T3,02:00:00:2f:21:6e,2026-07-29 16:02:39,34.6,52.00266,5.08989000000006,7,Nieuwegein,NL
Utrecht,Utrecht_T3,02:00:00:c6:28:f6,2026-07-29 15:56:22,36.1,52.006166,5.089671,2,Nieuwegein,NL
Utrecht,Utrecht_T3,02:00:00:b9:26:32,2026-07-29 15:59:23,33.7,52.0069,5.093,1,Nieuwegein,NL
Utrecht,Utrecht_T3,02:00:00:af:32:52,2026-07-29 16:02:42,35.9,52.0100655920947,5.07965231726042,3,Nieuwegein,NL
Utrecht,Utrecht_T3,02:00:00:58:b3:02,2026-07-29 16:02:14,34.7,52.010572,5.08619999999997,1,Nieuwegein,NL
Utrecht,Utrecht_T3,02:00:00:03:58:16,2026-07-29 15:58:36,34.1,52.010896,5.092813,2,Nieuwegein,NL
Utrecht,Utrecht_T3,02:00:00:37:29:34,2026-07-29 16:00:05,34.7,52.0121,5.0976,0,Nieuwegein,NL
Utrecht,Utrecht_T3,02:00:00:bc:aa:ca,2026-07-29 15:57:35,35.0,52.0104637145996,5.09828901290894,1,Nieuwegein,NL
Utrecht,Utrecht_T3,02:00:00:31:f0:4e,2026-07-29 15:57:08,37.7,52.010011,5.102632,4,Nieuwegein,NL
Utrecht,Utrecht_T3,02:00:00:12:63:b8,2026-07-29 15:59:26,33.3,52.0151322,5.16602090000003,0,Houten,NL
Utrecht,Utrecht_T3,02:00:00:2e:9a:ba,2026-07-29 16:00:35,34.5,52.015831,5.165842,0,Houten,NL
Utrecht,Utrecht_T3,02:00:00:b0:97:7c,2026-07-29 16:01:32,31.8,52.013998,5.17295,0,Houten,NL
Utrecht,Utrecht_T3,02:00:00:a2:03:fe,2026-07-29 15:57:37,35.0,52.013622,5.186657,3,Houten,NL
Utrecht,Utrecht_T3,02:00:00:84:57:1c,2026-07-29 16:04:03,33.4,52.0224339,5.080256,0,Nieuwegein,NL
Utrecht,Utrecht_T3,02:00:00:1e:1f:c2,2026-07-29 15:56:31,33.3,52.0217800772731,5.16331951003446,0,Houten,NL
Utrecht,Utrecht_T3,02:00:00:b5:8f:e6,2026-07-29 15:59:57,33.0,52.018731,5.165264,1,Houten,NL
Utrecht,Utrecht_T3,02:00:00:c5:35:18,2026-07-29 15:54:20,33.8,52.0215,5.1638,0,Houten,NL
Utrecht,Utrecht_T3,02:00:00:12:cb:34,2026-07-29 15:54:08,33.6,52.019136,5.170292,2,Houten,NL
Utrecht,Utrecht_T3,02:00:00:c2:84:82,2026-07-29 15:58:40,33.0,52.019263,5.17283,2,Houten,NL
Utrecht,Utrecht_T3,02:00:00:65:4f:8c,2026-07-29 15:54:47,35.9,52.0177737114648,5.18543422222138,2,Houten,NL
Utrecht,Utrecht_T3,02:00:00:74:5a:e8,2026-07-29 15:57:11,32.1,52.020733,5.186188,3,Houten,NL
Utrecht,Utrecht_T3,02:00:00:bd:f9:48,2026-07-29 15:57:02,35.0,52.0223,5.1895,0,Houten,NL
Utrecht,Utrecht_T3,02:00:00:b8:f9:c8,2026-07-29 15:59:13,37.8,52.0287780761719,5.08565378189087,6,Nieuwegein,NL
Utrecht,Utrecht_T3,02:00:00:a4:88:28,2026-07-29 16:03:25,34.2,52.0269966125488,5.08844327926636,1,Nieuwegein,NL
Utrecht,Utrecht_T3,02:00:00:2a:f4:90,2026-07-29 16:03:42,36.3,52.02533,5.153862,2,Houten,NL
Utrecht,Utrecht_T3,02:00:00:01:06:72,2026-07-29 16:01:10,35.7,52.028621673584,5.15482234954834,2,Houten,NL
Utrecht,Utrecht_T3,02:00:00:58:f8:20,2026-07-29 15:57:42,32.7,52.026073,5.1916294,2,Houten,NL
Utrecht,Utrecht_T3,02:00:00:12:f7:00,2026-07-29 15:58:53,34.9,52.033787,5.08994400000002,2,Nieuwegein,NL
Utrecht,Utrecht_T3,02:00:00:a4:45:fc,2026-07-29 15:55:00,34.3,52.036554,5.148482,3,Houten,NL
Utrecht,Utrecht_T3,02:00:00:63:2c:a6,2026-07-29 15:58:10,33.2,52.0332908,5.15307360000004,3,Houten,NL
Utrecht,Utrecht_T3,02:00:00:05:3a:2a,2026-07-29 15:57:06,33.4,52.037165,5.156005,3,Houten,NL
Utrecht,Utrecht_T3,02:00:00:ab:dd:0a,2026-07-29 16:00:42,32.6,52.0323257446289,5.16029739379883,3,Houten,NL
Utrecht,Utrecht_T3,02:00:00:6b:2a:78,2026-07-29 15:57:44,34.2,52.0377721438269,5.16268372535706,3,Houten,NL
Utrecht,Utrecht_T3,02:00:00:b2:ba:cc,2026-07-29 16:01:31,34.9,52.033281,5.166277,2,Houten,NL
Utrecht,Utrecht_T3,02:00:00:5f:4f:c8,2026-07-29 15:54:34,32.2,52.035129,5.182718,4,Houten,NL
Utrecht,Utrecht_T3,02:00:00:12:64:3c,2026-07-29 15:53:26,35.9,52.042369,5.07917,3,Nieuwegein,NL
Utrecht,Utrecht_T3,02:00:00:53:1e:a0,2026-07-29 15:59:21,34.1,52.0402059772848,5.10207018160772,3,Nieuwegein,NL
Utrecht,Utrecht_T3,02:00:00:63:0f:fc,2026-07-29 15:55:25,34.8,52.043643951416,5.09791469573975,3,Nieuwegein,NL
Utrecht,Utrecht_T3,02:00:00:3f:0f:d8,2026-07-29 15:57:35,32.4,52.0384495763292,5.15799684264228,3,Houten,NL
Utrecht,Utrecht_T3,02:00:00:70:3c:28,2026-07-29 16:03:41,43.0,52.0407289705737,5.167678504783,4,Houten,NL
Utrecht,Utrecht_T3,02:00:00:69:27:06,2026-07-29 15:54:58,34.3,52.040443,5.176922,4,Houten,NL
Utrecht,Utrecht_T3,02:00:00:b5:93:ca,2026-07-29 15:54:32,37.5,52.0392990112305,5.18340015411377,5,Houten,NL
Utrecht,Utrecht_T3,02:00:00:3f:58:86,2026-07-29 16:02:25,33.7,52.0481972904497,5.06761884202619,1,Nieuwegein,NL
Utrecht,Utrecht_T3,02:00:00:5f:01:94,2026-07-29 15:54:00,35.0,52.0484008789062,5.06870937347412,1,Nieuwegein,NL
Utrecht,Utrecht_T3,02:00:00:13:5c:94,2026-07-29 16:02:02,30.7,52.0519569,5.0726927,1,Nieuwegein,NL
Utrecht,Utrecht_T3,02:00:00:a2:79:5e,2026-07-29 15:54:21,35.1,52.0471801757812,5.09753036499023,1,Nieuwegein,NL
Utrecht,Utrecht_T3,02:00:00:7f:c1:6a,2026-07-29 15:57:06,35.8,52.048702,5.096273,1,Nieuwegein,NL
Utrecht,Utrecht_T3,02:00:00:02:81:ca,2026-07-29 15:59:05,37.6,52.051337,5.095642,5,Nieuwegein,NL
Utrecht,Utrecht_T3,02:00:00:2f:25:be,2026-07-29 15:56:10,45.4,51.972489,4.936167,0,Lopik,NL
Utrecht,Utrecht_T3,02:00:00:7f:b5:5c,2026-07-29 15:53:15,35.4,51.974848,4.929508,1,Lopik,NL
Utrecht,Utrecht_T3,02:00:00:b5:39:c0,2026-07-29 15:55:53,34.2,51.9745063781738,4.95626163482666,0,Lopik,NL
Utrecht,Utrecht_T3,02:00:00:63:1c:34,2026-07-29 16:01:45,35.4,52.0063413154935,4.96732978016446,0,Benschop,NL
Utrecht,Utrecht_T3,02:00:00:5e:dd:b6,2026-07-29 15:59:03,32.2,52.005729,4.980607,0,Benschop,NL
Utrecht,Utrecht_T3,02:00:00:9b:49:f4,2026-07-29 16:00:47,37.7,52.0064039,4.98390829999994,0,Lopik,NL
Utrecht,Utrecht_T3,02:00:00:b0:9a:d2,2026-07-29 15:54:13,33.1,52.014820098877,5.01039123535156,0,Benschop,NL
Utrecht,Utrecht_T3,02:00:00:5f:5f:a6,2026-07-29 16:02:07,30.3,52.015138,5.030313,0,IJsselstein,NL
Utrecht,Utrecht_T3,02:00:00:29:68:c4,2026-07-29 15:57:11,30.5,52.013960485049,5.03387331962586,0,IJsselstein,NL
Utrecht,Utrecht_T3,02:00:00:06:0a:a0,2026-07-29 16:03:15,32.5,52.020902,5.03721599999998,2,IJsselstein,NL
Utrecht,Utrecht_T3,02:00:00:04:ab:0c,2026-07-29 15:58:33,41.4,52.023339,5.044573,0,IJsselstein,NL
Utrecht,Utrecht_T3,02:00:00:27:6e:f4,2026-07-29 15:57:39,33.3,52.0231,5.0448,1,IJsselstein,NL
Utrecht,Utrecht_T3,02:00:00:65:75:7c,2026-07-29 16:01:49,32.9,52.02251,5.0480266,2,IJsselstein,NL
Utrecht,Utrecht_T3,02:00:00:a9:49:d8,2026-07-29 15:55:39,33.7,52.0178530526017,5.05878868242119,3,IJsselstein,NL
Utrecht,Utrecht_T3,02:00:00:84:4d:fa,2026-07-29 15:56:02,32.0,52.023834,5.0222745,1,IJsselstein,NL
Utrecht,Utrecht_T3,02:00:00:9b:4b:36,2026-07-29 16:01:24,34.0,52.0398213211055,4.94864881038666,0,Montfoort,NL
Utrecht,Utrecht_T3,02:00:00:af:35:f4,2026-07-29 15:56:06,35.9,52.042610168457,5.0585732460022,0,Utrecht,NL
Utrecht,Utrecht_T3,02:00:00:9d:0a:64,2026-07-29 15:54:04,31.2,52.046832,4.955603,2,Montfoort,NL
Utrecht,Utrecht_T4,02:00:00:6b:3d:f0,2026-07-29 16:03:32,34.4,51.97041,5.3251667,4,Wijk bij Duurstede,NL
Utrecht,Utrecht_T4,02:00:00:bd:e6:3e,2026-07-29 16:00:11,32.4,51.975275,5.26539600000004,4,Wijk bij Duurstede,NL
Utrecht,Utrecht_T4,02:00:00:b9:7e:bc,2026-07-29 16:01:55,34.6,51.9745712280273,5.32293891906738,4,Wijk bij Duurstede,NL
Utrecht,Utrecht_T4,02:00:00:13:80:bc,2026-07-29 16:01:43,34.0,51.973609,5.3299,8,Wijk bij Duurstede,NL
Utrecht,Utrecht_T4,02:00:00:36:9b:82,2026-07-29 15:55:13,33.7,51.999313,5.289134,3,Wijk bij Duurstede,NL
Utrecht,Utrecht_T4,02:00:00:90:f2:7e,2026-07-29 15:55:48,32.6,51.99773,5.309787,5,Wijk bij Duurstede,NL
Utrecht,Utrecht_T4,02:00:00:a9:e1:5e,2026-07-29 15:55:15,34.1,52.0263927164212,5.24514555931091,5,Werkhoven,NL
Utrecht,Utrecht_T4,02:00:00:7a:eb:c2,2026-07-29 15:59:59,35.1,52.036995,5.3325458,13,Doorn,NL
Utrecht,Utrecht_T4,02:00:00:29:6c:4e,2026-07-29 15:56:44,29.3,52.0390061,5.3007427,10,Doorn,NL
Utrecht,Utrecht_T4,02:00:00:a2:48:d0,2026-07-29 16:02:46,35.5,52.0388313921198,5.32877147197723,13,Doorn,NL
Utrecht,Utrecht_T4,02:00:00:af:5d:be,2026-07-29 16:02:38,32.0,52.0412,5.3359,11,Doorn,NL
Utrecht,Utrecht_T4,02:00:00:b5:84:ee,2026-07-29 16:00:49,31.6,52.0466380367294,5.26715040206909,4,Driebergen-Rijsenburg,NL
Utrecht,Utrecht_T4,02:00:00:70:1a:66,2026-07-29 16:01:28,30.8,52.047715,5.278042,4,Driebergen-Rijsenburg,NL
Utrecht,Utrecht_T4,02:00:00:70:20:ea,2026-07-29 15:58:31,32.1,52.049884,5.282535,6,Driebergen-Rijsenburg,NL
Amsterdam,Amsterdam_T1,02:00:00:1b:0b:da,2026-07-29 15:55:48,33.3,52.49417,4.78894000000004,2,Wormerveer,NL
Amsterdam,Amsterdam_T1,02:00:00:12:61:86,2026-07-29 15:59:17,36.4,52.4917057073896,4.80021612200147,2,Wormer,NL
Amsterdam,Amsterdam_T1,02:00:00:c2:84:0a,2026-07-29 16:02:03,35.0,52.4948445773121,4.79308347650687,2,Wormerveer,NL
Amsterdam,Amsterdam_T1,02:00:00:a4:18:7c,2026-07-29 16:01:27,38.4,52.493057,4.807123,0,Wormer,NL
Amsterdam,Amsterdam_T1,02:00:00:53:50:2a,2026-07-29 15:57:22,34.5,52.496266,4.819022,1,Wormer,NL
Amsterdam,Amsterdam_T1,02:00:00:8d:d0:7c,2026-07-29 16:00:46,34.1,52.490391116113,4.92924329763459,0,Purmerend,NL
Amsterdam,Amsterdam_T1,02:00:00:03:c7:82,2026-07-29 15:56:00,32.2,52.488343,4.938001,0,Purmerend,NL
Amsterdam,Amsterdam_T1,02:00:00:53:1f:08,2026-07-29 16:02:52,36.7,52.49503,4.92957000000003,0,Purmerend,NL
Amsterdam,Amsterdam_T1,02:00:00:9c:d8:1a,2026-07-29 15:57:45,34.1,52.4915202,4.96165890000017,0,Purmerend,NL
Amsterdam,Amsterdam_T1,02:00:00:c3:93:f6,2026-07-29 16:01:23,32.5,52.49484,4.946418,0,Purmerend,NL
Amsterdam,Amsterdam_T1,02:00:00:74:30:70,2026-07-29 16:03:20,33.2,52.495717,4.951841,0,Purmerend,NL
Amsterdam,Amsterdam_T1,02:00:00:33:e1:40,2026-07-29 16:01:01,34.7,52.488644,4.9737200000001,0,Purmerend,NL
Amsterdam,Amsterdam_T1,02:00:00:bc:ab:40,2026-07-29 15:59:45,36.2,52.4950981140137,4.97947788238525,0,Purmerend,NL
Amsterdam,Amsterdam_T1,02:00:00:13:45:82,2026-07-29 16:01:13,34.0,52.494463,4.982065,0,Purmerend,NL
Amsterdam,Amsterdam_T1,02:00:00:27:50:a8,2026-07-29 15:58:53,35.2,52.493988,5.047598,0,Volendam,NL
Amsterdam,Amsterdam_T1,02:00:00:02:f5:96,2026-07-29 15:58:01,33.6,52.496988,5.050034,0,Volendam,NL
Amsterdam,Amsterdam_T1,02:00:00:13:0f:6c,2026-07-29 15:56:22,34.2,52.500239,4.816214,0,Wormer,NL
Amsterdam,Amsterdam_T1,02:00:00:1c:6d:42,2026-07-29 15:57:31,32.8,52.500429,4.8242,1,Wormer,NL
Amsterdam,Amsterdam_T1,02:00:00:a4:41:de,2026-07-29 16:02:33,31.1,52.4998027881579,4.82577238512022,0,Wormer,NL
Amsterdam,Amsterdam_T1,02:00:00:70:52:6c,2026-07-29 16:02:34,28.8,52.509555,4.84741,0,Jisp,NL
Amsterdam,Amsterdam_T1,02:00:00:b5:b8:40,2026-07-29 15:55:57,37.2,52.5068085021421,4.91711662457473,0,Neck,NL
Amsterdam,Amsterdam_T1,02:00:00:02:7e:e2,2026-07-29 16:01:34,34.8,52.50109,4.934905,0,Purmerend,NL
Amsterdam,Amsterdam_T1,02:00:00:b5:86:1a,2026-07-29 15:58:46,34.3,52.499132,4.950515,0,Purmerend,NL
Amsterdam,Amsterdam_T1,02:00:00:1d:eb:96,2026-07-29 15:57:43,31.5,52.505266,4.949082,1,Purmerend,NL
Amsterdam,Amsterdam_T1,02:00:00:7f:cd:5a,2026-07-29 15:55:35,34.3,52.499632,4.954935,0,Purmerend,NL
Amsterdam,Amsterdam_T1,02:00:00:28:ba:8e,2026-07-29 15:56:15,37.5,52.49846,4.985919,0,Purmerend,NL
Amsterdam,Amsterdam_T1,02:00:00:01:cb:8a,2026-07-29 16:02:47,35.2,52.500789,4.986087,0,Purmerend,NL
Amsterdam,Amsterdam_T1,02:00:00:7a:ea:00,2026-07-29 16:00:52,35.1,52.510647,4.9936514,0,Purmerend,NL
Amsterdam,Amsterdam_T1,02:00:00:1f:3e:84,2026-07-29 15:59:09,36.2,52.504946,5.05026,0,Edam-Volendam,NL
Amsterdam,Amsterdam_T1,02:00:00:6b:56:92,2026-07-29 15:54:53,33.7,52.5107399131418,5.05132626109,2,Edam,NL
Amsterdam,Amsterdam_T1,02:00:00:ab:f4:ec,2026-07-29 15:58:26,31.6,52.503962,5.060446,0,Volendam,NL
Amsterdam,Amsterdam_T1,02:00:00:7f:af:0c,2026-07-29 15:54:31,33.6,52.514489,4.963296,0,Purmerend,NL
Amsterdam,Amsterdam_T1,02:00:00:70:1b:98,2026-07-29 16:02:22,34.7,52.518831,4.948998,0,Zuidoostbeemster,NL
Amsterdam,Amsterdam_T1,02:00:00:14:48:40,2026-07-29 15:55:51,34.3,52.514999,4.952826,0,Purmerend,NL
Amsterdam,Amsterdam_T1,02:00:00:2e:ec:0a,2026-07-29 16:01:17,33.6,52.513165,4.985127,0,Purmerend,NL
Amsterdam,Amsterdam_T1,02:00:00:7a:a3:b2,2026-07-29 16:03:38,31.3,52.52057,4.9764185,0,Purmerend,NL
Amsterdam,Amsterdam_T1,02:00:00:a4:43:5c,2026-07-29 16:01:53,34.2,52.51412,5.05999,1,Edam,NL
Amsterdam,Amsterdam_T1,02:00:00:5f:01:22,2026-07-29 15:57:36,35.3,52.526959,4.887042,0,Beemster,NL
Amsterdam,Amsterdam_T1,02:00:00:2b:22:ba,2026-07-29 16:03:19,34.4,52.528348,4.978256,1,Kwadijk,NL
Amsterdam,Amsterdam_T1,02:00:00:2f:2a:40,2026-07-29 15:58:11,28.7,52.54467,4.81628,0,Alkmaar,NL
Amsterdam,Amsterdam_T1,02:00:00:2b:20:e2,2026-07-29 15:55:34,33.5,52.557108,4.843003,0,De Rijp,NL
Amsterdam,Amsterdam_T1,02:00:00:c3:cf:e8,2026-07-29 15:59:17,34.7,52.55496,4.848112,0,De Rijp,NL
Amsterdam,Amsterdam_T1,02:00:00:a2:4e:70,2026-07-29 15:57:19,30.3,52.560772,4.83367,0,Graft,NL
Amsterdam,Amsterdam_T1,02:00:00:5e:d1:f0,2026-07-29 15:58:23,33.8,52.557323,4.95315,0,Middenbeemster,NL
Amsterdam,Amsterdam_T1,02:00:00:8d:d2:a6,2026-07-29 15:59:55,37.2,52.5748079414121,4.9975723028183,1,Oosthuizen,NL
Amsterdam,Amsterdam_T1,02:00:00:bd:cf:d4,2026-07-29 15:57:25,31.7,52.583034,4.850177,1,Grootschermer,NL
Amsterdam,Amsterdam_T1,02:00:00:5e:e2:a2,2026-07-29 16:02:17,34.6,52.590799,4.99267889999998,0,Beets,NL
Amsterdam,Amsterdam_T1,02:00:00:a9:e7:3e,2026-07-29 16:00:02,31.6,52.5977249145508,4.80700254440308,0,Zuidschermer,NL
Amsterdam,Amsterdam_T1,02:00:00:a9:9a:0e,2026-07-29 15:55:43,34.3,52.60907,4.82852,0,Stompetoren,NL
Amsterdam,Amsterdam_T1,02:00:00:00:5c:fe,2026-07-29 15:54:23,33.1,52.611835,4.819923,0,Stompetoren,NL
Amsterdam,Amsterdam_T1,02:00:00:a2:05:f0,2026-07-29 16:02:53,31.9,52.61378,4.8226314,0,Stompetoren,NL
Amsterdam,Amsterdam_T1,02:00:00:b5:9f:ce,2026-07-29 15:53:58,32.2,52.616386,4.82743400000004,0,Stompetoren,NL
Amsterdam,Amsterdam_T1,02:00:00:3c:f7:c6,2026-07-29 15:56:01,31.8,52.617355,4.951664,0,Avenhorn,NL
Amsterdam,Amsterdam_T1,02:00:00:6b:31:7e,2026-07-29 15:55:52,34.0,52.634415,4.8763695,0,Rustenburg,NL
Amsterdam,Amsterdam_T1,02:00:00:36:d3:84,2026-07-29 15:56:43,34.6,52.636567,4.911496,0,Ursem,NL
Amsterdam,Amsterdam_T1,02:00:00:05:f7:7a,2026-07-29 16:01:11,38.6,52.6322945249135,4.94891703128815,0,De Goorn,NL
Amsterdam,Amsterdam_T1,02:00:00:9d:00:22,2026-07-29 15:55:34,31.8,52.6390495300293,4.98681020736694,0,Berkhout,NL
Amsterdam,Amsterdam_T1,02:00:00:58:dd:3c,2026-07-29 16:00:09,33.9,52.6367146407962,5.02217284801564,0,Hoorn,NL
Amsterdam,Amsterdam_T1,02:00:00:31:d8:fc,2026-07-29 15:56:25,32.9,52.6358,5.035,1,Hoorn,NL
Amsterdam,Amsterdam_T1,02:00:00:7f:aa:9a,2026-07-29 16:02:59,31.0,52.6374130249023,5.03559350967407,0,Hoorn,NL
Amsterdam,Amsterdam_T1,02:00:00:70:4e:d8,2026-07-29 15:56:47,30.8,52.635018,5.055994,2,Hoorn,NL
Amsterdam,Amsterdam_T1,02:00:00:12:5a:d0,2026-07-29 15:54:36,32.9,52.6491675042269,4.78180266103391,0,Alkmaar,NL
Amsterdam,Amsterdam_T1,02:00:00:70:24:48,2026-07-29 15:56:12,38.4,52.643764,4.811346,0,Heerhugowaard,NL
Amsterdam,Amsterdam_T1,02:00:00:8d:c8:3e,2026-07-29 16:01:36,35.4,52.6458,4.8165,0,Heerhugowaard,NL
Amsterdam,Amsterdam_T1,02:00:00:70:45:b4,2026-07-29 15:55:38,31.6,52.6408805482461,4.82286089912765,0,Heerhugowaard,NL
Amsterdam,Amsterdam_T1,02:00:00:73:a4:18,2026-07-29 15:55:39,38.7,52.651179,4.836669,0,Heerhugowaard,NL
Amsterdam,Amsterdam_T1,02:00:00:84:a4:8a,2026-07-29 15:59:30,33.0,52.65307,4.842089,0,Heerhugowaard,NL
Amsterdam,Amsterdam_T1,02:00:00:12:ae:72,2026-07-29 16:01:11,33.7,52.642342,5.006524,-2,Koggenland,NL
Amsterdam,Amsterdam_T1,02:00:00:ab:e2:60,2026-07-29 16:01:21,35.6,52.6533337948181,5.00276838610966,0,Berkhout,NL
Amsterdam,Amsterdam_T1,02:00:00:bd:f8:2a,2026-07-29 15:54:19,33.3,52.6404246842747,5.01088078453655,0,Berkhout,NL
Amsterdam,Amsterdam_T1,02:00:00:1d:fd:b8,2026-07-29 16:02:46,31.5,52.6441,5.051928,0,Haarlemmermeer,NL
Amsterdam,Amsterdam_T1,02:00:00:1f:4d:3c,2026-07-29 16:02:22,38.1,52.640192,5.056347,2,Hoorn,NL
Amsterdam,Amsterdam_T1,02:00:00:74:31:7a,2026-07-29 15:54:10,33.9,52.647618,5.049272,0,Hoorn,NL
Amsterdam,Amsterdam_T1,02:00:00:6b:8c:40,2026-07-29 15:54:52,34.9,52.314831,4.863595,0,Amstelveen,NL
Amsterdam,Amsterdam_T1,02:00:00:3d:0e:66,2026-07-29 15:56:16,31.6,52.3116821436819,4.86693327521717,0,Amstelveen,NL
Amsterdam,Amsterdam_T1,02:00:00:2f:24:f4,2026-07-29 15:58:19,34.2,52.3131760328984,4.9050662899177,0,Amstelveen,NL
Amsterdam,Amsterdam_T1,02:00:00:90:ba:a6,2026-07-29 16:00:25,32.4,52.3243254,4.945702,1,Amsterdam,NL
Amsterdam,Amsterdam_T1,02:00:00:64:f4:40,2026-07-29 16:03:03,31.7,52.323489,4.949922,0,Amsterdam,NL
Amsterdam,Amsterdam_T1,02:00:00:b9:52:60,2026-07-29 15:59:44,33.8,52.3166694641113,5.02612543106079,0,Weesp,NL
Amsterdam,Amsterdam_T1,02:00:00:73:a6:c6,2026-07-29 16:01:22,31.4,52.314064,5.0302644,4,Weesp,NL
Amsterdam,Amsterdam_T1,02:00:00:a9:70:6c,2026-07-29 16:00:50,33.1,52.319796,5.037465,0,Weesp,NL
Amsterdam,Amsterdam_T1,02:00:00:1e:02:e4,2026-07-29 16:01:43,34.9,52.317602,5.04012000000006,0,Weesp,NL
Amsterdam,Amsterdam_T1,02:00:00:bc:ac:0e,2026-07-29 16:00:43,33.9,52.317851,5.049238,0,Weesp,NL
Amsterdam,Amsterdam_T1,02:00:00:63:2c:4e,2026-07-29 15:59:19,33.1,52.3184684,5.05026849999997,0,Weesp,NL
Amsterdam,Amsterdam_T1,02:00:00:8d:e3:a0,2026-07-29 15:56:44,37.2,52.333433,4.791664,0,Badhoevedorp,NL
Amsterdam,Amsterdam_T1,02:00:00:9c:d7:d8,2026-07-29 16:02:02,32.8,52.327142,4.863718,0,Amsterdam,NL
Amsterdam,Amsterdam_T1,02:00:00:a4:21:fc,2026-07-29 15:57:25,33.4,52.3272787,4.86810710000012,0,Amsterdam,NL
Amsterdam,Amsterdam_T1,02:00:00:53:18:1c,2026-07-29 15:54:44,31.6,52.3359671746926,4.87311174029132,0,Amsterdam,NL
Amsterdam,Amsterdam_T1,02:00:00:70:4c:80,2026-07-29 16:03:17,28.7,52.3385,4.9168,3,Amsterdam,NL
Amsterdam,Amsterdam_T1,02:00:00:9c:da:94,2026-07-29 15:59:59,34.3,52.332847,4.936642,4,Duivendrecht,NL
Amsterdam,Amsterdam_T1,02:00:00:64:2a:2a,2026-07-29 16:03:25,32.6,52.332953,4.959029,0,Diemen,NL
Amsterdam,Amsterdam_T1,02:00:00:9d:0c:d8,2026-07-29 15:54:24,31.8,52.32961,4.961911,2,Diemen,NL
Amsterdam,Amsterdam_T1,02:00:00:b5:71:d4,2026-07-29 15:58:53,36.2,52.3371353071573,4.96234081685543,0,Diemen,NL
Amsterdam,Amsterdam_T1,02:00:00:37:27:a2,2026-07-29 15:53:48,30.0,52.325691,4.975271,4,Amsterdam,NL
Amsterdam,Amsterdam_T1,02:00:00:64:f7:0c,2026-07-29 15:55:08,28.7,52.3283278999999,4.98179320000003,0,Amsterdam,NL
Amsterdam,Amsterdam_T1,02:00:00:83:bf:80,2026-07-29 15:59:45,33.7,52.333599,5.061164,2,Muiden,NL
Amsterdam,Amsterdam_T1,02:00:00:01:6c:5e,2026-07-29 15:57:07,34.2,52.3446448698127,4.79225000001364,0,Amsterdam,NL
Amsterdam,Amsterdam_T1,02:00:00:63:45:58,2026-07-29 15:58:56,35.2,52.3414578220111,4.79799399999996,1,Amsterdam,NL
Amsterdam,Amsterdam_T1,02:00:00:01:6a:12,2026-07-29 16:02:51,33.9,52.351932,4.80019,1,Amsterdam,NL
Amsterdam,Amsterdam_T1,02:00:00:14:47:bc,2026-07-29 15:55:58,32.3,52.3527607864368,4.80871260166168,1,Amsterdam,NL
Amsterdam,Amsterdam_T1,02:00:00:27:63:7e,2026-07-29 16:03:40,34.0,52.349896,4.810742,0,Amsterdam,NL
Amsterdam,Amsterdam_T1,02:00:00:84:73:aa,2026-07-29 16:01:12,24.9,52.342971,4.825803,0,Amsterdam,NL
Amsterdam,Amsterdam_T1,02:00:00:a4:1c:84,2026-07-29 16:01:17,30.2,52.3488056,4.83703399999993,2,Amsterdam,NL
Amsterdam,Amsterdam_T1,02:00:00:65:84:16,2026-07-29 16:00:12,31.3,52.34792,4.846243,4,Amsterdam,NL
Amsterdam,Amsterdam_T1,02:00:00:84:4c:e4,2026-07-29 15:55:46,32.2,52.349351,4.845073,1,Amsterdam,NL
Amsterdam,Amsterdam_T1,02:00:00:5f:1f:26,2026-07-29 15:54:07,35.5,52.3457181372478,4.86503304724545,2,Amsterdam,NL
Amsterdam,Amsterdam_T1,02:00:00:ab:da:ba,2026-07-29 15:56:56,33.6,52.34847,4.870878,7,Amsterdam,NL
Amsterdam,Amsterdam_T1,02:00:00:03:b9:ce,2026-07-29 15:54:19,32.5,52.347706,4.871382,6,Amsterdam,NL
Amsterdam,Amsterdam_T1,02:00:00:74:60:90,2026-07-29 15:55:26,31.2,52.343761,4.875174,3,Amsterdam,NL
Amsterdam,Amsterdam_T1,02:00:00:01:ca:e6,2026-07-29 16:00:03,32.4,52.34572,4.876628,4,Amsterdam,NL
Amsterdam,Amsterdam_T1,02:00:00:b5:83:32,2026-07-29 16:01:37,32.3,52.353117,4.879264,5,Amsterdam,NL
Amsterdam,Amsterdam_T1,02:00:00:22:e1:1a,2026-07-29 15:55:52,27.2,52.343674,4.907335,5,Amsterdam,NL
Amsterdam,Amsterdam_T1,02:00:00:83:ef:18,2026-07-29 15:59:05,28.3,52.34854,4.90630999999996,5,Amsterdam,NL
Amsterdam,Amsterdam_T1,02:00:00:c6:2c:e4,2026-07-29 15:58:38,31.7,52.352079,4.900077,7,Amsterdam,NL
Amsterdam,Amsterdam_T1,02:00:00:b9:59:14,2026-07-29 15:56:20,30.4,52.352879,4.928205,0,Amsterdam,NL
Amsterdam,Amsterdam_T1,02:00:00:2a:db:3c,2026-07-29 15:53:56,33.5,52.347729,4.941162,0,Amsterdam,NL
Amsterdam,Amsterdam_T1,02:00:00:7a:89:24,2026-07-29 15:58:43,35.0,52.348087,4.941446,0,Amsterdam,NL
Amsterdam,Amsterdam_T1,02:00:00:2c:f1:9a,2026-07-29 15:56:44,34.8,52.34402,4.952192,0,Amsterdam,NL
Amsterdam,Amsterdam_T1,02:00:00:13:3c:4c,2026-07-29 16:01:31,33.7,52.3399512086528,4.96276274283001,2,Diemen,NL
Amsterdam,Amsterdam_T1,02:00:00:1f:79:96,2026-07-29 15:55:15,31.1,52.3467706,4.983125,0,Diemen,NL
Amsterdam,Amsterdam_T1,02:00:00:bd:c0:be,2026-07-29 16:00:07,30.6,52.350442,4.98087900000004,6,Diemen,NL
Amsterdam,Amsterdam_T1,02:00:00:c2:2e:4a,2026-07-29 16:03:06,33.9,52.351406,5.001968,0,Amsterdam,NL
Amsterdam,Amsterdam_T1,02:00:00:5f:2d:ec,2026-07-29 15:57:58,36.1,52.350554,5.003617,0,Amsterdam,NL
Amsterdam,Amsterdam_T1,02:00:00:53:21:30,2026-07-29 15:58:26,33.5,52.355412,4.787642,0,Amsterdam,NL
Amsterdam,Amsterdam_T1,02:00:00:5e:f9:38,2026-07-29 16:03:25,32.2,52.354861,4.832611,0,Amsterdam,NL
Amsterdam,Amsterdam_T1,02:00:00:af:7d:bc,2026-07-29 15:56:17,34.4,52.3570713933203,4.84621300000002,5,Amsterdam,NL
Amsterdam,Amsterdam_T1,02:00:00:05:4c:f0,2026-07-29 15:57:28,31.7,52.3583,4.8488,2,Amsterdam,NL
Amsterdam,Amsterdam_T1,02:00:00:63:33:0c,2026-07-29 15:59:45,32.8,52.365672,4.85523999999998,1,Amsterdam,NL
Amsterdam,Amsterdam_T1,02:00:00:a9:e8:9a,2026-07-29 15:57:24,33.7,52.3559989929199,4.87360429763794,6,Amsterdam,NL
Amsterdam,Amsterdam_T1,02:00:00:2b:ef:e6,2026-07-29 15:55:07,32.5,52.361571,4.864208,5,Amsterdam,NL
Amsterdam,Amsterdam_T1,02:00:00:7a:85:20,2026-07-29 15:57:24,35.8,52.354887,4.876879,4,Amsterdam,NL
Amsterdam,Amsterdam_T1,02:00:00:b5:54:dc,2026-07-29 15:58:43,33.5,52.3564,4.8802,2,Amsterdam,NL
Amsterdam,Amsterdam_T1,02:00:00:02:b1:be,2026-07-29 16:02:38,33.9,52.3573648188524,4.89851619487149,4,Amsterdam,NL
Amsterdam,Amsterdam_T1,02:00:00:3a:24:be,2026-07-29 16:03:36,33.2,52.3540842,4.90596159999996,5,Amsterdam,NL
Amsterdam,Amsterdam_T1,02:00:00:70:42:62,2026-07-29 16:01:47,33.4,52.356221,4.909817,3,Amsterdam,NL
Amsterdam,Amsterdam_T1,02:00:00:b2:b2:58,2026-07-29 15:55:22,32.3,52.357371,4.926031,3,Amsterdam,NL
Amsterdam,Amsterdam_T1,02:00:00:b5:3b:42,2026-07-29 15:55:24,28.5,52.3554232097861,4.93370711764691,0,Amsterdam,NL
Amsterdam,Amsterdam_T1,02:00:00:84:4f:92,2026-07-29 15:57:48,30.5,52.356235,4.939207,0,Amsterdam,NL
Amsterdam,Amsterdam_T1,02:00:00:2a:fe:a6,2026-07-29 16:00:32,33.7,52.3572889935944,4.94533920674587,0,Amsterdam,NL
Amsterdam,Amsterdam_T1,02:00:00:3f:6a:62,2026-07-29 16:02:47,38.0,52.363079,4.979751,0,Amsterdam,NL
Amsterdam,Amsterdam_T1,02:00:00:b2:c1:1a,2026-07-29 16:01:12,32.3,52.359813,4.995219,0,Amsterdam,NL
Amsterdam,Amsterdam_T1,02:00:00:c6:24:60,2026-07-29 15:59:28,35.3,52.3561316,5.0025093,0,Amsterdam,NL
Amsterdam,Amsterdam_T1,02:00:00:83:eb:6a,2026-07-29 15:59:55,34.6,52.3771819548297,4.818619891921,1,Amsterdam,NL
Amsterdam,Amsterdam_T1,02:00:00:53:50:72,2026-07-29 15:55:02,34.8,52.375709,4.83394,1,Amsterdam,NL
Amsterdam,Amsterdam_T1,02:00:00:af:8c:48,2026-07-29 15:57:23,33.3,52.379386,4.839399,2,Amsterdam,NL
Amsterdam,Amsterdam_T1,02:00:00:2b:49:82,2026-07-29 15:54:50,33.4,52.3727766,4.8646089,4,Amsterdam,NL
Amsterdam,Amsterdam_T1,02:00:00:6b:32:8c,2026-07-29 15:54:29,33.3,52.370501,4.874214,6,Amsterdam,NL
Amsterdam,Amsterdam_T1,02:00:00:af:9a:18,2026-07-29 15:54:21,31.3,52.371666,4.881638,9,Amsterdam,NL
Amsterdam,Amsterdam_T1,02:00:00:b8:e7:f0,2026-07-29 16:03:42,33.4,52.371671,4.887671,9,Amsterdam,NL
Amsterdam,Amsterdam_T1,02:00:00:83:ef:48,2026-07-29 15:54:44,33.2,52.3716,4.8883,0,Vijfhuizen,NL
Amsterdam,Amsterdam_T1,02:00:00:00:83:86,2026-07-29 16:00:57,37.1,52.3824005126953,4.89949989318848,1,Amsterdam,NL
Amsterdam,Amsterdam_T1,02:00:00:27:4a:1c,2026-07-29 15:56:05,36.5,52.3824,4.8995,5,Amsterdam,NL
Amsterdam,Amsterdam_T1,02:00:00:03:5a:a0,2026-07-29 15:54:51,38.1,52.3824,4.8995,1,Amsterdam,NL
Amsterdam,Amsterdam_T1,02:00:00:6b:27:ca,2026-07-29 15:55:51,35.8,52.3687377628581,4.93161678314209,1,Amsterdam,NL
Amsterdam,Amsterdam_T1,02:00:00:9b:59:de,2026-07-29 16:01:56,38.0,52.369161,4.9326972000001,4,Amsterdam,NL
Amsterdam,Amsterdam_T1,02:00:00:bd:07:a6,2026-07-29 15:57:16,31.6,52.375199,4.931954,1,Amsterdam,NL
Amsterdam,Amsterdam_T1,02:00:00:28:9a:9a,2026-07-29 15:59:03,27.7,52.369183,4.95507,0,Amsterdam,NL
Amsterdam,Amsterdam_T1,02:00:00:c6:26:24,2026-07-29 15:56:22,32.1,52.3731658712137,4.96877610683441,1,Amsterdam,NL
Amsterdam,Amsterdam_T1,02:00:00:ab:e3:52,2026-07-29 16:02:41,34.0,52.3907,4.86369999999998,4,Amsterdam,NL
Amsterdam,Amsterdam_T1,02:00:00:a2:31:fc,2026-07-29 16:02:20,32.8,52.3845558166504,4.86922264099121,7,Amsterdam,NL
Amsterdam,Amsterdam_T1,02:00:00:36:9f:fe,2026-07-29 16:03:46,31.2,52.383123,4.874172,6,Amsterdam,NL
Amsterdam,Amsterdam_T1,02:00:00:84:46:e2,2026-07-29 16:02:10,32.4,52.3929199123918,4.88645911216736,0,Amsterdam,NL
Amsterdam,Amsterdam_T1,02:00:00:01:29:cc,2026-07-29 15:58:38,32.5,52.385014,4.891942,2,Amsterdam,NL
Amsterdam,Amsterdam_T1,02:00:00:9d:1b:ac,2026-07-29 15:59:33,39.7,52.386736,4.900561,4,Amsterdam,NL
Amsterdam,Amsterdam_T1,02:00:00:7f:be:6c,2026-07-29 15:55:03,30.8,52.385614,4.901338,2,Amsterdam,NL
Amsterdam,Amsterdam_T1,02:00:00:1c:5a:de,2026-07-29 15:55:09,32.4,52.3861524614255,4.90178911562291,1,Amsterdam,NL
Amsterdam,Amsterdam_T1,02:00:00:2a:d6:c6,2026-07-29 16:01:53,35.3,52.3936767578125,4.9279146194458,0,Amsterdam,NL
Amsterdam,Amsterdam_T1,02:00:00:58:da:86,2026-07-29 16:03:11,30.8,52.3937631533699,4.93177643254458,1,Amsterdam,NL
Amsterdam,Amsterdam_T1,02:00:00:63:2e:1e,2026-07-29 16:01:46,28.8,52.391364,4.942321,1,Amsterdam,NL
Amsterdam,Amsterdam_T1,02:00:00:af:9a:78,2026-07-29 16:02:14,31.1,52.4020652770996,4.89147710800171,0,Amsterdam,NL
Amsterdam,Amsterdam_T1,02:00:00:b5:76:26,2026-07-29 16:01:40,34.0,52.403811,4.914876,2,Amsterdam,NL
Amsterdam,Amsterdam_T1,02:00:00:bd:d9:9e,2026-07-29 15:54:43,33.5,52.407674,4.932463,0,Amsterdam,NL
Amsterdam,Amsterdam_T1,02:00:00:7f:d5:6c,2026-07-29 16:00:46,35.3,52.407289,4.935319,0,Amsterdam,NL
Amsterdam,Amsterdam_T1,02:00:00:63:32:ca,2026-07-29 15:53:58,32.7,52.400011,4.948339,0,Amsterdam,NL
Amsterdam,Amsterdam_T1,02:00:00:7f:c1:54,2026-07-29 15:57:42,31.1,52.3997152224585,4.95156731297681,0,Amsterdam,NL
Amsterdam,Amsterdam_T1,02:00:00:74:33:d4,2026-07-29 15:56:26,29.3,52.417055,4.825916,2,Amsterdam,NL
Amsterdam,Amsterdam_T1,02:00:00:70:5a:82,2026-07-29 15:56:52,32.7,52.420749,4.893155,0,Amsterdam,NL
Amsterdam,Amsterdam_T1,02:00:00:bd:c8:28,2026-07-29 16:00:35,35.2,52.4225551,4.8995336,0,Amsterdam,NL
Amsterdam,Amsterdam_T1,02:00:00:bd:d6:68,2026-07-29 15:58:13,37.9,52.4134732394671,5.02463681500691,0,Amsterdam,NL
Amsterdam,Amsterdam_T1,02:00:00:b2:be:dc,2026-07-29 16:02:47,33.1,52.4336802968209,4.80540275573731,0,Zaanstad,NL
Amsterdam,Amsterdam_T1,02:00:00:84:7f:c4,2026-07-29 15:53:48,32.1,52.4315445597503,4.8274827003479,2,Zaandam,NL
Amsterdam,Amsterdam_T1,02:00:00:63:1e:a2,2026-07-29 15:54:07,38.3,52.432955,4.829382,3,Zaandam,NL
Amsterdam,Amsterdam_T1,02:00:00:a4:5d:e2,2026-07-29 16:02:34,32.5,52.429596,4.834617,2,Zaandam,NL
Amsterdam,Amsterdam_T1,02:00:00:04:60:50,2026-07-29 15:58:19,29.5,52.4362386996961,4.8581631145293,0,Oostzaan,NL
Amsterdam,Amsterdam_T1,02:00:00:b2:a7:20,2026-07-29 15:58:44,31.5,52.4381484985352,4.87386560440063,1,Oostzaan,NL
Amsterdam,Amsterdam_T1,02:00:00:b5:05:fe,2026-07-29 16:02:38,33.0,52.43446,4.876556,0,Oostzaan,NL
Amsterdam,Amsterdam_T1,02:00:00:b8:ec:c0,2026-07-29 15:58:59,32.8,52.434645,4.88352290000002,0,Oostzaan,NL
Amsterdam,Amsterdam_T1,02:00:00:a4:16:16,2026-07-29 15:59:36,34.0,52.437968,4.884335,1,Oostzaan,NL
Amsterdam,Amsterdam_T1,02:00:00:84:97:78,2026-07-29 15:59:48,33.9,52.4303782,4.9118837,0,Landsmeer,NL
Amsterdam,Amsterdam_T1,02:00:00:b2:ac:88,2026-07-29 15:59:05,34.3,52.430258,4.915548,1,Landsmeer,NL
Amsterdam,Amsterdam_T1,02:00:00:63:0e:56,2026-07-29 16:01:20,32.0,52.4285272388939,4.91974064014,2,Landsmeer,NL
Amsterdam,Amsterdam_T1,02:00:00:19:9f:a0,2026-07-29 15:58:40,40.1,52.42952,4.922538,2,Landsmeer,NL
Amsterdam,Amsterdam_T1,02:00:00:b2:a8:40,2026-07-29 15:59:38,31.4,52.4277367607842,4.97108750037114,0,Watergang,NL
Amsterdam,Amsterdam_T1,02:00:00:03:66:0a,2026-07-29 15:55:08,34.8,52.435455,4.998643,0,Waterland,NL
Amsterdam,Amsterdam_T1,02:00:00:c5:39:e6,2026-07-29 15:55:18,31.5,52.4318871,5.00355289999993,0,Waterland,NL
Amsterdam,Amsterdam_T1,02:00:00:74:2f:bc,2026-07-29 15:58:51,32.5,52.441813,4.800982,2,Zaandam,NL
Amsterdam,Amsterdam_T1,02:00:00:28:b4:66,2026-07-29 15:58:02,31.6,52.44171,4.801541,2,Zaandam,NL
Amsterdam,Amsterdam_T1,02:00:00:90:6d:84,2026-07-29 15:54:27,33.1,52.451797,4.81541440000003,0,Zaandam,NL
Amsterdam,Amsterdam_T1,02:00:00:70:48:54,2026-07-29 15:57:57,30.9,52.4493083,4.87009850000007,0,Oostzaan,NL
Amsterdam,Amsterdam_T1,02:00:00:70:51:98,2026-07-29 16:00:07,31.7,52.449376,4.873678,0,Oostzaan,NL
Amsterdam,Amsterdam_T1,02:00:00:8d:e0:2e,2026-07-29 16:01:07,34.9,52.453716,5.033896,1,Monnickendam,NL
Amsterdam,Amsterdam_T1,02:00:00:74:38:ae,2026-07-29 16:00:26,36.8,52.448765,5.040629,0,Monnickendam,NL
Amsterdam,Amsterdam_T1,02:00:00:65:7b:60,2026-07-29 15:58:04,35.5,52.45517,4.796338,0,Koog aan de Zaan,NL
Amsterdam,Amsterdam_T1,02:00:00:65:85:14,2026-07-29 15:54:14,34.9,52.460911,4.798072,0,Koog aan de Zaan,NL
Amsterdam,Amsterdam_T1,02:00:00:70:59:8a,2026-07-29 15:55:30,30.8,52.461746,4.800009,0,Zaanstad,NL
Amsterdam,Amsterdam_T1,02:00:00:b2:a4:56,2026-07-29 16:03:22,34.4,52.458013,4.806933,1,Koog aan de Zaan,NL
Amsterdam,Amsterdam_T1,02:00:00:12:55:1a,2026-07-29 15:55:58,33.2,52.4596497323282,4.81831419827456,3,Zaanstad,NL
Amsterdam,Amsterdam_T1,02:00:00:83:c1:36,2026-07-29 16:00:23,33.6,52.46779,4.833544,2,Zaandam,NL
Amsterdam,Amsterdam_T1,02:00:00:65:59:44,2026-07-29 15:56:20,34.0,52.46492,4.947995,0,Landsmeer,NL
Amsterdam,Amsterdam_T1,02:00:00:36:b5:10,2026-07-29 16:01:13,35.9,52.4607855,5.0354233,5,Waterland,NL
Amsterdam,Amsterdam_T1,02:00:00:83:fe:54,2026-07-29 16:02:46,34.4,52.473273,4.792316,1,Zaandijk,NL
Amsterdam,Amsterdam_T1,02:00:00:b9:41:ba,2026-07-29 16:04:03,32.3,52.468595,4.827322,2,Zaandam,NL
Amsterdam,Amsterdam_T1,02:00:00:af:6e:4c,2026-07-29 15:55:53,33.6,52.472511,4.809806,1,Zaandijk,NL
Amsterdam,Amsterdam_T1,02:00:00:14:3f:f0,2026-07-29 15:55:13,31.5,52.478533,4.808805,0,Zaandijk,NL
Amsterdam,Amsterdam_T1,02:00:00:ab:f0:04,2026-07-29 16:00:11,33.4,52.4732402,4.82852159999997,1,Zaanstad,NL
Amsterdam,Amsterdam_T1,02:00:00:bd:20:42,2026-07-29 15:54:32,36.1,52.490773,4.590405,13,Wijk aan Zee,NL
Amsterdam,Amsterdam_T1,02:00:00:a2:61:20,2026-07-29 15:58:50,35.1,52.4932975227619,4.60278952387853,8,Wijk aan Zee,NL
Amsterdam,Amsterdam_T1,02:00:00:b5:31:48,2026-07-29 16:01:37,32.9,52.48672,4.649581,3,Beverwijk,NL
Amsterdam,Amsterdam_T1,02:00:00:a4:41:2c,2026-07-29 15:54:40,35.3,52.493777,4.651065,3,Beverwijk,NL
Amsterdam,Amsterdam_T1,02:00:00:a4:15:3e,2026-07-29 15:55:19,32.8,52.4881248474121,4.65965270996094,2,Beverwijk,NL
Amsterdam,Amsterdam_T1,02:00:00:58:c6:9e,2026-07-29 16:00:30,41.3,52.488462,4.665948,4,Beverwijk,NL
Amsterdam,Amsterdam_T1,02:00:00:27:38:1e,2026-07-29 15:54:57,32.3,52.490058,4.675492,0,Beverwijk,NL
Amsterdam,Amsterdam_T1,02:00:00:1f:75:1e,2026-07-29 16:00:18,34.3,52.495347,4.671976,3,Beverwijk,NL
Amsterdam,Amsterdam_T1,02:00:00:b9:29:a2,2026-07-29 16:01:23,33.3,52.48681,4.689331,0,Beverwijk,NL
Amsterdam,Amsterdam_T1,02:00:00:b9:2d:62,2026-07-29 15:55:11,37.9,52.487002,4.745845,0,Assendelft,NL
Amsterdam,Amsterdam_T1,02:00:00:74:2b:b0,2026-07-29 15:59:16,32.9,52.491181,4.741493,0,Assendelft,NL
Amsterdam,Amsterdam_T1,02:00:00:bc:bc:18,2026-07-29 16:02:32,34.1,52.48874,4.746305,0,Assendelft,NL
Amsterdam,Amsterdam_T1,02:00:00:bd:ba:0a,2026-07-29 15:58:09,36.8,52.485389,4.760449,0,Assendelft,NL
Amsterdam,Amsterdam_T1,02:00:00:c3:9b:7c,2026-07-29 15:54:50,46.0,52.508597,4.657421,1,Heemskerk,NL
Amsterdam,Amsterdam_T1,02:00:00:28:d9:68,2026-07-29 16:03:00,31.0,52.505043,4.663006,3,Heemskerk,NL
Amsterdam,Amsterdam_T1,02:00:00:74:38:16,2026-07-29 15:57:32,30.0,52.5022010803223,4.66760015487671,3,Heemskerk,NL
Amsterdam,Amsterdam_T1,02:00:00:8d:c6:84,2026-07-29 15:58:53,36.5,52.49849,4.670613,4,Heemskerk,NL
Amsterdam,Amsterdam_T1,02:00:00:70:4f:d8,2026-07-29 15:58:08,31.7,52.5015798,4.66960700000006,1,Heemskerk,NL
Amsterdam,Amsterdam_T1,02:00:00:70:3c:30,2026-07-29 15:58:59,30.7,52.510432,4.688887,1,Heemskerk,NL
Amsterdam,Amsterdam_T1,02:00:00:73:f5:76,2026-07-29 15:57:41,30.1,52.499622,4.6940675,0,Heemskerk,NL
Amsterdam,Amsterdam_T1,02:00:00:1a:fe:50,2026-07-29 16:01:55,32.5,52.5053081762322,4.75592475261492,1,Krommenie,NL
Amsterdam,Amsterdam_T1,02:00:00:bd:f4:02,2026-07-29 16:03:22,33.8,52.4973426347924,4.76018432436422,0,Zaanstad,NL
Amsterdam,Amsterdam_T1,02:00:00:14:48:26,2026-07-29 15:56:32,39.2,52.502025,4.767892,0,Krommenie,NL
Amsterdam,Amsterdam_T1,02:00:00:2c:be:d2,2026-07-29 15:58:00,29.1,52.512672,4.666764,1,Heemskerk,NL
Amsterdam,Amsterdam_T1,02:00:00:74:32:2e,2026-07-29 15:57:14,29.1,52.512731,4.670313,3,Heemskerk,NL
Amsterdam,Amsterdam_T1,02:00:00:58:bd:d0,2026-07-29 15:58:02,32.3,52.517194,4.672498,0,Heemskerk,NL
Amsterdam,Amsterdam_T1,02:00:00:b4:f1:96,2026-07-29 16:03:36,31.5,52.5120620727539,4.68826818466187,1,Heemskerk,NL
Amsterdam,Amsterdam_T1,02:00:00:19:33:4e,2026-07-29 16:03:24,33.6,52.5206,4.6901,0,Heemskerk,NL
Amsterdam,Amsterdam_T1,02:00:00:bd:0d:f2,2026-07-29 15:59:19,32.9,52.5209953,4.70019589999997,0,Uitgeest,NL
Amsterdam,Amsterdam_T1,02:00:00:63:34:a0,2026-07-29 15:54:27,31.8,52.5164485389808,4.7633657697163,0,Zaanstad,NL
Amsterdam,Amsterdam_T1,02:00:00:63:24:da,2026-07-29 15:57:12,35.0,52.5267021414972,4.70168518277734,0,Uitgeest,NL
Amsterdam,Amsterdam_T1,02:00:00:b9:5f:90,2026-07-29 16:00:48,30.8,52.533084264192,4.71261564257397,0,Uitgeest,NL
Amsterdam,Amsterdam_T1,02:00:00:63:2d:f0,2026-07-29 15:56:54,33.1,52.533104,4.712557,0,Uitgeest,NL
Amsterdam,Amsterdam_T1,02:00:00:b5:a6:8a,2026-07-29 16:03:27,33.8,52.530517,4.778969,0,Markenbinnen,NL
Amsterdam,Amsterdam_T1,02:00:00:b9:52:2e,2026-07-29 16:03:04,34.4,52.543081,4.660629,1,Castricum,NL
Amsterdam,Amsterdam_T1,02:00:00:b2:a8:d0,2026-07-29 16:02:10,35.1,52.5532143015102,4.66275751590729,2,Castricum,NL
Amsterdam,Amsterdam_T1,02:00:00:00:f7:ea,2026-07-29 15:48:34,31.8,52.552456056786,4.66874740076037,2,Castricum,NL
Amsterdam,Amsterdam_T1,02:00:00:b4:ef:9c,2026-07-29 15:54:30,31.4,52.544774,4.669992,1,Castricum,NL
Amsterdam,Amsterdam_T1,02:00:00:2a:e4:a6,2026-07-29 16:00:56,33.6,52.54548,4.67022000000002,1,Castricum,NL
Amsterdam,Amsterdam_T1,02:00:00:27:2c:12,2026-07-29 15:54:12,33.2,52.5579643249512,4.65175914764404,11,Castricum,NL
Amsterdam,Amsterdam_T1,02:00:00:36:a3:a2,2026-07-29 16:03:13,32.4,52.561176,4.647979,12,Castricum,NL
Amsterdam,Amsterdam_T1,02:00:00:ab:ec:7e,2026-07-29 15:55:17,33.3,52.559244,4.659807,2,Castricum,NL
Amsterdam,Amsterdam_T1,02:00:00:c3:74:74,2026-07-29 15:56:36,32.6,52.556907,4.668744,1,Castricum,NL
Amsterdam,Amsterdam_T1,02:00:00:bd:e4:0a,2026-07-29 16:02:05,32.1,52.557114,4.6693296,0,Castricum,NL
Amsterdam,Amsterdam_T1,02:00:00:bd:db:96,2026-07-29 15:57:09,30.8,52.5677,4.688097,2,Castricum,NL
Amsterdam,Amsterdam_T1,02:00:00:83:f9:38,2026-07-29 15:57:36,35.7,52.5667610168457,4.69240951538086,4,Castricum,NL
Amsterdam,Amsterdam_T1,02:00:00:bd:d4:66,2026-07-29 15:55:50,35.3,52.5567058594671,4.72576493881832,0,Castricum,NL
Amsterdam,Amsterdam_T1,02:00:00:b0:a9:ae,2026-07-29 16:01:42,33.2,52.556932,4.728066,0,Castricum,NL
Amsterdam,Amsterdam_T1,02:00:00:2c:f9:46,2026-07-29 16:02:26,36.0,52.5711657,4.69811320000005,2,Castricum,NL
Amsterdam,Amsterdam_T1,02:00:00:3f:6f:6c,2026-07-29 15:58:25,28.8,52.5698,4.7014,2,Castricum,NL
Amsterdam,Amsterdam_T1,02:00:00:7f:ca:86,2026-07-29 15:54:33,32.1,52.575198,4.701347,2,Castricum,NL
Amsterdam,Amsterdam_T1,02:00:00:83:b0:d6,2026-07-29 16:00:54,33.0,52.592226,4.690301,0,Heiloo,NL
Amsterdam,Amsterdam_T1,02:00:00:b5:77:5a,2026-07-29 16:00:49,30.9,52.589641,4.701077,1,Heiloo,NL
Amsterdam,Amsterdam_T1,02:00:00:5f:28:b6,2026-07-29 15:55:36,31.6,52.593292,4.713329,0,Heiloo,NL
Amsterdam,Amsterdam_T1,02:00:00:13:81:dc,2026-07-29 16:02:29,31.8,52.5917217300149,4.71660864874474,1,Heiloo,NL
Amsterdam,Amsterdam_T1,02:00:00:14:4a:16,2026-07-29 15:59:15,29.7,52.5979706,4.68623639999998,2,Heiloo,NL
Amsterdam,Amsterdam_T1,02:00:00:27:49:96,2026-07-29 16:00:11,31.2,52.596877,4.700662,2,Heiloo,NL
Amsterdam,Amsterdam_T1,02:00:00:b2:c5:8e,2026-07-29 15:57:51,31.2,52.607205,4.694133,1,Heiloo,NL
Amsterdam,Amsterdam_T1,02:00:00:bd:0d:f4,2026-07-29 16:03:57,35.6,52.608246,4.707137,1,Heiloo,NL
Amsterdam,Amsterdam_T1,02:00:00:a9:f1:36,2026-07-29 15:57:58,29.7,52.6009402517112,4.7194606130876,4,Heiloo,NL
Amsterdam,Amsterdam_T1,02:00:00:15:dc:9e,2026-07-29 15:54:38,31.2,52.607723,4.716598,6,Heiloo,NL
Amsterdam,Amsterdam_T1,02:00:00:64:09:44,2026-07-29 15:56:30,31.7,52.602954864502,4.7196626663208,2,Heiloo,NL
Amsterdam,Amsterdam_T1,02:00:00:02:63:54,2026-07-29 16:01:54,29.7,52.6134354354965,4.62090881276794,20,Bergen,NL
Amsterdam,Amsterdam_T1,02:00:00:b5:ac:40,2026-07-29 15:59:52,33.6,52.622938,4.628717,11,Bergen,NL
Amsterdam,Amsterdam_T1,02:00:00:00:da:fe,2026-07-29 15:54:12,29.3,52.62333,4.630068,11,Bergen,NL
Amsterdam,Amsterdam_T1,02:00:00:31:ea:ec,2026-07-29 16:03:53,31.8,52.6170874425851,4.65225869437614,1,Bergen (NH),NL
Amsterdam,Amsterdam_T1,02:00:00:64:29:b6,2026-07-29 16:01:27,29.9,52.6201341308608,4.6524031553414,3,Bergen (NH),NL
Amsterdam,Amsterdam_T1,02:00:00:b2:a7:60,2026-07-29 16:02:57,31.5,52.617767,4.735231,3,Alkmaar,NL
Amsterdam,Amsterdam_T1,02:00:00:2f:07:0e,2026-07-29 16:01:03,34.1,52.619869,4.74062129999993,2,Alkmaar,NL
Amsterdam,Amsterdam_T1,02:00:00:b9:2a:8c,2026-07-29 15:58:32,32.1,52.6220359802246,4.74117708206177,3,Alkmaar,NL
Amsterdam,Amsterdam_T1,02:00:00:64:41:c4,2026-07-29 16:00:34,33.1,52.6182297305515,4.76174610319983,1,Alkmaar,NL
Amsterdam,Amsterdam_T1,02:00:00:63:41:1a,2026-07-29 15:54:39,35.2,52.6295856026728,4.71791982650757,2,Alkmaar,NL
Amsterdam,Amsterdam_T1,02:00:00:01:aa:12,2026-07-29 16:02:47,29.9,52.633442,4.7215387,2,Alkmaar,NL
Amsterdam,Amsterdam_T1,02:00:00:ab:c4:e2,2026-07-29 15:55:06,30.1,52.6328430175781,4.72380399703979,2,Alkmaar,NL
Amsterdam,Amsterdam_T1,02:00:00:1f:79:cc,2026-07-29 15:56:43,31.2,52.636603,4.745265,4,Alkmaar,NL
Amsterdam,Amsterdam_T1,02:00:00:b5:9a:a0,2026-07-29 15:54:25,34.0,52.637733,4.745801,4,Alkmaar,NL
Amsterdam,Amsterdam_T1,02:00:00:70:5b:5e,2026-07-29 15:56:39,42.7,52.626729,4.756427,1,Alkmaar,NL
Amsterdam,Amsterdam_T1,02:00:00:c2:2e:b6,2026-07-29 15:56:35,31.8,52.633771,4.75851099999995,2,Alkmaar,NL
Amsterdam,Amsterdam_T1,02:00:00:64:01:d0,2026-07-29 15:57:15,35.3,52.634199,4.759869,6,Alkmaar,NL
Amsterdam,Amsterdam_T1,02:00:00:63:37:be,2026-07-29 15:57:52,31.9,52.633652,4.765127,1,Alkmaar,NL
Amsterdam,Amsterdam_T1,02:00:00:ab:df:8c,2026-07-29 15:53:56,31.9,52.641745,4.756303,1,Alkmaar,NL
Amsterdam,Amsterdam_T1,02:00:00:c2:38:70,2026-07-29 15:56:25,32.8,52.64382,4.75634999999998,2,Alkmaar,NL
Amsterdam,Amsterdam_T1,02:00:00:58:bc:d2,2026-07-29 15:59:34,29.6,52.6466445922852,4.75525665283203,1,Alkmaar,NL
Amsterdam,Amsterdam_T1,02:00:00:7b:00:42,2026-07-29 15:57:35,31.6,52.6480903625488,4.76241064071655,4,Alkmaar,NL
Amsterdam,Amsterdam_T1,02:00:00:12:7e:c4,2026-07-29 16:01:02,35.9,52.6525888583169,4.76428381045071,1,Alkmaar,NL
Amsterdam,Amsterdam_T1,02:00:00:a2:25:b4,2026-07-29 16:02:23,32.4,52.652943,4.772452,0,Alkmaar,NL
Amsterdam,Amsterdam_T1,02:00:00:b9:56:a2,2026-07-29 16:03:29,31.5,52.320062,4.578711,2,Vogelenzang,NL
Amsterdam,Amsterdam_T1,02:00:00:a9:5f:3c,2026-07-29 16:00:43,31.3,52.3233565620573,4.58888893347402,2,Bennebroek,NL
Amsterdam,Amsterdam_T1,02:00:00:74:30:a2,2026-07-29 15:54:21,30.8,52.31667,4.601682,2,Bennebroek,NL
Amsterdam,Amsterdam_T1,02:00:00:19:20:54,2026-07-29 16:00:40,36.5,52.3159566652192,4.61366144075828,0,Zwaanshoek,NL
Amsterdam,Amsterdam_T1,02:00:00:52:ff:4a,2026-07-29 16:00:22,38.0,52.316234,4.613678,0,Zwaanshoek,NL
Amsterdam,Amsterdam_T1,02:00:00:34:0d:20,2026-07-29 16:03:06,35.3,52.314469,4.637147,0,Haarlemmermeer,NL
Amsterdam,Amsterdam_T1,02:00:00:8d:cc:36,2026-07-29 16:03:50,34.5,52.3125,4.6445,0,Hoofddorp,NL
Amsterdam,Amsterdam_T1,02:00:00:06:02:ae,2026-07-29 16:00:53,32.4,52.313344,4.652007,0,Haarlemmermeer,NL
Amsterdam,Amsterdam_T1,02:00:00:00:d2:c8,2026-07-29 15:58:33,34.3,52.3246564313998,4.64318761619814,0,Haarlemmermeer,NL
Amsterdam,Amsterdam_T1,02:00:00:2b:51:7c,2026-07-29 15:56:42,32.0,52.314801,4.664166,0,Hoofddorp,NL
Amsterdam,Amsterdam_T1,02:00:00:12:6f:32,2026-07-29 15:54:34,34.6,52.318731,4.675906,0,Hoofddorp,NL
Amsterdam,Amsterdam_T1,02:00:00:04:a8:18,2026-07-29 16:00:08,37.7,52.3118591308594,4.69132137298584,0,Haarlemmermeer,NL
Amsterdam,Amsterdam_T1,02:00:00:53:40:ac,2026-07-29 15:55:59,33.6,52.3348254552263,4.61766521558033,1,Heemstede,NL
Amsterdam,Amsterdam_T1,02:00:00:8d:d6:b0,2026-07-29 15:57:52,32.4,52.335645,4.632993,0,Cruquius,NL
Amsterdam,Amsterdam_T1,02:00:00:be:07:f0,2026-07-29 15:56:52,31.6,52.3348065616568,4.64470551369772,0,Cruquius,NL
Amsterdam,Amsterdam_T1,02:00:00:c2:49:e6,2026-07-29 16:01:03,31.9,52.336126,4.644912,0,Cruquius,NL
Amsterdam,Amsterdam_T1,02:00:00:bd:c0:ba,2026-07-29 16:04:02,33.1,52.3423288406971,4.60312933229977,2,Heemstede,NL
Amsterdam,Amsterdam_T1,02:00:00:b4:f1:9a,2026-07-29 16:03:01,34.8,52.3455882986117,4.6028138830537,3,Heemstede,NL
Amsterdam,Amsterdam_T1,02:00:00:29:0c:72,2026-07-29 16:03:04,32.3,52.3456538553203,4.60992780720815,4,Heemstede,NL
Amsterdam,Amsterdam_T1,02:00:00:8d:e0:c8,2026-07-29 15:58:51,33.9,52.342843,4.623263,3,Heemstede,NL
Amsterdam,Amsterdam_T1,02:00:00:b5:4a:8a,2026-07-29 15:58:05,32.1,52.346112,4.624803,2,Heemstede,NL
Amsterdam,Amsterdam_T1,02:00:00:b2:b9:40,2026-07-29 15:56:51,30.3,52.3414526,4.6261209,3,Heemstede,NL
Amsterdam,Amsterdam_T1,02:00:00:74:5c:56,2026-07-29 15:58:37,35.1,52.350723,4.644351,0,Haarlem,NL
Amsterdam,Amsterdam_T1,02:00:00:9c:f8:c4,2026-07-29 15:58:50,32.9,52.3476130477796,4.650423771551,2,Haarlem,NL
Amsterdam,Amsterdam_T1,02:00:00:02:9b:e4,2026-07-29 16:02:30,32.7,52.347191,4.652659,1,Haarlem,NL
Amsterdam,Amsterdam_T1,02:00:00:b5:52:ca,2026-07-29 16:02:44,31.5,52.3431975,4.67456669,0,Vijfhuizen,NL
Amsterdam,Amsterdam_T1,02:00:00:ab:ea:fc,2026-07-29 15:55:28,34.1,52.343516,4.674352,0,Vijfhuizen,NL
Amsterdam,Amsterdam_T1,02:00:00:2f:0c:1c,2026-07-29 15:57:45,35.0,52.3464166143002,4.67963541516469,0,Vijfhuizen,NL
Amsterdam,Amsterdam_T1,02:00:00:bd:de:aa,2026-07-29 15:54:34,32.8,52.35104,4.773909,0,Amsterdam,NL
Amsterdam,Amsterdam_T1,02:00:00:ab:db:e0,2026-07-29 16:00:03,33.4,52.364787,4.52086100000004,14,Zandvoort,NL
Amsterdam,Amsterdam_T1,02:00:00:a9:8b:b6,2026-07-29 16:03:45,28.8,52.3675,4.5304,6,Zandvoort,NL
Amsterdam,Amsterdam_T1,02:00:00:3c:ed:32,2026-07-29 15:57:09,31.2,52.3671946,4.54155539999998,6,Zandvoort,NL
Amsterdam,Amsterdam_T1,02:00:00:2c:c2:30,2026-07-29 15:56:18,31.8,52.3675968,4.5420004,6,Zandvoort,NL
Amsterdam,Amsterdam_T1,02:00:00:b0:97:dc,2026-07-29 16:00:52,32.1,52.367772,4.606125,2,Haarlem,NL
Amsterdam,Amsterdam_T1,02:00:00:02:ea:00,2026-07-29 16:01:37,36.9,52.3632352276022,4.61015882569882,4,Haarlem,NL
Amsterdam,Amsterdam_T1,02:00:00:83:99:52,2026-07-29 15:55:16,30.7,52.3554,4.6149,7,Heemstede,NL
Amsterdam,Amsterdam_T1,02:00:00:83:fd:c4,2026-07-29 16:00:31,30.4,52.355408,4.626659,3,Heemstede,NL
Amsterdam,Amsterdam_T1,02:00:00:b5:27:24,2026-07-29 15:58:18,30.4,52.363345910022,4.63381849071414,2,Haarlem,NL
Amsterdam,Amsterdam_T1,02:00:00:03:9c:a2,2026-07-29 15:57:11,31.4,52.3547002557013,4.64688848693248,0,Haarlem,NL
Amsterdam,Amsterdam_T1,02:00:00:01:8b:04,2026-07-29 16:03:12,32.8,52.357799252269,4.64295928937645,4,Haarlem,NL
Amsterdam,Amsterdam_T1,02:00:00:36:dc:4a,2026-07-29 15:56:36,32.0,52.361993,4.651678,5,Haarlem,NL
Amsterdam,Amsterdam_T1,02:00:00:7f:9a:24,2026-07-29 16:03:42,28.4,52.3591853224633,4.66554760934741,1,Haarlem,NL
Amsterdam,Amsterdam_T1,02:00:00:b4:f0:46,2026-07-29 15:58:50,32.1,52.3692474365234,4.5371298789978,8,Zandvoort,NL
Amsterdam,Amsterdam_T1,02:00:00:3f:4c:f4,2026-07-29 16:00:49,28.9,52.372587,4.530564,6,Zandvoort,NL
Amsterdam,Amsterdam_T1,02:00:00:12:41:12,2026-07-29 15:58:42,30.8,52.374049,4.5339304,6,Zandvoort,NL
Amsterdam,Amsterdam_T1,02:00:00:c2:32:aa,2026-07-29 15:55:28,29.6,52.372037,4.59458,8,Aerdenhout,NL
Amsterdam,Amsterdam_T1,02:00:00:c3:ec:bc,2026-07-29 16:03:29,32.0,52.3714478705273,4.62272452350821,1,Haarlem,NL
Amsterdam,Amsterdam_T1,02:00:00:bd:fb:06,2026-07-29 16:01:28,33.7,52.3736267089844,4.61951780319214,0,Haarlem,NL
Amsterdam,Amsterdam_T1,02:00:00:3a:2a:c8,2026-07-29 15:58:07,32.8,52.37427,4.6192017,1,Haarlem,NL
Amsterdam,Amsterdam_T1,02:00:00:83:b1:9e,2026-07-29 16:01:17,32.7,52.381217,4.641662,3,Haarlem,NL
Amsterdam,Amsterdam_T1,02:00:00:33:d2:64,2026-07-29 15:58:33,31.8,52.3809272917764,4.64569719847814,1,Haarlem,NL
Amsterdam,Amsterdam_T1,02:00:00:12:93:68,2026-07-29 15:55:58,31.0,52.3707324317005,4.64776396751404,5,Haarlem,NL
Amsterdam,Amsterdam_T1,02:00:00:1f:3b:4a,2026-07-29 15:58:08,32.8,52.37831,4.669574,1,Haarlem,NL
Amsterdam,Amsterdam_T1,02:00:00:b9:44:aa,2026-07-29 15:54:51,32.6,52.375513,4.67675000000014,0,Vijfhuizen,NL
Amsterdam,Amsterdam_T1,02:00:00:27:b4:36,2026-07-29 16:03:48,35.5,52.3779792785645,4.7358570098877,0,Haarlemmermeer,NL
Amsterdam,Amsterdam_T1,02:00:00:27:4b:10,2026-07-29 16:01:57,36.1,52.37942,4.744301,0,Haarlemmermeer,NL
Amsterdam,Amsterdam_T1,02:00:00:1e:21:d8,2026-07-29 16:02:10,34.6,52.3836936950684,4.60500431060791,3,Haarlem,NL
Amsterdam,Amsterdam_T1,02:00:00:3f:4b:00,2026-07-29 15:58:31,35.6,52.3919181,4.6090654,10,Bloemendaal,NL
Amsterdam,Amsterdam_T1,02:00:00:ab:e0:5c,2026-07-29 15:59:06,33.9,52.382743416844,4.62757179341502,3,Haarlem,NL
Amsterdam,Amsterdam_T1,02:00:00:36:97:c0,2026-07-29 16:00:27,34.6,52.384901,4.618702,2,Haarlem,NL
Amsterdam,Amsterdam_T1,02:00:00:6b:2a:8e,2026-07-29 15:59:34,31.9,52.383527,4.626926,4,Haarlem,NL
Amsterdam,Amsterdam_T1,02:00:00:19:12:9e,2026-07-29 15:57:30,35.0,52.395697,4.646471,2,Haarlem,NL
Amsterdam,Amsterdam_T1,02:00:00:29:68:b8,2026-07-29 16:01:58,33.7,52.396323,4.647771,1,Haarlem,NL
Amsterdam,Amsterdam_T1,02:00:00:03:70:e8,2026-07-29 15:58:57,34.4,52.383225,4.726661,0,Zwanenburg,NL
Amsterdam,Amsterdam_T1,02:00:00:a2:6a:14,2026-07-29 16:03:16,33.0,52.383301,4.758271,4,Halfweg,NL
Amsterdam,Amsterdam_T1,02:00:00:13:52:76,2026-07-29 16:00:16,33.8,52.3991470336914,4.62305593490601,2,Bloemendaal,NL
Amsterdam,Amsterdam_T1,02:00:00:c5:40:ea,2026-07-29 16:02:14,32.5,52.400092,4.623392,4,Bloemendaal,NL
Amsterdam,Amsterdam_T1,02:00:00:83:f0:02,2026-07-29 16:03:07,32.4,52.405965,4.631168,2,Haarlem,NL
Amsterdam,Amsterdam_T1,02:00:00:65:6b:94,2026-07-29 15:55:00,32.4,52.406331,4.652223,0,Haarlem,NL
Amsterdam,Amsterdam_T1,02:00:00:1c:67:e6,2026-07-29 15:56:06,34.3,52.416089,4.628222,3,Santpoort-Zuid,NL
Amsterdam,Amsterdam_T1,02:00:00:7f:be:68,2026-07-29 15:56:11,30.9,52.424201965332,4.62889003753662,9,Velsen,NL
Amsterdam,Amsterdam_T1,02:00:00:2f:2c:10,2026-07-29 15:59:52,35.2,52.4139580938156,4.64802011595694,0,Haarlem,NL
Amsterdam,Amsterdam_T1,02:00:00:a2:0a:b0,2026-07-29 15:57:06,33.6,52.418751,4.6510605,1,Haarlem,NL
Amsterdam,Amsterdam_T1,02:00:00:b9:1c:8a,2026-07-29 15:58:53,32.2,52.4189992,4.65495759999998,0,Haarlem,NL
Amsterdam,Amsterdam_T1,02:00:00:be:06:98,2026-07-29 15:58:49,32.9,52.4134979248047,4.68100881576538,0,Haarlem,NL
Amsterdam,Amsterdam_T1,02:00:00:c6:2e:98,2026-07-29 15:54:28,35.4,52.41549,4.690098,0,Spaarndam,NL
Amsterdam,Amsterdam_T1,02:00:00:03:cf:ae,2026-07-29 15:59:35,33.8,52.430961,4.626516,7,Santpoort-Noord,NL
Amsterdam,Amsterdam_T1,02:00:00:a2:25:f2,2026-07-29 16:00:09,31.4,52.430885,4.633629,5,Santpoort-Noord,NL
Amsterdam,Amsterdam_T1,02:00:00:6b:54:fc,2026-07-29 15:53:57,33.5,52.43138,4.637592,7,Santpoort-Noord,NL
Amsterdam,Amsterdam_T1,02:00:00:b5:b6:ae,2026-07-29 15:56:47,33.0,52.4339768,4.6563109,1,Velsen,NL
Amsterdam,Amsterdam_T1,02:00:00:36:ec:46,2026-07-29 16:01:53,31.8,52.4389800296369,4.65587516850894,0,Velsen,NL
Amsterdam,Amsterdam_T1,02:00:00:64:29:b8,2026-07-29 16:02:37,32.9,52.438749,4.657498,1,Velsen,NL
Amsterdam,Amsterdam_T1,02:00:00:ab:ec:c4,2026-07-29 15:57:44,31.9,52.4282927,4.6653309,0,Velserbroek,NL
Amsterdam,Amsterdam_T1,02:00:00:bd:ec:92,2026-07-29 15:55:41,34.9,52.4288634,4.67031360000004,0,Velserbroek,NL
Amsterdam,Amsterdam_T1,02:00:00:b5:4b:32,2026-07-29 16:01:54,30.6,52.4319432,4.78043320000006,0,Westzaan,NL
Amsterdam,Amsterdam_T1,02:00:00:b2:aa:ac,2026-07-29 15:56:13,28.5,52.448609,4.590747,10,IJmuiden,NL
Amsterdam,Amsterdam_T1,02:00:00:a9:65:06,2026-07-29 15:59:52,33.1,52.4453624156696,4.63662952934719,6,Driehuis NH,NL
Amsterdam,Amsterdam_T1,02:00:00:27:13:90,2026-07-29 15:57:57,34.2,52.44252,4.65480000000011,2,Velserbroek,NL
Amsterdam,Amsterdam_T1,02:00:00:9c:fa:06,2026-07-29 15:59:11,35.6,52.4489951330939,4.64108121865961,6,Driehuis NH,NL
Amsterdam,Amsterdam_T1,02:00:00:b5:93:86,2026-07-29 16:04:03,31.9,52.443132,4.68768400000007,0,Velsen-Zuid,NL
Amsterdam,Amsterdam_T1,02:00:00:c2:48:08,2026-07-29 15:55:35,35.3,52.462179,4.59518099999997,12,IJmuiden,NL
Amsterdam,Amsterdam_T1,02:00:00:37:27:c4,2026-07-29 15:56:53,37.4,52.462665,4.602491,9,IJmuiden,NL
Amsterdam,Amsterdam_T1,02:00:00:6b:9c:56,2026-07-29 15:55:34,33.6,52.4615355374391,4.62213646156055,7,IJmuiden,NL
Amsterdam,Amsterdam_T1,02:00:00:8d:c5:b8,2026-07-29 15:57:19,32.5,52.481261073535,4.65143322944641,3,Beverwijk,NL
Amsterdam,Amsterdam_T1,02:00:00:73:c3:3e,2026-07-29 15:57:17,34.0,52.469413,4.748364,0,Assendelft,NL
Amsterdam,Amsterdam_T1,02:00:00:a2:60:a8,2026-07-29 15:59:22,33.9,52.4727440027025,4.74969940572919,0,Assendelft,NL
Amsterdam,Amsterdam_T2,02:00:00:1e:28:64,2026-07-29 15:58:04,31.9,52.5012,5.0626,0,Volendam,NL
Amsterdam,Amsterdam_T2,02:00:00:bd:f1:80,2026-07-29 15:58:32,30.4,52.5039741486075,5.06583976745605,0,Edam-Volendam,NL
Amsterdam,Amsterdam_T2,02:00:00:2d:00:08,2026-07-29 15:59:12,32.1,52.510217,5.066857,0,Edam,NL
Amsterdam,Amsterdam_T2,02:00:00:84:41:96,2026-07-29 15:57:50,31.9,52.511852,5.075232,0,Volendam,NL
Amsterdam,Amsterdam_T2,02:00:00:84:70:bc,2026-07-29 15:59:49,31.1,52.513283,5.074401,0,Volendam,NL
Amsterdam,Amsterdam_T2,02:00:00:a9:d4:76,2026-07-29 16:00:22,30.7,52.636438,5.157458,0,Wijdenes,NL
Amsterdam,Amsterdam_T2,02:00:00:65:41:36,2026-07-29 15:55:32,32.8,52.63997,5.064178,3,Hoorn,NL
Amsterdam,Amsterdam_T2,02:00:00:3f:02:7a,2026-07-29 15:59:06,31.8,52.646076,5.07353,1,Hoorn,NL
Amsterdam,Amsterdam_T2,02:00:00:2f:35:a2,2026-07-29 16:02:23,33.4,52.6429770416675,5.077702583676,0,Hoorn,NL
Amsterdam,Amsterdam_T2,02:00:00:65:84:72,2026-07-29 16:02:38,32.3,52.6471319,5.0887278,0,Hoorn,NL
Amsterdam,Amsterdam_T2,02:00:00:65:69:1e,2026-07-29 15:58:19,33.8,52.649585,5.097258,0,Hoorn,NL
Amsterdam,Amsterdam_T2,02:00:00:22:ea:76,2026-07-29 16:02:21,38.2,52.6533,5.0955,0,Hoorn,NL
Amsterdam,Amsterdam_T2,02:00:00:90:5f:c4,2026-07-29 15:57:19,30.8,52.321893,5.116822,3,Muiderberg,NL
Amsterdam,Amsterdam_T2,02:00:00:12:fe:e4,2026-07-29 16:00:51,33.4,52.3113794,5.15152499999999,3,Gooise Meren,NL
Amsterdam,Amsterdam_T2,02:00:00:29:43:f2,2026-07-29 16:02:22,34.8,52.313681,5.148801,6,Naarden,NL
Amsterdam,Amsterdam_T2,02:00:00:bd:eb:f2,2026-07-29 15:55:37,31.0,52.328728,5.06968,3,Muiden,NL
Amsterdam,Amsterdam_T2,02:00:00:90:d2:d0,2026-07-29 16:02:44,31.5,52.326425,5.12370000000006,4,Muiderberg,NL
Amsterdam,Amsterdam_T2,02:00:00:2b:04:42,2026-07-29 15:55:22,30.1,52.3372959158816,5.13216555118561,0,Almere,NL
Amsterdam,Amsterdam_T2,02:00:00:36:e2:78,2026-07-29 16:01:15,39.4,52.3371049,5.1901735,0,Almere,NL
Amsterdam,Amsterdam_T2,02:00:00:9d:29:10,2026-07-29 16:00:23,35.6,52.337369,5.21375,0,Almere,NL
Amsterdam,Amsterdam_T2,02:00:00:2e:9a:cc,2026-07-29 16:03:32,33.6,52.336882,5.240898,0,Almere,NL
Amsterdam,Amsterdam_T2,02:00:00:2e:b5:4c,2026-07-29 16:00:21,33.0,52.3430088208381,5.19504211113633,0,Almere,NL
Amsterdam,Amsterdam_T2,02:00:00:b8:f6:48,2026-07-29 15:53:41,33.6,52.3406143188477,5.20010089874268,0,Almere,NL
Amsterdam,Amsterdam_T2,02:00:00:b5:8d:ac,2026-07-29 16:00:26,32.3,52.34163,5.2166333,0,Almere,NL
Amsterdam,Amsterdam_T2,02:00:00:2c:c4:84,2026-07-29 15:57:43,33.1,52.3477676,5.2148857,0,Almere,NL
Amsterdam,Amsterdam_T2,02:00:00:bd:f8:fa,2026-07-29 15:59:51,34.6,52.3424109,5.2190179,0,Almere,NL
Amsterdam,Amsterdam_T2,02:00:00:3f:3f:c2,2026-07-29 15:57:55,31.4,52.343591,5.300593,0,Almere,NL
Amsterdam,Amsterdam_T2,02:00:00:c3:74:e2,2026-07-29 16:01:02,31.1,52.339954,5.30997100000004,0,Almere,NL
Amsterdam,Amsterdam_T2,02:00:00:b5:92:08,2026-07-29 16:01:25,34.2,52.347005,5.313427,0,Almere,NL
Amsterdam,Amsterdam_T2,02:00:00:27:45:f2,2026-07-29 15:56:57,35.6,52.339923,5.322713,0,Almere,NL
Amsterdam,Amsterdam_T2,02:00:00:a2:74:d6,2026-07-29 15:57:54,32.3,52.3410034179688,5.32753562927246,0,Almere,NL
Amsterdam,Amsterdam_T2,02:00:00:c2:7c:f4,2026-07-29 15:58:38,34.0,52.342907,5.329785,0,Almere,NL
Amsterdam,Amsterdam_T2,02:00:00:20:a9:28,2026-07-29 15:56:24,34.4,52.3552207946777,5.15794372558594,0,Almere,NL
Amsterdam,Amsterdam_T2,02:00:00:1f:41:a2,2026-07-29 15:58:46,35.5,52.359159,5.157519,0,Almere,NL
Amsterdam,Amsterdam_T2,02:00:00:bd:f3:22,2026-07-29 15:56:54,34.1,52.3556832426708,5.17759948959218,0,Almere,NL
Amsterdam,Amsterdam_T2,02:00:00:53:27:88,2026-07-29 15:54:33,39.0,52.3599,5.18,0,Almere,NL
Amsterdam,Amsterdam_T2,02:00:00:32:fc:ea,2026-07-29 15:57:04,40.7,52.3599014282227,5.17999982833862,0,Almere,NL
Amsterdam,Amsterdam_T2,02:00:00:7f:8b:a0,2026-07-29 15:59:44,33.0,52.356455,5.190885,0,Almere,NL
Amsterdam,Amsterdam_T2,02:00:00:83:cc:f8,2026-07-29 15:57:23,33.9,52.365,5.225,3,Almere,NL
Amsterdam,Amsterdam_T2,02:00:00:74:2f:a0,2026-07-29 16:03:06,35.1,52.361122,5.240015,0,Almere,NL
Amsterdam,Amsterdam_T2,02:00:00:01:e3:f6,2026-07-29 15:55:52,33.5,52.36436,5.23972999999998,0,Almere,NL
Amsterdam,Amsterdam_T2,02:00:00:33:e0:2c,2026-07-29 15:57:19,32.6,52.36486,5.240825,0,Almere,NL
Amsterdam,Amsterdam_T2,02:00:00:27:5a:b2,2026-07-29 16:02:47,33.7,52.362427,5.25434,0,Almere,NL
Amsterdam,Amsterdam_T2,02:00:00:74:32:de,2026-07-29 15:58:32,34.9,52.355048,5.27963999999998,0,Almere,NL
Amsterdam,Amsterdam_T2,02:00:00:a9:83:8c,2026-07-29 15:59:15,35.9,52.357345,5.286959,0,Almere,NL
Amsterdam,Amsterdam_T2,02:00:00:b5:0c:90,2026-07-29 15:55:06,36.5,52.361835,5.29245499999999,0,Almere,NL
Amsterdam,Amsterdam_T2,02:00:00:b2:a4:f6,2026-07-29 15:58:36,32.9,52.356743,5.305346,0,Almere,NL
Amsterdam,Amsterdam_T2,02:00:00:7f:d9:58,2026-07-29 15:59:12,39.0,52.35486,5.306933,0,Almere,NL
Amsterdam,Amsterdam_T2,02:00:00:b9:58:8a,2026-07-29 16:02:39,35.6,52.357433,5.307289,0,Almere,NL
Amsterdam,Amsterdam_T2,02:00:00:28:aa:08,2026-07-29 16:03:01,35.2,52.3726348876953,5.18710041046143,0,Almere,NL
Amsterdam,Amsterdam_T2,02:00:00:5f:51:f6,2026-07-29 15:58:42,32.3,52.3763868010158,5.18871491122013,0,Almere,NL
Amsterdam,Amsterdam_T2,02:00:00:52:d5:9e,2026-07-29 15:55:52,36.6,52.3698,5.213,0,Almere,NL
Amsterdam,Amsterdam_T2,02:00:00:53:48:18,2026-07-29 15:54:19,34.0,52.37066,5.233283,0,Almere,NL
Amsterdam,Amsterdam_T2,02:00:00:b9:1a:4e,2026-07-29 15:58:25,31.2,52.3704528808594,5.23384428024292,0,Almere,NL
Amsterdam,Amsterdam_T2,02:00:00:00:2e:ae,2026-07-29 15:59:42,33.4,52.38126,5.24338,0,Almere,NL
Amsterdam,Amsterdam_T2,02:00:00:b5:6d:e8,2026-07-29 15:56:35,32.4,52.374999,5.254935,0,Almere,NL
Amsterdam,Amsterdam_T2,02:00:00:63:38:56,2026-07-29 16:00:06,34.3,52.380046,5.256249,0,Almere,NL
Amsterdam,Amsterdam_T2,02:00:00:73:c6:2e,2026-07-29 16:02:13,33.5,52.380726,5.257692,0,Almere,NL
Amsterdam,Amsterdam_T2,02:00:00:03:7c:78,2026-07-29 16:02:56,35.0,52.391575,5.177948,0,Almere,NL
Amsterdam,Amsterdam_T2,02:00:00:12:ed:8e,2026-07-29 15:54:00,30.5,52.3836744484748,5.19456455400282,0,Almere,NL
Amsterdam,Amsterdam_T2,02:00:00:53:5c:9c,2026-07-29 15:57:38,30.6,52.3900854363991,5.20024865531923,0,Almere,NL
Amsterdam,Amsterdam_T2,02:00:00:9b:58:5a,2026-07-29 16:02:03,34.8,52.393024667432,5.2090859413147,0,Almere,NL
Amsterdam,Amsterdam_T2,02:00:00:17:7b:d4,2026-07-29 15:56:28,35.3,52.383191,5.221105,0,Almere,NL
Amsterdam,Amsterdam_T2,02:00:00:84:5a:ae,2026-07-29 15:57:54,35.5,52.3883,5.224379,0,Almere,NL
Amsterdam,Amsterdam_T2,02:00:00:a4:6d:b2,2026-07-29 15:57:31,35.8,52.388077,5.240579,0,Almere,NL
Amsterdam,Amsterdam_T2,02:00:00:b9:5a:5a,2026-07-29 15:54:51,33.7,52.3845863342285,5.24989986419678,0,Almere,NL
Amsterdam,Amsterdam_T2,02:00:00:7f:9e:de,2026-07-29 16:01:04,36.9,52.384025,5.25010500000001,0,Almere,NL
Amsterdam,Amsterdam_T2,02:00:00:58:e1:26,2026-07-29 15:59:14,35.1,52.384533,5.252609,0,Almere,NL
Amsterdam,Amsterdam_T2,02:00:00:58:bf:ca,2026-07-29 15:56:09,35.3,52.38307,5.265491,0,Almere,NL
Amsterdam,Amsterdam_T2,02:00:00:3d:1b:4c,2026-07-29 16:01:58,33.7,52.3837937593531,5.27678767891788,0,Almere,NL
Amsterdam,Amsterdam_T2,02:00:00:b5:81:a0,2026-07-29 15:58:14,43.5,52.384206,5.281717,0,Almere,NL
Amsterdam,Amsterdam_T2,02:00:00:bd:e8:f0,2026-07-29 16:02:52,34.3,52.3959675,5.3090496,0,Almere,NL
Amsterdam,Amsterdam_T2,02:00:00:71:39:50,2026-07-29 16:00:04,35.9,52.39723,5.164732,0,Almere,NL
Amsterdam,Amsterdam_T2,02:00:00:1f:4f:22,2026-07-29 16:03:11,35.5,52.3979296375149,5.16967981825021,0,Almere,NL
Amsterdam,Amsterdam_T2,02:00:00:83:e8:7e,2026-07-29 16:03:19,35.1,52.397284,5.254051,0,Almere,NL
Amsterdam,Amsterdam_T2,02:00:00:9c:dc:e4,2026-07-29 16:01:11,33.4,52.400918,5.274714,0,Almere,NL
Amsterdam,Amsterdam_T2,02:00:00:03:cb:e8,2026-07-29 15:55:05,34.7,52.404926,5.287006,0,Almere,NL
Amsterdam,Amsterdam_T2,02:00:00:29:29:ac,2026-07-29 15:59:49,33.5,52.3972934904928,5.29645626037287,0,Almere,NL
Amsterdam,Amsterdam_T2,02:00:00:c2:45:22,2026-07-29 15:56:20,31.6,52.40461,5.301997,0,Almere,NL
Amsterdam,Amsterdam_T2,02:00:00:12:9c:64,2026-07-29 15:59:55,32.9,52.398632,5.308742,0,Almere,NL
Amsterdam,Amsterdam_T2,02:00:00:05:f1:28,2026-07-29 16:01:08,37.7,52.405423,5.299879,0,Almere,NL
Amsterdam,Amsterdam_T2,02:00:00:7f:d3:7a,2026-07-29 16:02:56,32.7,52.3993820578264,5.32481566205385,0,Almere,NL
Amsterdam,Amsterdam_T2,02:00:00:74:7c:9e,2026-07-29 15:56:42,33.3,52.414947,5.280712,0,Almere,NL
Amsterdam,Amsterdam_T2,02:00:00:a9:d3:92,2026-07-29 15:56:01,28.5,52.430297,5.077604,0,Uitdam,NL
Amsterdam,Amsterdam_T2,02:00:00:7f:b2:de,2026-07-29 16:04:06,32.5,52.457411,5.102286,1,Marken,NL
Amsterdam,Amsterdam_T2,02:00:00:ab:e9:c0,2026-07-29 15:58:19,30.6,52.456592,5.107932,0,Marken,NL
Amsterdam,Amsterdam_T2,02:00:00:58:e6:76,2026-07-29 15:54:55,33.8,52.460474,5.102583,1,Marken,NL
Amsterdam,Amsterdam_T3,02:00:00:b5:b2:22,2026-07-29 15:56:02,28.1,52.180305,4.866178,0,Wilnis,NL
Amsterdam,Amsterdam_T3,02:00:00:b9:1f:00,2026-07-29 15:54:28,34.5,52.1843654615619,4.8412770498544,0,Mijdrecht,NL
Amsterdam,Amsterdam_T3,02:00:00:9c:de:20,2026-07-29 15:54:13,32.7,52.1958658,4.86264180000002,0,Mijdrecht,NL
Amsterdam,Amsterdam_T3,02:00:00:39:f9:dc,2026-07-29 15:58:15,35.3,52.202356,4.852284,0,Mijdrecht,NL
Amsterdam,Amsterdam_T3,02:00:00:64:f2:e6,2026-07-29 15:55:13,35.3,52.202097,4.867608,0,Mijdrecht,NL
Amsterdam,Amsterdam_T3,02:00:00:36:9e:aa,2026-07-29 16:02:57,33.4,52.1987979923771,4.88789952274533,0,De Ronde Venen,NL
Amsterdam,Amsterdam_T3,02:00:00:c3:8b:28,2026-07-29 15:54:54,33.6,52.204623,4.888187,0,Wilnis,NL
Amsterdam,Amsterdam_T3,02:00:00:c5:42:aa,2026-07-29 15:55:31,36.8,52.2054895,4.89128179999998,0,Wilnis,NL
Amsterdam,Amsterdam_T3,02:00:00:bd:eb:2a,2026-07-29 16:00:12,34.4,52.2142662937636,4.86259564698173,0,De Ronde Venen,NL
Amsterdam,Amsterdam_T3,02:00:00:83:9c:f6,2026-07-29 15:58:37,34.4,52.214242,4.868094,0,Mijdrecht,NL
Amsterdam,Amsterdam_T3,02:00:00:1c:65:c8,2026-07-29 15:54:15,34.5,52.233621,4.809495,0,Uithoorn,NL
Amsterdam,Amsterdam_T3,02:00:00:c3:91:d0,2026-07-29 15:55:26,37.7,52.236612,4.807596,0,Uithoorn,NL
Amsterdam,Amsterdam_T3,02:00:00:2d:08:dc,2026-07-29 15:56:00,31.9,52.232,4.8319,0,Amstelhoek,NL
Amsterdam,Amsterdam_T3,02:00:00:b5:2d:12,2026-07-29 16:03:22,32.1,52.235874,4.833385,0,Uithoorn,NL
Amsterdam,Amsterdam_T3,02:00:00:c2:87:00,2026-07-29 15:59:31,35.5,52.238525,4.967143,0,Vinkeveen,NL
Amsterdam,Amsterdam_T3,02:00:00:58:75:48,2026-07-29 16:03:09,32.3,52.249742,4.801575,0,Uithoorn,NL
Amsterdam,Amsterdam_T3,02:00:00:c2:3d:10,2026-07-29 15:54:42,37.0,52.2475852966309,4.80956983566284,0,Uithoorn,NL
Amsterdam,Amsterdam_T3,02:00:00:74:4d:d2,2026-07-29 15:58:01,36.3,52.252629,4.81731699999996,0,Uithoorn,NL
Amsterdam,Amsterdam_T3,02:00:00:1c:81:58,2026-07-29 15:59:31,33.2,52.247325,4.836755,0,Uithoorn,NL
Amsterdam,Amsterdam_T3,02:00:00:90:96:08,2026-07-29 15:55:48,33.5,52.25234,4.956786,0,Vinkeveen,NL
Amsterdam,Amsterdam_T3,02:00:00:a4:6b:32,2026-07-29 15:54:15,29.7,52.25339,4.959288,0,Vinkeveen,NL
Amsterdam,Amsterdam_T3,02:00:00:2e:95:68,2026-07-29 16:02:04,33.1,52.242711,5.04575,0,Vreeland,NL
Amsterdam,Amsterdam_T3,02:00:00:a4:37:4a,2026-07-29 15:55:45,32.8,52.2536454,5.04736049999997,0,Nederhorst den Berg,NL
Amsterdam,Amsterdam_T3,02:00:00:b8:ea:a2,2026-07-29 15:55:07,32.9,52.2659683227539,4.97129917144775,0,Abcoude,NL
Amsterdam,Amsterdam_T3,02:00:00:29:47:02,2026-07-29 15:56:33,31.4,52.2751,4.7914,0,Aalsmeer,NL
Amsterdam,Amsterdam_T3,02:00:00:5e:d5:82,2026-07-29 15:57:41,33.2,52.2759595,4.7924495,0,Aalsmeer,NL
Amsterdam,Amsterdam_T3,02:00:00:7b:04:06,2026-07-29 15:56:48,32.1,52.277422,4.794365,0,Aalsmeer,NL
Amsterdam,Amsterdam_T3,02:00:00:af:5c:a8,2026-07-29 15:58:37,32.9,52.279588,4.807665,0,Aalsmeer,NL
Amsterdam,Amsterdam_T3,02:00:00:58:c4:5a,2026-07-29 15:57:13,34.8,52.27291,4.8268547,0,Amstelveen,NL
Amsterdam,Amsterdam_T3,02:00:00:65:54:ae,2026-07-29 15:59:55,32.9,52.275087,4.819074,0,,NL
Amsterdam,Amsterdam_T3,02:00:00:b5:b6:fe,2026-07-29 16:00:31,34.4,52.2803576108898,4.83137900000014,0,Amstelveen,NL
Amsterdam,Amsterdam_T3,02:00:00:a9:e0:be,2026-07-29 15:58:37,36.3,52.276607,4.835382,0,Amstelveen,NL
Amsterdam,Amsterdam_T3,02:00:00:2b:50:5e,2026-07-29 15:59:57,34.8,52.2791747,4.84435499999995,0,Amstelveen,NL
Amsterdam,Amsterdam_T3,02:00:00:64:38:08,2026-07-29 15:59:27,31.4,52.277126,4.855131,0,Amstelveen,NL
Amsterdam,Amsterdam_T3,02:00:00:02:b3:b8,2026-07-29 15:59:39,31.7,52.2708583441107,4.97803043918141,0,Abcoude,NL
Amsterdam,Amsterdam_T3,02:00:00:69:26:be,2026-07-29 15:59:04,29.2,52.277725,4.972173,0,De Ronde Venen,NL
Amsterdam,Amsterdam_T3,02:00:00:90:8f:d2,2026-07-29 16:02:04,35.2,52.28312,4.82091999999998,0,Amstelveen,NL
Amsterdam,Amsterdam_T3,02:00:00:28:78:00,2026-07-29 16:03:22,34.9,52.284613,4.828821,0,Amstelveen,NL
Amsterdam,Amsterdam_T3,02:00:00:52:c6:8a,2026-07-29 15:59:29,31.8,52.290750006649,4.8284928930409,0,Amstelveen,NL
Amsterdam,Amsterdam_T3,02:00:00:bd:f9:58,2026-07-29 15:58:25,34.3,52.283669,4.847141,0,Amstelveen,NL
Amsterdam,Amsterdam_T3,02:00:00:1d:e4:b2,2026-07-29 16:01:01,33.1,52.2832132669251,4.85250011221136,0,Amstelveen,NL
Amsterdam,Amsterdam_T3,02:00:00:05:82:46,2026-07-29 15:54:32,33.3,52.2844,4.8662,0,Amstelveen,NL
Amsterdam,Amsterdam_T3,02:00:00:7f:c0:3a,2026-07-29 15:59:23,33.0,52.291911,4.864234,0,Amstelveen,NL
Amsterdam,Amsterdam_T3,02:00:00:58:bb:aa,2026-07-29 16:00:06,37.4,52.291399,4.906819,0,Ouder-Amstel,NL
Amsterdam,Amsterdam_T3,02:00:00:53:2c:18,2026-07-29 16:03:18,34.1,52.2933473,4.9082756,0,Ouderkerk aan de Amstel,NL
Amsterdam,Amsterdam_T3,02:00:00:b5:3a:f0,2026-07-29 16:01:11,35.5,52.291679,4.91475,0,Ouderkerk aan de Amstel,NL
Amsterdam,Amsterdam_T3,02:00:00:bd:bf:ee,2026-07-29 15:56:05,32.4,52.293971,4.969643,0,Amsterdam,NL
Amsterdam,Amsterdam_T3,02:00:00:a9:e1:5c,2026-07-29 16:01:18,33.6,52.2913856506348,4.98309993743896,0,Amsterdam,NL
Amsterdam,Amsterdam_T3,02:00:00:70:5c:6e,2026-07-29 16:00:15,32.9,52.295512,4.99334,1,Amsterdam,NL
Amsterdam,Amsterdam_T3,02:00:00:84:4f:60,2026-07-29 16:01:38,36.4,52.308615,4.846179,0,Amstelveen,NL
Amsterdam,Amsterdam_T3,02:00:00:36:a2:ee,2026-07-29 15:59:52,32.9,52.2997402181942,4.85346257686615,0,Amstelveen,NL
Amsterdam,Amsterdam_T3,02:00:00:63:12:64,2026-07-29 15:54:40,35.7,52.3035226248921,4.85305577851774,0,Amstelveen,NL
Amsterdam,Amsterdam_T3,02:00:00:b2:bb:b6,2026-07-29 15:57:50,34.8,52.3053878161142,4.85834112407841,0,Amstelveen,NL
Amsterdam,Amsterdam_T3,02:00:00:31:b5:52,2026-07-29 15:54:59,32.5,52.3018417358398,4.87595748901367,0,Amstelveen,NL
Amsterdam,Amsterdam_T3,02:00:00:01:3d:1e,2026-07-29 15:55:49,32.7,52.3109,4.9453,2,Amsterdam,NL
Amsterdam,Amsterdam_T3,02:00:00:53:58:44,2026-07-29 16:02:26,37.5,52.30087,4.959429,0,Amsterdam,NL
Amsterdam,Amsterdam_T3,02:00:00:bd:d6:82,2026-07-29 15:50:40,34.8,52.2994499206543,4.97056102752686,0,Amsterdam,NL
Amsterdam,Amsterdam_T3,02:00:00:03:b8:62,2026-07-29 16:00:51,31.9,52.3082015,4.98595279999995,1,Amsterdam,NL
Amsterdam,Amsterdam_T3,02:00:00:c3:de:1c,2026-07-29 15:55:39,33.0,52.3050727844238,5.04161167144775,2,Weesp,NL
Amsterdam,Amsterdam_T3,02:00:00:31:ce:86,2026-07-29 15:54:25,34.1,52.3110204410649,5.04192531108862,2,Weesp,NL
Amsterdam,Amsterdam_T3,02:00:00:52:c5:f0,2026-07-29 15:56:33,33.1,52.307868,5.043293,5,Weesp,NL
Amsterdam,Amsterdam_T3,02:00:00:5f:35:68,2026-07-29 16:02:10,31.7,52.149227142334,4.50348806381226,2,Leiden,NL
Amsterdam,Amsterdam_T3,02:00:00:c5:38:26,2026-07-29 15:54:43,30.7,52.141874,4.512709,0,Zoeterwoude,NL
Amsterdam,Amsterdam_T3,02:00:00:01:42:9e,2026-07-29 16:02:01,36.8,52.140906,4.534202,1,Zoeterwoude,NL
Amsterdam,Amsterdam_T3,02:00:00:a2:35:c6,2026-07-29 16:02:54,33.4,52.14029,4.536627,0,Zoeterwoude,NL
Amsterdam,Amsterdam_T3,02:00:00:71:18:6c,2026-07-29 15:58:31,37.2,52.149816,4.527551,0,Leiderdorp,NL
Amsterdam,Amsterdam_T3,02:00:00:a9:52:dc,2026-07-29 16:03:38,35.6,52.1443095,4.6508122,0,Alphen aan den Rijn,NL
Amsterdam,Amsterdam_T3,02:00:00:90:f7:7a,2026-07-29 15:58:57,35.1,52.146214,4.6518717,0,Alphen aan den Rijn,NL
Amsterdam,Amsterdam_T3,02:00:00:b0:9c:78,2026-07-29 15:54:25,33.1,52.145522,4.657015,0,Alphen aan den Rijn,NL
Amsterdam,Amsterdam_T3,02:00:00:01:6c:1c,2026-07-29 15:54:18,37.0,52.1399723999613,4.67088000000008,0,Alphen aan den Rijn,NL
Amsterdam,Amsterdam_T3,02:00:00:74:7a:b2,2026-07-29 15:57:26,39.5,52.141687,4.666902,0,Alphen aan den Rijn,NL
Amsterdam,Amsterdam_T3,02:00:00:b5:b1:54,2026-07-29 16:00:11,34.7,52.1509846,4.6664651,0,Alphen aan den Rijn,NL
Amsterdam,Amsterdam_T3,02:00:00:28:8f:36,2026-07-29 15:56:56,32.5,52.146449,4.7686720000001,0,Nieuwkoop,NL
Amsterdam,Amsterdam_T3,02:00:00:1c:67:98,2026-07-29 15:55:04,31.3,52.1479934127346,4.77060892023442,0,Nieuwkoop,NL
Amsterdam,Amsterdam_T3,02:00:00:c2:30:ce,2026-07-29 16:03:36,33.0,52.149055480957,4.77488470077515,0,Nieuwkoop,NL
Amsterdam,Amsterdam_T3,02:00:00:b9:40:8e,2026-07-29 16:01:49,31.9,52.160327911377,4.50235891342163,2,Leiden,NL
Amsterdam,Amsterdam_T3,02:00:00:12:64:12,2026-07-29 16:00:57,34.3,52.156347,4.519042,1,Leiden,NL
Amsterdam,Amsterdam_T3,02:00:00:37:27:be,2026-07-29 16:00:11,37.8,52.159858,4.520055,0,Leiderdorp,NL
Amsterdam,Amsterdam_T3,02:00:00:64:26:78,2026-07-29 16:00:27,36.6,52.162522,4.533056,7,Leiderdorp,NL
Amsterdam,Amsterdam_T3,02:00:00:7a:c3:80,2026-07-29 16:00:07,34.5,52.162409,4.542551,0,Leiderdorp,NL
Amsterdam,Amsterdam_T3,02:00:00:af:50:1c,2026-07-29 15:55:16,34.0,52.1666831970215,4.53444862365723,1,Leiderdorp,NL
Amsterdam,Amsterdam_T3,02:00:00:02:be:00,2026-07-29 15:55:53,35.0,52.1533851623535,4.65606546401978,0,Alphen aan den Rijn,NL
Amsterdam,Amsterdam_T3,02:00:00:c3:aa:00,2026-07-29 15:56:38,32.1,52.1534423828125,4.65705013275146,0,Alphen aan den Rijn,NL
Amsterdam,Amsterdam_T3,02:00:00:29:78:6e,2026-07-29 15:56:15,33.6,52.154164,4.65799200000001,0,Alphen aan den Rijn,NL
Amsterdam,Amsterdam_T3,02:00:00:27:28:d6,2026-07-29 15:54:28,34.9,52.163754,4.727356,0,Ter Aar,NL
Amsterdam,Amsterdam_T3,02:00:00:a4:29:7c,2026-07-29 15:58:24,35.1,52.1643447875977,4.72910165786743,0,Ter Aar,NL
Amsterdam,Amsterdam_T3,02:00:00:c2:43:10,2026-07-29 15:56:23,31.0,52.1789963730813,4.51158495661505,0,Leiden,NL
Amsterdam,Amsterdam_T3,02:00:00:a9:80:3a,2026-07-29 16:03:35,33.5,52.1757382786811,4.51585644675129,1,Leiden,NL
Amsterdam,Amsterdam_T3,02:00:00:3f:0a:64,2026-07-29 15:59:31,32.1,52.167967,4.525627,0,Leiderdorp,NL
Amsterdam,Amsterdam_T3,02:00:00:5f:42:c2,2026-07-29 16:00:24,37.2,52.1707484020713,4.53269621650751,0,Leiderdorp,NL
Amsterdam,Amsterdam_T3,02:00:00:8d:e5:8a,2026-07-29 15:56:56,35.3,52.171246,4.539693,0,Leiderdorp,NL
Amsterdam,Amsterdam_T3,02:00:00:b9:65:4e,2026-07-29 16:00:15,32.5,52.177334,4.595655,0,Hoogmade,NL
Amsterdam,Amsterdam_T3,02:00:00:5f:61:f8,2026-07-29 15:57:39,34.0,52.17337,4.6298833,0,Woubrugge,NL
Amsterdam,Amsterdam_T3,02:00:00:17:c1:e0,2026-07-29 15:58:26,32.7,52.16938,4.634362,0,Woubrugge,NL
Amsterdam,Amsterdam_T3,02:00:00:5f:3c:9e,2026-07-29 15:55:07,33.2,52.1824479,4.5021493,1,Leiden,NL
Amsterdam,Amsterdam_T3,02:00:00:bd:ba:86,2026-07-29 15:56:22,31.4,52.182112,4.506149,1,Leiden,NL
Amsterdam,Amsterdam_T3,02:00:00:bd:c0:00,2026-07-29 15:57:56,31.4,52.183604,4.507239,2,Leiden,NL
Amsterdam,Amsterdam_T3,02:00:00:12:c9:6c,2026-07-29 15:55:42,29.9,52.184724,4.5896386,1,Rijpwetering,NL
Amsterdam,Amsterdam_T3,02:00:00:64:2a:32,2026-07-29 15:54:43,30.7,52.1872722,4.6977901,0,Kaag en Braassem,NL
Amsterdam,Amsterdam_T3,02:00:00:03:64:d6,2026-07-29 15:59:44,35.3,52.194439,4.705226,0,Ter Aar,NL
Amsterdam,Amsterdam_T3,02:00:00:3f:45:ee,2026-07-29 16:00:13,37.0,52.194508,4.753052,0,Nieuwkoop,NL
Amsterdam,Amsterdam_T3,02:00:00:7f:8b:fe,2026-07-29 15:56:35,35.0,52.190956,4.7552314,0,Nieuwveen,NL
Amsterdam,Amsterdam_T3,02:00:00:1b:29:e6,2026-07-29 16:02:52,37.9,52.185545,4.776855,0,Zevenhoven,NL
Amsterdam,Amsterdam_T3,02:00:00:64:35:be,2026-07-29 16:00:14,33.3,52.205606,4.616234,0,Kaag en Braassem,NL
Amsterdam,Amsterdam_T3,02:00:00:63:10:34,2026-07-29 15:59:41,36.0,52.197176,4.711405,0,Nieuwkoop,NL
Amsterdam,Amsterdam_T3,02:00:00:37:28:16,2026-07-29 16:00:00,34.6,52.199941,4.759428,0,Nieuwveen,NL
Amsterdam,Amsterdam_T3,02:00:00:b9:14:aa,2026-07-29 16:02:06,31.3,52.220093,4.506084,0,Sassenheim,NL
Amsterdam,Amsterdam_T3,02:00:00:73:cb:f4,2026-07-29 15:59:32,32.4,52.219608,4.506889,0,Sassenheim,NL
Amsterdam,Amsterdam_T3,02:00:00:7f:d6:6a,2026-07-29 15:55:40,31.0,52.22341,4.530361,1,Sassenheim,NL
Amsterdam,Amsterdam_T3,02:00:00:73:a4:76,2026-07-29 15:55:02,30.6,52.222199,4.53317500000003,0,Sassenheim,NL
Amsterdam,Amsterdam_T3,02:00:00:29:4b:ae,2026-07-29 16:01:17,35.7,52.2134638,4.5572374,1,Kaag,NL
Amsterdam,Amsterdam_T3,02:00:00:84:02:9e,2026-07-29 16:02:51,34.0,52.216465,4.558161,0,Kaag,NL
Amsterdam,Amsterdam_T3,02:00:00:62:ff:da,2026-07-29 15:56:25,33.1,52.211627,4.6430572,0,Oude Wetering,NL
Amsterdam,Amsterdam_T3,02:00:00:83:ac:ee,2026-07-29 15:56:08,34.1,52.214876,4.645154,0,Oude Wetering,NL
Amsterdam,Amsterdam_T3,02:00:00:3f:71:a6,2026-07-29 16:04:07,33.1,52.21414,4.6472287,1,Leimuiden,NL
Amsterdam,Amsterdam_T3,02:00:00:70:40:80,2026-07-29 15:59:11,32.4,52.225735,4.501063,0,Voorhout,NL
Amsterdam,Amsterdam_T3,02:00:00:6b:68:24,2026-07-29 16:00:07,29.3,52.225423,4.518839,3,Teylingen,NL
Amsterdam,Amsterdam_T3,02:00:00:58:f7:34,2026-07-29 15:56:05,35.0,52.2273134539933,4.68486487480471,0,Aalsmeer,NL
Amsterdam,Amsterdam_T3,02:00:00:52:ea:f0,2026-07-29 15:54:36,31.5,52.233768,4.756648,0,Aalsmeer,NL
Amsterdam,Amsterdam_T3,02:00:00:c2:89:3c,2026-07-29 16:00:24,30.9,52.237688,4.755142,0,Aalsmeer,NL
Amsterdam,Amsterdam_T3,02:00:00:63:07:c8,2026-07-29 16:03:29,30.6,52.240259,4.54156,0,Lisse,NL
Amsterdam,Amsterdam_T3,02:00:00:05:f8:0e,2026-07-29 16:03:28,32.2,52.241284,4.560116,0,Lisse,NL
Amsterdam,Amsterdam_T3,02:00:00:02:39:6c,2026-07-29 15:58:49,34.7,52.243684,4.560772,0,Lisse,NL
Amsterdam,Amsterdam_T3,02:00:00:b9:53:f0,2026-07-29 15:58:58,33.3,52.2532806396484,4.55268144607544,1,Lisse,NL
Amsterdam,Amsterdam_T3,02:00:00:9b:5b:10,2026-07-29 16:01:46,29.6,52.2406594049526,4.7535080909729,0,Aalsmeer,NL
Amsterdam,Amsterdam_T3,02:00:00:5f:5c:b0,2026-07-29 16:02:49,32.2,52.2589063,4.55015320000004,0,Lisse,NL
Amsterdam,Amsterdam_T3,02:00:00:53:23:72,2026-07-29 15:57:12,33.8,52.257913,4.555179,2,Lisse,NL
Amsterdam,Amsterdam_T3,02:00:00:31:c6:dc,2026-07-29 15:55:31,32.4,52.2542,4.5608,0,Lisse,NL
Amsterdam,Amsterdam_T3,02:00:00:7a:c4:c4,2026-07-29 16:00:52,32.0,52.2553855604041,4.57307485801721,0,Lisserbroek,NL
Amsterdam,Amsterdam_T3,02:00:00:be:01:54,2026-07-29 15:54:47,40.1,52.263414,4.616771,0,Haarlemmermeer,NL
Amsterdam,Amsterdam_T3,02:00:00:27:3f:3a,2026-07-29 15:59:02,32.9,52.266596,4.614364,0,Haarlemmermeer,NL
Amsterdam,Amsterdam_T3,02:00:00:04:91:16,2026-07-29 15:59:29,35.0,52.2679929198165,4.63278969460699,0,Haarlemmermeer,NL
Amsterdam,Amsterdam_T3,02:00:00:ab:d3:c0,2026-07-29 15:59:05,33.0,52.262134,4.641842,0,Nieuw-Vennep,NL
Amsterdam,Amsterdam_T3,02:00:00:c2:2e:68,2026-07-29 15:58:58,36.3,52.257818,4.705748,0,Rijsenhout,NL
Amsterdam,Amsterdam_T3,02:00:00:ab:ef:e6,2026-07-29 15:56:20,35.3,52.258925,4.709788,0,Rijsenhout,NL
Amsterdam,Amsterdam_T3,02:00:00:2c:8f:94,2026-07-29 15:59:13,34.4,52.2557,4.7136,1,Rijsenhout,NL
Amsterdam,Amsterdam_T3,02:00:00:a9:d2:88,2026-07-29 15:58:55,33.7,52.2617816302565,4.7177267074585,0,Rijsenhout,NL
Amsterdam,Amsterdam_T3,02:00:00:00:45:7a,2026-07-29 16:00:19,37.5,52.2604978021127,4.72876241421723,1,Aalsmeer,NL
Amsterdam,Amsterdam_T3,02:00:00:27:7c:82,2026-07-29 15:56:55,32.1,52.26433,4.749465,2,Aalsmeer,NL
Amsterdam,Amsterdam_T3,02:00:00:b5:06:8c,2026-07-29 16:03:23,34.4,52.2593561,4.76086150000002,0,Aalsmeer,NL
Amsterdam,Amsterdam_T3,02:00:00:70:50:ec,2026-07-29 16:01:56,33.8,52.28026,4.58363999999996,1,Hillegom,NL
Amsterdam,Amsterdam_T3,02:00:00:36:a1:5e,2026-07-29 15:56:37,35.3,52.272289276123,4.61073160171509,0,Haarlemmermeer,NL
Amsterdam,Amsterdam_T3,02:00:00:c5:41:0e,2026-07-29 16:02:38,33.5,52.268771,4.614682,0,Haarlemmermeer,NL
Amsterdam,Amsterdam_T3,02:00:00:b5:33:50,2026-07-29 15:56:19,32.1,52.272833,4.62205300000007,0,Nieuw-Vennep,NL
Amsterdam,Amsterdam_T3,02:00:00:7a:eb:e8,2026-07-29 15:59:54,32.2,52.2695265,4.6269616,0,Nieuw-Vennep,NL
Amsterdam,Amsterdam_T3,02:00:00:8d:c6:1c,2026-07-29 15:54:57,33.5,52.273808,4.61976899999999,0,Nieuw-Vennep,NL
Amsterdam,Amsterdam_T3,02:00:00:27:87:a6,2026-07-29 15:59:02,35.0,52.271603,4.747902,1,Aalsmeer,NL
Amsterdam,Amsterdam_T3,02:00:00:7f:99:2a,2026-07-29 15:54:11,29.3,52.284849,4.505254,2,Noordwijk,NL
Amsterdam,Amsterdam_T3,02:00:00:bd:d4:56,2026-07-29 16:02:17,31.6,52.282842,4.573196,1,Hillegom,NL
Amsterdam,Amsterdam_T3,02:00:00:a9:9a:c0,2026-07-29 16:03:52,34.6,52.2850256671856,4.57413466944628,0,Hillegom,NL
Amsterdam,Amsterdam_T3,02:00:00:ab:e4:7a,2026-07-29 15:59:43,35.3,52.288833,4.575956,1,Hillegom,NL
Amsterdam,Amsterdam_T3,02:00:00:33:21:00,2026-07-29 16:01:30,33.7,52.2879559618198,4.59627444499613,0,Beinsdorp,NL
Amsterdam,Amsterdam_T3,02:00:00:ab:ed:78,2026-07-29 15:55:54,32.3,52.2926323,4.6576058,0,Hoofddorp,NL
Amsterdam,Amsterdam_T3,02:00:00:90:64:a4,2026-07-29 16:02:34,35.5,52.29021,4.658809,0,Hoofddorp,NL
Amsterdam,Amsterdam_T3,02:00:00:31:ea:fc,2026-07-29 16:00:22,36.5,52.292435,4.660293,0,Hoofddorp,NL
Amsterdam,Amsterdam_T3,02:00:00:2a:f2:9a,2026-07-29 15:58:05,35.3,52.2955085,4.665574,0,Haarlemmermeer,NL
Amsterdam,Amsterdam_T3,02:00:00:7a:fc:64,2026-07-29 15:58:39,35.8,52.2958984375,4.66769981384277,0,Haarlemmermeer,NL
Amsterdam,Amsterdam_T3,02:00:00:1e:01:86,2026-07-29 15:57:44,36.3,52.2942651400619,4.69299365114933,0,Haarlemmermeer,NL
Amsterdam,Amsterdam_T3,02:00:00:84:a3:4e,2026-07-29 16:00:34,35.8,52.2966613769531,4.69120836257935,0,Hoofddorp,NL
Amsterdam,Amsterdam_T3,02:00:00:c2:81:f2,2026-07-29 15:56:53,33.4,52.2832,4.7521,0,Schiphol,NL
Amsterdam,Amsterdam_T3,02:00:00:bd:c9:0e,2026-07-29 16:01:59,34.6,52.303827,4.54746,0,Noordwijk,NL
Amsterdam,Amsterdam_T3,02:00:00:90:ae:fa,2026-07-29 16:02:24,32.4,52.3039033,4.54748825,0,Noordwijk,NL
Amsterdam,Amsterdam_T3,02:00:00:13:20:e6,2026-07-29 16:00:47,32.3,52.301301,4.57108,1,Hillegom,NL
Amsterdam,Amsterdam_T3,02:00:00:c3:9a:a4,2026-07-29 16:00:58,33.9,52.299727,4.580897,2,Hillegom,NL
Amsterdam,Amsterdam_T3,02:00:00:70:42:da,2026-07-29 15:55:39,32.0,52.30111,4.582343,2,Hillegom,NL
Amsterdam,Amsterdam_T3,02:00:00:bd:fa:42,2026-07-29 15:59:42,34.1,52.309433,4.616575,0,Zwaanshoek,NL
Amsterdam,Amsterdam_T3,02:00:00:6b:60:74,2026-07-29 15:56:01,33.4,52.3056584,4.6281179,0,Haarlemmermeer,NL
Amsterdam,Amsterdam_T3,02:00:00:af:71:90,2026-07-29 15:59:41,32.3,52.3017578125,4.63483810424805,0,Haarlemmermeer,NL
Amsterdam,Amsterdam_T3,02:00:00:65:3c:26,2026-07-29 15:55:04,32.7,52.308498,4.629693,0,Hoofddorp,NL
Amsterdam,Amsterdam_T3,02:00:00:65:31:6e,2026-07-29 15:57:38,30.6,52.3043126639953,4.65336717353921,0,Haarlemmermeer,NL
Amsterdam,Amsterdam_T3,02:00:00:29:48:00,2026-07-29 16:03:45,34.0,52.3050094073346,4.65378893370144,0,Hoofddorp,NL
Amsterdam,Amsterdam_T3,02:00:00:20:c6:0e,2026-07-29 16:01:05,33.1,52.309175,4.656132,0,Hoofddorp,NL
Amsterdam,Amsterdam_T3,02:00:00:b5:16:b8,2026-07-29 15:54:33,32.4,52.2970073,4.6658259,0,Hoofddorp,NL
Amsterdam,Amsterdam_T3,02:00:00:9d:0f:26,2026-07-29 15:57:28,30.7,52.3032026,4.67342200000001,0,Hoofddorp,NL
Amsterdam,Amsterdam_T3,02:00:00:03:62:c2,2026-07-29 16:00:00,33.5,52.296991,4.678962,1,Hoofddorp,NL
Amsterdam,Amsterdam_T3,02:00:00:2f:12:b0,2026-07-29 15:54:34,30.4,52.3060853,4.69070409999995,0,Haarlemmermeer,NL
Amsterdam,Amsterdam_T3,02:00:00:37:28:a6,2026-07-29 16:00:23,33.7,52.303769,4.696577,0,Hoofddorp,NL
Amsterdam,Amsterdam_T3,02:00:00:74:4a:48,2026-07-29 15:56:08,34.1,52.3066505,4.69915220000001,0,Hoofddorp,NL
Amsterdam,Amsterdam_T3,02:00:00:b9:1a:94,2026-07-29 15:55:24,36.0,52.302276,4.711949,0,Hoofddorp,NL
Amsterdam,Amsterdam_T4,02:00:00:29:0c:f2,2026-07-29 15:55:59,34.5,52.227555,5.08386,0,Kortenhoef,NL
Amsterdam,Amsterdam_T4,02:00:00:2c:bd:b2,2026-07-29 16:00:26,34.2,52.2356,5.1103,1,Kortenhoef,NL
Amsterdam,Amsterdam_T4,02:00:00:69:32:9c,2026-07-29 15:56:11,33.7,52.2388220189283,5.10986566543579,0,Kortenhoef,NL
Amsterdam,Amsterdam_T4,02:00:00:04:93:66,2026-07-29 16:03:03,37.6,52.2312,5.1544,18,Hilversum,NL
Amsterdam,Amsterdam_T4,02:00:00:70:52:52,2026-07-29 15:55:03,33.5,52.2312,5.1544,17,Hilversum,NL
Amsterdam,Amsterdam_T4,02:00:00:70:55:58,2026-07-29 16:00:27,32.6,52.2351843,5.1552920000001,12,Hilversum,NL
Amsterdam,Amsterdam_T4,02:00:00:74:75:84,2026-07-29 15:56:34,32.6,52.230074,5.157847,10,Hilversum,NL
Amsterdam,Amsterdam_T4,02:00:00:c3:92:12,2026-07-29 15:54:12,31.3,52.238763,5.16284799999995,17,Hilversum,NL
Amsterdam,Amsterdam_T4,02:00:00:7a:ef:d6,2026-07-29 15:58:41,33.8,52.2281928,5.17709320000006,4,Hilversum,NL
Amsterdam,Amsterdam_T4,02:00:00:65:71:1c,2026-07-29 16:03:50,32.5,52.234066,5.179928,8,Hilversum,NL
Amsterdam,Amsterdam_T4,02:00:00:a4:38:20,2026-07-29 15:57:16,33.7,52.2281,5.198,7,Hilversum,NL
Amsterdam,Amsterdam_T4,02:00:00:bd:d6:d8,2026-07-29 16:01:06,35.3,52.22619,5.201952,6,Hilversum,NL
Amsterdam,Amsterdam_T4,02:00:00:af:7e:70,2026-07-29 16:02:42,36.8,52.231831,5.25833,3,Eemnes,NL
Amsterdam,Amsterdam_T4,02:00:00:7f:b5:f0,2026-07-29 16:01:17,33.9,52.244442,5.115084,0,Kortenhoef,NL
Amsterdam,Amsterdam_T4,02:00:00:a4:38:70,2026-07-29 15:54:53,31.6,52.250536,5.224434,6,Laren,NL
Amsterdam,Amsterdam_T4,02:00:00:c5:40:be,2026-07-29 15:55:25,32.0,52.251322,5.211686,18,Laren,NL
Amsterdam,Amsterdam_T4,02:00:00:83:7e:f0,2026-07-29 15:55:35,33.0,52.251473,5.219376,10,Laren,NL
Amsterdam,Amsterdam_T4,02:00:00:74:2a:78,2026-07-29 15:57:25,34.8,52.248047,5.251525,0,Eemnes,NL
Amsterdam,Amsterdam_T4,02:00:00:73:e8:cc,2026-07-29 15:57:07,32.3,52.248071,5.255225,0,Eemnes,NL
Amsterdam,Amsterdam_T4,02:00:00:9d:28:b2,2026-07-29 15:55:23,35.8,52.2487106323242,5.25836563110352,0,Eemnes,NL
Amsterdam,Amsterdam_T4,02:00:00:02:7b:da,2026-07-29 16:00:19,35.9,52.2670890638603,5.13611126961837,1,Hilversum,NL
Amsterdam,Amsterdam_T4,02:00:00:02:3e:4c,2026-07-29 15:56:56,28.7,52.26342,5.16939000000001,7,Bussum,NL
Amsterdam,Amsterdam_T4,02:00:00:5f:48:72,2026-07-29 15:58:07,33.6,52.265510559082,5.18823289871216,14,Gooise Meren,NL
Amsterdam,Amsterdam_T4,02:00:00:7f:98:f0,2026-07-29 15:56:33,34.2,52.260707,5.221112,11,Laren,NL
Amsterdam,Amsterdam_T4,02:00:00:1f:80:64,2026-07-29 15:59:16,33.1,52.2607512784917,5.22108647843914,11,Laren,NL
Amsterdam,Amsterdam_T4,02:00:00:53:3c:cc,2026-07-29 15:57:39,32.6,52.260924,5.230403,6,Laren,NL
Amsterdam,Amsterdam_T4,02:00:00:70:30:6a,2026-07-29 16:03:45,32.5,52.2575399,5.2351154,5,Laren,NL
Amsterdam,Amsterdam_T4,02:00:00:84:4f:78,2026-07-29 15:59:45,31.5,52.256795,5.244953,5,Blaricum,NL
Amsterdam,Amsterdam_T4,02:00:00:3d:1b:a8,2026-07-29 15:58:37,32.9,52.2585411,5.2542984,1,Eemnes,NL
Amsterdam,Amsterdam_T4,02:00:00:90:d0:a8,2026-07-29 16:01:15,39.5,52.25711,5.25711,0,Eemnes,NL
Amsterdam,Amsterdam_T4,02:00:00:27:78:d4,2026-07-29 16:02:40,31.7,52.270871,5.135441,2,Hilversum,NL
Amsterdam,Amsterdam_T4,02:00:00:65:51:5c,2026-07-29 16:01:05,33.1,52.272394,5.138071,0,Hilversum,NL
Amsterdam,Amsterdam_T4,02:00:00:20:93:06,2026-07-29 15:56:39,31.0,52.278192,5.147376,3,Bussum,NL
Amsterdam,Amsterdam_T4,02:00:00:5e:fc:ba,2026-07-29 15:57:54,33.3,52.2813847125862,5.1640435942111,2,Bussum,NL
Amsterdam,Amsterdam_T4,02:00:00:02:e5:72,2026-07-29 16:02:17,31.6,52.2774,5.1728,6,Bussum,NL
Amsterdam,Amsterdam_T4,02:00:00:53:19:8e,2026-07-29 15:55:32,33.7,52.279817,5.17271000000011,3,Bussum,NL
Amsterdam,Amsterdam_T4,02:00:00:02:f7:80,2026-07-29 15:55:08,34.5,52.2738866862178,5.18508174396095,9,Gooise Meren,NL
Amsterdam,Amsterdam_T4,02:00:00:1b:33:80,2026-07-29 15:57:59,32.0,52.27802,5.183551,7,Bussum,NL
Amsterdam,Amsterdam_T4,02:00:00:3a:0f:10,2026-07-29 16:02:07,32.8,52.269676,5.186201,11,Gooise Meren,NL
Amsterdam,Amsterdam_T4,02:00:00:ab:e1:94,2026-07-29 15:55:00,30.4,52.273692,5.2380480000001,9,Blaricum,NL
Amsterdam,Amsterdam_T4,02:00:00:2e:a7:74,2026-07-29 16:00:24,32.3,52.296135,5.067416,0,Weesp,NL
Amsterdam,Amsterdam_T4,02:00:00:27:2a:1e,2026-07-29 15:54:24,35.6,52.2833510592975,5.10046184062958,0,Weesp,NL
Amsterdam,Amsterdam_T4,02:00:00:63:0e:70,2026-07-29 16:02:03,33.1,52.283004,5.150282,3,Gooise Meren,NL
Amsterdam,Amsterdam_T4,02:00:00:74:34:48,2026-07-29 16:03:33,32.2,52.285847,5.145681,0,Naarden,NL
Amsterdam,Amsterdam_T4,02:00:00:00:e6:96,2026-07-29 15:57:43,33.3,52.2874298064609,5.14652182865052,1,Naarden,NL
Amsterdam,Amsterdam_T4,02:00:00:22:de:fe,2026-07-29 16:01:17,33.5,52.284047,5.1598064,3,Naarden,NL
Amsterdam,Amsterdam_T4,02:00:00:12:c6:f0,2026-07-29 16:02:17,34.9,52.2862021,5.16103320000002,4,Gooise Meren,NL
Amsterdam,Amsterdam_T4,02:00:00:36:e2:9a,2026-07-29 15:58:06,34.5,52.284748,5.165268,0,Naarden,NL
Amsterdam,Amsterdam_T4,02:00:00:bc:aa:94,2026-07-29 15:54:49,31.7,52.285146,5.180716,3,Naarden,NL
Amsterdam,Amsterdam_T4,02:00:00:31:bf:48,2026-07-29 16:00:59,41.1,52.292902,5.191829,9,Huizen,NL
Amsterdam,Amsterdam_T4,02:00:00:c3:75:7e,2026-07-29 15:56:24,31.7,52.294065,5.219145,18,Huizen,NL
Amsterdam,Amsterdam_T4,02:00:00:c3:a9:aa,2026-07-29 16:02:12,32.5,52.2941,5.228617,13,Huizen,NL
Amsterdam,Amsterdam_T4,02:00:00:b5:96:2e,2026-07-29 15:54:43,33.2,52.291742,5.231742,6,Huizen,NL
Amsterdam,Amsterdam_T4,02:00:00:7f:a8:5c,2026-07-29 15:59:01,33.5,52.288574,5.249387,2,Huizen,NL
Amsterdam,Amsterdam_T4,02:00:00:c3:a4:48,2026-07-29 15:58:14,37.0,52.2875773951352,5.25933862877475,5,Huizen,NL
Amsterdam,Amsterdam_T4,02:00:00:27:36:90,2026-07-29 15:59:00,35.1,52.286104,5.261744,5,Blaricum,NL
Amsterdam,Amsterdam_T4,02:00:00:3f:2b:3a,2026-07-29 15:54:47,31.6,52.292332,5.257277,3,Huizen,NL
Amsterdam,Amsterdam_T4,02:00:00:06:8d:38,2026-07-29 15:54:54,34.3,52.28867,5.27809999999999,0,Blaricum,NL
Amsterdam,Amsterdam_T4,02:00:00:00:cc:3c,2026-07-29 16:03:40,34.4,52.292528,5.275142,0,Blaricum,NL
Amsterdam,Amsterdam_T4,02:00:00:53:30:4c,2026-07-29 16:00:12,36.5,52.2967488431847,5.2805160857573,2,Huizen,NL
Amsterdam,Amsterdam_T4,02:00:00:69:26:e0,2026-07-29 15:54:25,37.0,52.300014,5.1514287,0,Naarden,NL
Amsterdam,Amsterdam_T4,02:00:00:6b:5f:0c,2026-07-29 16:01:18,35.3,52.300827,5.148435,0,Naarden,NL
Amsterdam,Amsterdam_T4,02:00:00:b2:b0:92,2026-07-29 16:01:33,33.3,52.3079845,5.14825859999996,2,Gooise Meren,NL
Amsterdam,Amsterdam_T4,02:00:00:27:3e:7a,2026-07-29 15:57:48,33.2,52.297392,5.218971,10,Huizen,NL
Amsterdam,Amsterdam_T4,02:00:00:9c:fc:da,2026-07-29 15:56:19,34.1,52.29853,5.225884,8,Huizen,NL
Amsterdam,Amsterdam_T4,02:00:00:b0:a2:42,2026-07-29 15:56:27,36.4,52.298451,5.231098,8,Huizen,NL
Amsterdam,Amsterdam_T4,02:00:00:b5:14:dc,2026-07-29 16:00:58,33.5,52.300334,5.23821,4,Huizen,NL
Amsterdam,Amsterdam_T4,02:00:00:63:1b:3c,2026-07-29 15:57:01,32.9,52.297011,5.256784,1,Huizen,NL
Amsterdam,Amsterdam_T4,02:00:00:90:e0:a0,2026-07-29 16:04:20,33.3,52.301278,5.25172,3,Huizen,NL
Amsterdam,Amsterdam_T4,02:00:00:7a:6b:26,2026-07-29 15:57:16,32.1,52.303754,5.255056,2,Huizen,NL
Amsterdam,Amsterdam_T4,02:00:00:b9:76:06,2026-07-29 15:58:57,35.0,52.2978005718795,5.27923109387971,2,Huizen,NL
Rotterdam,Rotterdam_T1,02:00:00:9b:4c:a4,2026-07-29 15:57:46,33.7,51.9777136658191,4.23938155174255,2,De Lier,NL
Rotterdam,Rotterdam_T1,02:00:00:9b:5b:c6,2026-07-29 15:55:42,34.4,51.977076,4.253869,0,De Lier,NL
Rotterdam,Rotterdam_T1,02:00:00:12:3f:7e,2026-07-29 16:00:46,35.6,51.9777984619141,4.25448846817017,0,Westland,NL
Rotterdam,Rotterdam_T1,02:00:00:69:27:02,2026-07-29 16:00:03,32.2,51.9722182620618,4.31247174739838,0,Midden-Delfland,NL
Rotterdam,Rotterdam_T1,02:00:00:80:15:88,2026-07-29 15:55:38,30.4,51.972873,4.316429,0,Schipluiden,NL
Rotterdam,Rotterdam_T1,02:00:00:31:bb:04,2026-07-29 16:00:13,32.8,51.9756235520416,4.31817887889974,0,Midden-Delfland,NL
Rotterdam,Rotterdam_T1,02:00:00:c2:41:46,2026-07-29 15:54:33,32.5,51.975427,4.318863,0,Schipluiden,NL
Rotterdam,Rotterdam_T1,02:00:00:36:d0:7c,2026-07-29 15:56:10,34.0,51.979279,4.462594,0,Berkel en Rodenrijs,NL
Rotterdam,Rotterdam_T1,02:00:00:a9:76:1c,2026-07-29 15:59:43,34.3,51.981891,4.2977,0,De Lier,NL
Rotterdam,Rotterdam_T1,02:00:00:ab:ec:9e,2026-07-29 16:02:04,31.7,51.9851341247559,4.3366641998291,0,Delft,NL
Rotterdam,Rotterdam_T1,02:00:00:1b:0b:86,2026-07-29 16:02:04,32.3,51.986908,4.33956,1,Delft,NL
Rotterdam,Rotterdam_T1,02:00:00:00:d0:0c,2026-07-29 16:01:54,34.0,51.9839945165902,4.34705013511854,0,Delft,NL
Rotterdam,Rotterdam_T1,02:00:00:ab:ef:78,2026-07-29 16:01:50,34.1,51.983687,4.36361,0,Delft,NL
Rotterdam,Rotterdam_T1,02:00:00:03:d9:e6,2026-07-29 15:58:30,35.6,51.9828491210938,4.36704349517822,1,Delft,NL
Rotterdam,Rotterdam_T1,02:00:00:29:47:04,2026-07-29 15:59:53,38.5,51.981086,4.464655,0,Berkel en Rodenrijs,NL
Rotterdam,Rotterdam_T1,02:00:00:9c:f8:c8,2026-07-29 15:56:08,34.1,51.985931,4.466015,0,Berkel en Rodenrijs,NL
Rotterdam,Rotterdam_T1,02:00:00:74:0c:06,2026-07-29 16:00:19,34.6,51.9869778032792,4.46788129716243,0,Berkel en Rodenrijs,NL
Rotterdam,Rotterdam_T1,02:00:00:96:b6:04,2026-07-29 15:59:16,36.3,51.99125,4.4877768,0,Bergschenhoek,NL
Rotterdam,Rotterdam_T1,02:00:00:1c:77:a0,2026-07-29 15:57:56,38.2,51.9874000549316,4.49840021133423,0,Lansingerland,NL
Rotterdam,Rotterdam_T1,02:00:00:27:41:d4,2026-07-29 15:58:08,34.7,52.000913,4.326118,0,Den Hoorn,NL
Rotterdam,Rotterdam_T1,02:00:00:12:f0:a2,2026-07-29 15:56:15,32.2,52.0028117,4.32654669999999,0,Midden-Delfland,NL
Rotterdam,Rotterdam_T1,02:00:00:19:2a:50,2026-07-29 16:04:07,32.7,52.0050843111372,4.32643539202497,0,Delft,NL
Rotterdam,Rotterdam_T1,02:00:00:3f:20:18,2026-07-29 15:59:41,35.0,52.0031479623561,4.33911877594167,0,Midden-Delfland,NL
Rotterdam,Rotterdam_T1,02:00:00:22:a9:06,2026-07-29 16:01:57,36.4,52.0024757385254,4.3433952331543,1,Delft,NL
Rotterdam,Rotterdam_T1,02:00:00:6b:55:b2,2026-07-29 15:58:40,35.5,52.0014290240874,4.34405744075775,1,Delft,NL
Rotterdam,Rotterdam_T1,02:00:00:b2:c1:72,2026-07-29 16:00:07,31.3,52.0013046264648,4.36315441131592,1,Delft,NL
Rotterdam,Rotterdam_T1,02:00:00:a4:2d:d6,2026-07-29 15:57:58,33.1,52.00095,4.365714,1,Delft,NL
Rotterdam,Rotterdam_T1,02:00:00:2b:0c:ca,2026-07-29 15:58:26,34.2,52.004136,4.367653,2,Delft,NL
Rotterdam,Rotterdam_T1,02:00:00:a9:61:9a,2026-07-29 16:00:24,37.0,52.0009155273438,4.38462448120117,0,Delft,NL
Rotterdam,Rotterdam_T1,02:00:00:02:d9:bc,2026-07-29 15:56:19,34.1,52.0073567269022,4.39232110977173,0,Delfgauw,NL
Rotterdam,Rotterdam_T1,02:00:00:01:7a:e0,2026-07-29 16:00:54,37.2,52.0056362878964,4.3954861164093,0,Delfgauw,NL
Rotterdam,Rotterdam_T1,02:00:00:a9:6d:0c,2026-07-29 15:57:07,36.8,52.00874,4.427,0,Pijnacker,NL
Rotterdam,Rotterdam_T1,02:00:00:13:13:f4,2026-07-29 16:01:02,34.8,52.0072021484375,4.43953990936279,0,Pijnacker-Nootdorp,NL
Rotterdam,Rotterdam_T1,02:00:00:74:30:02,2026-07-29 15:54:31,34.9,52.008091,4.438843,0,Pijnacker,NL
Rotterdam,Rotterdam_T1,02:00:00:84:01:a6,2026-07-29 15:35:31,34.6,52.0024573,4.44409830000009,0,Pijnacker,NL
Rotterdam,Rotterdam_T1,02:00:00:73:f9:b6,2026-07-29 15:57:51,37.6,51.996857,4.482029,0,Berkel en Rodenrijs,NL
Rotterdam,Rotterdam_T1,02:00:00:21:10:32,2026-07-29 15:57:39,38.4,52.005954,4.494528,0,Berkel en Rodenrijs,NL
Rotterdam,Rotterdam_T1,02:00:00:33:39:0e,2026-07-29 15:55:58,30.6,52.0094959,4.22577910000002,1,Honselersdijk,NL
Rotterdam,Rotterdam_T1,02:00:00:29:2a:c0,2026-07-29 15:55:07,30.0,52.02337,4.220457,2,Westland,NL
Rotterdam,Rotterdam_T1,02:00:00:b5:8c:34,2026-07-29 15:56:00,31.0,52.010731,4.231847,0,Honselersdijk,NL
Rotterdam,Rotterdam_T1,02:00:00:b5:87:84,2026-07-29 16:00:13,38.9,52.017124,4.2579894,0,Kwintsheul,NL
Rotterdam,Rotterdam_T1,02:00:00:64:4a:20,2026-07-29 16:01:58,36.4,52.0197136756348,4.2759301112452,0,Westland,NL
Rotterdam,Rotterdam_T1,02:00:00:b5:33:16,2026-07-29 15:57:32,32.1,52.0204038,4.28805849999998,0,Wateringen,NL
Rotterdam,Rotterdam_T1,02:00:00:12:f9:22,2026-07-29 16:01:14,32.9,52.0228,4.2876,0,Wateringen,NL
Rotterdam,Rotterdam_T1,02:00:00:19:17:0e,2026-07-29 15:57:41,29.0,52.018548,4.295847,0,The Hague,NL
Rotterdam,Rotterdam_T1,02:00:00:71:5c:e6,2026-07-29 16:02:15,30.9,52.01805,4.302916,0,The Hague,NL
Rotterdam,Rotterdam_T1,02:00:00:22:d7:70,2026-07-29 16:00:55,32.2,52.00943,4.317615,0,Den Hoorn,NL
Rotterdam,Rotterdam_T1,02:00:00:70:1a:e4,2026-07-29 16:02:57,35.9,52.0205689614062,4.3267818203617,0,Rijswijk,NL
Rotterdam,Rotterdam_T1,02:00:00:b5:8a:c6,2026-07-29 15:54:55,34.8,52.0131973542606,4.32965307036136,0,Delft,NL
Rotterdam,Rotterdam_T1,02:00:00:c6:15:f6,2026-07-29 15:56:01,31.9,52.009809,4.337796,0,Delft,NL
Rotterdam,Rotterdam_T1,02:00:00:af:74:3a,2026-07-29 15:54:21,37.7,52.0227279663086,4.33650016784668,0,Rijswijk,NL
Rotterdam,Rotterdam_T1,02:00:00:13:04:c2,2026-07-29 16:01:00,32.0,52.01145,4.342701,1,Delft,NL
Rotterdam,Rotterdam_T1,02:00:00:b5:6b:10,2026-07-29 15:56:39,34.4,52.009232,4.365134,1,Delft,NL
Rotterdam,Rotterdam_T1,02:00:00:03:03:36,2026-07-29 15:59:56,33.3,52.013937,4.35952,2,Delft,NL
Rotterdam,Rotterdam_T1,02:00:00:63:07:0a,2026-07-29 15:56:22,33.6,52.0161250297335,4.35983148643825,2,Delft,NL
Rotterdam,Rotterdam_T1,02:00:00:7f:be:72,2026-07-29 15:57:22,33.3,52.010014,4.396196,0,Delfgauw,NL
Rotterdam,Rotterdam_T1,02:00:00:28:c6:a0,2026-07-29 15:58:23,32.2,52.017348,4.430074,0,Pijnacker,NL
Rotterdam,Rotterdam_T1,02:00:00:00:de:d2,2026-07-29 15:48:41,31.6,52.0194,4.433978,0,Pijnacker,NL
Rotterdam,Rotterdam_T1,02:00:00:12:50:a2,2026-07-29 16:03:01,35.5,52.017736,4.437464,0,Pijnacker,NL
Rotterdam,Rotterdam_T1,02:00:00:05:5e:6c,2026-07-29 15:57:08,32.1,52.025398,4.250405,0,Kwintsheul,NL
Rotterdam,Rotterdam_T1,02:00:00:70:54:ae,2026-07-29 16:01:37,37.9,52.0250261772123,4.27339867029308,1,Westland,NL
Rotterdam,Rotterdam_T1,02:00:00:05:48:58,2026-07-29 15:58:58,33.4,52.027597,4.271085,1,Wateringen,NL
Rotterdam,Rotterdam_T1,02:00:00:7f:ca:ac,2026-07-29 16:03:15,33.6,52.02969,4.2733474,0,Wateringen,NL
Rotterdam,Rotterdam_T1,02:00:00:28:a6:bc,2026-07-29 15:55:28,32.2,52.0282,4.2894,0,The Hague,NL
Rotterdam,Rotterdam_T1,02:00:00:8d:db:56,2026-07-29 16:02:20,31.7,52.028558,4.290961,0,The Hague,NL
Rotterdam,Rotterdam_T1,02:00:00:1c:6b:56,2026-07-29 15:55:56,31.8,52.027407,4.296706,0,The Hague,NL
Rotterdam,Rotterdam_T1,02:00:00:53:21:c0,2026-07-29 15:57:58,33.1,52.026369,4.315001,5,Rijswijk,NL
Rotterdam,Rotterdam_T1,02:00:00:a9:80:40,2026-07-29 15:57:49,39.0,52.0342742560364,4.31400057155358,5,Rijswijk,NL
Rotterdam,Rotterdam_T1,02:00:00:bc:cf:a6,2026-07-29 15:58:33,35.2,52.027324,4.337618,0,Rijswijk,NL
Rotterdam,Rotterdam_T1,02:00:00:b5:12:ea,2026-07-29 15:54:56,35.3,52.026608,4.338886,0,Rijswijk,NL
Rotterdam,Rotterdam_T1,02:00:00:31:d6:92,2026-07-29 16:01:08,33.1,52.02583,4.35241999999998,1,Rijswijk,NL
Rotterdam,Rotterdam_T1,02:00:00:13:04:9e,2026-07-29 15:58:04,34.7,52.03365,4.36187000000005,0,The Hague,NL
Rotterdam,Rotterdam_T1,02:00:00:01:57:92,2026-07-29 15:57:16,34.7,52.031365,4.377341,0,The Hague,NL
Rotterdam,Rotterdam_T1,02:00:00:53:4a:56,2026-07-29 15:55:10,34.5,52.035291667487,4.37625124421041,0,The Hague,NL
Rotterdam,Rotterdam_T1,02:00:00:a9:4a:ba,2026-07-29 16:00:40,35.3,52.0350194,4.3863817,0,The Hague,NL
Rotterdam,Rotterdam_T1,02:00:00:a9:7d:2a,2026-07-29 15:58:38,33.4,52.0370407104492,4.387122631073,0,The Hague,NL
Rotterdam,Rotterdam_T1,02:00:00:a4:16:6e,2026-07-29 15:57:29,32.9,52.0251917647022,4.42625571616408,0,Pijnacker,NL
Rotterdam,Rotterdam_T1,02:00:00:03:5e:4a,2026-07-29 16:00:25,33.5,52.0296166,4.455603,0,Pijnacker-Nootdorp,NL
Rotterdam,Rotterdam_T1,02:00:00:14:3f:68,2026-07-29 15:59:36,35.1,52.0245126066557,4.47967126733552,0,Berkel en Rodenrijs,NL
Rotterdam,Rotterdam_T1,02:00:00:9d:26:d2,2026-07-29 15:56:18,34.9,52.033127,4.481348,0,Zoetermeer,NL
Rotterdam,Rotterdam_T1,02:00:00:b0:a4:94,2026-07-29 16:01:51,32.4,52.0349044799805,4.49338150024414,0,Zoetermeer,NL
Rotterdam,Rotterdam_T1,02:00:00:05:53:60,2026-07-29 16:02:54,32.8,52.041561,4.223035,0,The Hague,NL
Rotterdam,Rotterdam_T1,02:00:00:5e:e5:66,2026-07-29 16:02:44,32.1,52.041621,4.223312,0,The Hague,NL
Rotterdam,Rotterdam_T1,02:00:00:83:e3:30,2026-07-29 15:57:09,31.0,52.04318,4.226019,0,The Hague,NL
Rotterdam,Rotterdam_T1,02:00:00:33:c3:b6,2026-07-29 16:00:08,33.2,52.041359,4.261745,2,The Hague,NL
Rotterdam,Rotterdam_T1,02:00:00:3d:1d:84,2026-07-29 15:55:25,34.0,52.0434,4.2591,0,The Hague,NL
Rotterdam,Rotterdam_T1,02:00:00:1b:1c:14,2026-07-29 15:57:11,33.7,52.039697,4.2956717,1,Rijswijk,NL
Rotterdam,Rotterdam_T1,02:00:00:af:80:9a,2026-07-29 15:55:10,32.9,52.0515206687929,4.30651038776614,5,The Hague,NL
Rotterdam,Rotterdam_T1,02:00:00:34:0c:86,2026-07-29 15:56:31,38.4,52.05229,4.3472,0,Rijswijk,NL
Rotterdam,Rotterdam_T1,02:00:00:1c:7e:ae,2026-07-29 16:03:11,37.3,52.038915,4.366131,0,The Hague,NL
Rotterdam,Rotterdam_T1,02:00:00:33:d0:1a,2026-07-29 15:58:31,32.8,52.04705,4.3624587,0,The Hague,NL
Rotterdam,Rotterdam_T1,02:00:00:5f:29:46,2026-07-29 15:59:42,34.0,52.043482,4.370366,0,The Hague,NL
Rotterdam,Rotterdam_T1,02:00:00:36:a2:d2,2026-07-29 15:54:59,32.9,52.050151,4.383387,0,The Hague,NL
Rotterdam,Rotterdam_T1,02:00:00:7f:a7:ea,2026-07-29 15:56:14,34.2,52.0380073,4.38669640000001,-2,Den Haag,NL
Rotterdam,Rotterdam_T1,02:00:00:06:8c:cc,2026-07-29 15:58:44,36.4,52.0447799567677,4.38894145915774,0,Nootdorp,NL
Rotterdam,Rotterdam_T1,02:00:00:c2:39:7e,2026-07-29 15:57:51,33.8,52.040937,4.464689,0,Zoetermeer,NL
Rotterdam,Rotterdam_T1,02:00:00:70:19:8e,2026-07-29 15:55:27,36.7,52.0391425410585,4.47068751201742,0,Pijnacker,NL
Rotterdam,Rotterdam_T1,02:00:00:74:37:f0,2026-07-29 15:57:24,36.5,52.042642,4.461883,0,Zoetermeer,NL
Rotterdam,Rotterdam_T1,02:00:00:64:2f:10,2026-07-29 15:55:33,33.8,52.0396681479356,4.47937465183982,0,Zoetermeer,NL
Rotterdam,Rotterdam_T1,02:00:00:84:71:4e,2026-07-29 15:54:27,33.3,52.04283,4.481998,0,Zoetermeer,NL
Rotterdam,Rotterdam_T1,02:00:00:c2:2a:de,2026-07-29 16:03:24,34.8,52.051404,4.480147,4,Zoetermeer,NL
Rotterdam,Rotterdam_T1,02:00:00:00:0d:c6,2026-07-29 16:00:49,31.3,52.0604822,4.22709759999997,5,The Hague,NL
Rotterdam,Rotterdam_T1,02:00:00:70:28:12,2026-07-29 16:01:41,32.9,52.05711,4.232334,7,The Hague,NL
Rotterdam,Rotterdam_T1,02:00:00:7f:a4:9a,2026-07-29 15:56:33,31.6,52.059046,4.233398,2,The Hague,NL
Rotterdam,Rotterdam_T1,02:00:00:58:eb:68,2026-07-29 15:55:44,30.5,52.056455,4.25136,1,The Hague,NL
Rotterdam,Rotterdam_T1,02:00:00:af:4e:6a,2026-07-29 15:56:30,33.7,52.0585479736328,4.26001405715942,1,The Hague,NL
Rotterdam,Rotterdam_T1,02:00:00:1c:7c:78,2026-07-29 15:58:04,34.4,52.064341,4.252431,5,The Hague,NL
Rotterdam,Rotterdam_T1,02:00:00:1c:6a:60,2026-07-29 15:55:20,34.8,52.0528657,4.27534449999996,3,The Hague,NL
Rotterdam,Rotterdam_T1,02:00:00:02:a1:36,2026-07-29 15:59:40,32.1,52.0582906,4.2732588,4,The Hague,NL
Rotterdam,Rotterdam_T1,02:00:00:3f:4b:7e,2026-07-29 15:55:36,31.4,52.058453,4.275181,5,The Hague,NL
Rotterdam,Rotterdam_T1,02:00:00:84:5b:7a,2026-07-29 15:59:52,36.4,52.058479,4.307849,1,The Hague,NL
Rotterdam,Rotterdam_T1,02:00:00:29:2d:00,2026-07-29 16:03:22,31.7,52.0573602189514,4.31402668796871,3,The Hague,NL
Rotterdam,Rotterdam_T1,02:00:00:c5:33:8e,2026-07-29 15:57:28,34.2,52.0541152954102,4.31790542602539,2,The Hague,NL
Rotterdam,Rotterdam_T1,02:00:00:6b:31:84,2026-07-29 16:01:05,31.8,52.0592533,4.3277548,2,The Hague,NL
Rotterdam,Rotterdam_T1,02:00:00:6b:28:e4,2026-07-29 16:00:50,38.1,52.054781,4.338274,1,Rijswijk,NL
Rotterdam,Rotterdam_T1,02:00:00:a4:49:04,2026-07-29 15:59:41,36.8,52.0556912815337,4.34021632718826,3,Rijswijk,NL
Rotterdam,Rotterdam_T1,02:00:00:a9:76:d8,2026-07-29 16:02:11,32.2,52.061565,4.342099,1,The Hague,NL
Rotterdam,Rotterdam_T1,02:00:00:64:42:52,2026-07-29 15:57:39,33.2,52.061137,4.388927,0,The Hague,NL
Rotterdam,Rotterdam_T1,02:00:00:90:7d:2a,2026-07-29 15:57:24,37.1,52.058655,4.3924623,0,The Hague,NL
Rotterdam,Rotterdam_T1,02:00:00:9d:20:ca,2026-07-29 16:00:11,32.7,52.0615272521973,4.39315223693848,0,The Hague,NL
Rotterdam,Rotterdam_T1,02:00:00:12:a3:f4,2026-07-29 16:00:02,32.1,52.059226,4.411559,0,The Hague,NL
Rotterdam,Rotterdam_T1,02:00:00:5f:25:a2,2026-07-29 16:01:42,31.5,52.063211,4.411913,0,The Hague,NL
Rotterdam,Rotterdam_T1,02:00:00:bd:f9:68,2026-07-29 15:53:42,32.0,52.0638475603448,4.41756284853375,0,The Hague,NL
Rotterdam,Rotterdam_T1,02:00:00:5e:fb:6e,2026-07-29 16:01:56,35.1,52.054639612905,4.4578184056046,0,Zoetermeer,NL
Rotterdam,Rotterdam_T1,02:00:00:2c:ac:72,2026-07-29 15:55:08,34.0,52.059934,4.459418,0,Zoetermeer,NL
Rotterdam,Rotterdam_T1,02:00:00:3d:29:16,2026-07-29 15:58:23,34.4,52.056976,4.465749,0,Zoetermeer,NL
Rotterdam,Rotterdam_T1,02:00:00:90:e0:c8,2026-07-29 15:55:48,32.5,52.056016,4.482655,1,Zoetermeer,NL
Rotterdam,Rotterdam_T1,02:00:00:53:56:96,2026-07-29 15:54:45,33.0,52.0613346,4.4883785,2,Zoetermeer,NL
Rotterdam,Rotterdam_T1,02:00:00:01:91:08,2026-07-29 15:57:44,32.2,52.064108,4.491769,0,Zoetermeer,NL
Rotterdam,Rotterdam_T1,02:00:00:bd:20:46,2026-07-29 15:54:59,28.9,52.0684852600098,4.22791767120361,4,The Hague,NL
Rotterdam,Rotterdam_T1,02:00:00:13:4e:18,2026-07-29 15:58:36,28.7,52.070105,4.23797,5,The Hague,NL
Rotterdam,Rotterdam_T1,02:00:00:33:dc:9c,2026-07-29 16:02:04,33.6,52.0689815,4.25234909999999,0,The Hague,NL
Rotterdam,Rotterdam_T1,02:00:00:b5:9f:fe,2026-07-29 16:02:49,28.8,52.0740373597357,4.25381900000005,8,The Hague,NL
Rotterdam,Rotterdam_T1,02:00:00:28:a2:72,2026-07-29 16:03:57,31.9,52.071324,4.259247,4,The Hague,NL
Rotterdam,Rotterdam_T1,02:00:00:b5:07:b6,2026-07-29 15:56:39,30.0,52.073517,4.267079,4,The Hague,NL
Rotterdam,Rotterdam_T1,02:00:00:a9:50:6a,2026-07-29 16:03:10,29.5,52.0777282714844,4.2766900062561,4,The Hague,NL
Rotterdam,Rotterdam_T1,02:00:00:65:54:d0,2026-07-29 16:00:58,30.6,52.0732832781559,4.29107268344232,2,The Hague,NL
Rotterdam,Rotterdam_T1,02:00:00:8d:d5:d2,2026-07-29 15:55:10,31.2,52.071887,4.300635,4,The Hague,NL
Rotterdam,Rotterdam_T1,02:00:00:02:7a:f6,2026-07-29 15:58:52,32.2,52.0689179,4.3058197,2,The Hague,NL
Rotterdam,Rotterdam_T1,02:00:00:64:fc:02,2026-07-29 15:44:12,31.5,52.072267,4.320268,5,The Hague,NL
Rotterdam,Rotterdam_T1,02:00:00:3f:48:00,2026-07-29 15:54:40,30.9,52.0710033960706,4.32261879386951,4,The Hague,NL
Rotterdam,Rotterdam_T1,02:00:00:27:57:8e,2026-07-29 16:02:10,31.0,52.0758551732259,4.31446773580824,5,The Hague,NL
Rotterdam,Rotterdam_T1,02:00:00:73:bf:68,2026-07-29 15:56:24,31.8,52.07701,4.3427534,1,Voorburg,NL
Rotterdam,Rotterdam_T1,02:00:00:65:6f:8c,2026-07-29 16:03:10,33.9,52.070291,4.352665,0,Voorburg,NL
Rotterdam,Rotterdam_T1,02:00:00:64:19:6e,2026-07-29 15:58:15,30.9,52.0753112404398,4.35446489229363,2,Voorburg,NL
Rotterdam,Rotterdam_T1,02:00:00:5e:d3:e0,2026-07-29 15:55:31,32.6,52.0747919334922,4.3629991169802,3,Voorburg,NL
Rotterdam,Rotterdam_T1,02:00:00:83:fd:6c,2026-07-29 15:56:11,34.3,52.075134,4.376925,1,Voorburg,NL
Rotterdam,Rotterdam_T1,02:00:00:33:cc:30,2026-07-29 15:57:47,35.0,52.08009,4.361759,3,Voorburg,NL
Rotterdam,Rotterdam_T1,02:00:00:5f:58:86,2026-07-29 16:02:12,33.5,52.078355,4.3865255,0,Leidschendam-Voorburg,NL
Rotterdam,Rotterdam_T1,02:00:00:64:41:12,2026-07-29 16:00:43,32.8,52.0781626730093,4.38804501874122,0,Leidschendam-Voorburg,NL
Rotterdam,Rotterdam_T1,02:00:00:39:f8:c2,2026-07-29 15:54:34,32.8,52.078976,4.387728,0,Voorburg,NL
Rotterdam,Rotterdam_T1,02:00:00:8d:c5:a2,2026-07-29 15:57:24,32.3,52.071539,4.408314,0,The Hague,NL
Rotterdam,Rotterdam_T1,02:00:00:a4:45:56,2026-07-29 15:57:01,35.9,52.0678863525391,4.47134017944336,0,Zoetermeer,NL
Rotterdam,Rotterdam_T1,02:00:00:29:2e:44,2026-07-29 15:56:49,37.5,52.067863,4.473864,0,Zoetermeer,NL
Rotterdam,Rotterdam_T1,02:00:00:b5:a3:4e,2026-07-29 15:55:55,35.3,52.068919,4.475778,0,Zoetermeer,NL
Rotterdam,Rotterdam_T1,02:00:00:b9:11:7c,2026-07-29 15:56:04,32.2,52.0680732727051,4.47749948501587,0,Zoetermeer,NL
Rotterdam,Rotterdam_T1,02:00:00:28:a6:32,2026-07-29 16:03:37,37.5,52.0709019617043,4.49143366943841,0,Zoetermeer,NL
Rotterdam,Rotterdam_T1,02:00:00:a2:61:66,2026-07-29 15:54:13,29.5,52.074524,4.491278,0,Zoetermeer,NL
Rotterdam,Rotterdam_T1,02:00:00:33:e4:42,2026-07-29 15:57:08,36.2,52.093006,4.260304,9,The Hague,NL
Rotterdam,Rotterdam_T1,02:00:00:b5:95:58,2026-07-29 16:02:45,29.1,52.082624,4.273059,6,The Hague,NL
Rotterdam,Rotterdam_T1,02:00:00:01:18:2e,2026-07-29 16:03:25,30.9,52.0845274,4.27112039999997,6,The Hague,NL
Rotterdam,Rotterdam_T1,02:00:00:27:37:dc,2026-07-29 15:59:32,30.5,52.088409,4.272743,7,The Hague,NL
Rotterdam,Rotterdam_T1,02:00:00:5f:01:3e,2026-07-29 16:00:30,33.1,52.0857754375627,4.28943129957341,8,The Hague,NL
Rotterdam,Rotterdam_T1,02:00:00:12:79:22,2026-07-29 15:59:17,32.6,52.081968,4.293328,5,The Hague,NL
Rotterdam,Rotterdam_T1,02:00:00:6b:3a:8a,2026-07-29 15:42:32,34.4,52.084518,4.294358,5,The Hague,NL
Rotterdam,Rotterdam_T1,02:00:00:12:4f:d6,2026-07-29 15:53:44,30.8,52.0854341645785,4.31251781803931,6,The Hague,NL
Rotterdam,Rotterdam_T1,02:00:00:b5:a4:2c,2026-07-29 15:58:07,31.3,52.085269,4.312957,5,The Hague,NL
Rotterdam,Rotterdam_T1,02:00:00:52:eb:b0,2026-07-29 16:03:48,30.2,52.0901055827947,4.31524413263139,4,The Hague,NL
Rotterdam,Rotterdam_T1,02:00:00:7f:9f:dc,2026-07-29 15:56:03,32.1,52.087727,4.338226,4,The Hague,NL
Rotterdam,Rotterdam_T1,02:00:00:70:53:1a,2026-07-29 15:59:19,32.7,52.0839525958057,4.34141420312182,2,The Hague,NL
Rotterdam,Rotterdam_T1,02:00:00:2f:2d:b0,2026-07-29 15:59:06,34.1,52.0884,4.343069,3,The Hague,NL
Rotterdam,Rotterdam_T1,02:00:00:9d:0b:76,2026-07-29 15:54:37,31.9,52.08924,4.360338,1,The Hague,NL
Rotterdam,Rotterdam_T1,02:00:00:c2:32:c6,2026-07-29 15:54:39,32.3,52.092798,4.360844,4,The Hague,NL
Rotterdam,Rotterdam_T1,02:00:00:58:73:b6,2026-07-29 16:00:34,32.8,52.0829561696853,4.36915000000003,1,Leidschendam-Voorburg,NL
Rotterdam,Rotterdam_T1,02:00:00:2b:23:24,2026-07-29 15:54:27,32.0,52.0822677612305,4.38621425628662,3,Leidschendam-Voorburg,NL
Rotterdam,Rotterdam_T1,02:00:00:b5:4f:c8,2026-07-29 15:57:02,33.4,52.083479,4.387075,2,Leidschendam,NL
Rotterdam,Rotterdam_T1,02:00:00:64:1f:f8,2026-07-29 15:58:46,30.6,52.088322,4.38655,4,Leidschendam,NL
Rotterdam,Rotterdam_T1,02:00:00:02:a4:56,2026-07-29 16:00:45,33.1,52.09136,4.406312,2,Leidschendam,NL
Rotterdam,Rotterdam_T1,02:00:00:6b:50:c6,2026-07-29 15:59:41,33.1,52.0912310197558,4.40687429507307,3,Leidschendam,NL
Rotterdam,Rotterdam_T1,02:00:00:1c:74:a4,2026-07-29 15:55:19,31.4,52.093694,4.469815,0,Leidschendam,NL
Rotterdam,Rotterdam_T1,02:00:00:28:a0:ca,2026-07-29 15:56:19,29.1,52.0942794,4.47121889999994,0,Leidschendam-Voorburg,NL
Rotterdam,Rotterdam_T1,02:00:00:c2:46:e6,2026-07-29 15:59:00,29.8,52.1023684600997,4.26914454981171,9,The Hague,NL
Rotterdam,Rotterdam_T1,02:00:00:03:b5:0e,2026-07-29 15:58:35,29.0,52.104506,4.268526,11,The Hague,NL
Rotterdam,Rotterdam_T1,02:00:00:6b:2e:5e,2026-07-29 15:56:05,27.7,52.104916672816,4.27164437942347,7,The Hague,NL
Rotterdam,Rotterdam_T1,02:00:00:bd:dc:50,2026-07-29 16:03:05,30.0,52.100603,4.300766,7,The Hague,NL
Rotterdam,Rotterdam_T1,02:00:00:2b:5c:e4,2026-07-29 15:58:28,29.1,52.1022,4.30135000000003,9,The Hague,NL
Rotterdam,Rotterdam_T1,02:00:00:13:4f:12,2026-07-29 16:02:02,30.5,52.0992527419219,4.31103944778442,4,The Hague,NL
Rotterdam,Rotterdam_T1,02:00:00:70:46:bc,2026-07-29 15:58:56,28.1,52.108804,4.339823,5,Wassenaar,NL
Rotterdam,Rotterdam_T1,02:00:00:53:49:e8,2026-07-29 15:53:51,33.5,52.1093510610785,4.37356660986006,0,Wassenaar,NL
Rotterdam,Rotterdam_T1,02:00:00:22:e3:b6,2026-07-29 16:03:26,37.6,52.100779,4.39522,0,Leidschendam,NL
Rotterdam,Rotterdam_T1,02:00:00:84:17:0a,2026-07-29 15:59:56,35.4,52.10114,4.395529,0,Leidschendam,NL
Rotterdam,Rotterdam_T1,02:00:00:b2:b5:0e,2026-07-29 15:56:53,31.3,52.095997,4.414338,0,Leidschendam,NL
Rotterdam,Rotterdam_T1,02:00:00:01:7d:a8,2026-07-29 16:00:47,29.7,52.110059,4.27961500000007,7,The Hague,NL
Rotterdam,Rotterdam_T1,02:00:00:02:a2:7a,2026-07-29 15:55:22,27.9,52.111383,4.282798,16,The Hague,NL
Rotterdam,Rotterdam_T1,02:00:00:ab:ee:62,2026-07-29 16:02:21,30.1,52.1106910705566,4.28558301925659,9,The Hague,NL
Rotterdam,Rotterdam_T1,02:00:00:33:fd:7c,2026-07-29 16:03:24,31.7,52.111575,4.372787,3,Wassenaar,NL
Rotterdam,Rotterdam_T1,02:00:00:a4:5c:34,2026-07-29 15:55:27,32.7,52.111214,4.436711,0,Voorschoten,NL
Rotterdam,Rotterdam_T1,02:00:00:63:35:52,2026-07-29 15:57:27,33.0,52.11392,4.444889,0,Voorschoten,NL
Rotterdam,Rotterdam_T1,02:00:00:bd:fb:dc,2026-07-29 15:54:30,33.2,52.1154891731743,4.44753679288679,0,Voorschoten,NL
Rotterdam,Rotterdam_T1,02:00:00:3b:ff:70,2026-07-29 16:00:44,31.7,52.1277061891672,4.36202768103674,6,Wassenaar,NL
Rotterdam,Rotterdam_T1,02:00:00:a4:47:d4,2026-07-29 15:57:00,34.0,52.12634,4.384166,2,Wassenaar,NL
Rotterdam,Rotterdam_T1,02:00:00:7a:6c:b0,2026-07-29 16:01:23,31.0,52.12483,4.4367504,1,Voorschoten,NL
Rotterdam,Rotterdam_T1,02:00:00:70:45:0e,2026-07-29 15:59:35,33.6,52.126899,4.437364,0,Voorschoten,NL
Rotterdam,Rotterdam_T1,02:00:00:bd:d9:62,2026-07-29 16:00:40,33.7,52.130948,4.456233,0,Voorschoten,NL
Rotterdam,Rotterdam_T1,02:00:00:04:77:ec,2026-07-29 16:02:55,34.8,52.137813,4.466427,0,Voorschoten,NL
Rotterdam,Rotterdam_T1,02:00:00:84:01:f4,2026-07-29 15:57:38,33.8,51.795956,4.316063,0,Piershil,NL
Rotterdam,Rotterdam_T1,02:00:00:a4:53:38,2026-07-29 15:58:20,35.2,51.8061561584473,4.34367895126343,0,Nieuw-Beijerland,NL
Rotterdam,Rotterdam_T1,02:00:00:2e:c2:56,2026-07-29 15:56:26,31.9,51.803969,4.38881000000001,0,Hoeksche Waard,NL
Rotterdam,Rotterdam_T1,02:00:00:70:24:c0,2026-07-29 15:56:52,32.8,51.79538,4.47853999999995,0,Hoeksche Waard,NL
Rotterdam,Rotterdam_T1,02:00:00:8d:cf:32,2026-07-29 15:56:27,33.3,51.7989258,4.48003469999999,1,Mijnsheerenland,NL
Rotterdam,Rotterdam_T1,02:00:00:73:f0:94,2026-07-29 16:00:52,38.5,51.817669,4.261111,0,Zuidland,NL
Rotterdam,Rotterdam_T1,02:00:00:17:f3:8c,2026-07-29 15:54:05,34.6,51.813893,4.338688,0,Hoeksche Waard,NL
Rotterdam,Rotterdam_T1,02:00:00:12:63:46,2026-07-29 15:51:03,34.8,51.816084,4.404314,0,Oud-Beijerland,NL
Rotterdam,Rotterdam_T1,02:00:00:7f:ca:72,2026-07-29 16:02:56,35.2,51.819852,4.403548,1,Oud-Beijerland,NL
Rotterdam,Rotterdam_T1,02:00:00:19:32:0a,2026-07-29 15:59:13,35.7,51.8201,4.4265,0,Oud-Beijerland,NL
Rotterdam,Rotterdam_T1,02:00:00:b0:a7:c6,2026-07-29 15:55:27,35.4,51.8194923400879,4.42992401123047,0,Oud-Beijerland,NL
Rotterdam,Rotterdam_T1,02:00:00:2e:d0:d0,2026-07-29 15:56:45,34.0,51.819656,4.43884,0,Oud-Beijerland,NL
Rotterdam,Rotterdam_T1,02:00:00:52:d6:1c,2026-07-29 15:59:33,37.3,51.8273166908673,4.24860230421604,0,Nissewaard,NL
Rotterdam,Rotterdam_T1,02:00:00:7b:02:ea,2026-07-29 15:54:40,32.2,51.8268,4.24961,0,Zuidland,NL
Rotterdam,Rotterdam_T1,02:00:00:63:0e:9a,2026-07-29 16:00:40,35.9,51.8228896113569,4.25690523338619,0,Nissewaard,NL
Rotterdam,Rotterdam_T1,02:00:00:12:ed:2e,2026-07-29 15:58:19,33.5,51.832122,4.281581,0,Simonshaven,NL
Rotterdam,Rotterdam_T1,02:00:00:bc:cb:30,2026-07-29 15:56:06,36.0,51.833767,4.297901,0,Simonshaven,NL
Rotterdam,Rotterdam_T1,02:00:00:2e:be:70,2026-07-29 15:57:51,36.3,51.828405,4.320218,0,Nissewaard,NL
Rotterdam,Rotterdam_T1,02:00:00:83:80:70,2026-07-29 15:56:37,39.3,51.828982,4.321931,0,Spijkenisse,NL
Rotterdam,Rotterdam_T1,02:00:00:be:05:9e,2026-07-29 16:01:29,32.8,51.8345406,4.3320414,0,Spijkenisse,NL
Rotterdam,Rotterdam_T1,02:00:00:1c:5d:d8,2026-07-29 15:54:06,33.2,51.831596,4.34732,0,Spijkenisse,NL
Rotterdam,Rotterdam_T1,02:00:00:74:30:f8,2026-07-29 16:03:08,37.1,51.83397,4.33733000000001,0,Spijkenisse,NL
Rotterdam,Rotterdam_T1,02:00:00:33:d1:48,2026-07-29 15:56:45,37.1,51.835362,4.340818,0,Spijkenisse,NL
Rotterdam,Rotterdam_T1,02:00:00:a2:45:50,2026-07-29 15:58:47,36.2,51.833564,4.369612,0,Spijkenisse,NL
Rotterdam,Rotterdam_T1,02:00:00:8d:ce:38,2026-07-29 15:55:58,34.1,51.833848,4.370394,0,Spijkenisse,NL
Rotterdam,Rotterdam_T1,02:00:00:74:51:54,2026-07-29 15:59:30,37.8,51.822471,4.422299,0,Oud-Beijerland,NL
Rotterdam,Rotterdam_T1,02:00:00:b9:1f:9e,2026-07-29 16:00:33,34.9,51.826743,4.418683,2,Oud-Beijerland,NL
Rotterdam,Rotterdam_T1,02:00:00:c2:4d:24,2026-07-29 15:59:05,36.7,51.826379,4.423903,1,Oud-Beijerland,NL
Rotterdam,Rotterdam_T1,02:00:00:a9:8c:2e,2026-07-29 16:01:00,34.6,51.826426,4.459057,0,Heinenoord,NL
Rotterdam,Rotterdam_T1,02:00:00:b0:92:a0,2026-07-29 15:58:05,38.9,51.825342,4.484375,0,Heinenoord,NL
Rotterdam,Rotterdam_T1,02:00:00:13:7c:72,2026-07-29 15:58:35,33.0,51.8485857,4.30565690000003,0,Nissewaard,NL
Rotterdam,Rotterdam_T1,02:00:00:00:c4:a2,2026-07-29 15:57:49,33.0,51.835934,4.315718,0,Spijkenisse,NL
Rotterdam,Rotterdam_T1,02:00:00:90:af:46,2026-07-29 15:55:41,32.5,51.83904,4.319577,0,Spijkenisse,NL
Rotterdam,Rotterdam_T1,02:00:00:65:34:82,2026-07-29 16:00:30,33.2,51.8423805236816,4.31939363479614,0,Spijkenisse,NL
Rotterdam,Rotterdam_T1,02:00:00:7f:c0:78,2026-07-29 15:59:31,33.9,51.84996,4.3388395,0,Spijkenisse,NL
Rotterdam,Rotterdam_T1,02:00:00:7a:77:68,2026-07-29 15:57:01,32.4,51.846795,4.341356,1,Spijkenisse,NL
Rotterdam,Rotterdam_T1,02:00:00:28:9b:d0,2026-07-29 15:54:16,35.9,51.836851,4.352763,0,Spijkenisse,NL
Rotterdam,Rotterdam_T1,02:00:00:2a:ee:60,2026-07-29 15:54:08,35.9,51.836635,4.368071,0,Nissewaard,NL
Rotterdam,Rotterdam_T1,02:00:00:12:fb:d2,2026-07-29 16:03:33,33.2,51.8374458439446,4.37149661379999,1,Nissewaard,NL
Rotterdam,Rotterdam_T1,02:00:00:19:cc:80,2026-07-29 15:57:29,37.0,51.848418,4.374154,0,Hoogvliet,NL
Rotterdam,Rotterdam_T1,02:00:00:13:6b:d6,2026-07-29 16:01:55,34.6,51.848988,4.417614,0,Poortugaal,NL
Rotterdam,Rotterdam_T1,02:00:00:b5:35:7a,2026-07-29 15:55:53,31.9,51.8507194519043,4.32065153121948,0,Spijkenisse,NL
Rotterdam,Rotterdam_T1,02:00:00:b5:0b:cc,2026-07-29 15:55:22,35.5,51.857194,4.316324,0,Spijkenisse,NL
Rotterdam,Rotterdam_T1,02:00:00:a2:46:e2,2026-07-29 15:58:47,34.1,51.857365,4.316291,0,Spijkenisse,NL
Rotterdam,Rotterdam_T1,02:00:00:17:5c:2a,2026-07-29 15:59:47,35.4,51.852885,4.342628,5,Spijkenisse,NL
Rotterdam,Rotterdam_T1,02:00:00:01:55:26,2026-07-29 15:55:22,31.4,51.85022,4.359375,0,Hoogvliet,NL
Rotterdam,Rotterdam_T1,02:00:00:5f:22:3e,2026-07-29 15:58:18,32.7,51.8544044494629,4.3646936416626,0,Rotterdam,NL
Rotterdam,Rotterdam_T1,02:00:00:83:df:7c,2026-07-29 15:59:50,36.1,51.852008,4.377223,1,Hoogvliet,NL
Rotterdam,Rotterdam_T1,02:00:00:bc:d0:3e,2026-07-29 16:02:10,36.9,51.858581,4.392577,0,Poortugaal,NL
Rotterdam,Rotterdam_T1,02:00:00:bc:e1:0c,2026-07-29 15:58:23,34.6,51.8635694,4.39623120000001,0,Poortugaal,NL
Rotterdam,Rotterdam_T1,02:00:00:01:05:d0,2026-07-29 15:57:25,37.1,51.851921,4.423444,0,Rhoon,NL
Rotterdam,Rotterdam_T1,02:00:00:84:84:1e,2026-07-29 16:03:22,35.4,51.858887,4.421957,0,Rhoon,NL
Rotterdam,Rotterdam_T1,02:00:00:a2:5c:12,2026-07-29 16:04:29,36.3,51.8594623479853,4.42698154071272,0,Rhoon,NL
Rotterdam,Rotterdam_T1,02:00:00:63:0e:a4,2026-07-29 15:54:48,35.7,51.8575608827219,4.47265219690053,0,Albrandswaard,NL
Rotterdam,Rotterdam_T1,02:00:00:2e:ff:9e,2026-07-29 15:55:46,33.3,51.8538824575246,4.48517918586731,0,Barendrecht,NL
Rotterdam,Rotterdam_T1,02:00:00:03:74:d0,2026-07-29 16:00:55,33.7,51.8517608642578,4.49835109710693,0,Barendrecht,NL
Rotterdam,Rotterdam_T1,02:00:00:2a:d4:c8,2026-07-29 15:59:56,33.7,51.8570636,4.48758950000001,0,Barendrecht,NL
Rotterdam,Rotterdam_T1,02:00:00:bd:e9:04,2026-07-29 15:54:30,31.8,51.866558,4.375568,0,Hoogvliet,NL
Rotterdam,Rotterdam_T1,02:00:00:01:01:b4,2026-07-29 16:03:50,34.1,51.8652629979766,4.39664993821385,0,Albrandswaard,NL
Rotterdam,Rotterdam_T1,02:00:00:a2:60:fc,2026-07-29 16:01:55,34.5,51.874794,4.466563,0,Rotterdam,NL
Rotterdam,Rotterdam_T1,02:00:00:3f:61:10,2026-07-29 15:58:58,33.2,51.8779278321971,4.49603729871197,6,Rotterdam,NL
Rotterdam,Rotterdam_T1,02:00:00:73:c0:3a,2026-07-29 15:55:40,33.4,51.887171,4.383392,0,Pernis,NL
Rotterdam,Rotterdam_T1,02:00:00:32:e7:f8,2026-07-29 15:59:29,33.7,51.892172,4.386614,3,Pernis,NL
Rotterdam,Rotterdam_T1,02:00:00:1f:7e:90,2026-07-29 15:55:08,39.0,51.8847667,4.4695263,0,Rotterdam,NL
Rotterdam,Rotterdam_T1,02:00:00:12:73:96,2026-07-29 16:01:37,33.3,51.890287,4.477402,2,Rotterdam,NL
Rotterdam,Rotterdam_T1,02:00:00:c3:9b:aa,2026-07-29 15:56:29,34.3,51.888355255127,4.49187803268433,6,Rotterdam,NL
Rotterdam,Rotterdam_T1,02:00:00:c2:33:4e,2026-07-29 16:00:40,33.3,51.907263,4.232915,1,Rozenburg,NL
Rotterdam,Rotterdam_T1,02:00:00:02:d9:74,2026-07-29 15:57:43,32.8,51.9018321151561,4.23758983612055,2,Rozenburg,NL
Rotterdam,Rotterdam_T1,02:00:00:27:7d:68,2026-07-29 16:03:38,31.6,51.902208,4.248835,4,Rozenburg,NL
Rotterdam,Rotterdam_T1,02:00:00:63:17:f6,2026-07-29 15:57:20,35.7,51.902018,4.342717,3,Vlaardingen,NL
Rotterdam,Rotterdam_T1,02:00:00:74:32:c6,2026-07-29 16:01:00,33.8,51.904912,4.345329,3,Vlaardingen,NL
Rotterdam,Rotterdam_T1,02:00:00:c2:45:d6,2026-07-29 16:01:11,35.1,51.905582,4.405567,0,Schiedam,NL
Rotterdam,Rotterdam_T1,02:00:00:53:3b:14,2026-07-29 15:55:23,32.8,51.902036,4.457739,3,Rotterdam,NL
Rotterdam,Rotterdam_T1,02:00:00:2f:1e:fc,2026-07-29 15:58:09,35.3,51.904843,4.463923,2,Rotterdam,NL
Rotterdam,Rotterdam_T1,02:00:00:1f:6b:c0,2026-07-29 16:03:35,32.0,51.8992767333984,4.48442125320435,2,Rotterdam,NL
Rotterdam,Rotterdam_T1,02:00:00:2b:09:b6,2026-07-29 16:03:56,32.2,51.8965726546856,4.49371075471399,8,Rotterdam,NL
Rotterdam,Rotterdam_T1,02:00:00:2e:d8:56,2026-07-29 15:58:55,35.4,51.8945090023125,4.49689548713718,3,Rotterdam,NL
Rotterdam,Rotterdam_T1,02:00:00:83:d5:b2,2026-07-29 15:55:33,33.1,51.9090338875657,4.23565328121185,0,Rozenburg,NL
Rotterdam,Rotterdam_T1,02:00:00:3c:fa:c8,2026-07-29 16:02:43,33.7,51.911378,4.236979,2,Rotterdam,NL
Rotterdam,Rotterdam_T1,02:00:00:18:f8:10,2026-07-29 15:56:43,34.8,51.9087995610964,4.24184925481109,1,Rozenburg,NL
Rotterdam,Rotterdam_T1,02:00:00:a9:4f:c2,2026-07-29 15:55:07,37.3,51.916124,4.24886000000006,3,Maassluis,NL
Rotterdam,Rotterdam_T1,02:00:00:a2:70:a6,2026-07-29 15:56:13,34.9,51.913362,4.256699,5,Maassluis,NL
Rotterdam,Rotterdam_T1,02:00:00:1c:83:b4,2026-07-29 15:57:32,34.5,51.917847,4.260043,1,Maassluis,NL
Rotterdam,Rotterdam_T1,02:00:00:bc:f6:62,2026-07-29 15:55:50,32.1,51.913163646918,4.31969458235608,0,Vlaardingen,NL
Rotterdam,Rotterdam_T1,02:00:00:12:a4:34,2026-07-29 15:59:12,37.4,51.909151,4.332132,2,Vlaardingen,NL
Rotterdam,Rotterdam_T1,02:00:00:74:5d:08,2026-07-29 16:02:03,37.1,51.912452208961,4.3338788262849,0,Vlaardingen,NL
Rotterdam,Rotterdam_T1,02:00:00:2b:20:2a,2026-07-29 16:02:02,33.2,51.9141002514251,4.33724462985993,1,Vlaardingen,NL
Rotterdam,Rotterdam_T1,02:00:00:02:a2:a6,2026-07-29 15:58:11,33.5,51.9088,4.3444,3,Vlaardingen,NL
Rotterdam,Rotterdam_T1,02:00:00:bd:0a:46,2026-07-29 15:59:05,32.6,51.909511,4.348642,4,Vlaardingen,NL
Rotterdam,Rotterdam_T1,02:00:00:58:c6:ce,2026-07-29 16:00:27,34.2,51.9178282,4.3598377,1,Vlaardingen,NL
Rotterdam,Rotterdam_T1,02:00:00:7f:be:10,2026-07-29 16:02:22,33.6,51.91672,4.3632045,2,Vlaardingen,NL
Rotterdam,Rotterdam_T1,02:00:00:53:40:9c,2026-07-29 15:59:47,32.4,51.9151587373229,4.39174242923392,0,Schiedam,NL
Rotterdam,Rotterdam_T1,02:00:00:53:5b:da,2026-07-29 15:59:16,36.2,51.908555,4.401612,2,Schiedam,NL
Rotterdam,Rotterdam_T1,02:00:00:7f:b3:02,2026-07-29 16:03:49,31.0,51.91247,4.4030027,4,Schiedam,NL
Rotterdam,Rotterdam_T1,02:00:00:b9:1f:4a,2026-07-29 15:57:24,32.9,51.9213366779173,4.40755754480418,11,Schiedam,NL
Rotterdam,Rotterdam_T1,02:00:00:34:0c:22,2026-07-29 16:03:50,36.7,51.921128016101,4.40852165222168,2,Schiedam,NL
Rotterdam,Rotterdam_T1,02:00:00:2a:f8:5e,2026-07-29 16:04:12,35.1,51.915024,4.4355793,9,Rotterdam,NL
Rotterdam,Rotterdam_T1,02:00:00:96:ec:a8,2026-07-29 16:03:34,28.8,51.9101295471191,4.44982385635376,3,Rotterdam,NL
Rotterdam,Rotterdam_T1,02:00:00:a9:70:9e,2026-07-29 16:02:07,28.9,51.918565,4.454217,1,Rotterdam,NL
Rotterdam,Rotterdam_T1,02:00:00:84:0b:f4,2026-07-29 15:56:39,31.6,51.910764,4.459764,4,Rotterdam,NL
Rotterdam,Rotterdam_T1,02:00:00:33:2f:18,2026-07-29 16:03:10,33.3,51.911367,4.460016,4,Rotterdam,NL
Rotterdam,Rotterdam_T1,02:00:00:7f:8b:fa,2026-07-29 15:59:17,33.6,51.9101171296848,4.48145787979085,11,Rotterdam,NL
Rotterdam,Rotterdam_T1,02:00:00:9b:51:8a,2026-07-29 15:57:08,31.0,51.9145812294122,4.47774262764995,4,Rotterdam,NL
Rotterdam,Rotterdam_T1,02:00:00:b5:93:7c,2026-07-29 16:03:41,31.1,51.913771,4.481875,4,Rotterdam,NL
Rotterdam,Rotterdam_T1,02:00:00:b9:51:52,2026-07-29 15:56:54,32.9,51.929904,4.233498,5,Maassluis,NL
Rotterdam,Rotterdam_T1,02:00:00:b9:59:00,2026-07-29 15:59:36,35.5,51.92626,4.237906,4,Maassluis,NL
Rotterdam,Rotterdam_T1,02:00:00:5e:de:d4,2026-07-29 15:55:05,33.2,51.930162,4.236797,4,Maassluis,NL
Rotterdam,Rotterdam_T1,02:00:00:5f:15:be,2026-07-29 15:58:19,34.3,51.930819,4.249967,4,Maassluis,NL
Rotterdam,Rotterdam_T1,02:00:00:65:4b:40,2026-07-29 15:59:43,33.4,51.927105,4.254623,0,Maassluis,NL
Rotterdam,Rotterdam_T1,02:00:00:01:cf:56,2026-07-29 16:02:44,34.8,51.9234903998484,4.25831994624131,0,Maassluis,NL
Rotterdam,Rotterdam_T1,02:00:00:7f:94:b0,2026-07-29 16:00:24,34.0,51.931354,4.269027,0,Maasland,NL
Rotterdam,Rotterdam_T1,02:00:00:29:09:70,2026-07-29 15:54:50,33.5,51.932986,4.267365,1,Maasland,NL
Rotterdam,Rotterdam_T1,02:00:00:b5:74:1c,2026-07-29 15:55:09,32.5,51.93374,4.26775999999999,0,Maasland,NL
Rotterdam,Rotterdam_T1,02:00:00:74:5b:ca,2026-07-29 16:00:03,36.5,51.926291,4.345459,3,Vlaardingen,NL
Rotterdam,Rotterdam_T1,02:00:00:b5:a0:52,2026-07-29 16:00:03,32.6,51.927282,4.347004,0,Vlaardingen,NL
Rotterdam,Rotterdam_T1,02:00:00:bd:e2:4c,2026-07-29 15:57:35,35.1,51.935245,4.342573,0,Vlaardingen,NL
Rotterdam,Rotterdam_T1,02:00:00:64:20:80,2026-07-29 15:58:40,33.7,51.9364242553711,4.36015510559082,0,Vlaardingen,NL
Rotterdam,Rotterdam_T1,02:00:00:bc:d1:1c,2026-07-29 16:00:37,34.8,51.9350965,4.36687449999998,2,Schiedam,NL
Rotterdam,Rotterdam_T1,02:00:00:c6:23:6c,2026-07-29 16:02:42,37.8,51.934768,4.381632,0,Schiedam,NL
Rotterdam,Rotterdam_T1,02:00:00:b9:05:64,2026-07-29 16:03:54,31.8,51.936828,4.386344,0,Schiedam,NL
Rotterdam,Rotterdam_T1,02:00:00:96:ea:9e,2026-07-29 16:02:33,29.0,51.925392,4.39834,2,Schiedam,NL
Rotterdam,Rotterdam_T1,02:00:00:ab:cb:62,2026-07-29 15:58:12,35.8,51.930617,4.445321,0,Rotterdam,NL
Rotterdam,Rotterdam_T1,02:00:00:74:09:f2,2026-07-29 15:59:11,32.9,51.92814,4.456759,1,Rotterdam,NL
Rotterdam,Rotterdam_T1,02:00:00:02:c6:84,2026-07-29 15:57:36,33.7,51.926464,4.470126,3,Rotterdam,NL
Rotterdam,Rotterdam_T1,02:00:00:1f:5d:94,2026-07-29 15:59:34,30.7,51.936519,4.463171,1,Rotterdam,NL
Rotterdam,Rotterdam_T1,02:00:00:90:b7:5e,2026-07-29 15:58:30,37.0,51.92631,4.480658,2,Rotterdam,NL
Rotterdam,Rotterdam_T1,02:00:00:a9:b5:2e,2026-07-29 15:55:25,35.2,51.92486,4.48449200000008,2,Rotterdam,NL
Rotterdam,Rotterdam_T1,02:00:00:74:35:a2,2026-07-29 15:59:07,33.1,51.927002,4.4848413,4,Rotterdam,NL
Rotterdam,Rotterdam_T1,02:00:00:b9:1f:48,2026-07-29 15:54:28,35.5,51.939256,4.230721,1,Maassluis,NL
Rotterdam,Rotterdam_T1,02:00:00:12:fb:ba,2026-07-29 16:00:28,34.7,51.941607,4.230965,2,Maassluis,NL
Rotterdam,Rotterdam_T1,02:00:00:c3:e5:c8,2026-07-29 15:56:41,32.0,51.9393743374208,4.24159275841118,0,Maassluis,NL
Rotterdam,Rotterdam_T1,02:00:00:b5:53:1c,2026-07-29 16:01:51,33.7,51.949414,4.270392,0,Maasland,NL
Rotterdam,Rotterdam_T1,02:00:00:c5:33:20,2026-07-29 16:01:37,34.0,51.940538,4.34364800000001,0,Vlaardingen,NL
Rotterdam,Rotterdam_T1,02:00:00:70:4d:76,2026-07-29 16:02:49,34.3,51.940698,4.344899,0,Vlaardingen,NL
Rotterdam,Rotterdam_T1,02:00:00:7f:d3:b4,2026-07-29 16:00:00,32.1,51.937524,4.359107,1,,NL
Rotterdam,Rotterdam_T1,02:00:00:28:74:22,2026-07-29 16:02:14,33.0,51.939015,4.368109,0,Schiedam,NL
Rotterdam,Rotterdam_T1,02:00:00:b2:c3:a2,2026-07-29 16:00:07,32.5,51.9398735,4.37264590000001,0,Schiedam,NL
Rotterdam,Rotterdam_T1,02:00:00:bd:fb:70,2026-07-29 16:01:19,32.6,51.945864,4.366965,0,Schiedam,NL
Rotterdam,Rotterdam_T1,02:00:00:65:38:b0,2026-07-29 16:03:22,31.9,51.942,4.38433999999999,0,Schiedam,NL
Rotterdam,Rotterdam_T1,02:00:00:04:6f:aa,2026-07-29 15:58:37,36.9,51.9441,4.3839,0,Schiedam,NL
Rotterdam,Rotterdam_T1,02:00:00:96:bd:fa,2026-07-29 16:00:41,28.5,51.943919,4.426938,1,Rotterdam,NL
Rotterdam,Rotterdam_T1,02:00:00:90:8a:8e,2026-07-29 15:57:27,33.0,51.9372746579483,4.4418073394422,2,Rotterdam,NL
Rotterdam,Rotterdam_T1,02:00:00:7f:93:30,2026-07-29 15:48:13,32.4,51.937051,4.442832,0,Rotterdam,NL
Rotterdam,Rotterdam_T1,02:00:00:2b:02:62,2026-07-29 15:59:12,33.4,51.939917,4.448351,0,Rotterdam,NL
Rotterdam,Rotterdam_T1,02:00:00:bd:e0:c8,2026-07-29 16:03:14,36.4,51.946104,4.46737,0,Rotterdam,NL
Rotterdam,Rotterdam_T1,02:00:00:af:8b:58,2026-07-29 16:01:48,37.9,51.9460220336914,4.47492647171021,0,Rotterdam,NL
Rotterdam,Rotterdam_T1,02:00:00:90:71:58,2026-07-29 16:03:09,32.5,51.93707,4.479222,3,Rotterdam,NL
Rotterdam,Rotterdam_T1,02:00:00:bc:e3:ec,2026-07-29 15:58:59,32.3,51.9374587797425,4.49468157586424,2,Rotterdam,NL
Rotterdam,Rotterdam_T1,02:00:00:bd:de:c6,2026-07-29 15:55:44,32.8,51.937429,4.495607,0,Rotterdam,NL
Rotterdam,Rotterdam_T1,02:00:00:17:e0:1e,2026-07-29 16:02:09,35.8,51.955246,4.314398,0,Maasland,NL
Rotterdam,Rotterdam_T1,02:00:00:3f:16:82,2026-07-29 15:57:32,35.4,51.962066,4.395128,1,Rotterdam,NL
Rotterdam,Rotterdam_T1,02:00:00:65:28:6e,2026-07-29 15:54:25,36.6,51.95247,4.46971,0,Rotterdam,NL
Rotterdam,Rotterdam_T1,02:00:00:64:27:f8,2026-07-29 15:56:56,31.7,51.9584323783367,4.46818939744298,0,Rotterdam,NL
Rotterdam,Rotterdam_T1,02:00:00:83:f8:50,2026-07-29 15:56:48,34.5,51.962386,4.475915,0,Rotterdam,NL
Rotterdam,Rotterdam_T1,02:00:00:19:c2:10,2026-07-29 15:55:54,35.9,51.96346,4.48096700000011,0,Rotterdam,NL
Rotterdam,Rotterdam_T1,02:00:00:3f:0a:1a,2026-07-29 15:56:36,33.5,51.962139,4.484953,0,Rotterdam,NL
Rotterdam,Rotterdam_T1,02:00:00:65:85:b0,2026-07-29 15:56:37,33.6,51.958444,4.499749,-2,Hillegersberg,NL
Rotterdam,Rotterdam_T2,02:00:00:7a:b4:28,2026-07-29 15:55:28,37.0,51.96598,4.53458360000002,0,Rotterdam,NL
Rotterdam,Rotterdam_T2,02:00:00:a4:6d:fc,2026-07-29 15:59:47,34.5,51.968663,4.534782,0,Bergschenhoek,NL
Rotterdam,Rotterdam_T2,02:00:00:90:bb:50,2026-07-29 16:03:18,32.9,51.971506,4.548025,0,Rotterdam,NL
Rotterdam,Rotterdam_T2,02:00:00:b5:af:36,2026-07-29 15:58:31,32.3,51.9659630844747,4.55859189999416,0,Rotterdam,NL
Rotterdam,Rotterdam_T2,02:00:00:34:08:04,2026-07-29 15:59:34,33.6,51.968827,4.568496,0,Rotterdam,NL
Rotterdam,Rotterdam_T2,02:00:00:2c:ae:7a,2026-07-29 16:00:03,36.0,51.9800400915949,4.5817845161443,0,Rotterdam,NL
Rotterdam,Rotterdam_T2,02:00:00:7f:ae:26,2026-07-29 15:57:22,33.3,51.9795989990234,4.58760023117065,0,Rotterdam,NL
Rotterdam,Rotterdam_T2,02:00:00:5f:42:fa,2026-07-29 15:57:52,36.5,51.97819,4.591346,0,Rotterdam,NL
Rotterdam,Rotterdam_T2,02:00:00:34:0b:82,2026-07-29 15:54:49,33.7,51.968129,4.614646,0,Zuidplas,NL
Rotterdam,Rotterdam_T2,02:00:00:a9:6a:c2,2026-07-29 15:56:26,35.4,51.9733238220215,4.61480712890625,0,Nieuwerkerk aan den IJssel,NL
Rotterdam,Rotterdam_T2,02:00:00:64:06:f4,2026-07-29 15:56:57,34.0,51.9716796875,4.61985063552856,0,Zuidplas,NL
Rotterdam,Rotterdam_T2,02:00:00:58:e8:9e,2026-07-29 16:03:11,35.0,51.974,4.622654,0,Zuidplas,NL
Rotterdam,Rotterdam_T2,02:00:00:b5:30:82,2026-07-29 16:01:05,30.5,51.967589,4.629716,4,Nieuwerkerk aan den IJssel,NL
Rotterdam,Rotterdam_T2,02:00:00:65:3b:ba,2026-07-29 15:54:53,38.9,51.991788,4.502828,0,Bergschenhoek,NL
Rotterdam,Rotterdam_T2,02:00:00:00:d6:ce,2026-07-29 15:57:00,40.0,51.993816,4.501591,0,Bergschenhoek,NL
Rotterdam,Rotterdam_T2,02:00:00:70:50:30,2026-07-29 16:01:32,35.5,51.994061,4.502311,0,Bergschenhoek,NL
Rotterdam,Rotterdam_T2,02:00:00:02:4d:c2,2026-07-29 15:57:51,31.9,51.9870928392994,4.58234685650748,0,Rotterdam,NL
Rotterdam,Rotterdam_T2,02:00:00:2e:db:da,2026-07-29 15:58:39,36.0,51.983974,4.593346,0,Rotterdam,NL
Rotterdam,Rotterdam_T2,02:00:00:a4:42:3a,2026-07-29 15:55:09,37.3,51.988331,4.591991,0,Rotterdam,NL
Rotterdam,Rotterdam_T2,02:00:00:04:65:f8,2026-07-29 15:54:37,36.0,51.9878843834894,4.66050112362697,0,Zuidplas,NL
Rotterdam,Rotterdam_T2,02:00:00:70:3b:14,2026-07-29 16:01:52,37.1,51.986498,4.665578,0,Moordrecht,NL
Rotterdam,Rotterdam_T2,02:00:00:2b:42:2c,2026-07-29 16:04:20,38.0,51.986927,4.668121,0,Moordrecht,NL
Rotterdam,Rotterdam_T2,02:00:00:2c:fe:70,2026-07-29 15:56:16,32.9,51.986725,4.670155,0,Zuidplas,NL
Rotterdam,Rotterdam_T2,02:00:00:9b:60:fa,2026-07-29 15:58:04,37.1,51.996239,4.504227,0,Bergschenhoek,NL
Rotterdam,Rotterdam_T2,02:00:00:b9:1c:80,2026-07-29 15:59:22,32.5,51.9998264,4.5002523,0,Bergschenhoek,NL
Rotterdam,Rotterdam_T2,02:00:00:1f:44:ec,2026-07-29 15:58:12,36.2,52.006668,4.527489,0,Bleiswijk,NL
Rotterdam,Rotterdam_T2,02:00:00:36:92:fa,2026-07-29 16:03:11,37.6,52.0066446232641,4.54385520232486,0,Lansingerland,NL
Rotterdam,Rotterdam_T2,02:00:00:b9:1e:62,2026-07-29 15:57:07,32.9,52.008555,4.578151,0,Zevenhuizen,NL
Rotterdam,Rotterdam_T2,02:00:00:02:9c:3c,2026-07-29 16:02:28,35.1,52.004082,4.591186,0,Zevenhuizen,NL
Rotterdam,Rotterdam_T2,02:00:00:31:b1:ee,2026-07-29 16:04:07,35.2,52.0053634643555,4.67185115814209,0,Gouda,NL
Rotterdam,Rotterdam_T2,02:00:00:1c:81:14,2026-07-29 15:56:04,31.7,52.006253,4.676457,0,Gouda,NL
Rotterdam,Rotterdam_T2,02:00:00:65:0c:ea,2026-07-29 16:01:09,36.0,51.9963035768543,4.68214752149594,0,Moordrecht,NL
Rotterdam,Rotterdam_T2,02:00:00:c3:82:74,2026-07-29 16:00:33,34.1,52.0050621032715,4.69740343093872,0,Gouda,NL
Rotterdam,Rotterdam_T2,02:00:00:9c:fc:34,2026-07-29 16:04:06,34.6,52.006517,4.697587,0,Gouda,NL
Rotterdam,Rotterdam_T2,02:00:00:01:82:4c,2026-07-29 16:02:41,33.3,52.0091504,4.74227189999999,-2,Gouda,NL
Rotterdam,Rotterdam_T2,02:00:00:bd:fd:30,2026-07-29 15:59:11,31.4,52.005627,4.752615,0,Gouda,NL
Rotterdam,Rotterdam_T2,02:00:00:c3:74:9e,2026-07-29 16:01:33,32.8,52.005673,4.753955,0,Gouda,NL
Rotterdam,Rotterdam_T2,02:00:00:2e:af:ec,2026-07-29 15:58:16,32.2,51.998085,4.775884,0,Haastrecht,NL
Rotterdam,Rotterdam_T2,02:00:00:74:4f:9a,2026-07-29 15:57:23,37.9,51.995649,4.777255,0,Haastrecht,NL
Rotterdam,Rotterdam_T2,02:00:00:01:d0:28,2026-07-29 16:01:46,32.6,52.0096,4.5349,0,Bleiswijk,NL
Rotterdam,Rotterdam_T2,02:00:00:27:69:00,2026-07-29 15:58:22,35.6,52.009366,4.5401691,0,Lansingerland,NL
Rotterdam,Rotterdam_T2,02:00:00:5f:2f:d6,2026-07-29 16:00:58,35.8,52.016412,4.540241,0,Bleiswijk,NL
Rotterdam,Rotterdam_T2,02:00:00:32:e0:86,2026-07-29 15:56:11,34.2,52.0115203857422,4.58011436462402,0,Zuidplas,NL
Rotterdam,Rotterdam_T2,02:00:00:a9:bb:04,2026-07-29 16:03:50,34.3,52.009836,4.596351,0,Zevenhuizen,NL
Rotterdam,Rotterdam_T2,02:00:00:02:df:22,2026-07-29 15:56:51,35.3,52.0099768804583,4.6926795618518,0,Gouda,NL
Rotterdam,Rotterdam_T2,02:00:00:a9:a1:cc,2026-07-29 16:04:09,37.7,52.0097808837891,4.69422388076782,0,Gouda,NL
Rotterdam,Rotterdam_T2,02:00:00:c3:9b:4c,2026-07-29 15:56:23,35.4,52.01994,4.696581,0,Gouda,NL
Rotterdam,Rotterdam_T2,02:00:00:53:2e:98,2026-07-29 16:03:11,34.7,52.012756,4.712701,1,Gouda,NL
Rotterdam,Rotterdam_T2,02:00:00:36:e7:7e,2026-07-29 16:01:50,40.8,52.0144178,4.71279070000003,2,Gouda,NL
Rotterdam,Rotterdam_T2,02:00:00:6b:8d:52,2026-07-29 15:58:20,36.5,52.015969,4.71499099999998,0,Gouda,NL
Rotterdam,Rotterdam_T2,02:00:00:b5:a6:64,2026-07-29 16:00:15,35.5,52.011536,4.750849,0,Gouda,NL
Rotterdam,Rotterdam_T2,02:00:00:9c:d8:7c,2026-07-29 15:56:46,33.0,52.0128973458094,4.7490119934082,0,Gouda,NL
Rotterdam,Rotterdam_T2,02:00:00:5f:34:26,2026-07-29 15:58:02,35.6,52.027057,4.500283,0,Berkel en Rodenrijs,NL
Rotterdam,Rotterdam_T2,02:00:00:1f:6b:70,2026-07-29 15:54:17,32.8,52.025452425129,4.53097119354237,0,Bleiswijk,NL
Rotterdam,Rotterdam_T2,02:00:00:bd:e3:d4,2026-07-29 16:01:21,34.6,52.027363,4.6115017,0,,NL
Rotterdam,Rotterdam_T2,02:00:00:3f:57:ca,2026-07-29 15:58:40,34.3,52.025922,4.647242,0,Waddinxveen,NL
Rotterdam,Rotterdam_T2,02:00:00:63:21:dc,2026-07-29 16:03:55,36.6,52.0359605024959,4.6485589000001,0,Waddinxveen,NL
Rotterdam,Rotterdam_T2,02:00:00:90:d2:dc,2026-07-29 15:59:41,35.1,52.024118,4.709983,0,Gouda,NL
Rotterdam,Rotterdam_T2,02:00:00:a4:27:b6,2026-07-29 15:59:29,35.2,52.031474,4.693968,0,Gouda,NL
Rotterdam,Rotterdam_T2,02:00:00:83:b5:e4,2026-07-29 16:03:44,32.3,52.031819,4.694159,0,Gouda,NL
Rotterdam,Rotterdam_T2,02:00:00:3f:09:64,2026-07-29 16:02:25,32.6,52.030553,4.710979,1,Gouda,NL
Rotterdam,Rotterdam_T2,02:00:00:2c:f2:f6,2026-07-29 15:55:41,32.6,52.0341813,4.76989989999997,0,Reeuwijk,NL
Rotterdam,Rotterdam_T2,02:00:00:28:69:d6,2026-07-29 16:02:14,32.4,52.051635,4.54056,0,Zoetermeer,NL
Rotterdam,Rotterdam_T2,02:00:00:bd:d6:d4,2026-07-29 16:03:00,33.9,52.0429039001465,4.56850099563599,0,Moerkapelle,NL
Rotterdam,Rotterdam_T2,02:00:00:6b:54:0e,2026-07-29 16:04:05,35.1,52.0469036,4.5818362,0,Zuidplas,NL
Rotterdam,Rotterdam_T2,02:00:00:a9:50:60,2026-07-29 16:00:30,32.4,52.0481010029608,4.58891205763108,0,Moerkapelle,NL
Rotterdam,Rotterdam_T2,02:00:00:63:42:d2,2026-07-29 16:00:23,35.1,52.04942,4.643239,0,Waddinxveen,NL
Rotterdam,Rotterdam_T2,02:00:00:c6:2c:4e,2026-07-29 16:00:14,36.5,52.0423368,4.647712,0,Waddinxveen,NL
Rotterdam,Rotterdam_T2,02:00:00:a4:2b:5a,2026-07-29 15:58:08,34.8,52.0508003234863,4.65340995788574,0,Waddinxveen,NL
Rotterdam,Rotterdam_T2,02:00:00:12:d1:de,2026-07-29 15:58:47,29.7,52.0387736455856,4.71039086580277,0,Gouda,NL
Rotterdam,Rotterdam_T2,02:00:00:b5:72:78,2026-07-29 16:01:12,32.9,52.0436531490395,4.71938564955323,0,Reeuwijk,NL
Rotterdam,Rotterdam_T2,02:00:00:bc:f9:c4,2026-07-29 16:03:36,36.3,52.0450706481934,4.72107648849487,1,Reeuwijk,NL
Rotterdam,Rotterdam_T2,02:00:00:b0:96:c0,2026-07-29 15:55:05,38.0,52.046334,4.729393,0,Reeuwijk,NL
Rotterdam,Rotterdam_T2,02:00:00:03:61:0c,2026-07-29 15:58:32,37.9,52.055621,4.513738,0,Zoetermeer,NL
Rotterdam,Rotterdam_T2,02:00:00:a4:4c:f6,2026-07-29 16:00:19,36.6,52.058921,4.51239,0,Zoetermeer,NL
Rotterdam,Rotterdam_T2,02:00:00:5f:48:1c,2026-07-29 16:03:43,39.7,52.060585,4.5140386,0,Zoetermeer,NL
Rotterdam,Rotterdam_T2,02:00:00:c2:8a:cc,2026-07-29 15:59:40,32.7,52.0567817687988,4.52878952026367,0,Zoetermeer,NL
Rotterdam,Rotterdam_T2,02:00:00:32:b4:ac,2026-07-29 16:03:40,34.9,52.06072,4.53268999999997,0,Zoetermeer,NL
Rotterdam,Rotterdam_T2,02:00:00:52:c1:5e,2026-07-29 15:58:23,37.5,52.066354,4.528394,0,Zoetermeer,NL
Rotterdam,Rotterdam_T2,02:00:00:33:c1:9a,2026-07-29 15:58:06,32.9,52.0661990481085,4.54725722028999,0,Zoetermeer,NL
Rotterdam,Rotterdam_T2,02:00:00:03:5d:56,2026-07-29 15:54:23,36.7,52.059434,4.549038,0,Zoetermeer,NL
Rotterdam,Rotterdam_T2,02:00:00:3b:e2:3c,2026-07-29 15:56:45,33.0,52.065163,4.6415434,0,Boskoop,NL
Rotterdam,Rotterdam_T2,02:00:00:37:22:e6,2026-07-29 16:03:57,36.3,52.05424,4.654806,0,Waddinxveen,NL
Rotterdam,Rotterdam_T2,02:00:00:1f:7d:70,2026-07-29 15:57:14,34.1,52.05595,4.65469300000007,0,Waddinxveen,NL
Rotterdam,Rotterdam_T2,02:00:00:53:4c:30,2026-07-29 15:57:19,33.5,52.067288,4.503179,0,Zoetermeer,NL
Rotterdam,Rotterdam_T2,02:00:00:28:76:a0,2026-07-29 15:57:11,32.3,52.0729936,4.50405130000001,0,Zoetermeer,NL
Rotterdam,Rotterdam_T2,02:00:00:b2:c2:38,2026-07-29 15:59:09,34.3,52.072649,4.514713,0,Zoetermeer,NL
Rotterdam,Rotterdam_T2,02:00:00:31:d4:1e,2026-07-29 15:59:10,33.1,52.0712708307598,4.52524668339561,0,Zoetermeer,NL
Rotterdam,Rotterdam_T2,02:00:00:84:8e:ae,2026-07-29 16:00:30,34.3,52.074368,4.5254664,0,Zoetermeer,NL
Rotterdam,Rotterdam_T2,02:00:00:bc:d8:d8,2026-07-29 15:59:07,37.5,52.078945,4.5282216,0,Zoetermeer,NL
Rotterdam,Rotterdam_T2,02:00:00:c2:84:b0,2026-07-29 15:59:25,33.3,52.077968,4.554994,0,Benthuizen,NL
Rotterdam,Rotterdam_T2,02:00:00:a4:5c:8c,2026-07-29 15:58:14,34.6,52.077966,4.634319,0,Boskoop,NL
Rotterdam,Rotterdam_T2,02:00:00:84:3b:ee,2026-07-29 16:03:15,33.1,52.0725414246807,4.64063105349682,0,Boskoop,NL
Rotterdam,Rotterdam_T2,02:00:00:9d:24:ac,2026-07-29 15:55:27,37.5,52.071222,4.654495,0,Boskoop,NL
Rotterdam,Rotterdam_T2,02:00:00:b5:09:28,2026-07-29 16:01:51,38.6,52.0771903991699,4.65694856643677,0,Boskoop,NL
Rotterdam,Rotterdam_T2,02:00:00:01:97:de,2026-07-29 16:03:08,35.7,52.075744200514,4.66876566410065,0,Boskoop,NL
Rotterdam,Rotterdam_T2,02:00:00:83:fc:34,2026-07-29 16:02:18,33.3,52.068561,4.737938,0,Bodegraven,NL
Rotterdam,Rotterdam_T2,02:00:00:65:26:5a,2026-07-29 16:03:28,32.3,52.07953,4.741261,1,Bodegraven-Reeuwijk,NL
Rotterdam,Rotterdam_T2,02:00:00:14:6b:1c,2026-07-29 16:01:43,32.4,52.0701836,4.7547272,0,Bodegraven,NL
Rotterdam,Rotterdam_T2,02:00:00:84:3d:ca,2026-07-29 16:02:04,31.9,52.0727483,4.75790339999998,0,Bodegraven,NL
Rotterdam,Rotterdam_T2,02:00:00:90:a4:f6,2026-07-29 16:02:04,33.8,52.076245,4.762831,0,Bodegraven,NL
Rotterdam,Rotterdam_T2,02:00:00:05:5e:c8,2026-07-29 15:53:56,31.9,52.093931,4.58023799999999,0,Hazerswoude-Dorp,NL
Rotterdam,Rotterdam_T2,02:00:00:65:62:ec,2026-07-29 15:56:39,33.4,52.094814,4.592195,0,Alphen aan den Rijn,NL
Rotterdam,Rotterdam_T2,02:00:00:c3:d1:8e,2026-07-29 15:58:23,31.3,52.081401,4.74397,0,Bodegraven,NL
Rotterdam,Rotterdam_T2,02:00:00:3d:21:b2,2026-07-29 15:59:09,32.5,52.0849802,4.7530235,1,Bodegraven,NL
Rotterdam,Rotterdam_T2,02:00:00:52:f3:dc,2026-07-29 16:02:04,35.6,52.0846323547526,4.75519414437641,0,Bodegraven,NL
Rotterdam,Rotterdam_T2,02:00:00:02:93:84,2026-07-29 15:56:48,32.7,52.1065561,4.72730620000004,2,Zwammerdam,NL
Rotterdam,Rotterdam_T2,02:00:00:b9:15:1e,2026-07-29 15:57:03,32.9,52.107336,4.728494,0,Zwammerdam,NL
Rotterdam,Rotterdam_T2,02:00:00:b9:66:72,2026-07-29 15:58:23,31.2,52.11797,4.63812000000001,0,Alphen aan den Rijn,NL
Rotterdam,Rotterdam_T2,02:00:00:a9:98:16,2026-07-29 15:56:56,36.2,52.114834,4.641565,0,Alphen aan den Rijn,NL
Rotterdam,Rotterdam_T2,02:00:00:b5:10:00,2026-07-29 15:59:38,31.5,52.113394,4.643815,0,Alphen aan den Rijn,NL
Rotterdam,Rotterdam_T2,02:00:00:b9:53:6c,2026-07-29 16:04:00,30.6,52.118332,4.646001,0,Alphen aan den Rijn,NL
Rotterdam,Rotterdam_T2,02:00:00:01:91:4a,2026-07-29 15:57:08,33.5,52.121572,4.670743,0,Alphen aan den Rijn,NL
Rotterdam,Rotterdam_T2,02:00:00:3f:15:be,2026-07-29 15:59:13,34.9,52.1287078622217,4.58709000000001,0,Hazerswoude-Rijndijk,NL
Rotterdam,Rotterdam_T2,02:00:00:28:b5:10,2026-07-29 15:56:03,35.7,52.131385,4.591423,0,Hazerswoude-Rijndijk,NL
Rotterdam,Rotterdam_T2,02:00:00:90:b0:c2,2026-07-29 16:03:12,35.9,52.129492,4.597735,0,Hazerswoude-Rijndijk,NL
Rotterdam,Rotterdam_T2,02:00:00:b5:2b:60,2026-07-29 15:59:16,33.5,52.1318893432617,4.59803009033203,2,Koudekerk aan den Rijn,NL
Rotterdam,Rotterdam_T2,02:00:00:53:21:ae,2026-07-29 16:02:57,34.4,52.130777,4.606432,1,Koudekerk aan den Rijn,NL
Rotterdam,Rotterdam_T2,02:00:00:37:28:62,2026-07-29 16:00:33,32.7,52.1297193981244,4.65222171507776,0,Alphen aan den Rijn,NL
Rotterdam,Rotterdam_T2,02:00:00:6b:4b:3a,2026-07-29 15:56:34,35.5,52.1320819895829,4.64971125125885,0,Alphen aan den Rijn,NL
Rotterdam,Rotterdam_T2,02:00:00:9c:f8:96,2026-07-29 16:03:37,32.3,52.133517,4.650877,0,Alphen aan den Rijn,NL
Rotterdam,Rotterdam_T2,02:00:00:84:04:58,2026-07-29 16:03:52,35.1,52.1262489,4.6650439,1,Alphen aan den Rijn,NL
Rotterdam,Rotterdam_T2,02:00:00:74:38:e4,2026-07-29 16:02:13,32.1,52.130098,4.66785,1,Alphen aan den Rijn,NL
Rotterdam,Rotterdam_T2,02:00:00:c2:34:94,2026-07-29 15:55:45,33.3,51.799317,4.558534,0,Puttershoek,NL
Rotterdam,Rotterdam_T2,02:00:00:bc:ca:a8,2026-07-29 15:57:03,33.4,51.8065071105957,4.559166431427,0,Puttershoek,NL
Rotterdam,Rotterdam_T2,02:00:00:05:86:20,2026-07-29 16:00:09,33.5,51.803765,4.562099,0,Puttershoek,NL
Rotterdam,Rotterdam_T2,02:00:00:bd:01:b0,2026-07-29 15:56:01,35.6,51.800308,4.578861,0,Puttershoek,NL
Rotterdam,Rotterdam_T2,02:00:00:70:37:fe,2026-07-29 15:57:16,33.0,51.801144,4.652298,1,Dordrecht,NL
Rotterdam,Rotterdam_T2,02:00:00:c3:74:de,2026-07-29 15:59:12,33.8,51.79714,4.65988000000005,1,Dordrecht,NL
Rotterdam,Rotterdam_T2,02:00:00:65:55:2c,2026-07-29 15:55:08,36.7,51.804122,4.669069,0,Dordrecht,NL
Rotterdam,Rotterdam_T2,02:00:00:7f:98:ba,2026-07-29 15:59:16,34.6,51.799884,4.678947,1,Dordrecht,NL
Rotterdam,Rotterdam_T2,02:00:00:af:9c:0e,2026-07-29 15:57:16,33.0,51.8053158988865,4.67433844855924,1,Dordrecht,NL
Rotterdam,Rotterdam_T2,02:00:00:a2:59:34,2026-07-29 16:03:58,32.4,51.794101,4.694167,0,Dordrecht,NL
Rotterdam,Rotterdam_T2,02:00:00:2f:15:58,2026-07-29 15:54:40,32.4,51.7968978881836,4.69875812530518,0,Dordrecht,NL
Rotterdam,Rotterdam_T2,02:00:00:05:ff:a0,2026-07-29 15:56:36,34.7,51.7949564,4.70649070000002,0,Dordrecht,NL
Rotterdam,Rotterdam_T2,02:00:00:73:c3:6a,2026-07-29 15:58:23,37.7,51.800587,4.721628,0,Dordrecht,NL
Rotterdam,Rotterdam_T2,02:00:00:ab:e3:7e,2026-07-29 16:01:57,35.3,51.7951201232099,4.73186731338501,1,Dordrecht,NL
Rotterdam,Rotterdam_T2,02:00:00:2f:25:48,2026-07-29 16:01:42,31.4,51.8022,4.7264,0,Dordrecht,NL
Rotterdam,Rotterdam_T2,02:00:00:83:fd:8e,2026-07-29 15:59:51,33.6,51.8074509,4.57323399999998,0,Puttershoek,NL
Rotterdam,Rotterdam_T2,02:00:00:65:02:1c,2026-07-29 15:55:55,30.3,51.815606,4.596438,0,Zwijndrecht,NL
Rotterdam,Rotterdam_T2,02:00:00:03:5d:90,2026-07-29 16:01:25,31.1,51.8145148947276,4.61673617362976,0,Zwijndrecht,NL
Rotterdam,Rotterdam_T2,02:00:00:a4:87:ca,2026-07-29 15:56:09,36.6,51.8068809509277,4.63342380523682,1,Zwijndrecht,NL
Rotterdam,Rotterdam_T2,02:00:00:06:79:9e,2026-07-29 16:02:21,33.6,51.8092263212837,4.63623495422598,0,Zwijndrecht,NL
Rotterdam,Rotterdam_T2,02:00:00:c3:73:86,2026-07-29 15:57:29,32.8,51.8150071,4.6373981,0,Zwijndrecht,NL
Rotterdam,Rotterdam_T2,02:00:00:31:e5:26,2026-07-29 16:01:09,38.9,51.8192398,4.6432847,1,Zwijndrecht,NL
Rotterdam,Rotterdam_T2,02:00:00:2d:0a:22,2026-07-29 16:03:19,35.9,51.820895,4.643838,0,Zwijndrecht,NL
Rotterdam,Rotterdam_T2,02:00:00:33:48:e2,2026-07-29 16:03:29,34.1,51.8204735,4.652968,0,Zwijndrecht,NL
Rotterdam,Rotterdam_T2,02:00:00:90:71:d0,2026-07-29 16:03:47,32.5,51.8089773,4.6692312,1,Dordrecht,NL
Rotterdam,Rotterdam_T2,02:00:00:2b:45:d6,2026-07-29 15:57:52,33.4,51.8089773,4.6692312,1,Dordrecht,NL
Rotterdam,Rotterdam_T2,02:00:00:53:19:f2,2026-07-29 16:01:59,33.9,51.81028,4.67508,2,Dordrecht,NL
Rotterdam,Rotterdam_T2,02:00:00:33:e7:ec,2026-07-29 15:57:09,33.2,51.8094,4.6923,0,Dordrecht,NL
Rotterdam,Rotterdam_T2,02:00:00:b5:47:56,2026-07-29 15:55:02,36.0,51.818188,4.696665,0,Dordrecht,NL
Rotterdam,Rotterdam_T2,02:00:00:00:ac:e6,2026-07-29 15:59:08,33.5,51.810854,4.707612,0,Dordrecht,NL
Rotterdam,Rotterdam_T2,02:00:00:74:52:96,2026-07-29 15:56:16,34.7,51.808978,4.712347,1,Dordrecht,NL
Rotterdam,Rotterdam_T2,02:00:00:73:e7:5e,2026-07-29 15:56:41,33.9,51.812169,4.721084,3,Dordrecht,NL
Rotterdam,Rotterdam_T2,02:00:00:5f:2b:2a,2026-07-29 15:57:33,34.2,51.820938,4.776139,0,Sliedrecht,NL
Rotterdam,Rotterdam_T2,02:00:00:03:08:c4,2026-07-29 15:56:47,33.8,51.8260290881141,4.63469352136255,0,Zwijndrecht,NL
Rotterdam,Rotterdam_T2,02:00:00:17:60:dc,2026-07-29 16:02:29,39.4,51.826808,4.635451,0,Hendrik-Ido-Ambacht,NL
Rotterdam,Rotterdam_T2,02:00:00:b5:04:f6,2026-07-29 16:03:24,33.9,51.83483,4.63553300000004,0,Hendrik-Ido-Ambacht,NL
Rotterdam,Rotterdam_T2,02:00:00:96:ed:3c,2026-07-29 15:58:21,40.6,51.82454,4.641504,1,Zwijndrecht,NL
Rotterdam,Rotterdam_T2,02:00:00:ab:be:ca,2026-07-29 16:00:02,36.6,51.831313,4.650972,0,Hendrik-Ido-Ambacht,NL
Rotterdam,Rotterdam_T2,02:00:00:90:5e:02,2026-07-29 16:02:40,35.6,51.8328687987182,4.65461719960314,0,Hendrik-Ido-Ambacht,NL
Rotterdam,Rotterdam_T2,02:00:00:2e:f5:66,2026-07-29 15:57:17,38.2,51.8246479517936,4.69556886943296,3,Papendrecht,NL
Rotterdam,Rotterdam_T2,02:00:00:02:f8:d2,2026-07-29 16:03:41,33.0,51.830784,4.693737,0,Papendrecht,NL
Rotterdam,Rotterdam_T2,02:00:00:05:3a:d4,2026-07-29 15:55:07,33.1,51.835116,4.699154,0,Papendrecht,NL
Rotterdam,Rotterdam_T2,02:00:00:01:6c:ba,2026-07-29 16:03:51,37.5,51.832822,4.716019,0,Papendrecht,NL
Rotterdam,Rotterdam_T2,02:00:00:a4:2f:a0,2026-07-29 16:02:10,35.0,51.834282,4.725904,0,Papendrecht,NL
Rotterdam,Rotterdam_T2,02:00:00:7a:f4:24,2026-07-29 15:57:57,33.7,51.83135,4.73932,0,Sliedrecht,NL
Rotterdam,Rotterdam_T2,02:00:00:90:63:78,2026-07-29 15:53:39,38.7,51.829632,4.741648,0,Sliedrecht,NL
Rotterdam,Rotterdam_T2,02:00:00:2e:a2:60,2026-07-29 16:01:06,34.5,51.823319,4.769529,2,Sliedrecht,NL
Rotterdam,Rotterdam_T2,02:00:00:b9:51:62,2026-07-29 15:58:41,34.9,51.826993,4.768938,0,Sliedrecht,NL
Rotterdam,Rotterdam_T2,02:00:00:58:e7:dc,2026-07-29 16:00:51,39.5,51.82893,4.7746744,0,Sliedrecht,NL
Rotterdam,Rotterdam_T2,02:00:00:9c:e3:aa,2026-07-29 15:56:12,37.4,51.84917,4.527803,0,Barendrecht,NL
Rotterdam,Rotterdam_T2,02:00:00:c3:9b:62,2026-07-29 16:01:54,37.5,51.849767,4.528578,0,Barendrecht,NL
Rotterdam,Rotterdam_T2,02:00:00:13:6d:1e,2026-07-29 15:59:05,36.1,51.8457068299844,4.53018609416509,0,Barendrecht,NL
Rotterdam,Rotterdam_T2,02:00:00:bd:ca:ee,2026-07-29 16:02:35,32.3,51.837578,4.56538,0,Zwijndrecht,NL
Rotterdam,Rotterdam_T2,02:00:00:53:51:ca,2026-07-29 16:01:18,34.4,51.8461,4.6222,0,Hendrik-Ido-Ambacht,NL
Rotterdam,Rotterdam_T2,02:00:00:a4:32:cc,2026-07-29 15:57:27,36.7,51.837101,4.62578,0,Hendrik-Ido-Ambacht,NL
Rotterdam,Rotterdam_T2,02:00:00:53:51:2c,2026-07-29 15:56:59,33.9,51.844794,4.625316,1,Hendrik-Ido-Ambacht,NL
Rotterdam,Rotterdam_T2,02:00:00:1e:2a:48,2026-07-29 16:02:28,38.0,51.846038,4.644288,0,Hendrik-Ido-Ambacht,NL
Rotterdam,Rotterdam_T2,02:00:00:01:99:06,2026-07-29 16:01:31,34.8,51.8444519042969,4.64823341369629,0,Hendrik-Ido-Ambacht,NL
Rotterdam,Rotterdam_T2,02:00:00:9c:d6:e2,2026-07-29 15:56:54,35.6,51.8484725,4.64770970000002,0,Hendrik-Ido-Ambacht,NL
Rotterdam,Rotterdam_T2,02:00:00:13:43:fc,2026-07-29 16:02:37,32.8,51.838594,4.687114,0,Papendrecht,NL
Rotterdam,Rotterdam_T2,02:00:00:05:4f:b4,2026-07-29 15:53:58,33.0,51.837783,4.6947,0,Papendrecht,NL
Rotterdam,Rotterdam_T2,02:00:00:52:ce:60,2026-07-29 16:01:37,38.1,51.837197,4.695891,0,Papendrecht,NL
Rotterdam,Rotterdam_T2,02:00:00:5f:4f:d4,2026-07-29 15:57:56,32.7,51.839607,4.695527,0,Papendrecht,NL
Rotterdam,Rotterdam_T2,02:00:00:90:bf:70,2026-07-29 16:00:41,33.0,51.845082,4.759073,0,Wijngaarden,NL
Rotterdam,Rotterdam_T2,02:00:00:58:d4:88,2026-07-29 16:02:22,35.7,51.845867,4.767669,0,Wijngaarden,NL
Rotterdam,Rotterdam_T2,02:00:00:b5:35:2e,2026-07-29 15:56:53,33.5,51.850944519043,4.50105762481689,0,Barendrecht,NL
Rotterdam,Rotterdam_T2,02:00:00:7f:a4:46,2026-07-29 15:56:47,34.9,51.851529,4.522241,0,Barendrecht,NL
Rotterdam,Rotterdam_T2,02:00:00:02:82:f2,2026-07-29 16:01:58,32.8,51.8602367464072,4.50501659125155,0,Barendrecht,NL
Rotterdam,Rotterdam_T2,02:00:00:c3:b2:18,2026-07-29 15:55:51,36.4,51.8521,4.5326,0,Barendrecht,NL
Rotterdam,Rotterdam_T2,02:00:00:c6:1e:9c,2026-07-29 15:56:55,34.7,51.8512913,4.5388609,0,Barendrecht,NL
Rotterdam,Rotterdam_T2,02:00:00:2b:53:10,2026-07-29 16:00:20,36.5,51.8507,4.5433,1,Barendrecht,NL
Rotterdam,Rotterdam_T2,02:00:00:b2:c8:82,2026-07-29 15:55:08,35.7,51.851793,4.551932,0,Barendrecht,NL
Rotterdam,Rotterdam_T2,02:00:00:1e:20:3a,2026-07-29 16:01:19,31.9,51.863885,4.618079,2,Ridderkerk,NL
Rotterdam,Rotterdam_T2,02:00:00:74:08:42,2026-07-29 16:03:55,35.3,51.8638061815087,4.66653974298046,0,Alblasserdam,NL
Rotterdam,Rotterdam_T2,02:00:00:7a:d6:98,2026-07-29 15:58:22,38.3,51.8582886490179,4.67739777468356,0,Alblasserdam,NL
Rotterdam,Rotterdam_T2,02:00:00:32:df:04,2026-07-29 16:00:26,35.5,51.863296,4.674894,0,Alblasserdam,NL
Rotterdam,Rotterdam_T2,02:00:00:52:df:62,2026-07-29 16:03:15,37.8,51.873433,4.51783,0,Rotterdam,NL
Rotterdam,Rotterdam_T2,02:00:00:a2:2b:36,2026-07-29 16:02:52,38.1,51.869744,4.528011,0,Rotterdam,NL
Rotterdam,Rotterdam_T2,02:00:00:5e:ff:d4,2026-07-29 16:03:41,31.5,51.8771436,4.5560899,0,Rotterdam,NL
Rotterdam,Rotterdam_T2,02:00:00:1c:85:22,2026-07-29 15:55:47,31.6,51.870378,4.58902600000004,0,Ridderkerk,NL
Rotterdam,Rotterdam_T2,02:00:00:04:6c:20,2026-07-29 16:03:06,36.0,51.870793,4.599033,1,Ridderkerk,NL
Rotterdam,Rotterdam_T2,02:00:00:2b:1a:52,2026-07-29 15:56:57,34.7,51.867130128204,4.61134004556698,0,Ridderkerk,NL
Rotterdam,Rotterdam_T2,02:00:00:7b:03:7e,2026-07-29 15:56:41,34.3,51.865452,4.621353,0,Ridderkerk,NL
Rotterdam,Rotterdam_T2,02:00:00:1e:29:ba,2026-07-29 15:55:17,31.7,51.8652853599595,4.62251235910136,0,Ridderkerk,NL
Rotterdam,Rotterdam_T2,02:00:00:37:16:28,2026-07-29 15:59:45,33.7,51.872911,4.635849,2,Alblasserdam,NL
Rotterdam,Rotterdam_T2,02:00:00:a9:93:ca,2026-07-29 15:58:40,33.0,51.8696937561035,4.65859460830688,0,Alblasserdam,NL
Rotterdam,Rotterdam_T2,02:00:00:1e:29:cc,2026-07-29 15:59:04,34.7,51.86924,4.6605825,0,Alblasserdam,NL
Rotterdam,Rotterdam_T2,02:00:00:2b:50:0e,2026-07-29 15:55:12,31.6,51.8712989,4.65991630000008,0,Alblasserdam,NL
Rotterdam,Rotterdam_T2,02:00:00:9d:2a:32,2026-07-29 16:01:07,33.6,51.869708,4.664244,0,Alblasserdam,NL
Rotterdam,Rotterdam_T2,02:00:00:a4:89:38,2026-07-29 15:59:10,35.9,51.8930892944336,4.50360250473022,0,Rotterdam,NL
Rotterdam,Rotterdam_T2,02:00:00:c3:ad:1a,2026-07-29 15:57:39,33.2,51.8807193,4.50595980000008,0,Rotterdam,NL
Rotterdam,Rotterdam_T2,02:00:00:c2:2f:c0,2026-07-29 15:54:10,33.4,51.889758,4.545007,1,Rotterdam,NL
Rotterdam,Rotterdam_T2,02:00:00:8d:e1:c2,2026-07-29 15:54:21,31.2,51.8884899381623,4.54850133742931,0,Rotterdam,NL
Rotterdam,Rotterdam_T2,02:00:00:84:0b:be,2026-07-29 16:01:34,38.3,51.889212,4.579173,0,Ridderkerk,NL
Rotterdam,Rotterdam_T2,02:00:00:58:db:7c,2026-07-29 15:58:16,32.6,51.890317,4.584484,0,Ridderkerk,NL
Rotterdam,Rotterdam_T2,02:00:00:a4:31:1c,2026-07-29 16:03:15,35.3,51.879825592041,4.59871816635132,0,Ridderkerk,NL
Rotterdam,Rotterdam_T2,02:00:00:b5:1e:34,2026-07-29 16:03:05,32.3,51.8856163024902,4.63144016265869,0,Kinderdijk,NL
Rotterdam,Rotterdam_T2,02:00:00:52:d7:a6,2026-07-29 15:55:50,36.1,51.8914709229222,4.62865591049194,1,Krimpenerwaard,NL
Rotterdam,Rotterdam_T2,02:00:00:2e:ef:ca,2026-07-29 15:58:01,32.3,51.884896,4.675329,0,Nieuw-Lekkerland,NL
Rotterdam,Rotterdam_T2,02:00:00:6b:33:b2,2026-07-29 15:54:55,36.5,51.88994,4.6878767,1,Nieuw-Lekkerland,NL
Rotterdam,Rotterdam_T2,02:00:00:bd:03:12,2026-07-29 15:58:48,40.4,51.883711,4.713311,0,Nieuw-Lekkerland,NL
Rotterdam,Rotterdam_T2,02:00:00:01:7f:1c,2026-07-29 15:58:16,33.4,51.8943,4.5082,0,Rotterdam,NL
Rotterdam,Rotterdam_T2,02:00:00:58:de:d6,2026-07-29 16:00:32,36.1,51.8943,4.5082,0,Rotterdam,NL
Rotterdam,Rotterdam_T2,02:00:00:b5:52:44,2026-07-29 15:54:58,32.0,51.897498,4.521842,3,Rotterdam,NL
Rotterdam,Rotterdam_T2,02:00:00:90:7f:7a,2026-07-29 16:00:12,31.9,51.898163,4.583361,2,Ridderkerk,NL
Rotterdam,Rotterdam_T2,02:00:00:a4:1d:76,2026-07-29 15:55:11,31.7,51.8956518077123,4.58617498801652,2,Ridderkerk,NL
Rotterdam,Rotterdam_T2,02:00:00:02:d1:3e,2026-07-29 16:04:01,36.0,51.8949535894151,4.63425776535564,5,Krimpenerwaard,NL
Rotterdam,Rotterdam_T2,02:00:00:90:f8:1a,2026-07-29 15:59:35,39.6,51.90005,4.74020999999998,0,Streefkerk,NL
Rotterdam,Rotterdam_T2,02:00:00:70:58:6c,2026-07-29 16:03:49,43.3,51.898848,4.7463,0,Streefkerk,NL
Rotterdam,Rotterdam_T2,02:00:00:31:b2:be,2026-07-29 16:02:34,31.8,51.912961,4.502522,0,Rotterdam,NL
Rotterdam,Rotterdam_T2,02:00:00:21:1a:8c,2026-07-29 15:57:30,33.6,51.920843,4.512827,6,Rotterdam,NL
Rotterdam,Rotterdam_T2,02:00:00:00:e9:aa,2026-07-29 15:56:45,34.7,51.916282,4.516513,16,Rotterdam,NL
Rotterdam,Rotterdam_T2,02:00:00:bd:0d:c0,2026-07-29 15:57:42,36.8,51.912598,4.5591,0,Capelle aan den IJssel,NL
Rotterdam,Rotterdam_T2,02:00:00:52:cb:e6,2026-07-29 15:59:15,35.7,51.9176414235296,4.55918770730171,2,Capelle aan den IJssel,NL
Rotterdam,Rotterdam_T2,02:00:00:8d:cf:a6,2026-07-29 15:57:17,34.7,51.912861,4.56011,0,Capelle aan den IJssel,NL
Rotterdam,Rotterdam_T2,02:00:00:83:b5:bc,2026-07-29 16:02:09,36.2,51.918131,4.570922,0,Capelle aan den IJssel,NL
Rotterdam,Rotterdam_T2,02:00:00:6b:2a:74,2026-07-29 16:02:28,32.9,51.910033,4.590531,0,Krimpen aan den IJssel,NL
Rotterdam,Rotterdam_T2,02:00:00:74:33:ba,2026-07-29 15:56:22,39.0,51.917253,4.581886,2,Krimpen aan den IJssel,NL
Rotterdam,Rotterdam_T2,02:00:00:03:dd:5e,2026-07-29 15:56:41,34.3,51.9143534,4.59623250000004,0,Krimpen aan den IJssel,NL
Rotterdam,Rotterdam_T2,02:00:00:3d:24:60,2026-07-29 16:04:09,33.7,51.9092152187443,4.60752285502784,0,Krimpen aan den IJssel,NL
Rotterdam,Rotterdam_T2,02:00:00:af:7d:d6,2026-07-29 16:03:34,31.9,51.910542,4.610582,0,Krimpen aan den IJssel,NL
Rotterdam,Rotterdam_T2,02:00:00:63:44:d2,2026-07-29 15:54:59,30.9,51.91956969428,4.6570497751236,0,Ouderkerk aan den IJssel,NL
Rotterdam,Rotterdam_T2,02:00:00:34:04:94,2026-07-29 16:01:47,36.5,51.9094901,4.68375689999993,0,Krimpenerwaard,NL
Rotterdam,Rotterdam_T2,02:00:00:03:5d:4c,2026-07-29 16:00:47,36.1,51.92282,4.518588,1,Rotterdam,NL
Rotterdam,Rotterdam_T2,02:00:00:c3:80:a6,2026-07-29 15:59:05,38.2,51.931264,4.550389,0,Rotterdam,NL
Rotterdam,Rotterdam_T2,02:00:00:3c:00:22,2026-07-29 15:59:48,37.3,51.93424,4.553542,0,Rotterdam,NL
Rotterdam,Rotterdam_T2,02:00:00:28:97:a6,2026-07-29 15:56:09,36.0,51.931049,4.584571,0,Capelle aan den IJssel,NL
Rotterdam,Rotterdam_T2,02:00:00:63:42:f8,2026-07-29 15:59:51,35.4,51.9293733342703,4.59409007318868,0,Capelle aan den IJssel,NL
Rotterdam,Rotterdam_T2,02:00:00:c5:38:c2,2026-07-29 16:03:35,31.6,51.93312,4.604641,0,Capelle aan den IJssel,NL
Rotterdam,Rotterdam_T2,02:00:00:9d:26:5e,2026-07-29 16:01:29,32.8,51.932651,4.605686,0,Capelle aan den IJssel,NL
Rotterdam,Rotterdam_T2,02:00:00:5f:3b:64,2026-07-29 16:03:57,29.6,51.934994,4.73829,0,Krimpenerwaard,NL
Rotterdam,Rotterdam_T2,02:00:00:65:4e:e0,2026-07-29 15:58:55,29.4,51.945285,4.535755,0,Rotterdam,NL
Rotterdam,Rotterdam_T2,02:00:00:01:28:b8,2026-07-29 15:57:38,35.1,51.9411495701722,4.56710300000004,0,Capelle aan den IJssel,NL
Rotterdam,Rotterdam_T2,02:00:00:b5:01:6e,2026-07-29 15:55:24,32.5,51.947535,4.577741,0,Capelle aan den IJssel,NL
Rotterdam,Rotterdam_T2,02:00:00:73:ee:82,2026-07-29 15:56:34,34.0,51.943974,4.7075996,0,Krimpenerwaard,NL
Rotterdam,Rotterdam_T2,02:00:00:90:c6:f6,2026-07-29 15:54:26,35.7,51.9442388535085,4.70877000000014,0,Berkenwoude,NL
Rotterdam,Rotterdam_T2,02:00:00:03:a2:42,2026-07-29 15:58:28,31.4,51.959495,4.500036,0,Rotterdam,NL
Rotterdam,Rotterdam_T2,02:00:00:13:85:7e,2026-07-29 16:03:27,32.6,51.956141511216,4.50468333618164,0,Rotterdam,NL
Rotterdam,Rotterdam_T2,02:00:00:2a:d5:58,2026-07-29 16:02:05,30.5,51.9642850413781,4.50498007983016,0,Rotterdam,NL
Rotterdam,Rotterdam_T2,02:00:00:2f:0f:2e,2026-07-29 16:03:55,33.0,51.9536204,4.5346555,0,Rotterdam,NL
Rotterdam,Rotterdam_T2,02:00:00:90:b5:0c,2026-07-29 16:03:23,31.7,51.954033,4.534729,0,Rotterdam,NL
Rotterdam,Rotterdam_T2,02:00:00:a9:a6:c2,2026-07-29 15:58:34,35.9,51.9637222290039,4.52992153167725,0,Rotterdam,NL
Rotterdam,Rotterdam_T2,02:00:00:03:cb:de,2026-07-29 15:57:41,36.9,51.9617,4.5476,0,Rotterdam,NL
Rotterdam,Rotterdam_T2,02:00:00:bc:ab:08,2026-07-29 15:56:13,34.2,51.955691,4.5518,0,Rotterdam,NL
Rotterdam,Rotterdam_T2,02:00:00:33:c5:7e,2026-07-29 15:59:22,33.8,51.9549659,4.58058359999995,0,Capelle aan den IJssel,NL
Rotterdam,Rotterdam_T2,02:00:00:2e:a5:98,2026-07-29 15:55:16,37.4,51.964966611571,4.57781134581205,0,Rotterdam,NL
Rotterdam,Rotterdam_T2,02:00:00:13:43:b2,2026-07-29 15:58:32,36.1,51.9569458952657,4.58524636924699,0,Capelle aan den IJssel,NL
Rotterdam,Rotterdam_T2,02:00:00:52:e9:96,2026-07-29 16:03:23,33.4,51.9518241882324,4.59466314315796,0,Capelle aan den IJssel,NL
Rotterdam,Rotterdam_T2,02:00:00:c2:37:e4,2026-07-29 15:56:36,34.3,51.964299,4.598212,0,Nieuwerkerk aan den IJssel,NL
Rotterdam,Rotterdam_T2,02:00:00:05:7d:2c,2026-07-29 16:01:47,36.5,51.963498,4.61159800000003,0,Nieuwerkerk aan den IJssel,NL
Rotterdam,Rotterdam_T3,02:00:00:63:1a:22,2026-07-29 16:01:04,34.6,51.6236701089152,4.34694113409063,0,Steenbergen,NL
Rotterdam,Rotterdam_T3,02:00:00:c6:2c:46,2026-07-29 16:01:13,37.4,51.631416,4.372295,0,Dinteloord,NL
Rotterdam,Rotterdam_T3,02:00:00:20:b9:22,2026-07-29 15:59:58,37.8,51.6701335,4.4339254,0,Moerdijk,NL
Rotterdam,Rotterdam_T3,02:00:00:9c:dc:78,2026-07-29 15:56:55,39.9,51.688968,4.220192,0,Oude-Tonge,NL
Rotterdam,Rotterdam_T3,02:00:00:03:c6:e6,2026-07-29 15:54:50,37.0,51.67676,4.280786,1,Achthuizen,NL
Rotterdam,Rotterdam_T3,02:00:00:00:c0:58,2026-07-29 15:55:45,34.8,51.6819045,4.34173109999998,0,Ooltgensplaat,NL
Rotterdam,Rotterdam_T3,02:00:00:27:a4:b8,2026-07-29 15:57:06,33.3,51.6812508926277,4.35058694333247,1,Goeree-Overflakkee,NL
Rotterdam,Rotterdam_T3,02:00:00:a9:e2:48,2026-07-29 16:00:06,34.1,51.701777,4.25903699999997,0,Den Bommel,NL
Rotterdam,Rotterdam_T3,02:00:00:7a:f8:86,2026-07-29 15:58:39,32.7,51.715689,4.281123,0,Den Bommel,NL
Rotterdam,Rotterdam_T3,02:00:00:a4:47:94,2026-07-29 16:00:11,33.9,51.728052,4.43449,0,Numansdorp,NL
Rotterdam,Rotterdam_T3,02:00:00:84:04:a0,2026-07-29 16:00:13,35.2,51.729639,4.443646,0,Numansdorp,NL
Rotterdam,Rotterdam_T3,02:00:00:ab:c1:52,2026-07-29 15:59:44,36.0,51.7272605895996,4.44469356536865,0,Numansdorp,NL
Rotterdam,Rotterdam_T3,02:00:00:a4:79:32,2026-07-29 15:57:13,36.6,51.7287788391113,4.4539942741394,0,Numansdorp,NL
Rotterdam,Rotterdam_T3,02:00:00:2f:24:58,2026-07-29 15:55:16,31.8,51.7388602,4.23624810000001,0,Goeree-Overflakkee,NL
Rotterdam,Rotterdam_T3,02:00:00:a2:1f:5c,2026-07-29 15:55:59,34.0,51.740426,4.44279,0,Numansdorp,NL
Rotterdam,Rotterdam_T3,02:00:00:22:ea:64,2026-07-29 15:58:45,37.2,51.757101,4.293702,0,Goudswaard,NL
Rotterdam,Rotterdam_T3,02:00:00:64:1b:1e,2026-07-29 16:01:30,31.5,51.757112,4.343231,0,Zuid-Beijerland,NL
Rotterdam,Rotterdam_T3,02:00:00:7f:ba:0e,2026-07-29 16:02:49,35.8,51.753811,4.373477,0,Zuid-Beijerland,NL
Rotterdam,Rotterdam_T3,02:00:00:90:98:0e,2026-07-29 16:03:42,35.9,51.751613,4.374019,0,Zuid-Beijerland,NL
Rotterdam,Rotterdam_T3,02:00:00:84:8d:94,2026-07-29 15:58:19,32.7,51.776696,4.324838,0,Zuid-Beijerland,NL
Rotterdam,Rotterdam_T3,02:00:00:bd:1c:46,2026-07-29 16:01:22,32.4,51.767225,4.471495,0,Klaaswaal,NL
Rotterdam,Rotterdam_T3,02:00:00:74:37:3c,2026-07-29 15:58:46,37.0,51.777489,4.487307,0,Strijen,NL
Rotterdam,Rotterdam_T3,02:00:00:3f:02:c2,2026-07-29 16:03:46,34.3,51.7791628378921,4.35718958692851,0,Nieuw-Beijerland,NL
Rotterdam,Rotterdam_T3,02:00:00:ab:e4:a6,2026-07-29 15:58:41,32.2,51.781329,4.365849,0,Hoeksche Waard,NL
Rotterdam,Rotterdam_T4,02:00:00:a4:28:a8,2026-07-29 16:04:17,35.3,51.619805,4.503271,1,Standdaarbuiten,NL
Rotterdam,Rotterdam_T4,02:00:00:af:68:56,2026-07-29 15:56:46,36.0,51.6195220947266,4.72724771499634,0,Breda,NL
Rotterdam,Rotterdam_T4,02:00:00:90:bd:2e,2026-07-29 16:01:35,33.2,51.619105,4.7308,0,Breda,NL
Rotterdam,Rotterdam_T4,02:00:00:03:b8:52,2026-07-29 15:54:34,41.2,51.619173,4.74028,2,Breda,NL
Rotterdam,Rotterdam_T4,02:00:00:58:f4:d4,2026-07-29 15:58:20,34.5,51.6215203879935,4.73909854888916,1,Breda,NL
Rotterdam,Rotterdam_T4,02:00:00:9c:fd:02,2026-07-29 15:54:32,33.4,51.628404,4.737971,2,Breda,NL
Rotterdam,Rotterdam_T4,02:00:00:7f:a8:1a,2026-07-29 15:55:37,32.1,51.6410548,4.534419,0,Noordhoek,NL
Rotterdam,Rotterdam_T4,02:00:00:5e:fc:2c,2026-07-29 15:55:29,35.3,51.6389694213867,4.58760547637939,0,Moerdijk,NL
Rotterdam,Rotterdam_T4,02:00:00:2b:2d:80,2026-07-29 16:01:58,36.8,51.646379,4.590162,0,Zevenbergen,NL
Rotterdam,Rotterdam_T4,02:00:00:33:cf:c8,2026-07-29 16:01:49,38.5,51.6427,4.5961,0,Zevenbergen,NL
Rotterdam,Rotterdam_T4,02:00:00:06:00:2c,2026-07-29 15:59:58,34.1,51.636705,4.600655,0,Zevenbergen,NL
Rotterdam,Rotterdam_T4,02:00:00:02:96:12,2026-07-29 16:03:44,36.6,51.6369220170065,4.60304491819187,0,Zevenbergen,NL
Rotterdam,Rotterdam_T4,02:00:00:03:0d:3c,2026-07-29 15:53:46,35.3,51.645013,4.755716,2,Terheijden,NL
Rotterdam,Rotterdam_T4,02:00:00:a9:d1:fc,2026-07-29 15:54:48,39.5,51.6504440307617,4.58930969238281,1,Zevenbergen,NL
Rotterdam,Rotterdam_T4,02:00:00:12:95:e4,2026-07-29 15:57:55,40.4,51.647162,4.600765,0,Zevenbergen,NL
Rotterdam,Rotterdam_T4,02:00:00:9d:1b:b0,2026-07-29 15:56:54,34.5,51.6499862670898,4.75294923782349,0,Terheijden,NL
Rotterdam,Rotterdam_T4,02:00:00:02:5e:18,2026-07-29 16:00:46,33.2,51.647886,4.758551,1,Terheijden,NL
Rotterdam,Rotterdam_T4,02:00:00:3f:4e:cc,2026-07-29 15:56:54,31.5,51.6623510462909,4.53449203439712,1,Moerdijk,NL
Rotterdam,Rotterdam_T4,02:00:00:01:06:8e,2026-07-29 15:56:27,34.4,51.674017,4.678985,3,Zevenbergschen Hoek,NL
Rotterdam,Rotterdam_T4,02:00:00:69:2e:a8,2026-07-29 15:59:35,31.9,51.705344,4.707075,0,Lage Zwaluwe,NL
Rotterdam,Rotterdam_T4,02:00:00:9d:0d:18,2026-07-29 16:02:20,36.0,51.73732,4.549589,0,Strijen,NL
Rotterdam,Rotterdam_T4,02:00:00:33:d7:fa,2026-07-29 16:01:51,34.3,51.746345,4.553707,1,Strijen,NL
Rotterdam,Rotterdam_T4,02:00:00:5f:62:96,2026-07-29 16:00:04,37.7,51.7492420431945,4.54995453357697,0,Strijen,NL
Rotterdam,Rotterdam_T4,02:00:00:a4:44:86,2026-07-29 15:55:22,29.6,51.7487564086914,4.59236669540405,0,'s-Gravendeel,NL
Rotterdam,Rotterdam_T4,02:00:00:53:32:78,2026-07-29 15:59:45,37.9,51.7504501342773,4.61845016479492,0,Hoeksche Waard,NL
Rotterdam,Rotterdam_T4,02:00:00:28:6a:7a,2026-07-29 16:02:15,31.4,51.774143,4.6138062,0,Hoeksche Waard,NL
Rotterdam,Rotterdam_T4,02:00:00:70:1b:dc,2026-07-29 16:03:21,36.6,51.7729074168659,4.65993347846955,0,Dordrecht,NL
Rotterdam,Rotterdam_T4,02:00:00:b5:71:d0,2026-07-29 16:03:34,33.0,51.772762,4.674453,0,Dordrecht,NL
Rotterdam,Rotterdam_T4,02:00:00:1f:78:9a,2026-07-29 15:56:22,31.2,51.777599,4.676314,0,Dordrecht,NL
Rotterdam,Rotterdam_T4,02:00:00:ab:bf:08,2026-07-29 15:59:13,33.2,51.776596,4.6821218,1,Dordrecht,NL
Rotterdam,Rotterdam_T4,02:00:00:2e:ad:88,2026-07-29 15:56:09,32.1,51.784425,4.55715,0,Hoeksche Waard,NL
Rotterdam,Rotterdam_T4,02:00:00:96:e0:b4,2026-07-29 15:56:11,33.2,51.787051,4.56029,0,Maasdam,NL
Rotterdam,Rotterdam_T4,02:00:00:05:86:c6,2026-07-29 15:57:01,33.4,51.79149,4.55400000000011,0,Hoeksche Waard,NL
Rotterdam,Rotterdam_T4,02:00:00:63:1e:e6,2026-07-29 16:00:36,31.8,51.782463,4.596613,0,Hoeksche Waard,NL
Rotterdam,Rotterdam_T4,02:00:00:b5:02:84,2026-07-29 15:53:56,35.4,51.782564,4.606451,0,'s-Gravendeel,NL
Rotterdam,Rotterdam_T4,02:00:00:b2:b9:b0,2026-07-29 15:54:34,33.3,51.780144,4.613583,0,'s-Gravendeel,NL
Rotterdam,Rotterdam_T4,02:00:00:73:98:14,2026-07-29 15:59:03,38.8,51.777908,4.62446,0,'s-Gravendeel,NL
Rotterdam,Rotterdam_T4,02:00:00:03:88:2e,2026-07-29 16:02:40,33.0,51.7907752990723,4.65260601043701,4,Dordrecht,NL
Rotterdam,Rotterdam_T4,02:00:00:c2:7f:ba,2026-07-29 15:55:21,34.4,51.7885793,4.6604208,3,Dordrecht,NL
Rotterdam,Rotterdam_T4,02:00:00:b9:40:8c,2026-07-29 15:54:32,32.4,51.7833036,4.67555490000007,0,Dordrecht,NL
Rotterdam,Rotterdam_T4,02:00:00:58:ce:38,2026-07-29 16:02:19,35.9,51.791078910246,4.69140350818634,0,Dordrecht,NL
