city_area,tile_id,device_id,timestamp_amsterdam,temperature_c,latitude,longitude,altitude_m,location_name,country
Utrecht,Utrecht_T1,02:00:00:a9:7a:0e,2026-08-27 14:16:00,25.7,52.140232,5.0987544,0,Tienhoven,NL
Utrecht,Utrecht_T1,02:00:00:37:12:66,2026-08-27 14:12:09,27.4,52.179145,5.068822,0,Breukeleveen,NL
Utrecht,Utrecht_T1,02:00:00:02:f6:0e,2026-08-27 14:17:19,26.8,52.197652,5.132777,2,Loosdrecht,NL
Utrecht,Utrecht_T1,02:00:00:b0:a9:90,2026-08-27 14:15:57,27.6,52.200455,5.136932,3,Loosdrecht,NL
Utrecht,Utrecht_T1,02:00:00:64:1b:94,2026-08-27 14:16:51,27.3,52.20692,5.09326999999999,1,Loosdrecht,NL
Utrecht,Utrecht_T1,02:00:00:7a:8e:26,2026-08-27 14:10:56,27.9,52.205303,5.096588,0,Loosdrecht,NL
Utrecht,Utrecht_T1,02:00:00:00:10:50,2026-08-27 14:13:02,26.2,52.2050161837691,5.12837827205658,3,Loosdrecht,NL
Utrecht,Utrecht_T1,02:00:00:7b:01:10,2026-08-27 14:11:14,27.1,52.205692,5.131749,1,Loosdrecht,NL
Utrecht,Utrecht_T1,02:00:00:3c:ed:a2,2026-08-27 14:12:23,27.4,52.204017,5.140781,2,Loosdrecht,NL
Utrecht,Utrecht_T1,02:00:00:bd:fd:a6,2026-08-27 14:15:20,26.4,52.2087615,5.16269899999998,13,Hilversum,NL
Utrecht,Utrecht_T1,02:00:00:27:70:80,2026-08-27 14:16:31,29.6,52.209459,5.167922,18,Hilversum,NL
Utrecht,Utrecht_T1,02:00:00:b5:4f:02,2026-08-27 14:11:18,27.1,52.2167510750697,5.15140235424042,4,Hilversum,NL
Utrecht,Utrecht_T1,02:00:00:c3:82:e2,2026-08-27 14:18:53,25.2,52.212936,5.157038,6,Hilversum,NL
Utrecht,Utrecht_T1,02:00:00:01:3a:f2,2026-08-27 14:09:25,25.7,52.2149722583813,5.16004279666198,7,Hilversum,NL
Utrecht,Utrecht_T1,02:00:00:7a:7b:b6,2026-08-27 14:16:18,28.0,52.216152,5.1599503,9,Hilversum,NL
Utrecht,Utrecht_T1,02:00:00:27:9d:5e,2026-08-27 14:13:34,28.8,52.2139047447403,5.17507553100586,15,Hilversum,NL
Utrecht,Utrecht_T1,02:00:00:2c:c0:f8,2026-08-27 14:16:11,26.4,52.215289,5.191587,6,Hilversum,NL
Utrecht,Utrecht_T1,02:00:00:a9:99:4e,2026-08-27 14:11:25,25.3,52.217244,5.19999860000001,6,Hilversum,NL
Utrecht,Utrecht_T1,02:00:00:53:5a:42,2026-08-27 14:10:00,26.4,52.218062,5.125525,1,Hilversum,NL
Utrecht,Utrecht_T1,02:00:00:bc:cd:8a,2026-08-27 14:11:47,28.0,52.2181299999999,5.12974530000001,1,Hilversum,NL
Utrecht,Utrecht_T1,02:00:00:32:e1:fc,2026-08-27 14:09:18,25.7,52.21986,5.138679,0,Hilversum,NL
Utrecht,Utrecht_T1,02:00:00:9c:fe:ea,2026-08-27 14:14:50,25.1,52.221093,5.142468,4,Hilversum,NL
Utrecht,Utrecht_T1,02:00:00:27:41:20,2026-08-27 14:16:29,25.9,52.221503317108,5.17643809318542,7,Hilversum,NL
Utrecht,Utrecht_T1,02:00:00:7f:c0:96,2026-08-27 14:12:30,27.1,52.22016524,5.18491051,8,Hilversum,NL
Utrecht,Utrecht_T1,02:00:00:64:32:10,2026-08-27 14:13:59,27.1,52.223183,5.198284,5,Hilversum,NL
Utrecht,Utrecht_T1,02:00:00:a4:2e:9e,2026-08-27 14:12:34,27.7,52.057163,5.071938,1,Nieuwegein,NL
Utrecht,Utrecht_T1,02:00:00:a9:c0:b8,2026-08-27 14:09:20,25.7,52.058835,5.135174,4,Utrecht,NL
Utrecht,Utrecht_T1,02:00:00:bd:cd:b0,2026-08-27 14:12:52,26.1,52.061641,5.128472,3,Utrecht,NL
Utrecht,Utrecht_T1,02:00:00:bd:dc:c4,2026-08-27 14:15:40,25.6,52.0630189775525,5.12959063053131,4,Utrecht,NL
Utrecht,Utrecht_T1,02:00:00:27:58:00,2026-08-27 14:17:48,28.3,52.06631,5.128964,4,Utrecht,NL
Utrecht,Utrecht_T1,02:00:00:2e:c2:fe,2026-08-27 14:13:43,26.0,52.060052,5.134025,4,Utrecht,NL
Utrecht,Utrecht_T1,02:00:00:3e:ec:de,2026-08-27 14:09:46,25.3,52.0628885050208,5.13711911594507,4,Utrecht,NL
Utrecht,Utrecht_T1,02:00:00:28:ec:80,2026-08-27 14:14:52,27.5,52.065526,5.200063,5,Bunnik,NL
Utrecht,Utrecht_T1,02:00:00:63:34:44,2026-08-27 14:13:39,27.6,52.0706,5.0769,0,Utrecht,NL
Utrecht,Utrecht_T1,02:00:00:02:f3:b2,2026-08-27 14:11:41,27.5,52.0684013366699,5.10129976272583,4,Utrecht,NL
Utrecht,Utrecht_T1,02:00:00:02:26:50,2026-08-27 14:17:26,25.9,52.0673127854311,5.1019960641861,3,Utrecht,NL
Utrecht,Utrecht_T1,02:00:00:c2:89:3a,2026-08-27 14:17:50,26.4,52.069,5.1024,4,Utrecht,NL
Utrecht,Utrecht_T1,02:00:00:b5:00:ce,2026-08-27 14:10:12,27.5,52.069854,5.12234250000003,4,Utrecht,NL
Utrecht,Utrecht_T1,02:00:00:a9:6f:5c,2026-08-27 14:10:32,26.0,52.073802947998,5.12334251403809,5,Utrecht,NL
Utrecht,Utrecht_T1,02:00:00:1e:2a:90,2026-08-27 14:11:57,26.6,52.070201,5.125238,4,Utrecht,NL
Utrecht,Utrecht_T1,02:00:00:65:70:6e,2026-08-27 14:17:07,26.9,52.069762,5.187772,3,Bunnik,NL
Utrecht,Utrecht_T1,02:00:00:1b:06:58,2026-08-27 14:11:44,25.6,52.0673070316701,5.19202797330763,5,Bunnik,NL
Utrecht,Utrecht_T1,02:00:00:83:ec:80,2026-08-27 14:15:04,26.6,52.077263,5.0638604,0,Utrecht,NL
Utrecht,Utrecht_T1,02:00:00:2f:04:02,2026-08-27 14:12:07,28.3,52.08055,5.122316,6,Utrecht,NL
Utrecht,Utrecht_T1,02:00:00:69:29:62,2026-08-27 14:10:15,26.7,52.0756661902043,5.13833000000005,6,Utrecht,NL
Utrecht,Utrecht_T1,02:00:00:90:79:e6,2026-08-27 14:11:53,26.7,52.07892,5.14051000000002,4,Utrecht,NL
Utrecht,Utrecht_T1,02:00:00:53:25:54,2026-08-27 14:11:00,26.6,52.081985,5.087011,2,Utrecht,NL
Utrecht,Utrecht_T1,02:00:00:01:04:a2,2026-08-27 14:14:08,25.8,52.086276,5.08958300000004,8,Utrecht,NL
Utrecht,Utrecht_T1,02:00:00:5f:20:4a,2026-08-27 14:10:24,28.8,52.0821,5.108,1,Utrecht,NL
Utrecht,Utrecht_T1,02:00:00:02:9c:e4,2026-08-27 14:15:58,24.7,52.088481,5.143561,2,Utrecht,NL
Utrecht,Utrecht_T1,02:00:00:63:37:c0,2026-08-27 14:12:21,23.9,52.0846376741441,5.14990675244556,4,Utrecht,NL
Utrecht,Utrecht_T1,02:00:00:84:9e:e4,2026-08-27 14:14:37,24.8,52.085608,5.153452,1,Utrecht,NL
Utrecht,Utrecht_T1,02:00:00:58:71:a0,2026-08-27 14:09:41,26.4,52.0910855835456,5.06979963657994,0,Utrecht,NL
Utrecht,Utrecht_T1,02:00:00:8d:c3:0e,2026-08-27 14:19:34,26.2,52.09396,5.067146,1,Utrecht,NL
Utrecht,Utrecht_T1,02:00:00:5e:f9:3e,2026-08-27 14:11:57,26.7,52.095,5.06790999999997,2,Utrecht,NL
Utrecht,Utrecht_T1,02:00:00:b5:8a:96,2026-08-27 14:11:11,26.2,52.0890953545022,5.07631123065949,1,Utrecht,NL
Utrecht,Utrecht_T1,02:00:00:02:ab:72,2026-08-27 14:12:24,27.3,52.089195,5.089759,4,Utrecht,NL
Utrecht,Utrecht_T1,02:00:00:70:58:26,2026-08-27 14:18:43,27.1,52.093772,5.087235,3,Utrecht,NL
Utrecht,Utrecht_T1,02:00:00:b5:3c:02,2026-08-27 14:11:54,26.1,52.0945,5.09406000000001,4,Utrecht,NL
Utrecht,Utrecht_T1,02:00:00:b9:42:72,2026-08-27 14:10:05,26.8,52.0899963378906,5.09774255752563,4,Utrecht,NL
Utrecht,Utrecht_T1,02:00:00:52:c7:3e,2026-08-27 14:13:51,26.9,52.090397,5.101962,3,Utrecht,NL
Utrecht,Utrecht_T1,02:00:00:7a:ee:e8,2026-08-27 14:16:18,28.9,52.094554901123,5.10336303710938,4,Utrecht,NL
Utrecht,Utrecht_T1,02:00:00:3c:db:f4,2026-08-27 14:10:09,26.6,52.092422,5.120636,12,Utrecht,NL
Utrecht,Utrecht_T1,02:00:00:bd:cf:26,2026-08-27 14:13:27,26.2,52.0907374,5.12142010000002,18,Utrecht,NL
Utrecht,Utrecht_T1,02:00:00:27:49:d0,2026-08-27 14:12:40,25.8,52.091476,5.122634,10,Utrecht,NL
Utrecht,Utrecht_T1,02:00:00:5f:20:04,2026-08-27 14:15:20,25.6,52.0938845651776,5.13856323934985,6,Utrecht,NL
Utrecht,Utrecht_T1,02:00:00:c3:a6:ae,2026-08-27 14:15:02,26.8,52.0966653034839,5.07333587462335,0,Utrecht,NL
Utrecht,Utrecht_T1,02:00:00:52:d7:a4,2026-08-27 14:11:18,26.5,52.101415,5.10791,5,Utrecht,NL
Utrecht,Utrecht_T1,02:00:00:28:df:e8,2026-08-27 14:14:29,26.8,52.09981,5.11318999999998,4,Utrecht,NL
Utrecht,Utrecht_T1,02:00:00:b5:97:f6,2026-08-27 14:11:08,26.8,52.100982,5.113231,4,Utrecht,NL
Utrecht,Utrecht_T1,02:00:00:74:7c:d8,2026-08-27 14:12:43,26.9,52.101892,5.11485,3,Utrecht,NL
Utrecht,Utrecht_T1,02:00:00:a4:41:f0,2026-08-27 14:11:19,25.8,52.10156,5.1217494,3,Utrecht,NL
Utrecht,Utrecht_T1,02:00:00:b4:ee:1a,2026-08-27 14:12:37,25.8,52.099659,5.124221,4,Utrecht,NL
Utrecht,Utrecht_T1,02:00:00:ab:f5:26,2026-08-27 14:14:31,27.6,52.099,5.128,0,Utrecht,NL
Utrecht,Utrecht_T1,02:00:00:29:5e:d2,2026-08-27 14:09:09,26.0,52.097858,5.137552,1,Utrecht,NL
Utrecht,Utrecht_T1,02:00:00:01:91:12,2026-08-27 14:18:40,25.2,52.096668,5.141989,6,Utrecht,NL
Utrecht,Utrecht_T1,02:00:00:64:29:de,2026-08-27 14:17:37,26.6,52.105162,5.100294,2,Utrecht,NL
Utrecht,Utrecht_T1,02:00:00:c3:91:06,2026-08-27 14:10:41,27.2,52.103412,5.115149,7,Utrecht,NL
Utrecht,Utrecht_T1,02:00:00:28:cf:22,2026-08-27 14:09:18,26.2,52.107056,5.121125,2,Utrecht,NL
Utrecht,Utrecht_T1,02:00:00:02:a5:b6,2026-08-27 14:13:01,26.9,52.104958,5.13533300000003,4,Utrecht,NL
Utrecht,Utrecht_T1,02:00:00:b5:0b:b6,2026-08-27 14:14:20,27.7,52.1083564758301,5.13924789428711,2,Utrecht,NL
Utrecht,Utrecht_T1,02:00:00:7f:c5:ac,2026-08-27 14:13:03,25.3,52.106043,5.143182,5,Utrecht,NL
Utrecht,Utrecht_T1,02:00:00:58:d2:58,2026-08-27 14:09:54,26.3,52.104095,5.144752,0,Utrecht,NL
Utrecht,Utrecht_T1,02:00:00:14:60:ec,2026-08-27 14:10:33,26.4,52.106249,5.171551,3,De Bilt,NL
Utrecht,Utrecht_T1,02:00:00:c6:22:d0,2026-08-27 14:15:54,26.7,52.1063,5.17763000000003,5,De Bilt,NL
Utrecht,Utrecht_T1,02:00:00:a2:02:8a,2026-08-27 14:11:00,25.9,52.106261,5.177714,5,De Bilt,NL
Utrecht,Utrecht_T1,02:00:00:a2:38:90,2026-08-27 14:15:02,27.4,52.107,5.1878,6,De Bilt,NL
Utrecht,Utrecht_T1,02:00:00:70:4e:ba,2026-08-27 14:16:56,27.1,52.112316,5.090597,1,Utrecht,NL
Utrecht,Utrecht_T1,02:00:00:a4:15:94,2026-08-27 14:16:59,26.8,52.116599,5.10793100000013,4,Utrecht,NL
Utrecht,Utrecht_T1,02:00:00:01:d1:6c,2026-08-27 14:14:40,28.2,52.1147232055664,5.11503601074219,7,Utrecht,NL
Utrecht,Utrecht_T1,02:00:00:a9:a9:ac,2026-08-27 14:18:41,26.0,52.11504,5.11446000000007,4,Utrecht,NL
Utrecht,Utrecht_T1,02:00:00:7b:00:16,2026-08-27 14:15:22,27.9,52.116092,5.116809,5,Utrecht,NL
Utrecht,Utrecht_T1,02:00:00:33:fc:c2,2026-08-27 14:11:56,26.3,52.112909,5.143128,1,Utrecht,NL
Utrecht,Utrecht_T1,02:00:00:a2:28:d4,2026-08-27 14:17:07,27.6,52.11298,5.176283,3,De Bilt,NL
Utrecht,Utrecht_T1,02:00:00:74:4f:c6,2026-08-27 14:18:24,27.2,52.114273,5.1778874,5,De Bilt,NL
Utrecht,Utrecht_T1,02:00:00:37:16:9a,2026-08-27 14:16:36,24.8,52.1209042,5.0716415,1,Utrecht,NL
Utrecht,Utrecht_T1,02:00:00:b5:07:da,2026-08-27 14:16:04,26.8,52.1185,5.0885,0,Utrecht,NL
Utrecht,Utrecht_T1,02:00:00:9d:2a:ee,2026-08-27 14:12:57,27.2,52.1226012257881,5.09323120411752,2,Utrecht,NL
Utrecht,Utrecht_T1,02:00:00:a9:78:64,2026-08-27 14:12:44,24.8,52.12185,5.114306,4,Utrecht,NL
Utrecht,Utrecht_T1,02:00:00:af:6f:c0,2026-08-27 14:12:02,27.1,52.1203433,5.1160012,4,Utrecht,NL
Utrecht,Utrecht_T1,02:00:00:63:2e:78,2026-08-27 14:18:47,27.5,52.124311,5.149015,3,Groenekan,NL
Utrecht,Utrecht_T1,02:00:00:74:0c:be,2026-08-27 14:15:32,25.8,52.118581,5.18077,3,Bilthoven,NL
Utrecht,Utrecht_T1,02:00:00:17:79:98,2026-08-27 14:12:13,26.4,52.1210929,5.18279509999996,4,Bilthoven,NL
Utrecht,Utrecht_T1,02:00:00:a4:87:ec,2026-08-27 14:11:07,25.2,52.1316666043838,5.09194861301635,0,Utrecht,NL
Utrecht,Utrecht_T1,02:00:00:7f:b2:0e,2026-08-27 14:09:14,25.8,52.127119,5.100939,4,Utrecht,NL
Utrecht,Utrecht_T1,02:00:00:b5:6e:3a,2026-08-27 14:14:14,25.9,52.124991,5.158267,4,De Bilt,NL
Utrecht,Utrecht_T1,02:00:00:a2:45:c2,2026-08-27 14:09:37,28.0,52.130604,5.188466,5,Bilthoven,NL
Utrecht,Utrecht_T1,02:00:00:b5:a7:2c,2026-08-27 14:13:20,28.1,52.12492,5.1931024,5,Bilthoven,NL
Utrecht,Utrecht_T1,02:00:00:33:2d:6a,2026-08-27 14:19:32,27.6,52.1263389,5.1944393,6,De Bilt,NL
Utrecht,Utrecht_T1,02:00:00:36:a3:68,2026-08-27 14:12:33,27.4,52.12822,5.20124999999999,8,Bilthoven,NL
Utrecht,Utrecht_T1,02:00:00:7a:ff:64,2026-08-27 14:15:26,27.6,52.132211,5.197475,3,Bilthoven,NL
Utrecht,Utrecht_T1,02:00:00:01:50:b6,2026-08-27 14:16:29,26.8,52.1411799412661,5.01502234507166,0,Maarssen,NL
Utrecht,Utrecht_T1,02:00:00:13:51:2c,2026-08-27 14:18:16,28.1,52.1396417101006,5.0186761524582,0,Maarssen,NL
Utrecht,Utrecht_T1,02:00:00:9c:f9:4a,2026-08-27 14:12:19,25.7,52.1400375366211,5.04170799255371,2,Maarssen,NL
Utrecht,Utrecht_T1,02:00:00:04:6a:e8,2026-08-27 14:15:25,26.8,52.140233,5.042324,2,Stichtse Vecht,NL
Utrecht,Utrecht_T1,02:00:00:1c:40:12,2026-08-27 14:13:51,29.9,52.145925,5.043263,0,Maarssen,NL
Utrecht,Utrecht_T1,02:00:00:2c:b8:78,2026-08-27 14:19:28,26.4,52.1517178597221,4.94924400000001,0,Kockengen,NL
Utrecht,Utrecht_T1,02:00:00:9d:25:4e,2026-08-27 14:15:44,26.9,52.15058,4.95477000000003,0,Kockengen,NL
Utrecht,Utrecht_T1,02:00:00:05:38:88,2026-08-27 14:18:00,27.4,52.1500807019266,5.03824532032017,0,Maarssen,NL
Utrecht,Utrecht_T1,02:00:00:27:6f:7e,2026-08-27 14:14:34,26.8,52.150683,5.039803,0,Stichtse Vecht,NL
Utrecht,Utrecht_T1,02:00:00:9b:60:ca,2026-08-27 14:15:53,28.5,52.1661071777344,4.99944877624512,0,Stichtse Vecht,NL
Utrecht,Utrecht_T1,02:00:00:31:b2:30,2026-08-27 14:12:40,25.6,52.179563,5.020723,0,Breukelen,NL
Utrecht,Utrecht_T1,02:00:00:27:a6:98,2026-08-27 14:15:34,27.4,52.177905,5.023052,0,Breukelen,NL
Utrecht,Utrecht_T1,02:00:00:9b:59:44,2026-08-27 14:16:14,26.4,52.175474,5.027806,0,Breukelen,NL
Utrecht,Utrecht_T1,02:00:00:3f:28:4e,2026-08-27 14:12:17,26.8,52.1885295082791,4.98983681201935,0,Nieuwer Ter Aa,NL
Utrecht,Utrecht_T1,02:00:00:52:d3:e8,2026-08-27 14:11:38,25.1,52.2057798738149,5.01490716822919,0,Loenen aan de Vecht,NL
Utrecht,Utrecht_T1,02:00:00:1f:7e:84,2026-08-27 14:19:10,24.0,52.208085,5.015193,0,Loenen aan de Vecht,NL
Utrecht,Utrecht_T1,02:00:00:5e:f1:70,2026-08-27 14:18:15,26.6,52.209506,5.015637,0,Loenen aan de Vecht,NL
Utrecht,Utrecht_T1,02:00:00:70:39:30,2026-08-27 14:11:47,24.5,52.2132735899086,4.92226205035142,0,Vinkeveen,NL
Utrecht,Utrecht_T1,02:00:00:14:48:30,2026-08-27 14:09:59,24.5,52.214024,5.026552,0,Loenen aan de Vecht,NL
Utrecht,Utrecht_T1,02:00:00:2b:23:dc,2026-08-27 14:12:13,27.3,52.052497,4.955131,1,Montfoort,NL
Utrecht,Utrecht_T1,02:00:00:b4:f2:26,2026-08-27 14:13:11,23.5,52.0714492797852,5.05338478088379,0,Utrecht,NL
Utrecht,Utrecht_T1,02:00:00:c2:4e:14,2026-08-27 14:18:55,27.9,52.080025,5.00642199999999,0,Utrecht,NL
Utrecht,Utrecht_T1,02:00:00:c2:8a:9a,2026-08-27 14:12:13,26.7,52.078398,5.01515069999999,0,Utrecht,NL
Utrecht,Utrecht_T1,02:00:00:27:5f:76,2026-08-27 14:17:06,29.1,52.077418,5.020574,0,Utrecht,NL
Utrecht,Utrecht_T1,02:00:00:29:3e:f6,2026-08-27 14:16:53,30.8,52.078198,5.020616,0,Utrecht,NL
Utrecht,Utrecht_T1,02:00:00:a4:19:3e,2026-08-27 14:14:55,29.3,52.077895,5.026372,2,Utrecht,NL
Utrecht,Utrecht_T1,02:00:00:a4:3e:00,2026-08-27 14:09:21,28.2,52.0758920140845,5.0307848067002,0,Utrecht,NL
Utrecht,Utrecht_T1,02:00:00:17:7b:70,2026-08-27 14:15:18,25.9,52.0873338,4.9699941,1,Woerden,NL
Utrecht,Utrecht_T1,02:00:00:32:e1:b0,2026-08-27 14:10:07,26.6,52.085795,5.014428,0,Utrecht,NL
Utrecht,Utrecht_T1,02:00:00:63:4a:60,2026-08-27 14:13:42,25.8,52.08632,5.026208,1,Utrecht,NL
Utrecht,Utrecht_T1,02:00:00:5f:5e:f6,2026-08-27 14:18:08,26.2,52.082204,5.032968,3,Utrecht,NL
Utrecht,Utrecht_T1,02:00:00:a4:6c:14,2026-08-27 14:11:57,27.0,52.082503,5.035357,2,Utrecht,NL
Utrecht,Utrecht_T1,02:00:00:84:0d:58,2026-08-27 14:16:04,27.2,52.083796,5.042289,0,Utrecht,NL
Utrecht,Utrecht_T1,02:00:00:2e:9f:46,2026-08-27 14:14:02,25.6,52.0872737363844,5.0397069563345,1,Utrecht,NL
Utrecht,Utrecht_T1,02:00:00:a9:91:b2,2026-08-27 14:12:55,26.3,52.0840520546178,5.0466138124466,0,Utrecht,NL
Utrecht,Utrecht_T1,02:00:00:84:4c:be,2026-08-27 14:11:20,25.9,52.085796,5.05175,2,Utrecht,NL
Utrecht,Utrecht_T1,02:00:00:63:1e:24,2026-08-27 14:11:32,25.4,52.0841807,5.0583297,1,Utrecht,NL
Utrecht,Utrecht_T1,02:00:00:c2:3c:a4,2026-08-27 14:18:51,25.9,52.088304,5.055145,0,Utrecht,NL
Utrecht,Utrecht_T1,02:00:00:a2:64:3a,2026-08-27 14:12:56,27.4,52.08912,4.955397,1,Woerden,NL
Utrecht,Utrecht_T1,02:00:00:04:6b:b2,2026-08-27 14:10:07,26.5,52.0890216,4.95978960000002,2,Woerden,NL
Utrecht,Utrecht_T1,02:00:00:27:67:9e,2026-08-27 14:11:54,26.7,52.0939775908876,4.95844790679508,1,Woerden,NL
Utrecht,Utrecht_T1,02:00:00:7f:a0:a8,2026-08-27 14:13:30,27.3,52.088885,4.9616,0,Woerden,NL
Utrecht,Utrecht_T1,02:00:00:1c:5a:c4,2026-08-27 14:10:54,26.6,52.091265,4.999434,0,Utrecht,NL
Utrecht,Utrecht_T1,02:00:00:b2:b3:4e,2026-08-27 14:11:41,24.3,52.094791,5.001589,0,Utrecht,NL
Utrecht,Utrecht_T1,02:00:00:b5:b1:bc,2026-08-27 14:18:55,26.3,52.095,5.0099,0,Utrecht,NL
Utrecht,Utrecht_T1,02:00:00:83:ba:de,2026-08-27 14:17:25,25.8,52.092913,5.013408,0,Utrecht,NL
Utrecht,Utrecht_T1,02:00:00:13:51:16,2026-08-27 14:12:32,25.0,52.093582,5.012636,0,Utrecht,NL
Utrecht,Utrecht_T1,02:00:00:01:14:58,2026-08-27 14:10:37,28.1,52.089916,5.01991400000001,0,Utrecht,NL
Utrecht,Utrecht_T1,02:00:00:90:90:7e,2026-08-27 14:16:51,27.1,52.09193,5.016591,0,Utrecht,NL
Utrecht,Utrecht_T1,02:00:00:34:05:ae,2026-08-27 14:03:57,27.4,52.091745,5.01907,1,Utrecht,NL
Utrecht,Utrecht_T1,02:00:00:c2:47:80,2026-08-27 14:09:18,25.6,52.0893016,5.03434910000001,0,Utrecht,NL
Utrecht,Utrecht_T1,02:00:00:64:2b:54,2026-08-27 14:12:49,26.4,52.0939815413722,5.04236700868549,0,Utrecht,NL
Utrecht,Utrecht_T1,02:00:00:2b:42:7a,2026-08-27 14:11:06,27.4,52.0941,5.0504,2,Utrecht,NL
Utrecht,Utrecht_T1,02:00:00:70:38:92,2026-08-27 14:15:04,25.3,52.099754,4.997049,0,Utrecht,NL
Utrecht,Utrecht_T1,02:00:00:22:ad:c6,2026-08-27 14:15:53,24.2,52.102223,5.009766,0,Utrecht,NL
Utrecht,Utrecht_T1,02:00:00:5e:e2:2e,2026-08-27 14:10:39,26.6,52.0987673336394,5.01320895590376,0,Utrecht,NL
Utrecht,Utrecht_T1,02:00:00:bd:d9:bc,2026-08-27 14:19:36,26.3,52.1012649536133,5.01841592788696,1,Utrecht,NL
Utrecht,Utrecht_T1,02:00:00:31:e8:2e,2026-08-27 14:11:57,26.9,52.0997439,5.03196639999999,1,Utrecht,NL
Utrecht,Utrecht_T1,02:00:00:c2:7d:a8,2026-08-27 14:15:51,26.2,52.096701,5.040231,1,Utrecht,NL
Utrecht,Utrecht_T1,02:00:00:01:86:10,2026-08-27 14:15:13,27.7,52.09855,5.039822,0,Utrecht,NL
Utrecht,Utrecht_T1,02:00:00:bd:c9:2c,2026-08-27 14:13:31,26.4,52.099041,5.042377,0,Utrecht,NL
Utrecht,Utrecht_T1,02:00:00:73:be:5a,2026-08-27 14:18:50,26.3,52.097817,5.051997,3,Utrecht,NL
Utrecht,Utrecht_T1,02:00:00:01:a1:ee,2026-08-27 14:13:32,27.1,52.0960000139971,5.0595535031938,0,Utrecht,NL
Utrecht,Utrecht_T1,02:00:00:3e:ec:2c,2026-08-27 14:18:46,27.3,52.0968945722032,5.05947500118808,0,Utrecht,NL
Utrecht,Utrecht_T1,02:00:00:a9:68:2c,2026-08-27 14:10:35,26.3,52.1086201,4.93817080000002,0,Woerden,NL
Utrecht,Utrecht_T1,02:00:00:2c:f6:ae,2026-08-27 14:14:05,26.8,52.106163,4.981696,0,Utrecht,NL
Utrecht,Utrecht_T1,02:00:00:31:cb:18,2026-08-27 14:09:13,25.3,52.1073892613559,5.02463787381133,0,Utrecht,NL
Utrecht,Utrecht_T1,02:00:00:84:24:48,2026-08-27 14:15:54,25.4,52.1050731,5.0346819,1,Utrecht,NL
Utrecht,Utrecht_T1,02:00:00:32:ed:e0,2026-08-27 14:15:14,25.2,52.1070404052734,5.03613185882568,0,Utrecht,NL
Utrecht,Utrecht_T1,02:00:00:39:fb:5e,2026-08-27 14:14:26,26.1,52.1148094074168,5.00760211705581,0,Utrecht,NL
Utrecht,Utrecht_T1,02:00:00:64:3e:bc,2026-08-27 14:17:45,27.2,52.115205,5.007731,0,Utrecht,NL
Utrecht,Utrecht_T1,02:00:00:2d:0c:f4,2026-08-27 14:13:50,29.4,52.114506,5.010489,1,Utrecht,NL
Utrecht,Utrecht_T1,02:00:00:3f:0a:32,2026-08-27 14:18:26,26.5,52.110354,5.02495200000003,3,Utrecht,NL
Utrecht,Utrecht_T1,02:00:00:a9:4b:60,2026-08-27 14:10:25,25.9,52.119961,4.99775200000006,3,Utrecht,NL
Utrecht,Utrecht_T1,02:00:00:1c:6e:60,2026-08-27 14:11:49,27.6,52.121309,5.030174,0,Maarssen,NL
Utrecht,Utrecht_T1,02:00:00:5f:44:54,2026-08-27 14:08:58,25.5,52.12292,5.031376,0,Maarssen,NL
Utrecht,Utrecht_T1,02:00:00:22:a9:96,2026-08-27 14:17:04,26.9,52.122375,5.033245,0,Stichtse Vecht,NL
Utrecht,Utrecht_T1,02:00:00:3d:25:42,2026-08-27 14:15:41,25.4,52.135743,5.016961,0,Maarssen,NL
Utrecht,Utrecht_T1,02:00:00:29:08:b2,2026-08-27 14:16:36,27.0,52.138664,5.0182734,0,Maarssen,NL
Utrecht,Utrecht_T1,02:00:00:05:4f:28,2026-08-27 14:10:29,26.8,52.133111,5.035686,0,Stichtse Vecht,NL
Utrecht,Utrecht_T1,02:00:00:a9:65:bc,2026-08-27 14:11:18,26.1,52.1340026855469,5.04215478897095,1,Maarssen,NL
Utrecht,Utrecht_T1,02:00:00:af:40:24,2026-08-27 14:16:24,27.4,52.1336212158203,5.04450082778931,2,Maarssen,NL
Utrecht,Utrecht_T1,02:00:00:2c:75:f4,2026-08-27 14:12:02,27.7,52.1375923156738,5.05607128143311,1,Stichtse Vecht,NL
Utrecht,Utrecht_T2,02:00:00:c2:35:ac,2026-08-27 14:17:37,25.1,52.1459370151422,5.21551547366956,7,Bilthoven,NL
Utrecht,Utrecht_T2,02:00:00:74:64:38,2026-08-27 14:19:18,29.4,52.1411243623068,5.23903367633706,11,Zeist,NL
Utrecht,Utrecht_T2,02:00:00:b5:78:d6,2026-08-27 14:11:48,27.2,52.146778,5.237025,10,Zeist,NL
Utrecht,Utrecht_T2,02:00:00:5f:15:c0,2026-08-27 14:13:16,27.9,52.16024,5.215069,6,Bilthoven,NL
Utrecht,Utrecht_T2,02:00:00:a2:74:3e,2026-08-27 14:11:38,28.2,52.1600980139711,5.28715847486947,6,Soest,NL
Utrecht,Utrecht_T2,02:00:00:00:4a:16,2026-08-27 14:18:59,26.4,52.158649,5.33553899999997,6,Soest,NL
Utrecht,Utrecht_T2,02:00:00:31:ea:a8,2026-08-27 14:14:23,28.4,52.166694,5.293944,4,Soest,NL
Utrecht,Utrecht_T2,02:00:00:2f:27:36,2026-08-27 14:14:17,26.6,52.1619163569313,5.29985212608884,7,Soest,NL
Utrecht,Utrecht_T2,02:00:00:03:b6:1e,2026-08-27 14:13:38,26.9,52.160626,5.3011,7,Soest,NL
Utrecht,Utrecht_T2,02:00:00:b9:6e:74,2026-08-27 14:15:22,27.2,52.162275,5.303515,5,Soest,NL
Utrecht,Utrecht_T2,02:00:00:70:4e:b4,2026-08-27 14:17:21,26.7,52.1610313078006,5.31033632946336,7,Soest,NL
Utrecht,Utrecht_T2,02:00:00:27:55:54,2026-08-27 14:18:49,26.5,52.161317,5.311697,10,Soest,NL
Utrecht,Utrecht_T2,02:00:00:3f:6d:36,2026-08-27 14:12:06,26.4,52.1615414,5.3120704,10,Soest,NL
Utrecht,Utrecht_T2,02:00:00:83:cc:cc,2026-08-27 14:11:21,27.9,52.1690789466029,5.27412414550781,2,Soest,NL
Utrecht,Utrecht_T2,02:00:00:3c:17:5e,2026-08-27 14:11:34,27.0,52.174072,5.286707,4,Soest,NL
Utrecht,Utrecht_T2,02:00:00:a9:e6:ca,2026-08-27 14:18:38,26.7,52.1806831359863,5.27848291397095,7,Soest,NL
Utrecht,Utrecht_T2,02:00:00:c3:a7:7e,2026-08-27 14:19:18,26.6,52.1838930347472,5.27600772213758,5,Soest,NL
Utrecht,Utrecht_T2,02:00:00:b4:e8:ee,2026-08-27 14:11:37,27.0,52.185532,5.296697,9,Soest,NL
Utrecht,Utrecht_T2,02:00:00:b2:be:4a,2026-08-27 14:17:32,27.7,52.182134,5.302085,8,Soest,NL
Utrecht,Utrecht_T2,02:00:00:7a:b5:60,2026-08-27 14:14:13,27.7,52.189513,5.28451299999998,7,Soest,NL
Utrecht,Utrecht_T2,02:00:00:6b:5e:00,2026-08-27 14:13:59,26.7,52.18958,5.285416,3,Soest,NL
Utrecht,Utrecht_T2,02:00:00:19:19:4c,2026-08-27 14:14:53,26.8,52.20251,5.304628,2,Baarn,NL
Utrecht,Utrecht_T2,02:00:00:b5:a7:2e,2026-08-27 14:09:58,27.2,52.204551,5.29403400000005,4,Baarn,NL
Utrecht,Utrecht_T2,02:00:00:6b:4e:c2,2026-08-27 14:12:21,27.4,52.205954,5.303684,1,Baarn,NL
Utrecht,Utrecht_T2,02:00:00:9b:5d:8c,2026-08-27 14:15:24,25.9,52.2144057,5.2672261,15,Baarn,NL
Utrecht,Utrecht_T2,02:00:00:73:a9:6a,2026-08-27 14:10:30,25.8,52.211376,5.2808995,14,Baarn,NL
Utrecht,Utrecht_T2,02:00:00:1e:21:48,2026-08-27 14:17:36,26.3,52.215519,5.288773,6,Baarn,NL
Utrecht,Utrecht_T2,02:00:00:b2:ca:86,2026-08-27 14:10:20,26.9,52.211498260498,5.29220008850098,8,Baarn,NL
Utrecht,Utrecht_T2,02:00:00:1c:58:2c,2026-08-27 14:16:06,26.9,52.21319,5.299463,5,Baarn,NL
Utrecht,Utrecht_T2,02:00:00:90:7d:3c,2026-08-27 14:16:46,27.1,52.214039,5.301358,4,Baarn,NL
Utrecht,Utrecht_T2,02:00:00:64:24:30,2026-08-27 14:12:09,27.9,52.2223117937543,5.20657381176758,7,Hilversum,NL
Utrecht,Utrecht_T2,02:00:00:a9:54:cc,2026-08-27 14:13:35,27.4,52.220841,5.27057,3,Baarn,NL
Utrecht,Utrecht_T2,02:00:00:5e:d4:3c,2026-08-27 14:17:52,27.2,52.2219,5.2869,0,Kortenhoef,NL
Utrecht,Utrecht_T2,02:00:00:3f:5b:90,2026-08-27 14:10:06,26.6,52.2184876,5.2895261,3,Baarn,NL
Utrecht,Utrecht_T2,02:00:00:7f:da:5c,2026-08-27 14:17:31,26.8,52.0531304369579,5.22815108299255,4,Odijk,NL
Utrecht,Utrecht_T2,02:00:00:6b:5c:40,2026-08-27 14:14:11,26.9,52.054557,5.231227,4,Odijk,NL
Utrecht,Utrecht_T2,02:00:00:6b:66:fe,2026-08-27 14:15:23,27.9,52.054769,5.232745,4,Bunnik,NL
Utrecht,Utrecht_T2,02:00:00:83:93:78,2026-08-27 14:13:06,27.1,52.055734,5.266538,4,Driebergen-Rijsenburg,NL
Utrecht,Utrecht_T2,02:00:00:b2:c5:82,2026-08-27 14:14:45,26.0,52.053513,5.28343899999996,7,Driebergen-Rijsenburg,NL
Utrecht,Utrecht_T2,02:00:00:53:4b:f6,2026-08-27 14:16:44,26.7,52.0663334077756,5.27181981444309,7,Utrechtse Heuvelrug,NL
Utrecht,Utrecht_T2,02:00:00:5f:31:da,2026-08-27 14:11:20,25.0,52.060634,5.303621,9,Driebergen-Rijsenburg,NL
Utrecht,Utrecht_T2,02:00:00:69:2d:ce,2026-08-27 14:18:17,27.2,52.0776864965393,5.21996678862774,2,Zeist,NL
Utrecht,Utrecht_T2,02:00:00:2c:8c:8e,2026-08-27 14:15:51,27.0,52.076028,5.223584,3,Zeist,NL
Utrecht,Utrecht_T2,02:00:00:b5:95:b6,2026-08-27 14:18:41,27.5,52.076054,5.2236304,3,Zeist,NL
Utrecht,Utrecht_T2,02:00:00:1e:2b:70,2026-08-27 14:09:59,25.7,52.077486,5.262767,7,Zeist,NL
Utrecht,Utrecht_T2,02:00:00:22:e9:30,2026-08-27 14:12:31,24.7,52.0765091878968,5.26901300000007,11,Zeist,NL
Utrecht,Utrecht_T2,02:00:00:a9:8d:d8,2026-08-27 14:16:45,26.0,52.085205078125,5.20746994018555,3,Zeist,NL
Utrecht,Utrecht_T2,02:00:00:6b:50:1c,2026-08-27 14:14:21,27.4,52.0831358136488,5.20810304846899,3,Zeist,NL
Utrecht,Utrecht_T2,02:00:00:b5:a7:22,2026-08-27 14:11:59,27.0,52.086941,5.225881,3,Zeist,NL
Utrecht,Utrecht_T2,02:00:00:63:36:3c,2026-08-27 14:12:00,26.6,52.082337,5.230563,5,Zeist,NL
Utrecht,Utrecht_T2,02:00:00:b5:78:be,2026-08-27 14:13:04,26.7,52.0856160136376,5.24176729332961,10,Zeist,NL
Utrecht,Utrecht_T2,02:00:00:71:2a:b6,2026-08-27 14:11:14,28.9,52.0859,5.251713,8,Zeist,NL
Utrecht,Utrecht_T2,02:00:00:b9:52:00,2026-08-27 14:09:31,25.4,52.0816383361816,5.2666335105896,8,Zeist,NL
Utrecht,Utrecht_T2,02:00:00:2b:15:76,2026-08-27 14:14:45,26.3,52.081371,5.269217,9,Zeist,NL
Utrecht,Utrecht_T2,02:00:00:c3:d4:02,2026-08-27 14:13:47,26.5,52.081804,5.271518,9,Zeist,NL
Utrecht,Utrecht_T2,02:00:00:2b:1b:b8,2026-08-27 14:16:24,26.6,52.0832,5.3114,16,Zeist,NL
Utrecht,Utrecht_T2,02:00:00:b5:6c:22,2026-08-27 14:19:04,28.1,52.091126,5.216452,3,Zeist,NL
Utrecht,Utrecht_T2,02:00:00:2d:02:84,2026-08-27 14:17:03,27.6,52.0891283153717,5.22022247314453,4,Zeist,NL
Utrecht,Utrecht_T2,02:00:00:90:64:1a,2026-08-27 14:13:17,25.7,52.095281,5.224389,6,Zeist,NL
Utrecht,Utrecht_T2,02:00:00:a9:76:24,2026-08-27 14:10:57,28.0,52.0949630737305,5.24057006835938,6,Zeist,NL
Utrecht,Utrecht_T2,02:00:00:3c:dc:8c,2026-08-27 14:14:44,25.2,52.089476,5.247395,8,Zeist,NL
Utrecht,Utrecht_T2,02:00:00:9b:53:2c,2026-08-27 14:17:56,26.9,52.0996245440849,5.21469090660867,4,Zeist,NL
Utrecht,Utrecht_T2,02:00:00:7a:86:6c,2026-08-27 14:14:29,27.6,52.096791,5.223656,6,Zeist,NL
Utrecht,Utrecht_T2,02:00:00:70:52:12,2026-08-27 14:10:06,27.5,52.0989064,5.2171375,7,Zeist,NL
Utrecht,Utrecht_T2,02:00:00:a9:7b:ee,2026-08-27 14:15:00,27.8,52.101676940918,5.22248458862305,7,Zeist,NL
Utrecht,Utrecht_T2,02:00:00:04:78:82,2026-08-27 14:10:10,27.6,52.1007772460734,5.24760032682437,9,Zeist,NL
Utrecht,Utrecht_T2,02:00:00:c3:89:70,2026-08-27 14:18:30,27.6,52.09627,5.25480000000008,10,Zeist,NL
Utrecht,Utrecht_T2,02:00:00:b5:7f:6e,2026-08-27 14:16:40,25.7,52.096116,5.275819,16,Zeist,NL
Utrecht,Utrecht_T2,02:00:00:00:cf:e2,2026-08-27 14:10:15,26.9,52.1165564224102,5.27588927533017,26,Zeist,NL
Utrecht,Utrecht_T2,02:00:00:32:d5:b4,2026-08-27 14:13:36,25.6,52.120705,5.242738,11,Zeist,NL
Utrecht,Utrecht_T2,02:00:00:2e:f1:88,2026-08-27 14:09:49,27.0,52.118117,5.282257,18,Soest,NL
Utrecht,Utrecht_T2,02:00:00:58:d1:7c,2026-08-27 14:18:38,27.6,52.1175345595035,5.29194567397049,21,Soest,NL
Utrecht,Utrecht_T2,02:00:00:c3:8d:d4,2026-08-27 14:16:09,28.2,52.122499,5.2877,20,Soest,NL
Utrecht,Utrecht_T2,02:00:00:2f:2e:d6,2026-08-27 14:15:50,27.4,52.1253540626594,5.20409166812897,8,Bilthoven,NL
Utrecht,Utrecht_T2,02:00:00:19:a7:d8,2026-08-27 14:12:45,26.3,52.1270529486221,5.20968830477742,9,De Bilt,NL
Utrecht,Utrecht_T2,02:00:00:83:f8:ea,2026-08-27 14:18:51,27.5,52.130348,5.321519,28,Soest,NL
Utrecht,Utrecht_T2,02:00:00:64:3a:06,2026-08-27 14:18:35,25.6,52.135639,5.211466,8,Bilthoven,NL
Utrecht,Utrecht_T2,02:00:00:b2:c4:4c,2026-08-27 14:13:30,24.4,52.137758,5.221579,12,Bilthoven,NL
Utrecht,Utrecht_T2,02:00:00:33:d9:9a,2026-08-27 14:17:45,24.7,52.134636,5.224104,9,Bilthoven,NL
Utrecht,Utrecht_T2,02:00:00:84:6f:f6,2026-08-27 14:12:12,25.5,52.138655,5.227653,12,Bilthoven,NL
Utrecht,Utrecht_T2,02:00:00:9b:49:56,2026-08-27 14:19:49,26.7,52.0555172581761,5.07246375001336,1,Nieuwegein,NL
Utrecht,Utrecht_T3,02:00:00:7a:fc:c0,2026-08-27 14:09:08,26.8,51.985681,5.077175,5,Vianen,NL
Utrecht,Utrecht_T3,02:00:00:bc:e5:5a,2026-08-27 14:10:19,26.4,51.985033,5.080696,3,Vianen,NL
Utrecht,Utrecht_T3,02:00:00:af:80:9e,2026-08-27 14:15:21,29.3,51.984738,5.086291,2,Vianen,NL
Utrecht,Utrecht_T3,02:00:00:31:ed:ec,2026-08-27 14:18:19,28.1,51.983323,5.093653,2,Vianen,NL
Utrecht,Utrecht_T3,02:00:00:7f:8d:c4,2026-08-27 14:17:57,25.3,51.9830332883009,5.12328207492826,3,Hagestein,NL
Utrecht,Utrecht_T3,02:00:00:b2:b1:fc,2026-08-27 14:10:16,26.8,51.9884779,5.07393630000002,2,Vianen,NL
Utrecht,Utrecht_T3,02:00:00:b9:1e:ca,2026-08-27 14:12:03,27.2,51.9914952649266,5.10561422229253,2,Vianen,NL
Utrecht,Utrecht_T3,02:00:00:af:60:8a,2026-08-27 14:17:15,27.3,51.991964,5.118164,1,Hoef en Haag,NL
Utrecht,Utrecht_T3,02:00:00:52:ed:28,2026-08-27 14:14:53,28.3,51.993881,5.120075,3,Hoef en Haag,NL
Utrecht,Utrecht_T3,02:00:00:a9:87:e4,2026-08-27 14:11:57,28.1,51.9912528991699,5.12258720397949,0,Hoef en Haag,NL
Utrecht,Utrecht_T3,02:00:00:28:d9:60,2026-08-27 14:12:27,25.8,52.008254895269,5.07912755012512,1,Nieuwegein,NL
Utrecht,Utrecht_T3,02:00:00:ab:df:d2,2026-08-27 14:13:53,25.8,52.0028160778323,5.0815361738205,8,Nieuwegein,NL
Utrecht,Utrecht_T3,02:00:00:06:71:46,2026-08-27 14:09:37,25.7,52.0032156734361,5.08314549922943,8,Nieuwegein,NL
Utrecht,Utrecht_T3,02:00:00:2f:21:6e,2026-08-27 14:14:49,26.8,52.00266,5.08989000000006,7,Nieuwegein,NL
Utrecht,Utrecht_T3,02:00:00:c6:28:f6,2026-08-27 14:12:20,27.7,52.006166,5.089671,2,Nieuwegein,NL
Utrecht,Utrecht_T3,02:00:00:05:88:3e,2026-08-27 14:11:19,25.7,52.0059471130371,5.09136486053467,0,Nieuwegein,NL
Utrecht,Utrecht_T3,02:00:00:af:32:52,2026-08-27 14:13:37,27.1,52.0100655920947,5.07965231726042,3,Nieuwegein,NL
Utrecht,Utrecht_T3,02:00:00:58:b3:02,2026-08-27 14:16:17,26.3,52.010572,5.08619999999997,1,Nieuwegein,NL
Utrecht,Utrecht_T3,02:00:00:03:58:16,2026-08-27 14:12:14,25.9,52.010896,5.092813,2,Nieuwegein,NL
Utrecht,Utrecht_T3,02:00:00:c3:96:50,2026-08-27 14:10:12,25.9,52.0121,5.0976,0,Nieuwegein,NL
Utrecht,Utrecht_T3,02:00:00:bc:aa:ca,2026-08-27 14:10:42,26.8,52.0104637145996,5.09828901290894,1,Nieuwegein,NL
Utrecht,Utrecht_T3,02:00:00:2c:96:ec,2026-08-27 14:17:37,26.3,52.0109091557339,5.09877757132759,0,Nieuwegein,NL
Utrecht,Utrecht_T3,02:00:00:31:f0:4e,2026-08-27 14:16:02,28.4,52.010011,5.102632,4,Nieuwegein,NL
Utrecht,Utrecht_T3,02:00:00:12:63:b8,2026-08-27 14:14:34,25.8,52.0151322,5.16602090000003,0,Houten,NL
Utrecht,Utrecht_T3,02:00:00:2e:9a:ba,2026-08-27 14:16:12,28.9,52.015831,5.165842,0,Houten,NL
Utrecht,Utrecht_T3,02:00:00:33:c8:80,2026-08-27 14:14:19,25.8,52.012465,5.168464,0,Houten,NL
Utrecht,Utrecht_T3,02:00:00:b0:97:7c,2026-08-27 14:10:27,26.8,52.013998,5.17295,0,Houten,NL
Utrecht,Utrecht_T3,02:00:00:a2:03:fe,2026-08-27 14:15:59,26.5,52.013622,5.186657,3,Houten,NL
Utrecht,Utrecht_T3,02:00:00:b2:a5:e2,2026-08-27 14:18:44,25.6,52.0213043701897,5.0796202400924,2,Nieuwegein,NL
Utrecht,Utrecht_T3,02:00:00:84:57:1c,2026-08-27 14:10:01,26.7,52.0224339,5.080256,0,Nieuwegein,NL
Utrecht,Utrecht_T3,02:00:00:1e:1f:c2,2026-08-27 14:15:25,26.9,52.0217800772731,5.16331951003446,0,Houten,NL
Utrecht,Utrecht_T3,02:00:00:b5:8f:e6,2026-08-27 14:16:10,26.7,52.018731,5.165264,1,Houten,NL
Utrecht,Utrecht_T3,02:00:00:c5:35:18,2026-08-27 14:13:59,27.2,52.0215,5.1638,0,Houten,NL
Utrecht,Utrecht_T3,02:00:00:12:cb:34,2026-08-27 14:09:11,27.0,52.019136,5.170292,2,Houten,NL
Utrecht,Utrecht_T3,02:00:00:c2:84:82,2026-08-27 14:14:09,25.9,52.019263,5.17283,2,Houten,NL
Utrecht,Utrecht_T3,02:00:00:c2:33:88,2026-08-27 14:12:10,29.5,52.0217981,5.1755385,1,Houten,NL
Utrecht,Utrecht_T3,02:00:00:65:4f:8c,2026-08-27 14:09:54,26.3,52.0177737114648,5.18543422222138,2,Houten,NL
Utrecht,Utrecht_T3,02:00:00:74:5a:e8,2026-08-27 14:11:19,27.5,52.020733,5.186188,3,Houten,NL
Utrecht,Utrecht_T3,02:00:00:74:3b:36,2026-08-27 14:17:38,26.0,52.0223,5.1895,0,Houten,NL
Utrecht,Utrecht_T3,02:00:00:04:93:06,2026-08-27 14:10:22,26.2,52.0289905,5.07187920000001,4,Nieuwegein,NL
Utrecht,Utrecht_T3,02:00:00:b8:f9:c8,2026-08-27 14:10:46,26.7,52.0287780761719,5.08565378189087,6,Nieuwegein,NL
Utrecht,Utrecht_T3,02:00:00:a4:88:28,2026-08-27 14:15:41,28.1,52.0269966125488,5.08844327926636,1,Nieuwegein,NL
Utrecht,Utrecht_T3,02:00:00:05:4b:50,2026-08-27 14:09:07,29.2,52.0289077758789,5.09456300735474,2,Nieuwegein,NL
Utrecht,Utrecht_T3,02:00:00:32:db:f2,2026-08-27 14:10:48,26.9,52.0269902,5.1541533,3,Houten,NL
Utrecht,Utrecht_T3,02:00:00:01:06:72,2026-08-27 14:11:13,27.0,52.028695,5.154845,2,Houten,NL
Utrecht,Utrecht_T3,02:00:00:33:19:c6,2026-08-27 14:09:26,24.5,52.0243587320194,5.18782782552989,4,Houten,NL
Utrecht,Utrecht_T3,02:00:00:a2:16:ca,2026-08-27 14:09:24,25.3,52.0239254,5.1937902,4,Houten,NL
Utrecht,Utrecht_T3,02:00:00:58:f8:20,2026-08-27 14:11:05,25.4,52.026073,5.1916294,2,Houten,NL
Utrecht,Utrecht_T3,02:00:00:2b:24:a4,2026-08-27 14:14:11,24.8,52.031801,5.068737,2,Nieuwegein,NL
Utrecht,Utrecht_T3,02:00:00:33:32:f2,2026-08-27 14:13:07,25.6,52.033787,5.08994400000002,2,Nieuwegein,NL
Utrecht,Utrecht_T3,02:00:00:12:f7:00,2026-08-27 14:11:03,27.0,52.033787,5.08994400000002,2,Nieuwegein,NL
Utrecht,Utrecht_T3,02:00:00:70:44:b6,2026-08-27 14:15:26,28.8,52.031138,5.153576,3,Houten,NL
Utrecht,Utrecht_T3,02:00:00:a4:45:fc,2026-08-27 14:18:57,27.0,52.036554,5.148482,3,Houten,NL
Utrecht,Utrecht_T3,02:00:00:74:59:5e,2026-08-27 14:19:24,26.1,52.032651,5.150862,2,Houten,NL
Utrecht,Utrecht_T3,02:00:00:ab:dd:0a,2026-08-27 14:18:25,25.8,52.0323257446289,5.16029739379883,3,Houten,NL
Utrecht,Utrecht_T3,02:00:00:b2:ba:cc,2026-08-27 14:19:02,27.3,52.033281,5.166277,2,Houten,NL
Utrecht,Utrecht_T3,02:00:00:5f:4f:c8,2026-08-27 14:14:06,25.4,52.035129,5.182718,4,Houten,NL
Utrecht,Utrecht_T3,02:00:00:12:64:3c,2026-08-27 14:09:50,27.3,52.042369,5.07917,3,Nieuwegein,NL
Utrecht,Utrecht_T3,02:00:00:53:1e:a0,2026-08-27 14:12:30,26.0,52.0402059772848,5.10207018160772,3,Nieuwegein,NL
Utrecht,Utrecht_T3,02:00:00:63:0f:fc,2026-08-27 14:17:50,26.6,52.043643951416,5.09791469573975,3,Nieuwegein,NL
Utrecht,Utrecht_T3,02:00:00:3f:0f:d8,2026-08-27 14:13:08,26.4,52.0384495763292,5.15799684264228,3,Houten,NL
Utrecht,Utrecht_T3,02:00:00:70:3c:28,2026-08-27 14:15:01,27.9,52.0407289705737,5.167678504783,4,Houten,NL
Utrecht,Utrecht_T3,02:00:00:02:95:d6,2026-08-27 14:14:40,25.5,52.0402984619141,5.17449998855591,2,Houten,NL
Utrecht,Utrecht_T3,02:00:00:69:27:06,2026-08-27 14:13:52,26.8,52.040443,5.176922,4,Houten,NL
Utrecht,Utrecht_T3,02:00:00:b5:93:ca,2026-08-27 14:17:20,26.7,52.0392990112305,5.18340015411377,5,Houten,NL
Utrecht,Utrecht_T3,02:00:00:3f:58:86,2026-08-27 14:18:50,27.3,52.0481972904497,5.06761884202619,1,Nieuwegein,NL
Utrecht,Utrecht_T3,02:00:00:5f:01:94,2026-08-27 14:15:50,27.0,52.0484008789062,5.06870937347412,1,Nieuwegein,NL
Utrecht,Utrecht_T3,02:00:00:70:2b:d4,2026-08-27 14:19:14,31.3,52.045972,5.07087,1,Nieuwegein,NL
Utrecht,Utrecht_T3,02:00:00:a2:79:5e,2026-08-27 14:15:21,28.1,52.0471801757812,5.09753036499023,1,Nieuwegein,NL
Utrecht,Utrecht_T3,02:00:00:02:81:ca,2026-08-27 14:14:15,28.2,52.051337,5.095642,5,Nieuwegein,NL
Utrecht,Utrecht_T3,02:00:00:2f:25:be,2026-08-27 14:16:11,30.9,51.972489,4.936167,0,Lopik,NL
Utrecht,Utrecht_T3,02:00:00:7f:b5:5c,2026-08-27 14:15:05,27.2,51.974848,4.929508,1,Lopik,NL
Utrecht,Utrecht_T3,02:00:00:b5:39:c0,2026-08-27 14:14:13,26.3,51.9745063781738,4.95626163482666,0,Lopik,NL
Utrecht,Utrecht_T3,02:00:00:63:1c:34,2026-08-27 14:13:22,28.2,52.0063413154935,4.96732978016446,0,Benschop,NL
Utrecht,Utrecht_T3,02:00:00:5e:dd:b6,2026-08-27 14:16:39,26.6,52.005729,4.980607,0,Benschop,NL
Utrecht,Utrecht_T3,02:00:00:9b:49:f4,2026-08-27 14:17:57,27.4,52.0064039,4.98390829999994,0,Lopik,NL
Utrecht,Utrecht_T3,02:00:00:b0:9a:d2,2026-08-27 14:12:53,27.7,52.014820098877,5.01039123535156,0,Benschop,NL
Utrecht,Utrecht_T3,02:00:00:5f:5f:a6,2026-08-27 14:18:06,26.0,52.015138,5.030313,0,IJsselstein,NL
Utrecht,Utrecht_T3,02:00:00:29:68:c4,2026-08-27 14:17:11,24.9,52.013960485049,5.03387331962586,0,IJsselstein,NL
Utrecht,Utrecht_T3,02:00:00:3f:06:f0,2026-08-27 14:18:47,28.9,52.0137931,5.0453837,2,IJsselstein,NL
Utrecht,Utrecht_T3,02:00:00:06:0a:a0,2026-08-27 14:12:18,26.7,52.020902,5.03721599999998,2,IJsselstein,NL
Utrecht,Utrecht_T3,02:00:00:04:ab:0c,2026-08-27 14:17:03,30.1,52.023339,5.044573,0,IJsselstein,NL
Utrecht,Utrecht_T3,02:00:00:27:6e:f4,2026-08-27 14:18:04,28.4,52.0231,5.0448,1,IJsselstein,NL
Utrecht,Utrecht_T3,02:00:00:a9:49:d8,2026-08-27 14:12:02,27.7,52.0178530526017,5.05878868242119,3,IJsselstein,NL
Utrecht,Utrecht_T3,02:00:00:84:4d:fa,2026-08-27 14:13:25,26.5,52.023834,5.0222745,1,IJsselstein,NL
Utrecht,Utrecht_T3,02:00:00:c2:2d:ba,2026-08-27 14:13:03,29.3,52.024674,5.043599,2,IJsselstein,NL
Utrecht,Utrecht_T3,02:00:00:9b:4b:36,2026-08-27 14:09:47,25.7,52.0398213211055,4.94864881038666,0,Montfoort,NL
Utrecht,Utrecht_T3,02:00:00:af:35:f4,2026-08-27 14:18:12,27.7,52.042610168457,5.0585732460022,0,Utrecht,NL
Utrecht,Utrecht_T3,02:00:00:9d:0a:64,2026-08-27 14:18:43,25.5,52.046832,4.955603,2,Montfoort,NL
Utrecht,Utrecht_T4,02:00:00:6b:3d:f0,2026-08-27 14:18:09,28.3,51.97041,5.3251667,4,Wijk bij Duurstede,NL
Utrecht,Utrecht_T4,02:00:00:b9:7e:bc,2026-08-27 14:14:50,27.3,51.9745712280273,5.32293891906738,4,Wijk bij Duurstede,NL
Utrecht,Utrecht_T4,02:00:00:13:80:bc,2026-08-27 14:09:24,27.4,51.973609,5.3299,8,Wijk bij Duurstede,NL
Utrecht,Utrecht_T4,02:00:00:b2:bf:24,2026-08-27 14:18:30,26.3,51.9741426,5.3303036,7,Wijk bij Duurstede,NL
Utrecht,Utrecht_T4,02:00:00:5f:31:b2,2026-08-27 14:09:57,25.7,51.994175,5.309416,4,Wijk bij Duurstede,NL
Utrecht,Utrecht_T4,02:00:00:36:9b:82,2026-08-27 14:19:12,27.3,51.999313,5.289134,3,Wijk bij Duurstede,NL
Utrecht,Utrecht_T4,02:00:00:7f:9c:a8,2026-08-27 14:17:13,23.7,51.997831,5.305377,3,Wijk bij Duurstede,NL
Utrecht,Utrecht_T4,02:00:00:90:f2:7e,2026-08-27 14:14:42,26.3,51.99773,5.309787,5,Wijk bij Duurstede,NL
Utrecht,Utrecht_T4,02:00:00:28:b2:f6,2026-08-27 14:17:21,26.7,52.023606,5.240075,3,Werkhoven,NL
Utrecht,Utrecht_T4,02:00:00:a9:e1:5e,2026-08-27 14:17:02,27.3,52.0263927164212,5.24514555931091,5,Werkhoven,NL
Utrecht,Utrecht_T4,02:00:00:7a:eb:c2,2026-08-27 14:12:11,26.4,52.036995,5.3325458,13,Doorn,NL
Utrecht,Utrecht_T4,02:00:00:a2:48:d0,2026-08-27 14:18:36,25.9,52.0388313921198,5.32877147197723,13,Doorn,NL
Utrecht,Utrecht_T4,02:00:00:af:5d:be,2026-08-27 14:16:19,26.3,52.0412,5.3359,11,Doorn,NL
Utrecht,Utrecht_T4,02:00:00:36:d9:b6,2026-08-27 14:16:00,27.7,52.048683,5.221462,1,Odijk,NL
Utrecht,Utrecht_T4,02:00:00:a9:e7:96,2026-08-27 14:09:59,27.4,52.051119,5.235411,3,Odijk,NL
Utrecht,Utrecht_T4,02:00:00:b5:84:ee,2026-08-27 14:18:44,27.1,52.0466380367294,5.26715040206909,4,Driebergen-Rijsenburg,NL
Utrecht,Utrecht_T4,02:00:00:70:1a:66,2026-08-27 14:11:34,26.6,52.047747,5.278028,4,Driebergen-Rijsenburg,NL
Amsterdam,Amsterdam_T1,02:00:00:1b:0b:da,2026-08-27 14:12:52,26.4,52.49417,4.78894000000004,2,Wormerveer,NL
Amsterdam,Amsterdam_T1,02:00:00:12:61:86,2026-08-27 14:11:22,26.3,52.4917057073896,4.80021612200147,2,Wormer,NL
Amsterdam,Amsterdam_T1,02:00:00:c2:84:0a,2026-08-27 14:11:50,25.6,52.4948445773121,4.79308347650687,2,Wormerveer,NL
Amsterdam,Amsterdam_T1,02:00:00:65:83:02,2026-08-27 14:13:32,22.3,52.4834613,4.80601730000005,1,Wormerveer,NL
Amsterdam,Amsterdam_T1,02:00:00:a4:18:7c,2026-08-27 14:15:28,28.9,52.493057,4.807123,0,Wormer,NL
Amsterdam,Amsterdam_T1,02:00:00:8d:d0:7c,2026-08-27 14:16:44,26.6,52.490391116113,4.92924329763459,0,Purmerend,NL
Amsterdam,Amsterdam_T1,02:00:00:03:c7:82,2026-08-27 14:16:09,26.1,52.488343,4.938001,0,Purmerend,NL
Amsterdam,Amsterdam_T1,02:00:00:58:f7:dc,2026-08-27 14:14:18,25.6,52.496575,4.927704,0,Purmerend,NL
Amsterdam,Amsterdam_T1,02:00:00:9c:d8:1a,2026-08-27 14:18:40,25.1,52.4915202,4.96165890000017,0,Purmerend,NL
Amsterdam,Amsterdam_T1,02:00:00:c3:93:f6,2026-08-27 14:10:33,25.6,52.49484,4.946418,0,Purmerend,NL
Amsterdam,Amsterdam_T1,02:00:00:74:30:70,2026-08-27 14:12:29,24.8,52.495717,4.951841,0,Purmerend,NL
Amsterdam,Amsterdam_T1,02:00:00:36:99:3e,2026-08-27 14:09:45,24.2,52.4873166828203,4.97366015893508,0,Purmerend,NL
Amsterdam,Amsterdam_T1,02:00:00:33:e1:40,2026-08-27 14:09:52,25.3,52.488644,4.9737200000001,0,Purmerend,NL
Amsterdam,Amsterdam_T1,02:00:00:27:27:2a,2026-08-27 14:10:51,24.1,52.4883303898198,4.97515391663844,0,Purmerend,NL
Amsterdam,Amsterdam_T1,02:00:00:27:50:a8,2026-08-27 14:10:25,24.7,52.493988,5.047598,0,Volendam,NL
Amsterdam,Amsterdam_T1,02:00:00:13:0f:6c,2026-08-27 14:18:29,26.1,52.500239,4.816214,0,Wormer,NL
Amsterdam,Amsterdam_T1,02:00:00:1c:6d:42,2026-08-27 14:17:10,25.1,52.500429,4.8242,1,Wormer,NL
Amsterdam,Amsterdam_T1,02:00:00:a4:41:de,2026-08-27 14:10:51,24.5,52.4998027881579,4.82577238512022,0,Wormer,NL
Amsterdam,Amsterdam_T1,02:00:00:70:52:6c,2026-08-27 14:11:21,22.8,52.509555,4.84741,0,Jisp,NL
Amsterdam,Amsterdam_T1,02:00:00:b5:b8:40,2026-08-27 14:18:57,26.1,52.5068085021421,4.91711662457473,0,Neck,NL
Amsterdam,Amsterdam_T1,02:00:00:02:7e:e2,2026-08-27 14:09:44,26.0,52.50109,4.934905,0,Purmerend,NL
Amsterdam,Amsterdam_T1,02:00:00:9d:13:34,2026-08-27 14:16:46,26.4,52.498358,4.94377,0,Purmerend,NL
Amsterdam,Amsterdam_T1,02:00:00:1d:eb:96,2026-08-27 14:15:18,26.0,52.505266,4.949082,1,Purmerend,NL
Amsterdam,Amsterdam_T1,02:00:00:7f:cd:5a,2026-08-27 14:13:30,25.8,52.499632,4.954935,0,Purmerend,NL
Amsterdam,Amsterdam_T1,02:00:00:3c:17:de,2026-08-27 14:17:07,25.8,52.499863,4.957068,0,Purmerend,NL
Amsterdam,Amsterdam_T1,02:00:00:01:fd:6c,2026-08-27 14:12:06,24.0,52.5106950810046,4.97425221656761,0,Purmerend,NL
Amsterdam,Amsterdam_T1,02:00:00:01:cb:8a,2026-08-27 14:09:54,25.4,52.500789,4.986087,0,Purmerend,NL
Amsterdam,Amsterdam_T1,02:00:00:7a:ea:00,2026-08-27 14:13:51,25.1,52.510647,4.9936514,0,Purmerend,NL
Amsterdam,Amsterdam_T1,02:00:00:b5:47:24,2026-08-27 14:11:42,24.6,52.510277,5.041457,0,Edam,NL
Amsterdam,Amsterdam_T1,02:00:00:1f:3e:84,2026-08-27 14:13:39,25.4,52.504946,5.05026,0,Edam-Volendam,NL
Amsterdam,Amsterdam_T1,02:00:00:6b:56:92,2026-08-27 14:09:16,23.9,52.5107399131418,5.05132626109,2,Edam,NL
Amsterdam,Amsterdam_T1,02:00:00:70:1b:98,2026-08-27 14:14:22,25.3,52.518831,4.948998,0,Zuidoostbeemster,NL
Amsterdam,Amsterdam_T1,02:00:00:14:48:40,2026-08-27 14:09:20,25.3,52.514999,4.952826,0,Purmerend,NL
Amsterdam,Amsterdam_T1,02:00:00:c5:3a:c0,2026-08-27 14:12:10,24.2,52.524065,4.956779,1,Purmerend,NL
Amsterdam,Amsterdam_T1,02:00:00:2e:ec:0a,2026-08-27 14:16:18,24.7,52.513165,4.985127,0,Purmerend,NL
Amsterdam,Amsterdam_T1,02:00:00:7a:a3:b2,2026-08-27 14:16:47,23.8,52.52057,4.9764185,0,Purmerend,NL
Amsterdam,Amsterdam_T1,02:00:00:a4:43:5c,2026-08-27 14:15:59,24.4,52.51412,5.05999,1,Edam,NL
Amsterdam,Amsterdam_T1,02:00:00:5f:01:22,2026-08-27 14:17:33,24.6,52.526959,4.887042,0,Beemster,NL
Amsterdam,Amsterdam_T1,02:00:00:2b:22:ba,2026-08-27 14:18:55,22.8,52.528348,4.978256,1,Kwadijk,NL
Amsterdam,Amsterdam_T1,02:00:00:2f:2a:40,2026-08-27 14:19:08,22.8,52.54467,4.81628,0,Alkmaar,NL
Amsterdam,Amsterdam_T1,02:00:00:a2:13:1c,2026-08-27 14:15:05,27.4,52.558278,4.84079299999996,0,De Rijp,NL
Amsterdam,Amsterdam_T1,02:00:00:2b:20:e2,2026-08-27 14:18:02,25.7,52.557103,4.842962,0,De Rijp,NL
Amsterdam,Amsterdam_T1,02:00:00:c3:cf:e8,2026-08-27 14:09:39,28.1,52.55496,4.848112,0,De Rijp,NL
Amsterdam,Amsterdam_T1,02:00:00:5e:d1:f0,2026-08-27 14:14:43,23.4,52.557323,4.95315,0,Middenbeemster,NL
Amsterdam,Amsterdam_T1,02:00:00:8d:d2:a6,2026-08-27 14:12:06,24.9,52.5748079414121,4.9975723028183,1,Oosthuizen,NL
Amsterdam,Amsterdam_T1,02:00:00:bd:cf:d4,2026-08-27 14:13:39,23.3,52.583034,4.850177,1,Grootschermer,NL
Amsterdam,Amsterdam_T1,02:00:00:18:fe:32,2026-08-27 14:12:36,26.6,52.589092,4.889988,0,Noordbeemster,NL
Amsterdam,Amsterdam_T1,02:00:00:5e:e2:a2,2026-08-27 14:09:33,23.8,52.590799,4.99267889999998,0,Beets,NL
Amsterdam,Amsterdam_T1,02:00:00:a9:e7:3e,2026-08-27 14:11:47,24.0,52.5977249145508,4.80700254440308,0,Zuidschermer,NL
Amsterdam,Amsterdam_T1,02:00:00:a9:9a:0e,2026-08-27 14:16:31,25.4,52.60907,4.82852,0,Stompetoren,NL
Amsterdam,Amsterdam_T1,02:00:00:a4:1f:24,2026-08-27 14:16:22,25.8,52.601368,4.895885,0,Schermerhorn,NL
Amsterdam,Amsterdam_T1,02:00:00:00:5c:fe,2026-08-27 14:10:53,24.8,52.611835,4.819923,0,Stompetoren,NL
Amsterdam,Amsterdam_T1,02:00:00:a2:05:f0,2026-08-27 14:10:28,23.8,52.61378,4.8226314,0,Stompetoren,NL
Amsterdam,Amsterdam_T1,02:00:00:3c:f7:c6,2026-08-27 14:11:50,24.6,52.617355,4.951664,0,Avenhorn,NL
Amsterdam,Amsterdam_T1,02:00:00:6b:31:7e,2026-08-27 14:12:55,25.0,52.634415,4.8763695,0,Rustenburg,NL
Amsterdam,Amsterdam_T1,02:00:00:36:d3:84,2026-08-27 14:13:02,24.5,52.636567,4.911496,0,Ursem,NL
Amsterdam,Amsterdam_T1,02:00:00:9d:00:22,2026-08-27 14:16:09,24.4,52.6390495300293,4.98681020736694,0,Berkhout,NL
Amsterdam,Amsterdam_T1,02:00:00:58:dd:3c,2026-08-27 14:15:51,25.5,52.6367146407962,5.02217284801564,0,Hoorn,NL
Amsterdam,Amsterdam_T1,02:00:00:31:d8:fc,2026-08-27 14:09:55,24.0,52.6358,5.035,1,Hoorn,NL
Amsterdam,Amsterdam_T1,02:00:00:7f:aa:9a,2026-08-27 14:18:23,24.5,52.6374130249023,5.03559350967407,0,Hoorn,NL
Amsterdam,Amsterdam_T1,02:00:00:70:4e:d8,2026-08-27 14:13:49,23.6,52.635018,5.055994,2,Hoorn,NL
Amsterdam,Amsterdam_T1,02:00:00:12:5a:d0,2026-08-27 14:19:24,24.4,52.6491675042269,4.78180266103391,0,Alkmaar,NL
Amsterdam,Amsterdam_T1,02:00:00:70:24:48,2026-08-27 14:14:05,29.8,52.643764,4.811346,0,Heerhugowaard,NL
Amsterdam,Amsterdam_T1,02:00:00:8d:c8:3e,2026-08-27 14:09:37,26.0,52.6458,4.8165,0,Heerhugowaard,NL
Amsterdam,Amsterdam_T1,02:00:00:70:45:b4,2026-08-27 14:12:58,24.2,52.6408805482461,4.82286089912765,0,Heerhugowaard,NL
Amsterdam,Amsterdam_T1,02:00:00:73:a4:18,2026-08-27 14:13:51,28.8,52.651179,4.836669,0,Heerhugowaard,NL
Amsterdam,Amsterdam_T1,02:00:00:c3:e3:ec,2026-08-27 14:10:32,23.7,52.651959,4.836277,0,Heerhugowaard,NL
Amsterdam,Amsterdam_T1,02:00:00:84:a4:8a,2026-08-27 14:14:10,25.2,52.65307,4.842089,0,Heerhugowaard,NL
Amsterdam,Amsterdam_T1,02:00:00:12:ae:72,2026-08-27 14:16:25,24.4,52.642342,5.006524,-2,Koggenland,NL
Amsterdam,Amsterdam_T1,02:00:00:ab:e2:60,2026-08-27 14:11:16,27.5,52.6533337948181,5.00276838610966,0,Berkhout,NL
Amsterdam,Amsterdam_T1,02:00:00:bd:f8:2a,2026-08-27 14:09:46,25.3,52.6404246842747,5.01088078453655,0,Berkhout,NL
Amsterdam,Amsterdam_T1,02:00:00:1d:fd:b8,2026-08-27 14:14:52,24.6,52.6441,5.051928,0,Haarlemmermeer,NL
Amsterdam,Amsterdam_T1,02:00:00:ab:e6:7e,2026-08-27 14:17:19,24.2,52.6451580761367,5.06099598419189,0,Hoorn,NL
Amsterdam,Amsterdam_T1,02:00:00:74:31:7a,2026-08-27 14:17:14,26.0,52.647618,5.049272,0,Hoorn,NL
Amsterdam,Amsterdam_T1,02:00:00:6b:8c:40,2026-08-27 14:12:12,25.7,52.314831,4.863595,0,Amstelveen,NL
Amsterdam,Amsterdam_T1,02:00:00:2f:24:f4,2026-08-27 14:11:47,25.9,52.3131760328984,4.9050662899177,0,Amstelveen,NL
Amsterdam,Amsterdam_T1,02:00:00:90:ba:a6,2026-08-27 14:16:48,25.0,52.3243254,4.945702,1,Amsterdam,NL
Amsterdam,Amsterdam_T1,02:00:00:64:f4:40,2026-08-27 14:18:45,24.2,52.323489,4.949922,0,Amsterdam,NL
Amsterdam,Amsterdam_T1,02:00:00:a9:c7:92,2026-08-27 14:18:32,26.9,52.3181934768859,4.99123257230989,0,Amsterdam,NL
Amsterdam,Amsterdam_T1,02:00:00:73:a6:c6,2026-08-27 14:09:50,24.5,52.314064,5.0302644,4,Weesp,NL
Amsterdam,Amsterdam_T1,02:00:00:52:d8:ce,2026-08-27 14:12:22,23.0,52.3187292818219,5.03482381473692,0,Weesp,NL
Amsterdam,Amsterdam_T1,02:00:00:a9:70:6c,2026-08-27 14:15:23,26.5,52.319796,5.037465,0,Weesp,NL
Amsterdam,Amsterdam_T1,02:00:00:9c:e0:8c,2026-08-27 14:11:48,26.6,52.31591,5.04735999999998,0,Weesp,NL
Amsterdam,Amsterdam_T1,02:00:00:1e:02:e4,2026-08-27 14:11:06,24.8,52.317602,5.04012000000006,0,Weesp,NL
Amsterdam,Amsterdam_T1,02:00:00:a2:21:4c,2026-08-27 14:19:04,22.6,52.3212356567383,5.04339694976807,0,Weesp,NL
Amsterdam,Amsterdam_T1,02:00:00:8d:e3:a0,2026-08-27 14:16:28,27.5,52.333433,4.791664,0,Badhoevedorp,NL
Amsterdam,Amsterdam_T1,02:00:00:a4:21:fc,2026-08-27 14:14:06,25.2,52.3272787,4.86810710000012,0,Amsterdam,NL
Amsterdam,Amsterdam_T1,02:00:00:6b:54:3c,2026-08-27 14:17:38,25.6,52.3274342242951,4.87812453825795,4,Amsterdam,NL
Amsterdam,Amsterdam_T1,02:00:00:a4:51:b4,2026-08-27 14:10:17,25.4,52.337832,4.894324,4,Amsterdam,NL
Amsterdam,Amsterdam_T1,02:00:00:70:4c:80,2026-08-27 14:13:16,24.5,52.3385,4.9168,3,Amsterdam,NL
Amsterdam,Amsterdam_T1,02:00:00:9c:da:94,2026-08-27 14:11:27,25.9,52.332847,4.936642,4,Duivendrecht,NL
Amsterdam,Amsterdam_T1,02:00:00:9d:0c:d8,2026-08-27 14:18:39,24.4,52.32961,4.961911,2,Diemen,NL
Amsterdam,Amsterdam_T1,02:00:00:27:76:38,2026-08-27 14:14:52,27.2,52.3363586,4.9621297,0,Diemen,NL
Amsterdam,Amsterdam_T1,02:00:00:b5:71:d4,2026-08-27 14:14:40,26.1,52.3371353071573,4.96234081685543,0,Diemen,NL
Amsterdam,Amsterdam_T1,02:00:00:27:51:b8,2026-08-27 14:10:31,25.1,52.326592,4.978735,0,Amsterdam,NL
Amsterdam,Amsterdam_T1,02:00:00:83:90:6a,2026-08-27 14:19:06,22.9,52.327777,4.979477,0,Amsterdam,NL
Amsterdam,Amsterdam_T1,02:00:00:64:f7:0c,2026-08-27 14:15:00,23.5,52.3283278999999,4.98179320000003,0,Amsterdam,NL
Amsterdam,Amsterdam_T1,02:00:00:83:bf:80,2026-08-27 14:11:56,25.6,52.333599,5.061164,2,Muiden,NL
Amsterdam,Amsterdam_T1,02:00:00:01:6c:5e,2026-08-27 14:14:42,25.1,52.3446448698127,4.79225000001364,0,Amsterdam,NL
Amsterdam,Amsterdam_T1,02:00:00:63:45:58,2026-08-27 14:09:34,26.9,52.3414578220111,4.79799399999996,1,Amsterdam,NL
Amsterdam,Amsterdam_T1,02:00:00:00:c9:c8,2026-08-27 14:12:45,28.0,52.3535947951943,4.79096345471049,2,Amsterdam,NL
Amsterdam,Amsterdam_T1,02:00:00:14:47:bc,2026-08-27 14:11:54,26.1,52.3527607864368,4.80871260166168,1,Amsterdam,NL
Amsterdam,Amsterdam_T1,02:00:00:27:63:7e,2026-08-27 14:09:25,25.6,52.349896,4.810742,0,Amsterdam,NL
Amsterdam,Amsterdam_T1,02:00:00:84:73:aa,2026-08-27 14:11:30,24.3,52.342971,4.825803,0,Amsterdam,NL
Amsterdam,Amsterdam_T1,02:00:00:65:84:16,2026-08-27 14:10:27,24.2,52.34792,4.846243,4,Amsterdam,NL
Amsterdam,Amsterdam_T1,02:00:00:5f:1f:26,2026-08-27 14:10:16,25.7,52.3457181372478,4.86503304724545,2,Amsterdam,NL
Amsterdam,Amsterdam_T1,02:00:00:29:77:f8,2026-08-27 14:17:04,25.5,52.352721,4.860868,4,Amsterdam,NL
Amsterdam,Amsterdam_T1,02:00:00:ab:da:ba,2026-08-27 14:10:33,26.8,52.34847,4.870878,7,Amsterdam,NL
Amsterdam,Amsterdam_T1,02:00:00:74:60:90,2026-08-27 14:11:04,25.0,52.343761,4.875174,3,Amsterdam,NL
Amsterdam,Amsterdam_T1,02:00:00:01:ca:e6,2026-08-27 14:12:13,25.1,52.34572,4.876628,4,Amsterdam,NL
Amsterdam,Amsterdam_T1,02:00:00:a4:37:d4,2026-08-27 14:16:13,25.8,52.3475151062012,4.87605476379395,5,Amsterdam,NL
Amsterdam,Amsterdam_T1,02:00:00:c6:2c:e4,2026-08-27 14:10:27,25.8,52.352244,4.899948,7,Amsterdam,NL
Amsterdam,Amsterdam_T1,02:00:00:7f:95:38,2026-08-27 14:14:06,26.3,52.352915,4.909746,4,Amsterdam,NL
Amsterdam,Amsterdam_T1,02:00:00:01:73:42,2026-08-27 14:11:38,26.5,52.349964289555,4.91295228232903,4,Amsterdam,NL
Amsterdam,Amsterdam_T1,02:00:00:2a:db:3c,2026-08-27 14:16:20,25.1,52.347729,4.941162,0,Amsterdam,NL
Amsterdam,Amsterdam_T1,02:00:00:7a:89:24,2026-08-27 14:18:07,25.1,52.348087,4.941446,0,Amsterdam,NL
Amsterdam,Amsterdam_T1,02:00:00:b2:b7:12,2026-08-27 14:17:14,25.2,52.351434,4.939469,0,Amsterdam,NL
Amsterdam,Amsterdam_T1,02:00:00:2c:f1:9a,2026-08-27 14:14:35,26.9,52.34402,4.952192,0,Amsterdam,NL
Amsterdam,Amsterdam_T1,02:00:00:13:3c:4c,2026-08-27 14:13:55,25.6,52.3399512086528,4.96276274283001,2,Diemen,NL
Amsterdam,Amsterdam_T1,02:00:00:bd:c0:be,2026-08-27 14:15:52,23.6,52.350442,4.98087900000004,6,Diemen,NL
Amsterdam,Amsterdam_T1,02:00:00:70:51:ce,2026-08-27 14:18:08,28.8,52.3533443,4.99812519999998,0,Amsterdam,NL
Amsterdam,Amsterdam_T1,02:00:00:c2:2e:4a,2026-08-27 14:11:01,24.5,52.351406,5.001968,0,Amsterdam,NL
Amsterdam,Amsterdam_T1,02:00:00:5f:2d:ec,2026-08-27 14:15:03,27.3,52.350554,5.003617,0,Amsterdam,NL
Amsterdam,Amsterdam_T1,02:00:00:53:21:30,2026-08-27 14:11:25,26.6,52.355412,4.787642,0,Amsterdam,NL
Amsterdam,Amsterdam_T1,02:00:00:5e:f9:38,2026-08-27 14:18:26,24.8,52.354861,4.832611,0,Amsterdam,NL
Amsterdam,Amsterdam_T1,02:00:00:84:0b:ca,2026-08-27 14:12:23,24.9,52.367164,4.83112,0,Amsterdam,NL
Amsterdam,Amsterdam_T1,02:00:00:af:7d:bc,2026-08-27 14:10:40,25.4,52.3570713933203,4.84621300000002,5,Amsterdam,NL
Amsterdam,Amsterdam_T1,02:00:00:5f:10:56,2026-08-27 14:17:03,25.1,52.3575455,4.8667305,4,Amsterdam,NL
Amsterdam,Amsterdam_T1,02:00:00:b5:9e:5c,2026-08-27 14:18:38,25.2,52.355088,4.871859,6,Amsterdam,NL
Amsterdam,Amsterdam_T1,02:00:00:c2:3d:20,2026-08-27 14:11:59,25.0,52.364597,4.861279,4,Amsterdam,NL
Amsterdam,Amsterdam_T1,02:00:00:7a:85:20,2026-08-27 14:17:21,26.3,52.354887,4.876879,4,Amsterdam,NL
Amsterdam,Amsterdam_T1,02:00:00:84:70:f8,2026-08-27 14:09:34,24.6,52.359384,4.876766,8,Amsterdam,NL
Amsterdam,Amsterdam_T1,02:00:00:b5:54:dc,2026-08-27 14:18:00,25.5,52.3564,4.8802,2,Amsterdam,NL
Amsterdam,Amsterdam_T1,02:00:00:02:b1:be,2026-08-27 14:17:42,25.5,52.3573648188524,4.89851619487149,4,Amsterdam,NL
Amsterdam,Amsterdam_T1,02:00:00:c2:89:be,2026-08-27 14:15:45,25.9,52.3598411999999,4.91065000000002,3,Amsterdam,NL
Amsterdam,Amsterdam_T1,02:00:00:6b:32:44,2026-08-27 14:13:41,25.5,52.3582878893224,4.92064723604361,6,Amsterdam,NL
Amsterdam,Amsterdam_T1,02:00:00:04:a6:8a,2026-08-27 14:13:47,25.6,52.3607,4.9243,1,Amsterdam,NL
Amsterdam,Amsterdam_T1,02:00:00:b2:b2:58,2026-08-27 14:18:13,25.6,52.357371,4.926031,3,Amsterdam,NL
Amsterdam,Amsterdam_T1,02:00:00:9b:51:e4,2026-08-27 14:19:09,25.7,52.360158,4.925819,2,Amsterdam,NL
Amsterdam,Amsterdam_T1,02:00:00:2a:fe:a6,2026-08-27 14:19:03,25.4,52.3572889935944,4.94533920674587,0,Amsterdam,NL
Amsterdam,Amsterdam_T1,02:00:00:3f:6a:62,2026-08-27 14:17:35,26.1,52.363079,4.979751,0,Amsterdam,NL
Amsterdam,Amsterdam_T1,02:00:00:b2:c1:1a,2026-08-27 14:17:05,25.2,52.359813,4.995219,0,Amsterdam,NL
Amsterdam,Amsterdam_T1,02:00:00:c6:24:60,2026-08-27 14:16:56,25.3,52.3561316,5.0025093,0,Amsterdam,NL
Amsterdam,Amsterdam_T1,02:00:00:83:d1:bc,2026-08-27 14:11:22,24.4,52.373107,4.810869,0,Amsterdam,NL
Amsterdam,Amsterdam_T1,02:00:00:83:eb:6a,2026-08-27 14:16:39,25.7,52.3771819548297,4.818619891921,1,Amsterdam,NL
Amsterdam,Amsterdam_T1,02:00:00:af:8c:48,2026-08-27 14:17:50,27.3,52.379386,4.839399,2,Amsterdam,NL
Amsterdam,Amsterdam_T1,02:00:00:7a:7d:7c,2026-08-27 14:10:13,26.5,52.376183,4.8480215,3,Amsterdam,NL
Amsterdam,Amsterdam_T1,02:00:00:01:3a:a4,2026-08-27 14:17:00,24.2,52.3690986633301,4.85776948928833,2,Amsterdam,NL
Amsterdam,Amsterdam_T1,02:00:00:2b:49:82,2026-08-27 14:19:23,24.7,52.3727766,4.8646089,4,Amsterdam,NL
Amsterdam,Amsterdam_T1,02:00:00:6b:32:8c,2026-08-27 14:08:51,27.1,52.370501,4.874214,6,Amsterdam,NL
Amsterdam,Amsterdam_T1,02:00:00:af:9a:18,2026-08-27 14:15:15,24.3,52.371666,4.881638,9,Amsterdam,NL
Amsterdam,Amsterdam_T1,02:00:00:83:ef:48,2026-08-27 14:10:32,26.6,52.3716,4.8883,0,Vijfhuizen,NL
Amsterdam,Amsterdam_T1,02:00:00:a4:39:8a,2026-08-27 14:11:50,24.6,52.3719,4.8829,9,Amsterdam,NL
Amsterdam,Amsterdam_T1,02:00:00:00:83:86,2026-08-27 14:12:38,29.6,52.3824005126953,4.89949989318848,1,Amsterdam,NL
Amsterdam,Amsterdam_T1,02:00:00:6b:3b:94,2026-08-27 14:17:42,26.0,52.3824,4.8995,5,Amsterdam,NL
Amsterdam,Amsterdam_T1,02:00:00:27:4a:1c,2026-08-27 14:14:43,29.8,52.3824,4.8995,5,Amsterdam,NL
Amsterdam,Amsterdam_T1,02:00:00:9b:59:de,2026-08-27 14:12:41,27.4,52.369161,4.9326972000001,4,Amsterdam,NL
Amsterdam,Amsterdam_T1,02:00:00:65:41:06,2026-08-27 14:12:08,26.3,52.379093,4.927459,4,Amsterdam,NL
Amsterdam,Amsterdam_T1,02:00:00:5f:5d:a6,2026-08-27 14:09:44,26.4,52.3784590885084,4.92971493551146,8,Amsterdam,NL
Amsterdam,Amsterdam_T1,02:00:00:28:9a:9a,2026-08-27 14:14:00,25.6,52.369183,4.95507,0,Amsterdam,NL
Amsterdam,Amsterdam_T1,02:00:00:ab:e3:52,2026-08-27 14:09:25,24.6,52.3907,4.86369999999998,4,Amsterdam,NL
Amsterdam,Amsterdam_T1,02:00:00:a2:31:fc,2026-08-27 14:15:10,26.7,52.3845558166504,4.86922264099121,7,Amsterdam,NL
Amsterdam,Amsterdam_T1,02:00:00:36:9f:fe,2026-08-27 14:16:52,25.7,52.383123,4.874172,6,Amsterdam,NL
Amsterdam,Amsterdam_T1,02:00:00:84:46:e2,2026-08-27 14:12:24,25.3,52.3929199123918,4.88645911216736,0,Amsterdam,NL
Amsterdam,Amsterdam_T1,02:00:00:af:30:44,2026-08-27 14:14:48,25.0,52.385656,4.891618,0,Amsterdam,NL
Amsterdam,Amsterdam_T1,02:00:00:01:29:cc,2026-08-27 14:14:06,25.5,52.385014,4.891942,2,Amsterdam,NL
Amsterdam,Amsterdam_T1,02:00:00:1c:5a:de,2026-08-27 14:18:53,25.4,52.3861524614255,4.90178911562291,1,Amsterdam,NL
Amsterdam,Amsterdam_T1,02:00:00:5f:22:f2,2026-08-27 14:12:48,25.9,52.3868648961883,4.90291809918824,2,Amsterdam,NL
Amsterdam,Amsterdam_T1,02:00:00:b9:02:04,2026-08-27 14:13:35,25.0,52.396435,4.905298,0,Amsterdam,NL
Amsterdam,Amsterdam_T1,02:00:00:2a:d6:c6,2026-08-27 14:14:06,26.3,52.3936767578125,4.9279146194458,0,Amsterdam,NL
Amsterdam,Amsterdam_T1,02:00:00:58:da:86,2026-08-27 14:15:16,26.4,52.3937631533699,4.93177643254458,1,Amsterdam,NL
Amsterdam,Amsterdam_T1,02:00:00:af:9a:78,2026-08-27 14:13:54,25.4,52.4020652770996,4.89147710800171,0,Amsterdam,NL
Amsterdam,Amsterdam_T1,02:00:00:00:f7:8e,2026-08-27 14:11:08,25.2,52.4091,4.8896,0,Amsterdam,NL
Amsterdam,Amsterdam_T1,02:00:00:b5:76:26,2026-08-27 14:19:16,26.2,52.403811,4.914876,2,Amsterdam,NL
Amsterdam,Amsterdam_T1,02:00:00:9b:5a:46,2026-08-27 14:18:01,29.3,52.4092,4.911,1,Amsterdam,NL
Amsterdam,Amsterdam_T1,02:00:00:bd:d9:9e,2026-08-27 14:11:26,25.3,52.407674,4.932463,0,Amsterdam,NL
Amsterdam,Amsterdam_T1,02:00:00:7f:d5:6c,2026-08-27 14:17:57,25.0,52.407289,4.935319,0,Amsterdam,NL
Amsterdam,Amsterdam_T1,02:00:00:63:2c:2a,2026-08-27 14:10:24,24.0,52.402984,4.945694,2,Amsterdam,NL
Amsterdam,Amsterdam_T1,02:00:00:63:32:ca,2026-08-27 14:10:58,25.0,52.400011,4.948339,0,Amsterdam,NL
Amsterdam,Amsterdam_T1,02:00:00:7f:c1:54,2026-08-27 14:12:54,24.1,52.3997152224585,4.95156731297681,0,Amsterdam,NL
Amsterdam,Amsterdam_T1,02:00:00:74:33:d4,2026-08-27 14:09:43,24.4,52.417055,4.825916,2,Amsterdam,NL
Amsterdam,Amsterdam_T1,02:00:00:bd:c8:28,2026-08-27 14:15:14,25.6,52.4225551,4.8995336,0,Amsterdam,NL
Amsterdam,Amsterdam_T1,02:00:00:bd:d6:68,2026-08-27 14:11:53,27.5,52.4134732394671,5.02463681500691,0,Amsterdam,NL
Amsterdam,Amsterdam_T1,02:00:00:b2:be:dc,2026-08-27 14:15:46,26.9,52.4336802968209,4.80540275573731,0,Zaanstad,NL
Amsterdam,Amsterdam_T1,02:00:00:84:7f:c4,2026-08-27 14:15:59,25.0,52.4315445597503,4.8274827003479,2,Zaandam,NL
Amsterdam,Amsterdam_T1,02:00:00:c3:9d:f2,2026-08-27 14:10:57,24.3,52.432236,4.828755,2,Zaandam,NL
Amsterdam,Amsterdam_T1,02:00:00:a4:5d:e2,2026-08-27 14:16:24,25.8,52.429596,4.834617,2,Zaandam,NL
Amsterdam,Amsterdam_T1,02:00:00:04:60:50,2026-08-27 14:14:29,23.7,52.4362386996961,4.8581631145293,0,Oostzaan,NL
Amsterdam,Amsterdam_T1,02:00:00:b2:a7:20,2026-08-27 14:18:20,23.9,52.4381484985352,4.87386560440063,1,Oostzaan,NL
Amsterdam,Amsterdam_T1,02:00:00:b5:05:fe,2026-08-27 14:11:21,23.9,52.43446,4.876556,0,Oostzaan,NL
Amsterdam,Amsterdam_T1,02:00:00:b8:ec:c0,2026-08-27 14:12:59,23.7,52.434645,4.88352290000002,0,Oostzaan,NL
Amsterdam,Amsterdam_T1,02:00:00:a4:16:16,2026-08-27 14:11:48,25.4,52.437968,4.884335,1,Oostzaan,NL
Amsterdam,Amsterdam_T1,02:00:00:2c:81:ba,2026-08-27 14:16:29,23.7,52.42855131,4.90767144000006,0,Landsmeer,NL
Amsterdam,Amsterdam_T1,02:00:00:7f:8e:40,2026-08-27 14:12:05,22.9,52.4295166584759,4.91431653499603,1,Landsmeer,NL
Amsterdam,Amsterdam_T1,02:00:00:b2:ac:88,2026-08-27 14:17:04,25.0,52.430258,4.915548,1,Landsmeer,NL
Amsterdam,Amsterdam_T1,02:00:00:19:9f:a0,2026-08-27 14:15:45,26.7,52.42952,4.922538,2,Landsmeer,NL
Amsterdam,Amsterdam_T1,02:00:00:b2:a8:40,2026-08-27 13:27:45,22.7,52.4277367607842,4.97108750037114,0,Watergang,NL
Amsterdam,Amsterdam_T1,02:00:00:5f:16:d6,2026-08-27 14:11:31,24.8,52.4284796,4.9963295,0,Broek in Waterland,NL
Amsterdam,Amsterdam_T1,02:00:00:03:66:0a,2026-08-27 14:10:28,24.6,52.435455,4.998643,0,Waterland,NL
Amsterdam,Amsterdam_T1,02:00:00:c5:39:e6,2026-08-27 14:11:10,24.4,52.4318871,5.00355289999993,0,Waterland,NL
Amsterdam,Amsterdam_T1,02:00:00:74:2f:bc,2026-08-27 14:10:17,25.8,52.441813,4.800982,2,Zaandam,NL
Amsterdam,Amsterdam_T1,02:00:00:2b:51:e0,2026-08-27 14:19:56,23.8,52.4437952340714,4.80843538190147,0,Zaandam,NL
Amsterdam,Amsterdam_T1,02:00:00:90:6d:84,2026-08-27 14:17:49,25.3,52.451797,4.81541440000003,0,Zaandam,NL
Amsterdam,Amsterdam_T1,02:00:00:84:6d:0c,2026-08-27 14:19:47,24.3,52.451021,4.819376,0,Zaandam,NL
Amsterdam,Amsterdam_T1,02:00:00:70:48:54,2026-08-27 14:10:03,24.4,52.4493083,4.87009850000007,0,Oostzaan,NL
Amsterdam,Amsterdam_T1,02:00:00:70:51:98,2026-08-27 14:18:29,24.6,52.449376,4.873678,0,Oostzaan,NL
Amsterdam,Amsterdam_T1,02:00:00:8d:e0:2e,2026-08-27 14:10:05,25.5,52.453716,5.033896,1,Monnickendam,NL
Amsterdam,Amsterdam_T1,02:00:00:74:38:ae,2026-08-27 14:15:56,25.7,52.448765,5.040629,0,Monnickendam,NL
Amsterdam,Amsterdam_T1,02:00:00:65:7b:60,2026-08-27 14:12:18,26.0,52.45517,4.796338,0,Koog aan de Zaan,NL
Amsterdam,Amsterdam_T1,02:00:00:65:85:14,2026-08-27 14:13:17,26.7,52.460911,4.798072,0,Koog aan de Zaan,NL
Amsterdam,Amsterdam_T1,02:00:00:28:6b:b2,2026-08-27 14:11:59,26.6,52.4682998657227,4.80089998245239,0,Zaanstad,NL
Amsterdam,Amsterdam_T1,02:00:00:b2:a4:56,2026-08-27 14:13:02,27.4,52.458013,4.806933,1,Koog aan de Zaan,NL
Amsterdam,Amsterdam_T1,02:00:00:83:c1:36,2026-08-27 14:12:27,25.1,52.46779,4.833544,2,Zaandam,NL
Amsterdam,Amsterdam_T1,02:00:00:a9:c1:1c,2026-08-27 14:09:28,22.8,52.4684745,4.8413454,2,Zaandam,NL
Amsterdam,Amsterdam_T1,02:00:00:65:59:44,2026-08-27 14:19:20,25.5,52.46492,4.947995,0,Landsmeer,NL
Amsterdam,Amsterdam_T1,02:00:00:36:b5:10,2026-08-27 14:10:32,25.0,52.4607855,5.0354233,5,Waterland,NL
Amsterdam,Amsterdam_T1,02:00:00:83:fe:54,2026-08-27 14:11:07,26.9,52.473273,4.792316,1,Zaandijk,NL
Amsterdam,Amsterdam_T1,02:00:00:b9:41:ba,2026-08-27 14:15:25,25.4,52.468595,4.827322,2,Zaandam,NL
Amsterdam,Amsterdam_T1,02:00:00:af:6e:4c,2026-08-27 14:14:11,25.5,52.472511,4.809806,1,Zaandijk,NL
Amsterdam,Amsterdam_T1,02:00:00:ab:f0:04,2026-08-27 14:12:39,25.5,52.4732402,4.82852159999997,1,Zaanstad,NL
Amsterdam,Amsterdam_T1,02:00:00:bd:20:42,2026-08-27 14:17:00,26.6,52.490773,4.590405,13,Wijk aan Zee,NL
Amsterdam,Amsterdam_T1,02:00:00:a2:61:20,2026-08-27 14:17:16,25.5,52.4932975227619,4.60278952387853,8,Wijk aan Zee,NL
Amsterdam,Amsterdam_T1,02:00:00:b5:31:48,2026-08-27 14:18:32,26.3,52.48672,4.649581,3,Beverwijk,NL
Amsterdam,Amsterdam_T1,02:00:00:a4:41:2c,2026-08-27 14:13:08,25.9,52.493777,4.651065,3,Beverwijk,NL
Amsterdam,Amsterdam_T1,02:00:00:a2:07:0a,2026-08-27 14:18:33,26.2,52.490739,4.659079,4,Beverwijk,NL
Amsterdam,Amsterdam_T1,02:00:00:58:c6:9e,2026-08-27 14:12:52,29.7,52.488462,4.665948,4,Beverwijk,NL
Amsterdam,Amsterdam_T1,02:00:00:1f:75:1e,2026-08-27 14:16:14,27.3,52.495347,4.671976,3,Beverwijk,NL
Amsterdam,Amsterdam_T1,02:00:00:63:48:12,2026-08-27 14:14:32,27.0,52.4925710517851,4.68104579285944,0,Beverwijk,NL
Amsterdam,Amsterdam_T1,02:00:00:b9:29:a2,2026-08-27 14:12:50,26.4,52.48681,4.689331,0,Beverwijk,NL
Amsterdam,Amsterdam_T1,02:00:00:c2:3f:1a,2026-08-27 14:18:52,25.4,52.494114652513,4.69021010199475,0,Heemskerk,NL
Amsterdam,Amsterdam_T1,02:00:00:b9:2d:62,2026-08-27 14:09:17,26.9,52.487002,4.745845,0,Assendelft,NL
Amsterdam,Amsterdam_T1,02:00:00:74:2b:b0,2026-08-27 14:14:01,26.1,52.491181,4.741493,0,Assendelft,NL
Amsterdam,Amsterdam_T1,02:00:00:b9:7d:88,2026-08-27 14:19:22,27.4,52.49439,4.74019999999999,0,Assendelft,NL
Amsterdam,Amsterdam_T1,02:00:00:bd:ba:0a,2026-08-27 14:14:16,25.2,52.485389,4.760449,0,Assendelft,NL
Amsterdam,Amsterdam_T1,02:00:00:64:00:98,2026-08-27 14:18:35,25.3,52.487216,4.759611,0,Assendelft,NL
Amsterdam,Amsterdam_T1,02:00:00:64:29:c8,2026-08-27 14:09:37,23.7,52.509686,4.657991,3,Heemskerk,NL
Amsterdam,Amsterdam_T1,02:00:00:28:d9:68,2026-08-27 14:18:00,24.4,52.505043,4.663006,3,Heemskerk,NL
Amsterdam,Amsterdam_T1,02:00:00:5f:27:32,2026-08-27 14:14:20,25.0,52.507020773057,4.66796492578298,2,Heemskerk,NL
Amsterdam,Amsterdam_T1,02:00:00:8d:c6:84,2026-08-27 14:18:49,27.4,52.49849,4.670613,4,Heemskerk,NL
Amsterdam,Amsterdam_T1,02:00:00:83:fd:bc,2026-08-27 14:11:29,23.8,52.5056967,4.67361610000001,4,Heemskerk,NL
Amsterdam,Amsterdam_T1,02:00:00:70:3c:30,2026-08-27 14:19:00,25.0,52.510432,4.688887,1,Heemskerk,NL
Amsterdam,Amsterdam_T1,02:00:00:73:f5:76,2026-08-27 14:12:21,24.6,52.499622,4.6940675,0,Heemskerk,NL
Amsterdam,Amsterdam_T1,02:00:00:1a:fe:50,2026-08-27 14:14:51,25.0,52.5053081762322,4.75592475261492,1,Krommenie,NL
Amsterdam,Amsterdam_T1,02:00:00:bd:f4:02,2026-08-27 14:16:44,27.3,52.4973426347924,4.76018432436422,0,Zaanstad,NL
Amsterdam,Amsterdam_T1,02:00:00:03:85:30,2026-08-27 14:16:35,24.0,52.504607,4.76235500000008,3,Krommenie,NL
Amsterdam,Amsterdam_T1,02:00:00:74:32:2e,2026-08-27 14:15:15,24.2,52.512731,4.670313,3,Heemskerk,NL
Amsterdam,Amsterdam_T1,02:00:00:58:bd:d0,2026-08-27 14:10:28,24.9,52.517194,4.672498,0,Heemskerk,NL
Amsterdam,Amsterdam_T1,02:00:00:b5:4b:60,2026-08-27 14:17:38,29.1,52.520013986194,4.68461215496063,3,Heemskerk,NL
Amsterdam,Amsterdam_T1,02:00:00:b4:f1:96,2026-08-27 14:09:54,26.3,52.5120620727539,4.68826818466187,1,Heemskerk,NL
Amsterdam,Amsterdam_T1,02:00:00:19:33:4e,2026-08-27 14:14:16,28.0,52.5206,4.6901,0,Heemskerk,NL
Amsterdam,Amsterdam_T1,02:00:00:b9:80:64,2026-08-27 14:16:31,24.8,52.514315,4.70612800000002,0,Uitgeest,NL
Amsterdam,Amsterdam_T1,02:00:00:63:34:a0,2026-08-27 14:19:41,25.1,52.5164485389808,4.7633657697163,0,Zaanstad,NL
Amsterdam,Amsterdam_T1,02:00:00:63:24:da,2026-08-27 14:10:22,25.2,52.5267021414972,4.70168518277734,0,Uitgeest,NL
Amsterdam,Amsterdam_T1,02:00:00:b9:5f:90,2026-08-27 14:17:47,23.9,52.533084264192,4.71261564257397,0,Uitgeest,NL
Amsterdam,Amsterdam_T1,02:00:00:63:2d:f0,2026-08-27 14:18:44,25.0,52.533104,4.712557,0,Uitgeest,NL
Amsterdam,Amsterdam_T1,02:00:00:b5:8b:c2,2026-08-27 14:13:58,23.0,52.529381,4.713874,2,Uitgeest,NL
Amsterdam,Amsterdam_T1,02:00:00:b5:a6:8a,2026-08-27 14:18:45,26.5,52.530517,4.778969,0,Markenbinnen,NL
Amsterdam,Amsterdam_T1,02:00:00:b9:52:2e,2026-08-27 14:15:21,26.0,52.543081,4.660629,1,Castricum,NL
Amsterdam,Amsterdam_T1,02:00:00:b2:a8:d0,2026-08-27 14:18:45,27.8,52.5532143015102,4.66275751590729,2,Castricum,NL
Amsterdam,Amsterdam_T1,02:00:00:2b:20:f8,2026-08-27 14:12:44,24.0,52.552362718395,4.66431157696726,4,Castricum,NL
Amsterdam,Amsterdam_T1,02:00:00:00:f7:ea,2026-08-27 14:09:41,25.5,52.552456056786,4.66874740076037,2,Castricum,NL
Amsterdam,Amsterdam_T1,02:00:00:b4:ef:9c,2026-08-27 14:17:22,25.2,52.544774,4.669992,1,Castricum,NL
Amsterdam,Amsterdam_T1,02:00:00:27:2c:12,2026-08-27 14:13:01,26.0,52.5579643249512,4.65175914764404,11,Castricum,NL
Amsterdam,Amsterdam_T1,02:00:00:00:56:b0,2026-08-27 14:14:40,23.7,52.559481,4.645325,8,Castricum,NL
Amsterdam,Amsterdam_T1,02:00:00:36:a3:a2,2026-08-27 14:11:24,24.6,52.561176,4.647979,12,Castricum,NL
Amsterdam,Amsterdam_T1,02:00:00:c3:74:74,2026-08-27 14:11:43,24.8,52.556907,4.668744,1,Castricum,NL
Amsterdam,Amsterdam_T1,02:00:00:bd:e4:0a,2026-08-27 14:17:44,27.1,52.557114,4.6693296,0,Castricum,NL
Amsterdam,Amsterdam_T1,02:00:00:bd:db:96,2026-08-27 14:09:29,24.7,52.5677,4.688097,2,Castricum,NL
Amsterdam,Amsterdam_T1,02:00:00:83:f9:38,2026-08-27 14:11:56,25.6,52.5667610168457,4.69240951538086,4,Castricum,NL
Amsterdam,Amsterdam_T1,02:00:00:bd:d4:66,2026-08-27 14:13:44,25.0,52.5567058594671,4.72576493881832,0,Castricum,NL
Amsterdam,Amsterdam_T1,02:00:00:b0:a9:ae,2026-08-27 14:15:53,24.7,52.556932,4.728066,0,Castricum,NL
Amsterdam,Amsterdam_T1,02:00:00:2c:f9:46,2026-08-27 14:11:46,26.0,52.5711657,4.69811320000005,2,Castricum,NL
Amsterdam,Amsterdam_T1,02:00:00:7f:ca:86,2026-08-27 14:19:28,23.9,52.575198,4.701347,2,Castricum,NL
Amsterdam,Amsterdam_T1,02:00:00:83:b0:d6,2026-08-27 14:19:22,24.7,52.592226,4.690301,0,Heiloo,NL
Amsterdam,Amsterdam_T1,02:00:00:b5:77:5a,2026-08-27 14:12:12,23.5,52.589641,4.701077,1,Heiloo,NL
Amsterdam,Amsterdam_T1,02:00:00:3f:6f:6c,2026-08-27 14:17:18,24.0,52.5883517,4.71341809999999,0,Heiloo,NL
Amsterdam,Amsterdam_T1,02:00:00:5f:28:b6,2026-08-27 14:19:25,24.8,52.593292,4.713329,0,Heiloo,NL
Amsterdam,Amsterdam_T1,02:00:00:13:81:dc,2026-08-27 14:13:38,24.5,52.5917217300149,4.71660864874474,1,Heiloo,NL
Amsterdam,Amsterdam_T1,02:00:00:14:4a:16,2026-08-27 14:15:54,24.7,52.5979706,4.68623639999998,2,Heiloo,NL
Amsterdam,Amsterdam_T1,02:00:00:27:49:96,2026-08-27 14:18:47,23.7,52.596877,4.700662,2,Heiloo,NL
Amsterdam,Amsterdam_T1,02:00:00:bd:0d:f4,2026-08-27 14:18:48,25.9,52.608246,4.707137,1,Heiloo,NL
Amsterdam,Amsterdam_T1,02:00:00:a9:f1:36,2026-08-27 14:12:30,24.2,52.6009402517112,4.7194606130876,4,Heiloo,NL
Amsterdam,Amsterdam_T1,02:00:00:ab:f5:58,2026-08-27 14:14:30,23.3,52.6041166997843,4.72310379860246,1,Heiloo,NL
Amsterdam,Amsterdam_T1,02:00:00:02:63:54,2026-08-27 14:17:24,25.2,52.6134354354965,4.62090881276794,20,Bergen,NL
Amsterdam,Amsterdam_T1,02:00:00:b5:ac:40,2026-08-27 14:16:11,25.2,52.622938,4.628717,11,Bergen,NL
Amsterdam,Amsterdam_T1,02:00:00:00:da:fe,2026-08-27 14:13:09,29.1,52.62333,4.630068,11,Bergen,NL
Amsterdam,Amsterdam_T1,02:00:00:31:ea:ec,2026-08-27 14:16:48,24.9,52.6170874425851,4.65225869437614,1,Bergen (NH),NL
Amsterdam,Amsterdam_T1,02:00:00:64:29:b6,2026-08-27 14:19:37,24.7,52.6201341308608,4.6524031553414,3,Bergen (NH),NL
Amsterdam,Amsterdam_T1,02:00:00:b2:a7:60,2026-08-27 14:18:27,24.9,52.617767,4.735231,3,Alkmaar,NL
Amsterdam,Amsterdam_T1,02:00:00:04:59:7c,2026-08-27 14:11:28,24.0,52.616767,4.74162,1,Alkmaar,NL
Amsterdam,Amsterdam_T1,02:00:00:2f:07:0e,2026-08-27 14:11:43,25.8,52.619869,4.74062129999993,2,Alkmaar,NL
Amsterdam,Amsterdam_T1,02:00:00:64:41:c4,2026-08-27 14:15:22,25.2,52.6182297305515,4.76174610319983,1,Alkmaar,NL
Amsterdam,Amsterdam_T1,02:00:00:c2:7c:c6,2026-08-27 14:10:31,27.7,52.625301,4.656129,4,Bergen,NL
Amsterdam,Amsterdam_T1,02:00:00:63:41:1a,2026-08-27 14:09:58,25.0,52.6295856026728,4.71791982650757,2,Alkmaar,NL
Amsterdam,Amsterdam_T1,02:00:00:ab:c4:e2,2026-08-27 14:14:56,24.8,52.6328430175781,4.72380399703979,2,Alkmaar,NL
Amsterdam,Amsterdam_T1,02:00:00:05:4b:ba,2026-08-27 14:15:45,21.9,52.6340215,4.72542320000002,0,Alkmaar,NL
Amsterdam,Amsterdam_T1,02:00:00:9b:4e:12,2026-08-27 14:11:27,30.6,52.6366402163491,4.74007593934657,3,Alkmaar,NL
Amsterdam,Amsterdam_T1,02:00:00:1f:79:cc,2026-08-27 14:15:49,24.8,52.636603,4.745265,4,Alkmaar,NL
Amsterdam,Amsterdam_T1,02:00:00:b5:9a:a0,2026-08-27 14:11:10,27.7,52.637733,4.745801,4,Alkmaar,NL
Amsterdam,Amsterdam_T1,02:00:00:c2:2e:b6,2026-08-27 14:11:57,24.5,52.633771,4.75851099999995,2,Alkmaar,NL
Amsterdam,Amsterdam_T1,02:00:00:64:01:d0,2026-08-27 14:16:57,26.7,52.634199,4.759869,6,Alkmaar,NL
Amsterdam,Amsterdam_T1,02:00:00:36:e0:40,2026-08-27 14:15:02,27.4,52.632384,4.766958,1,Alkmaar,NL
Amsterdam,Amsterdam_T1,02:00:00:ab:df:8c,2026-08-27 14:13:08,24.2,52.641745,4.756303,1,Alkmaar,NL
Amsterdam,Amsterdam_T1,02:00:00:58:bc:d2,2026-08-27 14:12:56,24.1,52.6466445922852,4.75525665283203,1,Alkmaar,NL
Amsterdam,Amsterdam_T1,02:00:00:7b:00:42,2026-08-27 14:15:20,25.3,52.6480903625488,4.76241064071655,4,Alkmaar,NL
Amsterdam,Amsterdam_T1,02:00:00:12:7e:c4,2026-08-27 14:13:26,25.8,52.6525888583169,4.76428381045071,1,Alkmaar,NL
Amsterdam,Amsterdam_T1,02:00:00:a2:25:b4,2026-08-27 14:10:09,24.3,52.652943,4.772452,0,Alkmaar,NL
Amsterdam,Amsterdam_T1,02:00:00:a9:5f:3c,2026-08-27 14:11:00,26.4,52.3233565620573,4.58888893347402,2,Bennebroek,NL
Amsterdam,Amsterdam_T1,02:00:00:74:30:a2,2026-08-27 14:16:38,25.9,52.31667,4.601682,2,Bennebroek,NL
Amsterdam,Amsterdam_T1,02:00:00:52:ff:4a,2026-08-27 14:18:03,26.9,52.316234,4.613678,0,Zwaanshoek,NL
Amsterdam,Amsterdam_T1,02:00:00:90:f9:42,2026-08-27 14:15:48,25.0,52.316686,4.61633,0,Zwaanshoek,NL
Amsterdam,Amsterdam_T1,02:00:00:58:dc:8e,2026-08-27 14:18:16,25.7,52.314828,4.626092,0,Zwaanshoek,NL
Amsterdam,Amsterdam_T1,02:00:00:34:0d:20,2026-08-27 14:13:07,27.6,52.314469,4.637147,0,Haarlemmermeer,NL
Amsterdam,Amsterdam_T1,02:00:00:8d:cc:36,2026-08-27 14:18:11,27.7,52.3125,4.6445,0,Hoofddorp,NL
Amsterdam,Amsterdam_T1,02:00:00:06:02:ae,2026-08-27 14:19:25,26.4,52.313344,4.652007,0,Haarlemmermeer,NL
Amsterdam,Amsterdam_T1,02:00:00:00:d2:c8,2026-08-27 14:17:14,25.4,52.3246564313998,4.64318761619814,0,Haarlemmermeer,NL
Amsterdam,Amsterdam_T1,02:00:00:12:6f:32,2026-08-27 14:16:33,27.6,52.318731,4.675906,0,Hoofddorp,NL
Amsterdam,Amsterdam_T1,02:00:00:04:a8:18,2026-08-27 14:11:20,28.2,52.3118591308594,4.69132137298584,0,Haarlemmermeer,NL
Amsterdam,Amsterdam_T1,02:00:00:04:5c:16,2026-08-27 14:12:45,29.2,52.325924,4.593691,3,Bennebroek,NL
Amsterdam,Amsterdam_T1,02:00:00:53:40:ac,2026-08-27 14:11:07,25.6,52.3348254552263,4.61766521558033,1,Heemstede,NL
Amsterdam,Amsterdam_T1,02:00:00:8d:d6:b0,2026-08-27 14:09:57,26.2,52.335645,4.632993,0,Cruquius,NL
Amsterdam,Amsterdam_T1,02:00:00:be:07:f0,2026-08-27 14:11:07,25.7,52.3348065616568,4.64470551369772,0,Cruquius,NL
Amsterdam,Amsterdam_T1,02:00:00:c2:49:e6,2026-08-27 14:18:24,25.3,52.336126,4.644912,0,Cruquius,NL
Amsterdam,Amsterdam_T1,02:00:00:bd:c0:ba,2026-08-27 14:09:42,26.8,52.3423288406971,4.60312933229977,2,Heemstede,NL
Amsterdam,Amsterdam_T1,02:00:00:b4:f1:9a,2026-08-27 13:55:20,26.3,52.3455882986117,4.6028138830537,3,Heemstede,NL
Amsterdam,Amsterdam_T1,02:00:00:29:0c:72,2026-08-27 14:17:24,25.3,52.3456538553203,4.60992780720815,4,Heemstede,NL
Amsterdam,Amsterdam_T1,02:00:00:8d:e0:c8,2026-08-27 14:13:00,26.1,52.342843,4.623263,3,Heemstede,NL
Amsterdam,Amsterdam_T1,02:00:00:b2:b9:40,2026-08-27 14:11:04,24.8,52.3414526,4.6261209,3,Heemstede,NL
Amsterdam,Amsterdam_T1,02:00:00:04:73:0e,2026-08-27 14:12:06,26.2,52.3530274,4.63461050000001,5,Heemstede,NL
Amsterdam,Amsterdam_T1,02:00:00:74:5c:56,2026-08-27 14:15:29,29.7,52.350723,4.644351,0,Haarlem,NL
Amsterdam,Amsterdam_T1,02:00:00:9c:f8:c4,2026-08-27 14:17:28,25.9,52.3476130477796,4.650423771551,2,Haarlem,NL
Amsterdam,Amsterdam_T1,02:00:00:02:9b:e4,2026-08-27 14:17:51,27.2,52.347191,4.652659,1,Haarlem,NL
Amsterdam,Amsterdam_T1,02:00:00:ab:ea:fc,2026-08-27 14:19:02,26.3,52.343516,4.674352,0,Vijfhuizen,NL
Amsterdam,Amsterdam_T1,02:00:00:64:1b:22,2026-08-27 14:14:32,25.5,52.3475604591872,4.67093580894672,1,Haarlemmermeer,NL
Amsterdam,Amsterdam_T1,02:00:00:2f:0c:1c,2026-08-27 14:13:23,26.2,52.3464166143002,4.67963541516469,0,Vijfhuizen,NL
Amsterdam,Amsterdam_T1,02:00:00:19:41:f0,2026-08-27 14:17:21,25.7,52.34581,4.772238,0,Badhoevedorp,NL
Amsterdam,Amsterdam_T1,02:00:00:bd:de:aa,2026-08-27 14:12:45,25.6,52.35104,4.773909,0,Amsterdam,NL
Amsterdam,Amsterdam_T1,02:00:00:ab:db:e0,2026-08-27 14:13:19,26.2,52.364787,4.52086100000004,14,Zandvoort,NL
Amsterdam,Amsterdam_T1,02:00:00:a9:8b:b6,2026-08-27 14:14:31,27.1,52.3675,4.5304,6,Zandvoort,NL
Amsterdam,Amsterdam_T1,02:00:00:3c:ed:32,2026-08-27 14:15:18,26.0,52.3671946,4.54155539999998,6,Zandvoort,NL
Amsterdam,Amsterdam_T1,02:00:00:b0:97:dc,2026-08-27 14:17:33,26.2,52.367772,4.606125,2,Haarlem,NL
Amsterdam,Amsterdam_T1,02:00:00:02:ea:00,2026-08-27 14:16:01,27.6,52.3632352276022,4.61015882569882,4,Haarlem,NL
Amsterdam,Amsterdam_T1,02:00:00:83:99:52,2026-08-27 14:11:09,24.7,52.3554,4.6149,7,Heemstede,NL
Amsterdam,Amsterdam_T1,02:00:00:31:c4:74,2026-08-27 14:16:17,23.5,52.356443,4.618759,2,Heemstede,NL
Amsterdam,Amsterdam_T1,02:00:00:b2:b2:54,2026-08-27 14:10:15,25.5,52.357489,4.625746,4,Heemstede,NL
Amsterdam,Amsterdam_T1,02:00:00:83:fd:c4,2026-08-27 14:16:40,24.7,52.355408,4.626659,3,Heemstede,NL
Amsterdam,Amsterdam_T1,02:00:00:03:9c:a2,2026-08-27 14:16:13,25.5,52.3547002557013,4.64688848693248,0,Haarlem,NL
Amsterdam,Amsterdam_T1,02:00:00:01:8b:04,2026-08-27 14:15:47,26.4,52.357799252269,4.64295928937645,4,Haarlem,NL
Amsterdam,Amsterdam_T1,02:00:00:3d:18:c6,2026-08-27 14:11:46,24.2,52.3615,4.6419,2,Haarlem,NL
Amsterdam,Amsterdam_T1,02:00:00:29:66:d8,2026-08-27 14:12:39,26.1,52.354517,4.779536,0,Amsterdam,NL
Amsterdam,Amsterdam_T1,02:00:00:b4:f0:46,2026-08-27 14:15:39,25.6,52.3692474365234,4.5371298789978,8,Zandvoort,NL
Amsterdam,Amsterdam_T1,02:00:00:1c:57:72,2026-08-27 14:09:56,26.1,52.3705376377954,4.53681784129898,5,Zandvoort,NL
Amsterdam,Amsterdam_T1,02:00:00:3f:4c:f4,2026-08-27 14:18:23,24.8,52.372587,4.530564,6,Zandvoort,NL
Amsterdam,Amsterdam_T1,02:00:00:c2:32:aa,2026-08-27 14:15:37,23.9,52.372037,4.59458,8,Aerdenhout,NL
Amsterdam,Amsterdam_T1,02:00:00:b5:b1:0c,2026-08-27 14:12:55,24.9,52.3695997,4.6135729,1,Haarlem,NL
Amsterdam,Amsterdam_T1,02:00:00:c3:ec:bc,2026-08-27 14:12:08,25.7,52.3714478705273,4.62272452350821,1,Haarlem,NL
Amsterdam,Amsterdam_T1,02:00:00:bd:fb:06,2026-08-27 14:15:59,26.2,52.3736267089844,4.61951780319214,0,Haarlem,NL
Amsterdam,Amsterdam_T1,02:00:00:3a:2a:c8,2026-08-27 14:13:27,26.2,52.37427,4.6192017,1,Haarlem,NL
Amsterdam,Amsterdam_T1,02:00:00:83:b1:9e,2026-08-27 14:10:12,26.1,52.381217,4.641662,3,Haarlem,NL
Amsterdam,Amsterdam_T1,02:00:00:90:b9:a6,2026-08-27 14:14:18,26.0,52.3803,4.6422,2,Haarlem,NL
Amsterdam,Amsterdam_T1,02:00:00:33:d2:64,2026-08-27 14:11:23,26.3,52.3809272917764,4.64569719847814,1,Haarlem,NL
Amsterdam,Amsterdam_T1,02:00:00:1f:3b:4a,2026-08-27 14:11:40,25.4,52.37831,4.669574,1,Haarlem,NL
Amsterdam,Amsterdam_T1,02:00:00:bd:02:30,2026-08-27 14:18:12,24.2,52.378145,4.670558,1,Haarlem,NL
Amsterdam,Amsterdam_T1,02:00:00:a9:82:9a,2026-08-27 14:15:57,25.1,52.378145,4.670558,1,Haarlem,NL
Amsterdam,Amsterdam_T1,02:00:00:27:b4:36,2026-08-27 14:16:52,27.3,52.3779792785645,4.7358570098877,0,Haarlemmermeer,NL
Amsterdam,Amsterdam_T1,02:00:00:27:4b:10,2026-08-27 14:14:03,28.0,52.37942,4.744301,0,Haarlemmermeer,NL
Amsterdam,Amsterdam_T1,02:00:00:1e:21:d8,2026-08-27 14:11:52,26.3,52.3836936950684,4.60500431060791,3,Haarlem,NL
Amsterdam,Amsterdam_T1,02:00:00:3f:4b:00,2026-08-27 14:18:04,26.3,52.3919181,4.6090654,10,Bloemendaal,NL
Amsterdam,Amsterdam_T1,02:00:00:90:90:54,2026-08-27 14:14:09,25.8,52.3920090859054,4.61050858570127,4,Overveen,NL
Amsterdam,Amsterdam_T1,02:00:00:ab:e0:5c,2026-08-27 14:19:19,26.6,52.382743416844,4.62757179341502,3,Haarlem,NL
Amsterdam,Amsterdam_T1,02:00:00:36:97:c0,2026-08-27 14:18:17,26.0,52.384901,4.618702,2,Haarlem,NL
Amsterdam,Amsterdam_T1,02:00:00:6b:2a:8e,2026-08-27 14:15:31,25.4,52.383527,4.626926,4,Haarlem,NL
Amsterdam,Amsterdam_T1,02:00:00:a4:29:1a,2026-08-27 14:18:38,29.0,52.39233,4.64477999999999,2,Haarlem,NL
Amsterdam,Amsterdam_T1,02:00:00:19:12:9e,2026-08-27 14:13:19,26.7,52.395697,4.646471,2,Haarlem,NL
Amsterdam,Amsterdam_T1,02:00:00:29:68:b8,2026-08-27 14:17:27,25.2,52.396323,4.647771,1,Haarlem,NL
Amsterdam,Amsterdam_T1,02:00:00:03:70:e8,2026-08-27 14:14:27,26.2,52.383225,4.726661,0,Zwanenburg,NL
Amsterdam,Amsterdam_T1,02:00:00:33:d0:b6,2026-08-27 14:11:06,28.4,52.387142,4.757172,1,Halfweg,NL
Amsterdam,Amsterdam_T1,02:00:00:13:52:76,2026-08-27 14:09:53,25.4,52.3991470336914,4.62305593490601,2,Bloemendaal,NL
Amsterdam,Amsterdam_T1,02:00:00:c5:40:ea,2026-08-27 14:14:42,26.9,52.400092,4.623392,4,Bloemendaal,NL
Amsterdam,Amsterdam_T1,02:00:00:83:f0:02,2026-08-27 14:18:10,25.7,52.405965,4.631168,2,Haarlem,NL
Amsterdam,Amsterdam_T1,02:00:00:65:6b:94,2026-08-27 14:18:02,25.1,52.406331,4.652223,0,Haarlem,NL
Amsterdam,Amsterdam_T1,02:00:00:1c:67:e6,2026-08-27 14:17:14,26.6,52.416089,4.628222,3,Santpoort-Zuid,NL
Amsterdam,Amsterdam_T1,02:00:00:2f:2c:10,2026-08-27 14:17:29,27.6,52.4139580938156,4.64802011595694,0,Haarlem,NL
Amsterdam,Amsterdam_T1,02:00:00:a2:0a:b0,2026-08-27 14:13:07,26.4,52.418751,4.6510605,1,Haarlem,NL
Amsterdam,Amsterdam_T1,02:00:00:b9:1c:8a,2026-08-27 14:15:04,25.8,52.4189992,4.65495759999998,0,Haarlem,NL
Amsterdam,Amsterdam_T1,02:00:00:be:06:98,2026-08-27 14:15:08,26.5,52.4134979248047,4.68100881576538,0,Haarlem,NL
Amsterdam,Amsterdam_T1,02:00:00:c6:18:2a,2026-08-27 14:16:49,26.5,52.41549,4.690098,0,Spaarndam,NL
Amsterdam,Amsterdam_T1,02:00:00:03:cf:ae,2026-08-27 14:12:45,25.6,52.430961,4.626516,7,Santpoort-Noord,NL
Amsterdam,Amsterdam_T1,02:00:00:a2:25:f2,2026-08-27 14:18:44,25.7,52.430885,4.633629,5,Santpoort-Noord,NL
Amsterdam,Amsterdam_T1,02:00:00:6b:54:fc,2026-08-27 14:10:48,26.6,52.43138,4.637592,7,Santpoort-Noord,NL
Amsterdam,Amsterdam_T1,02:00:00:1f:64:4e,2026-08-27 14:11:55,27.4,52.430948,4.651523,0,Velserbroek,NL
Amsterdam,Amsterdam_T1,02:00:00:34:06:e2,2026-08-27 14:19:13,25.4,52.43278,4.654448,3,Velserbroek,NL
Amsterdam,Amsterdam_T1,02:00:00:b5:b6:ae,2026-08-27 14:19:04,25.1,52.4339768,4.6563109,1,Velsen,NL
Amsterdam,Amsterdam_T1,02:00:00:ab:ec:c4,2026-08-27 14:17:20,25.8,52.4282927,4.6653309,0,Velserbroek,NL
Amsterdam,Amsterdam_T1,02:00:00:bd:ec:92,2026-08-27 14:16:40,26.3,52.4288634,4.67031360000004,0,Velserbroek,NL
Amsterdam,Amsterdam_T1,02:00:00:b5:4b:32,2026-08-27 14:11:55,23.5,52.4319432,4.78043320000006,0,Westzaan,NL
Amsterdam,Amsterdam_T1,02:00:00:b2:aa:ac,2026-08-27 14:11:16,23.0,52.448609,4.590747,10,IJmuiden,NL
Amsterdam,Amsterdam_T1,02:00:00:a2:3b:be,2026-08-27 14:17:41,23.6,52.442508,4.632853,5,Driehuis NH,NL
Amsterdam,Amsterdam_T1,02:00:00:7f:98:e4,2026-08-27 14:11:04,23.3,52.4443464,4.6335944,7,Driehuis NH,NL
Amsterdam,Amsterdam_T1,02:00:00:a9:65:06,2026-08-27 14:18:22,26.0,52.4453624156696,4.63662952934719,6,Driehuis NH,NL
Amsterdam,Amsterdam_T1,02:00:00:9c:fa:06,2026-08-27 14:17:42,26.4,52.4489951330939,4.64108121865961,6,Driehuis NH,NL
Amsterdam,Amsterdam_T1,02:00:00:b5:93:86,2026-08-27 14:10:10,24.7,52.443132,4.68768400000007,0,Velsen-Zuid,NL
Amsterdam,Amsterdam_T1,02:00:00:37:27:c4,2026-08-27 14:11:03,26.7,52.462665,4.602491,9,IJmuiden,NL
Amsterdam,Amsterdam_T1,02:00:00:6b:9c:56,2026-08-27 14:17:46,25.8,52.4615355374391,4.62213646156055,7,IJmuiden,NL
Amsterdam,Amsterdam_T1,02:00:00:33:ff:50,2026-08-27 14:18:38,23.5,52.47222,4.64417,3,Velsen-Noord,NL
Amsterdam,Amsterdam_T1,02:00:00:8d:c5:b8,2026-08-27 14:18:58,25.7,52.481261073535,4.65143322944641,3,Beverwijk,NL
Amsterdam,Amsterdam_T1,02:00:00:73:c3:3e,2026-08-27 14:16:02,24.9,52.469413,4.748364,0,Assendelft,NL
Amsterdam,Amsterdam_T1,02:00:00:a2:60:a8,2026-08-27 14:13:07,25.9,52.4727440027025,4.74969940572919,0,Assendelft,NL
Amsterdam,Amsterdam_T3,02:00:00:b5:b2:22,2026-08-27 14:15:43,24.1,52.180305,4.866178,0,Wilnis,NL
Amsterdam,Amsterdam_T3,02:00:00:b9:1f:00,2026-08-27 14:17:32,27.3,52.1843654615619,4.8412770498544,0,Mijdrecht,NL
Amsterdam,Amsterdam_T3,02:00:00:9c:de:20,2026-08-27 14:11:49,25.8,52.1958658,4.86264180000002,0,Mijdrecht,NL
Amsterdam,Amsterdam_T3,02:00:00:39:f9:dc,2026-08-27 14:11:13,27.0,52.202356,4.852284,0,Mijdrecht,NL
Amsterdam,Amsterdam_T3,02:00:00:53:07:a6,2026-08-27 14:11:53,27.1,52.204351,4.867309,0,Mijdrecht,NL
Amsterdam,Amsterdam_T3,02:00:00:c3:8b:28,2026-08-27 14:14:01,26.5,52.204623,4.888187,0,Wilnis,NL
Amsterdam,Amsterdam_T3,02:00:00:84:6d:dc,2026-08-27 14:16:22,25.5,52.203649,4.894761,0,Wilnis,NL
Amsterdam,Amsterdam_T3,02:00:00:a9:a5:c4,2026-08-27 14:13:41,25.4,52.203511,4.89626700000002,0,Wilnis,NL
Amsterdam,Amsterdam_T3,02:00:00:59:08:9a,2026-08-27 14:16:11,24.9,52.206286,4.920018,0,Vinkeveen,NL
Amsterdam,Amsterdam_T3,02:00:00:bd:eb:2a,2026-08-27 14:14:10,26.5,52.2142662937636,4.86259564698173,0,De Ronde Venen,NL
Amsterdam,Amsterdam_T3,02:00:00:83:9c:f6,2026-08-27 14:13:30,27.3,52.214242,4.868094,0,Mijdrecht,NL
Amsterdam,Amsterdam_T3,02:00:00:83:bf:38,2026-08-27 14:19:07,23.6,52.232445,4.81057,0,Uithoorn,NL
Amsterdam,Amsterdam_T3,02:00:00:1c:65:c8,2026-08-27 14:13:27,25.7,52.233621,4.809495,0,Uithoorn,NL
Amsterdam,Amsterdam_T3,02:00:00:c3:91:d0,2026-08-27 14:13:23,26.8,52.236612,4.807596,0,Uithoorn,NL
Amsterdam,Amsterdam_T3,02:00:00:2d:08:dc,2026-08-27 14:16:51,25.3,52.232,4.8319,0,Amstelhoek,NL
Amsterdam,Amsterdam_T3,02:00:00:c2:87:00,2026-08-27 14:10:19,26.3,52.238525,4.967143,0,Vinkeveen,NL
Amsterdam,Amsterdam_T3,02:00:00:58:75:48,2026-08-27 14:10:19,27.7,52.249742,4.801575,0,Uithoorn,NL
Amsterdam,Amsterdam_T3,02:00:00:c2:3d:10,2026-08-27 14:17:45,28.6,52.2475852966309,4.80956983566284,0,Uithoorn,NL
Amsterdam,Amsterdam_T3,02:00:00:74:4d:d2,2026-08-27 14:14:12,26.3,52.252629,4.81731699999996,0,Uithoorn,NL
Amsterdam,Amsterdam_T3,02:00:00:52:ea:00,2026-08-27 14:10:18,27.0,52.2513635184711,4.82396519849737,0,Uithoorn,NL
Amsterdam,Amsterdam_T3,02:00:00:1c:81:58,2026-08-27 14:15:40,25.9,52.247325,4.836755,0,Uithoorn,NL
Amsterdam,Amsterdam_T3,02:00:00:a9:69:f8,2026-08-27 14:15:55,26.2,52.249231,4.963806,0,Vinkeveen,NL
Amsterdam,Amsterdam_T3,02:00:00:90:96:08,2026-08-27 14:14:51,25.1,52.25234,4.956786,0,Vinkeveen,NL
Amsterdam,Amsterdam_T3,02:00:00:a4:6b:32,2026-08-27 14:17:37,24.6,52.25339,4.959288,0,Vinkeveen,NL
Amsterdam,Amsterdam_T3,02:00:00:2e:95:68,2026-08-27 14:12:18,26.0,52.242711,5.04575,0,Vreeland,NL
Amsterdam,Amsterdam_T3,02:00:00:a4:37:4a,2026-08-27 14:14:14,26.4,52.2536454,5.04736049999997,0,Nederhorst den Berg,NL
Amsterdam,Amsterdam_T3,02:00:00:b8:ea:a2,2026-08-27 14:18:33,24.2,52.2659683227539,4.97129917144775,0,Abcoude,NL
Amsterdam,Amsterdam_T3,02:00:00:c3:d3:be,2026-08-27 14:18:53,22.8,52.276226,4.786397,0,Aalsmeer,NL
Amsterdam,Amsterdam_T3,02:00:00:29:47:02,2026-08-27 14:19:16,25.0,52.2751,4.7914,0,Aalsmeer,NL
Amsterdam,Amsterdam_T3,02:00:00:5e:d5:82,2026-08-27 14:15:24,27.4,52.2759595,4.7924495,0,Aalsmeer,NL
Amsterdam,Amsterdam_T3,02:00:00:12:5f:7e,2026-08-27 14:12:59,26.6,52.2806016101332,4.80718300000004,0,Aalsmeer,NL
Amsterdam,Amsterdam_T3,02:00:00:58:c4:5a,2026-08-27 14:15:13,26.7,52.27291,4.8268547,0,Amstelveen,NL
Amsterdam,Amsterdam_T3,02:00:00:a4:63:f4,2026-08-27 14:16:50,25.6,52.2734140953216,4.82463988786122,0,Amstelveen,NL
Amsterdam,Amsterdam_T3,02:00:00:b5:b6:fe,2026-08-27 14:17:10,26.6,52.2803576108898,4.83137900000014,0,Amstelveen,NL
Amsterdam,Amsterdam_T3,02:00:00:a9:e0:be,2026-08-27 14:19:36,26.9,52.276607,4.835382,0,Amstelveen,NL
Amsterdam,Amsterdam_T3,02:00:00:2b:50:5e,2026-08-27 14:17:56,26.1,52.2791747,4.84435499999995,0,Amstelveen,NL
Amsterdam,Amsterdam_T3,02:00:00:64:38:08,2026-08-27 14:13:40,24.7,52.277126,4.855131,0,Amstelveen,NL
Amsterdam,Amsterdam_T3,02:00:00:2a:d6:7a,2026-08-27 14:13:04,24.3,52.2696126098744,4.96684000945569,0,De Ronde Venen,NL
Amsterdam,Amsterdam_T3,02:00:00:69:26:be,2026-08-27 14:14:49,24.7,52.277725,4.972173,0,De Ronde Venen,NL
Amsterdam,Amsterdam_T3,02:00:00:90:8f:d2,2026-08-27 14:15:04,26.9,52.28312,4.82091999999998,0,Amstelveen,NL
Amsterdam,Amsterdam_T3,02:00:00:a4:1c:84,2026-08-27 14:13:31,25.6,52.2838261,4.82931780000006,0,Amstelveen,NL
Amsterdam,Amsterdam_T3,02:00:00:28:78:00,2026-08-27 14:13:55,26.0,52.284613,4.828821,0,Amstelveen,NL
Amsterdam,Amsterdam_T3,02:00:00:52:c6:8a,2026-08-27 14:19:02,25.3,52.290750006649,4.8284928930409,0,Amstelveen,NL
Amsterdam,Amsterdam_T3,02:00:00:1d:e4:b2,2026-08-27 14:17:10,25.0,52.2832132669251,4.85250011221136,0,Amstelveen,NL
Amsterdam,Amsterdam_T3,02:00:00:05:82:46,2026-08-27 14:11:45,24.5,52.2844,4.8662,0,Amstelveen,NL
Amsterdam,Amsterdam_T3,02:00:00:7f:c0:3a,2026-08-27 14:12:58,25.3,52.291911,4.864234,0,Amstelveen,NL
Amsterdam,Amsterdam_T3,02:00:00:58:bb:aa,2026-08-27 14:14:04,27.1,52.291399,4.906819,0,Ouder-Amstel,NL
Amsterdam,Amsterdam_T3,02:00:00:53:2c:18,2026-08-27 14:15:40,24.0,52.2933473,4.9082756,0,Ouderkerk aan de Amstel,NL
Amsterdam,Amsterdam_T3,02:00:00:7f:91:08,2026-08-27 14:17:45,26.4,52.2949,4.9116,0,Ouderkerk aan de Amstel,NL
Amsterdam,Amsterdam_T3,02:00:00:bd:bf:ee,2026-08-27 14:18:23,26.4,52.293971,4.969643,0,Amsterdam,NL
Amsterdam,Amsterdam_T3,02:00:00:a9:e1:5c,2026-08-27 14:17:51,25.4,52.2913856506348,4.98309993743896,0,Amsterdam,NL
Amsterdam,Amsterdam_T3,02:00:00:70:5c:6e,2026-08-27 14:12:17,23.7,52.295512,4.99334,1,Amsterdam,NL
Amsterdam,Amsterdam_T3,02:00:00:84:4f:60,2026-08-27 14:17:37,27.6,52.308615,4.846179,0,Amstelveen,NL
Amsterdam,Amsterdam_T3,02:00:00:36:a2:ee,2026-08-27 14:12:02,25.1,52.2997402181942,4.85346257686615,0,Amstelveen,NL
Amsterdam,Amsterdam_T3,02:00:00:63:12:64,2026-08-27 14:10:08,26.6,52.3035226248921,4.85305577851774,0,Amstelveen,NL
Amsterdam,Amsterdam_T3,02:00:00:7f:ed:f6,2026-08-27 14:14:01,26.8,52.3022440001073,4.85541709109702,0,Amstelveen,NL
Amsterdam,Amsterdam_T3,02:00:00:31:b5:52,2026-08-27 14:14:19,25.7,52.3018417358398,4.87595748901367,0,Amstelveen,NL
Amsterdam,Amsterdam_T3,02:00:00:2b:42:8e,2026-08-27 14:15:17,26.8,52.2987889273546,4.90443549467524,0,Ouderkerk aan de Amstel,NL
Amsterdam,Amsterdam_T3,02:00:00:01:3d:1e,2026-08-27 14:14:06,24.7,52.3109,4.9453,2,Amsterdam,NL
Amsterdam,Amsterdam_T3,02:00:00:53:58:44,2026-08-27 14:13:00,27.0,52.30087,4.959429,0,Amsterdam,NL
Amsterdam,Amsterdam_T3,02:00:00:bd:d6:82,2026-08-27 14:18:22,28.2,52.2994499206543,4.97056102752686,0,Amsterdam,NL
Amsterdam,Amsterdam_T3,02:00:00:b5:98:ba,2026-08-27 14:18:15,27.8,52.2985992431641,4.97279977798462,1,Amsterdam,NL
Amsterdam,Amsterdam_T3,02:00:00:03:b8:62,2026-08-27 14:14:26,24.4,52.3082015,4.98595279999995,1,Amsterdam,NL
Amsterdam,Amsterdam_T3,02:00:00:3b:fd:5e,2026-08-27 14:11:08,25.0,52.306607,5.037148,5,Weesp,NL
Amsterdam,Amsterdam_T3,02:00:00:90:bd:86,2026-08-27 14:11:05,24.5,52.305363,5.039419,5,Weesp,NL
Amsterdam,Amsterdam_T3,02:00:00:b5:73:e8,2026-08-27 14:12:39,27.6,52.301728,5.041241,0,Weesp,NL
Amsterdam,Amsterdam_T3,02:00:00:c3:de:1c,2026-08-27 14:12:57,25.9,52.3050727844238,5.04161167144775,2,Weesp,NL
Amsterdam,Amsterdam_T3,02:00:00:5f:35:68,2026-08-27 14:18:30,26.4,52.149227142334,4.50348806381226,2,Leiden,NL
Amsterdam,Amsterdam_T3,02:00:00:c5:38:26,2026-08-27 14:10:40,25.9,52.141874,4.512709,0,Zoeterwoude,NL
Amsterdam,Amsterdam_T3,02:00:00:b5:4e:8a,2026-08-27 14:12:44,24.1,52.146866,4.510134,0,Leiden,NL
Amsterdam,Amsterdam_T3,02:00:00:01:42:9e,2026-08-27 14:09:53,29.1,52.140906,4.534202,1,Zoeterwoude,NL
Amsterdam,Amsterdam_T3,02:00:00:71:18:6c,2026-08-27 14:14:32,32.1,52.149816,4.527551,0,Leiderdorp,NL
Amsterdam,Amsterdam_T3,02:00:00:a9:52:dc,2026-08-27 14:16:14,27.7,52.1443095,4.6508122,0,Alphen aan den Rijn,NL
Amsterdam,Amsterdam_T3,02:00:00:90:f7:7a,2026-08-27 14:14:41,28.0,52.146214,4.6518717,0,Alphen aan den Rijn,NL
Amsterdam,Amsterdam_T3,02:00:00:3c:ef:cc,2026-08-27 14:11:24,28.4,52.14854,4.65507000000011,1,Alphen aan den Rijn,NL
Amsterdam,Amsterdam_T3,02:00:00:01:6c:1c,2026-08-27 14:14:44,31.6,52.1399723999613,4.67088000000008,0,Alphen aan den Rijn,NL
Amsterdam,Amsterdam_T3,02:00:00:2b:53:9e,2026-08-27 14:18:24,24.8,52.1513161,4.66576310000005,0,Alphen aan den Rijn,NL
Amsterdam,Amsterdam_T3,02:00:00:b5:b1:54,2026-08-27 14:09:45,27.3,52.1509846,4.6664651,0,Alphen aan den Rijn,NL
Amsterdam,Amsterdam_T3,02:00:00:33:d1:80,2026-08-27 14:19:06,24.7,52.142567,4.728438,0,Aarlanderveen,NL
Amsterdam,Amsterdam_T3,02:00:00:28:8f:36,2026-08-27 14:15:54,26.6,52.146449,4.7686720000001,0,Nieuwkoop,NL
Amsterdam,Amsterdam_T3,02:00:00:12:cc:52,2026-08-27 14:11:11,26.6,52.147432,4.76853900000003,0,Nieuwkoop,NL
Amsterdam,Amsterdam_T3,02:00:00:84:47:74,2026-08-27 14:19:52,26.6,52.15301,4.78038200000014,0,Nieuwkoop,NL
Amsterdam,Amsterdam_T3,02:00:00:3e:e0:9a,2026-08-27 14:15:13,25.0,52.161192,4.50144,1,Leiden,NL
Amsterdam,Amsterdam_T3,02:00:00:83:9d:d8,2026-08-27 14:12:32,26.6,52.1586889351553,4.50260069020393,1,Leiden,NL
Amsterdam,Amsterdam_T3,02:00:00:b9:40:8e,2026-08-27 14:12:21,26.3,52.160327911377,4.50235891342163,2,Leiden,NL
Amsterdam,Amsterdam_T3,02:00:00:64:26:78,2026-08-27 14:17:47,27.3,52.162522,4.533056,7,Leiderdorp,NL
Amsterdam,Amsterdam_T3,02:00:00:27:5b:44,2026-08-27 14:14:34,27.5,52.1626537177977,4.53790140151978,0,Leiderdorp,NL
Amsterdam,Amsterdam_T3,02:00:00:7a:c3:80,2026-08-27 14:12:03,28.7,52.162409,4.542551,0,Leiderdorp,NL
Amsterdam,Amsterdam_T3,02:00:00:02:be:00,2026-08-27 14:17:32,27.6,52.1533851623535,4.65606546401978,0,Alphen aan den Rijn,NL
Amsterdam,Amsterdam_T3,02:00:00:c3:aa:00,2026-08-27 14:16:26,29.1,52.1534423828125,4.65705013275146,0,Alphen aan den Rijn,NL
Amsterdam,Amsterdam_T3,02:00:00:19:9b:18,2026-08-27 14:18:50,27.4,52.1559257,4.66168180000011,0,Alphen aan den Rijn,NL
Amsterdam,Amsterdam_T3,02:00:00:65:7e:88,2026-08-27 14:13:26,28.2,52.154239,4.667607,0,Alphen aan den Rijn,NL
Amsterdam,Amsterdam_T3,02:00:00:27:28:d6,2026-08-27 14:17:19,28.4,52.163754,4.727356,0,Ter Aar,NL
Amsterdam,Amsterdam_T3,02:00:00:a4:29:7c,2026-08-27 14:11:27,28.3,52.1643447875977,4.72910165786743,0,Ter Aar,NL
Amsterdam,Amsterdam_T3,02:00:00:2d:08:fc,2026-08-27 14:11:15,23.4,52.1566532188554,4.77878178383779,0,Nieuwkoop,NL
Amsterdam,Amsterdam_T3,02:00:00:c2:43:10,2026-08-27 14:18:36,29.1,52.1789963730813,4.51158495661505,0,Leiden,NL
Amsterdam,Amsterdam_T3,02:00:00:a9:80:3a,2026-08-27 14:17:38,27.1,52.1757382786811,4.51585644675129,1,Leiden,NL
Amsterdam,Amsterdam_T3,02:00:00:05:4d:86,2026-08-27 14:18:25,24.2,52.1684195813875,4.52365448028215,0,Leiderdorp,NL
Amsterdam,Amsterdam_T3,02:00:00:3f:0a:64,2026-08-27 14:18:38,27.5,52.167967,4.525627,0,Leiderdorp,NL
Amsterdam,Amsterdam_T3,02:00:00:5f:42:c2,2026-08-27 14:19:31,28.2,52.1707484020713,4.53269621650751,0,Leiderdorp,NL
Amsterdam,Amsterdam_T3,02:00:00:5f:61:f8,2026-08-27 14:15:11,26.0,52.17337,4.6298833,0,Woubrugge,NL
Amsterdam,Amsterdam_T3,02:00:00:ab:f6:20,2026-08-27 14:18:39,22.9,52.174608,4.632151,0,Woubrugge,NL
Amsterdam,Amsterdam_T3,02:00:00:5f:3c:9e,2026-08-27 14:15:38,27.5,52.1824479,4.5021493,1,Leiden,NL
Amsterdam,Amsterdam_T3,02:00:00:a4:5b:ca,2026-08-27 14:19:33,26.6,52.190566,4.503065,0,Warmond,NL
Amsterdam,Amsterdam_T3,02:00:00:bd:ba:86,2026-08-27 14:17:03,25.9,52.182112,4.506149,1,Leiden,NL
Amsterdam,Amsterdam_T3,02:00:00:3f:52:44,2026-08-27 14:18:52,34.6,52.193246,4.544332,0,Teylingen,NL
Amsterdam,Amsterdam_T3,02:00:00:12:c9:6c,2026-08-27 14:10:19,25.4,52.184724,4.5896386,1,Rijpwetering,NL
Amsterdam,Amsterdam_T3,02:00:00:64:2a:32,2026-08-27 14:16:21,24.8,52.1872722,4.6977901,0,Kaag en Braassem,NL
Amsterdam,Amsterdam_T3,02:00:00:03:64:d6,2026-08-27 14:16:04,27.1,52.194439,4.705226,0,Ter Aar,NL
Amsterdam,Amsterdam_T3,02:00:00:3f:45:ee,2026-08-27 14:11:00,26.7,52.194508,4.753052,0,Nieuwkoop,NL
Amsterdam,Amsterdam_T3,02:00:00:7f:8b:fe,2026-08-27 14:16:25,27.3,52.190956,4.7552314,0,Nieuwveen,NL
Amsterdam,Amsterdam_T3,02:00:00:1b:29:e6,2026-08-27 14:19:52,26.1,52.185545,4.776855,0,Zevenhoven,NL
Amsterdam,Amsterdam_T3,02:00:00:64:35:be,2026-08-27 14:12:26,26.2,52.205606,4.616234,0,Kaag en Braassem,NL
Amsterdam,Amsterdam_T3,02:00:00:b4:ee:24,2026-08-27 13:41:07,22.8,52.200526,4.63337600000008,0,Roelofarendsveen,NL
Amsterdam,Amsterdam_T3,02:00:00:63:10:34,2026-08-27 14:13:27,26.7,52.197176,4.711405,0,Nieuwkoop,NL
Amsterdam,Amsterdam_T3,02:00:00:37:28:16,2026-08-27 14:18:19,28.5,52.199941,4.759428,0,Nieuwveen,NL
Amsterdam,Amsterdam_T3,02:00:00:b9:14:aa,2026-08-27 14:10:14,26.2,52.220093,4.506084,0,Sassenheim,NL
Amsterdam,Amsterdam_T3,02:00:00:73:cb:f4,2026-08-27 14:16:45,27.0,52.219608,4.506889,0,Sassenheim,NL
Amsterdam,Amsterdam_T3,02:00:00:31:c7:b6,2026-08-27 14:10:39,23.7,52.2243288,4.52245489999996,1,Teylingen,NL
Amsterdam,Amsterdam_T3,02:00:00:7f:d6:6a,2026-08-27 14:17:57,26.5,52.22341,4.530361,1,Sassenheim,NL
Amsterdam,Amsterdam_T3,02:00:00:73:a4:76,2026-08-27 14:19:00,24.4,52.222199,4.53317500000003,0,Sassenheim,NL
Amsterdam,Amsterdam_T3,02:00:00:84:02:9e,2026-08-27 14:19:25,28.4,52.216465,4.558161,0,Kaag,NL
Amsterdam,Amsterdam_T3,02:00:00:3d:00:9a,2026-08-27 14:13:51,23.5,52.2112017,4.64651869999997,0,Oude Wetering,NL
Amsterdam,Amsterdam_T3,02:00:00:14:4a:36,2026-08-27 14:18:26,25.6,52.212447,4.646189,1,Oude Wetering,NL
Amsterdam,Amsterdam_T3,02:00:00:83:ac:ee,2026-08-27 14:11:07,25.9,52.214876,4.645154,0,Oude Wetering,NL
Amsterdam,Amsterdam_T3,02:00:00:70:40:80,2026-08-27 14:18:01,26.1,52.225735,4.501063,0,Voorhout,NL
Amsterdam,Amsterdam_T3,02:00:00:ab:e3:e0,2026-08-27 14:12:04,26.1,52.2331181,4.75635320000001,0,Aalsmeer,NL
Amsterdam,Amsterdam_T3,02:00:00:52:ea:f0,2026-08-27 14:12:27,25.2,52.233768,4.756648,0,Aalsmeer,NL
Amsterdam,Amsterdam_T3,02:00:00:c2:89:3c,2026-08-27 14:19:13,26.3,52.237688,4.755142,0,Aalsmeer,NL
Amsterdam,Amsterdam_T3,02:00:00:63:07:c8,2026-08-27 14:11:09,25.5,52.240259,4.54156,0,Lisse,NL
Amsterdam,Amsterdam_T3,02:00:00:2c:d2:28,2026-08-27 14:14:55,23.6,52.249578,4.552296,0,Lisse,NL
Amsterdam,Amsterdam_T3,02:00:00:05:f8:0e,2026-08-27 14:12:33,25.8,52.241284,4.560116,0,Lisse,NL
Amsterdam,Amsterdam_T3,02:00:00:02:39:6c,2026-08-27 14:17:58,27.3,52.243684,4.560772,0,Lisse,NL
Amsterdam,Amsterdam_T3,02:00:00:9b:5b:10,2026-08-27 14:15:00,25.5,52.2406594049526,4.7535080909729,0,Aalsmeer,NL
Amsterdam,Amsterdam_T3,02:00:00:a9:ab:9a,2026-08-27 14:17:49,26.9,52.258763,4.500574,1,Noordwijk,NL
Amsterdam,Amsterdam_T3,02:00:00:5f:5c:b0,2026-08-27 14:18:36,26.8,52.2589063,4.55015320000004,0,Lisse,NL
Amsterdam,Amsterdam_T3,02:00:00:53:23:72,2026-08-27 14:19:25,26.5,52.257913,4.555179,2,Lisse,NL
Amsterdam,Amsterdam_T3,02:00:00:01:33:40,2026-08-27 14:15:51,23.0,52.2546,4.5689,0,Lisserbroek,NL
Amsterdam,Amsterdam_T3,02:00:00:1e:0c:6c,2026-08-27 14:14:09,27.3,52.254381,4.574299,0,Lisserbroek,NL
Amsterdam,Amsterdam_T3,02:00:00:04:69:d0,2026-08-27 14:14:57,25.7,52.2678816139251,4.60520267486572,0,Nieuw-Vennep,NL
Amsterdam,Amsterdam_T3,02:00:00:be:01:54,2026-08-27 14:11:43,27.4,52.263414,4.616771,0,Haarlemmermeer,NL
Amsterdam,Amsterdam_T3,02:00:00:27:3f:3a,2026-08-27 14:09:52,26.1,52.266596,4.614364,0,Haarlemmermeer,NL
Amsterdam,Amsterdam_T3,02:00:00:04:91:16,2026-08-27 14:14:22,27.1,52.2679929198165,4.63278969460699,0,Haarlemmermeer,NL
Amsterdam,Amsterdam_T3,02:00:00:ab:d3:c0,2026-08-27 14:09:59,26.5,52.262134,4.641842,0,Nieuw-Vennep,NL
Amsterdam,Amsterdam_T3,02:00:00:c2:2e:68,2026-08-27 14:15:03,26.0,52.257818,4.705748,0,Rijsenhout,NL
Amsterdam,Amsterdam_T3,02:00:00:a9:d2:88,2026-08-27 14:13:14,26.7,52.2617816302565,4.7177267074585,0,Rijsenhout,NL
Amsterdam,Amsterdam_T3,02:00:00:00:45:7a,2026-08-27 14:12:28,25.5,52.2604978021127,4.72876241421723,1,Aalsmeer,NL
Amsterdam,Amsterdam_T3,02:00:00:27:7c:82,2026-08-27 14:16:50,25.2,52.26433,4.749465,2,Aalsmeer,NL
Amsterdam,Amsterdam_T3,02:00:00:b5:06:8c,2026-08-27 14:16:21,25.6,52.2593561,4.76086150000002,0,Aalsmeer,NL
Amsterdam,Amsterdam_T3,02:00:00:36:a1:5e,2026-08-27 14:11:46,26.9,52.272289276123,4.61073160171509,0,Haarlemmermeer,NL
Amsterdam,Amsterdam_T3,02:00:00:c5:41:0e,2026-08-27 14:10:09,27.2,52.268771,4.614682,0,Haarlemmermeer,NL
Amsterdam,Amsterdam_T3,02:00:00:05:f6:da,2026-08-27 14:18:16,27.3,52.2694883,4.6143998,0,Haarlemmermeer,NL
Amsterdam,Amsterdam_T3,02:00:00:7a:eb:e8,2026-08-27 14:19:16,25.7,52.2695265,4.6269616,0,Nieuw-Vennep,NL
Amsterdam,Amsterdam_T3,02:00:00:58:86:a4,2026-08-27 14:10:01,29.2,52.2784807193431,4.61771249771118,0,Nieuw-Vennep,NL
Amsterdam,Amsterdam_T3,02:00:00:84:89:60,2026-08-27 14:10:40,25.7,52.27993,4.620608,0,Nieuw-Vennep,NL
Amsterdam,Amsterdam_T3,02:00:00:27:87:a6,2026-08-27 14:17:30,24.2,52.271603,4.747902,1,Aalsmeer,NL
Amsterdam,Amsterdam_T3,02:00:00:bd:c1:d8,2026-08-27 14:18:46,24.3,52.2719283892474,4.75864973891189,2,Aalsmeer,NL
Amsterdam,Amsterdam_T3,02:00:00:7f:99:2a,2026-08-27 14:14:06,27.2,52.284849,4.505254,2,Noordwijk,NL
Amsterdam,Amsterdam_T3,02:00:00:bd:d4:56,2026-08-27 14:09:56,25.4,52.282842,4.573196,1,Hillegom,NL
Amsterdam,Amsterdam_T3,02:00:00:a9:9a:c0,2026-08-27 14:11:24,26.5,52.2850256671856,4.57413466944628,0,Hillegom,NL
Amsterdam,Amsterdam_T3,02:00:00:ab:e4:7a,2026-08-27 14:13:22,26.8,52.288833,4.575956,1,Hillegom,NL
Amsterdam,Amsterdam_T3,02:00:00:ab:ed:78,2026-08-27 14:15:53,26.2,52.2926323,4.6576058,0,Hoofddorp,NL
Amsterdam,Amsterdam_T3,02:00:00:b5:4b:12,2026-08-27 14:16:18,26.6,52.29117,4.661851,0,Hoofddorp,NL
Amsterdam,Amsterdam_T3,02:00:00:a4:38:76,2026-08-27 14:11:56,25.5,52.29327,4.661106,0,Hoofddorp,NL
Amsterdam,Amsterdam_T3,02:00:00:2a:f2:9a,2026-08-27 14:12:15,27.6,52.2955085,4.665574,0,Haarlemmermeer,NL
Amsterdam,Amsterdam_T3,02:00:00:7a:fc:64,2026-08-27 14:18:29,29.8,52.2958984375,4.66769981384277,0,Haarlemmermeer,NL
Amsterdam,Amsterdam_T3,02:00:00:1e:01:86,2026-08-27 14:12:28,26.4,52.2942651400619,4.69299365114933,0,Haarlemmermeer,NL
Amsterdam,Amsterdam_T3,02:00:00:c2:81:f2,2026-08-27 14:12:45,24.3,52.2832,4.7521,0,Schiphol,NL
Amsterdam,Amsterdam_T3,02:00:00:bd:c9:0e,2026-08-27 14:16:28,27.2,52.303827,4.54746,0,Noordwijk,NL
Amsterdam,Amsterdam_T3,02:00:00:13:20:e6,2026-08-27 14:11:52,26.2,52.301301,4.57108,1,Hillegom,NL
Amsterdam,Amsterdam_T3,02:00:00:c3:9a:a4,2026-08-27 14:11:55,25.8,52.299727,4.580897,2,Hillegom,NL
Amsterdam,Amsterdam_T3,02:00:00:70:42:da,2026-08-27 14:14:31,25.7,52.30111,4.582343,2,Hillegom,NL
Amsterdam,Amsterdam_T3,02:00:00:af:71:90,2026-08-27 14:14:20,26.0,52.3017578125,4.63483810424805,0,Haarlemmermeer,NL
Amsterdam,Amsterdam_T3,02:00:00:65:3c:26,2026-08-27 14:19:21,26.6,52.308498,4.629693,0,Hoofddorp,NL
Amsterdam,Amsterdam_T3,02:00:00:8d:d9:14,2026-08-27 14:15:14,26.5,52.309243,4.63066,0,Hoofddorp,NL
Amsterdam,Amsterdam_T3,02:00:00:c3:7e:da,2026-08-27 14:14:41,26.3,52.298948,4.64121,0,Hoofddorp,NL
Amsterdam,Amsterdam_T3,02:00:00:84:ae:8c,2026-08-27 14:16:16,25.2,52.30184,4.6522217,0,Hoofddorp,NL
Amsterdam,Amsterdam_T3,02:00:00:20:c6:0e,2026-08-27 14:17:50,28.4,52.309175,4.656132,0,Hoofddorp,NL
Amsterdam,Amsterdam_T3,02:00:00:03:62:c2,2026-08-27 14:12:57,26.0,52.296991,4.678962,1,Hoofddorp,NL
Amsterdam,Amsterdam_T3,02:00:00:12:c8:10,2026-08-27 13:27:44,28.3,52.3062557355854,4.67037903622582,0,Haarlemmermeer,NL
Amsterdam,Amsterdam_T3,02:00:00:1c:6a:94,2026-08-27 14:16:10,27.0,52.30732,4.686621,0,Haarlemmermeer,NL
Amsterdam,Amsterdam_T3,02:00:00:37:28:a6,2026-08-27 14:19:20,26.6,52.303769,4.696577,0,Hoofddorp,NL
Amsterdam,Amsterdam_T3,02:00:00:33:e1:a0,2026-08-27 14:12:35,25.3,52.297694,4.697439,0,Hoofddorp,NL
Amsterdam,Amsterdam_T3,02:00:00:74:4a:48,2026-08-27 14:15:56,25.2,52.3066505,4.69915220000001,0,Hoofddorp,NL
Amsterdam,Amsterdam_T3,02:00:00:b9:1a:94,2026-08-27 14:13:37,26.5,52.302276,4.711949,0,Hoofddorp,NL
Rotterdam,Rotterdam_T2,02:00:00:a4:6d:fc,2026-08-27 14:10:27,26.7,51.968663,4.534782,0,Bergschenhoek,NL
Rotterdam,Rotterdam_T2,02:00:00:b5:af:36,2026-08-27 14:14:12,25.6,51.9659630844747,4.55859189999416,0,Rotterdam,NL
Rotterdam,Rotterdam_T2,02:00:00:34:08:04,2026-08-27 14:17:00,25.8,51.968827,4.568496,0,Rotterdam,NL
Rotterdam,Rotterdam_T2,02:00:00:7f:ae:26,2026-08-27 14:13:32,25.8,51.9795989990234,4.58760023117065,0,Rotterdam,NL
Rotterdam,Rotterdam_T2,02:00:00:5f:42:fa,2026-08-27 14:16:47,27.7,51.97819,4.591346,0,Rotterdam,NL
Rotterdam,Rotterdam_T2,02:00:00:34:0b:82,2026-08-27 14:11:59,26.8,51.968129,4.614646,0,Zuidplas,NL
Rotterdam,Rotterdam_T2,02:00:00:a9:6a:c2,2026-08-27 14:17:02,27.3,51.9733238220215,4.61480712890625,0,Nieuwerkerk aan den IJssel,NL
Rotterdam,Rotterdam_T2,02:00:00:64:06:f4,2026-08-27 14:11:50,26.5,51.9716796875,4.61985063552856,0,Zuidplas,NL
Rotterdam,Rotterdam_T2,02:00:00:58:e8:9e,2026-08-27 14:13:56,27.3,51.974,4.622654,0,Zuidplas,NL
Rotterdam,Rotterdam_T2,02:00:00:b5:30:82,2026-08-27 14:11:31,23.8,51.967589,4.629716,4,Nieuwerkerk aan den IJssel,NL
Rotterdam,Rotterdam_T2,02:00:00:a4:5b:fe,2026-08-27 14:15:40,32.4,51.969716,4.777652,0,Stolwijk,NL
Rotterdam,Rotterdam_T2,02:00:00:00:d6:ce,2026-08-27 14:14:11,26.8,51.993816,4.501591,0,Bergschenhoek,NL
Rotterdam,Rotterdam_T2,02:00:00:70:50:30,2026-08-27 14:16:05,26.9,51.994061,4.502311,0,Bergschenhoek,NL
Rotterdam,Rotterdam_T2,02:00:00:70:54:22,2026-08-27 14:13:44,30.6,51.993177,4.51152,0,Lansingerland,NL
Rotterdam,Rotterdam_T2,02:00:00:02:4d:c2,2026-08-27 14:16:59,26.9,51.9870928392994,4.58234685650748,0,Rotterdam,NL
Rotterdam,Rotterdam_T2,02:00:00:2e:db:da,2026-08-27 14:18:40,27.5,51.983974,4.593346,0,Rotterdam,NL
Rotterdam,Rotterdam_T2,02:00:00:a4:42:3a,2026-08-27 14:16:50,28.1,51.988331,4.591991,0,Rotterdam,NL
Rotterdam,Rotterdam_T2,02:00:00:a2:1f:ec,2026-08-27 14:10:40,28.9,51.990725,4.639939,0,Moordrecht,NL
Rotterdam,Rotterdam_T2,02:00:00:bd:d1:ea,2026-08-27 14:16:31,25.9,51.987328174681,4.65701222419739,0,Zuidplas,NL
Rotterdam,Rotterdam_T2,02:00:00:6b:41:d4,2026-08-27 14:17:51,26.8,51.98762,4.657338,0,Moordrecht,NL
Rotterdam,Rotterdam_T2,02:00:00:04:65:f8,2026-08-27 14:11:55,27.3,51.9878843834894,4.66050112362697,0,Zuidplas,NL
Rotterdam,Rotterdam_T2,02:00:00:70:3b:14,2026-08-27 14:12:34,27.4,51.986498,4.665578,0,Moordrecht,NL
Rotterdam,Rotterdam_T2,02:00:00:2c:fe:70,2026-08-27 14:15:54,25.6,51.986725,4.670155,0,Zuidplas,NL
Rotterdam,Rotterdam_T2,02:00:00:9c:d9:52,2026-08-27 14:13:44,25.0,51.990328,4.669124,0,Moordrecht,NL
Rotterdam,Rotterdam_T2,02:00:00:3c:2d:48,2026-08-27 14:12:38,26.0,51.995835,4.50290500000009,0,Bergschenhoek,NL
Rotterdam,Rotterdam_T2,02:00:00:9b:60:fa,2026-08-27 14:14:19,27.4,51.996239,4.504227,0,Bergschenhoek,NL
Rotterdam,Rotterdam_T2,02:00:00:1f:44:ec,2026-08-27 14:15:43,27.8,52.006668,4.527489,0,Bleiswijk,NL
Rotterdam,Rotterdam_T2,02:00:00:b4:ef:50,2026-08-27 14:13:20,23.4,52.005383,4.538822,0,Bleiswijk,NL
Rotterdam,Rotterdam_T2,02:00:00:b9:1e:62,2026-08-27 14:16:07,25.6,52.008555,4.578151,0,Zevenhuizen,NL
Rotterdam,Rotterdam_T2,02:00:00:02:9c:3c,2026-08-27 14:14:03,27.3,52.004082,4.591186,0,Zevenhuizen,NL
Rotterdam,Rotterdam_T2,02:00:00:31:b1:ee,2026-08-27 14:12:33,27.2,52.0053634643555,4.67185115814209,0,Gouda,NL
Rotterdam,Rotterdam_T2,02:00:00:1c:81:14,2026-08-27 14:11:15,24.8,52.006253,4.676457,0,Gouda,NL
Rotterdam,Rotterdam_T2,02:00:00:65:0c:ea,2026-08-27 14:16:43,28.4,51.9963035768543,4.68214752149594,0,Moordrecht,NL
Rotterdam,Rotterdam_T2,02:00:00:c3:82:74,2026-08-27 14:15:16,26.9,52.0050621032715,4.69740343093872,0,Gouda,NL
Rotterdam,Rotterdam_T2,02:00:00:9c:fc:34,2026-08-27 14:19:23,26.7,52.006517,4.697587,0,Gouda,NL
Rotterdam,Rotterdam_T2,02:00:00:01:82:4c,2026-08-27 14:15:45,26.5,52.0091504,4.74227189999999,-2,Gouda,NL
Rotterdam,Rotterdam_T2,02:00:00:bd:fd:30,2026-08-27 14:14:51,25.5,52.005627,4.752615,0,Gouda,NL
Rotterdam,Rotterdam_T2,02:00:00:2e:af:ec,2026-08-27 14:19:11,26.0,51.998085,4.775884,0,Haastrecht,NL
Rotterdam,Rotterdam_T2,02:00:00:74:4f:9a,2026-08-27 14:10:43,27.5,51.995649,4.777255,0,Haastrecht,NL
Rotterdam,Rotterdam_T2,02:00:00:01:d0:28,2026-08-27 14:19:05,26.6,52.0096,4.5349,0,Bleiswijk,NL
Rotterdam,Rotterdam_T2,02:00:00:27:69:00,2026-08-27 14:13:00,26.9,52.009366,4.5401691,0,Lansingerland,NL
Rotterdam,Rotterdam_T2,02:00:00:5f:2f:d6,2026-08-27 14:14:53,26.2,52.016412,4.540241,0,Bleiswijk,NL
Rotterdam,Rotterdam_T2,02:00:00:32:e0:86,2026-08-27 14:19:27,26.5,52.0115203857422,4.58011436462402,0,Zuidplas,NL
Rotterdam,Rotterdam_T2,02:00:00:a9:bb:04,2026-08-27 14:13:02,26.1,52.009836,4.596351,0,Zevenhuizen,NL
Rotterdam,Rotterdam_T2,02:00:00:02:df:22,2026-08-27 14:14:20,25.2,52.0099768804583,4.6926795618518,0,Gouda,NL
Rotterdam,Rotterdam_T2,02:00:00:c3:9b:4c,2026-08-27 14:15:36,26.1,52.01994,4.696581,0,Gouda,NL
Rotterdam,Rotterdam_T2,02:00:00:02:85:3e,2026-08-27 14:12:00,26.6,52.0104046509489,4.69863632638643,0,Gouda,NL
Rotterdam,Rotterdam_T2,02:00:00:53:2e:98,2026-08-27 14:12:25,27.5,52.012756,4.712701,1,Gouda,NL
Rotterdam,Rotterdam_T2,02:00:00:36:e7:7e,2026-08-27 14:19:30,29.4,52.0144178,4.71279070000003,2,Gouda,NL
Rotterdam,Rotterdam_T2,02:00:00:6b:8d:52,2026-08-27 14:12:24,28.3,52.015969,4.71499099999998,0,Gouda,NL
Rotterdam,Rotterdam_T2,02:00:00:05:f2:1e,2026-08-27 14:12:05,24.7,52.0115429,4.7482195,0,Gouda,NL
Rotterdam,Rotterdam_T2,02:00:00:b5:a6:64,2026-08-27 14:12:28,27.3,52.011536,4.750849,0,Gouda,NL
Rotterdam,Rotterdam_T2,02:00:00:9c:d8:7c,2026-08-27 14:15:21,26.5,52.0128973458094,4.7490119934082,0,Gouda,NL
Rotterdam,Rotterdam_T2,02:00:00:5f:34:26,2026-08-27 14:18:40,27.1,52.027057,4.500283,0,Berkel en Rodenrijs,NL
Rotterdam,Rotterdam_T2,02:00:00:1f:6b:70,2026-08-27 14:18:37,26.0,52.025452425129,4.53097119354237,0,Bleiswijk,NL
Rotterdam,Rotterdam_T2,02:00:00:bd:e3:d4,2026-08-27 14:18:40,27.3,52.027363,4.6115017,0,,NL
Rotterdam,Rotterdam_T2,02:00:00:3f:57:ca,2026-08-27 14:17:18,26.6,52.025922,4.647242,0,Waddinxveen,NL
Rotterdam,Rotterdam_T2,02:00:00:63:21:dc,2026-08-27 14:13:06,29.4,52.0359605024959,4.6485589000001,0,Waddinxveen,NL
Rotterdam,Rotterdam_T2,02:00:00:90:d2:dc,2026-08-27 14:17:56,26.4,52.024118,4.709983,0,Gouda,NL
Rotterdam,Rotterdam_T2,02:00:00:83:b5:e4,2026-08-27 14:11:43,24.9,52.031819,4.694159,0,Gouda,NL
Rotterdam,Rotterdam_T2,02:00:00:73:a6:d4,2026-08-27 14:12:30,25.2,52.03385,4.70747999999997,0,Gouda,NL
Rotterdam,Rotterdam_T2,02:00:00:3f:09:64,2026-08-27 14:17:56,26.0,52.030553,4.710979,1,Gouda,NL
Rotterdam,Rotterdam_T2,02:00:00:2c:f2:f6,2026-08-27 14:17:39,26.6,52.0341813,4.76989989999997,0,Reeuwijk,NL
Rotterdam,Rotterdam_T2,02:00:00:9b:51:44,2026-08-27 14:19:00,25.1,52.0347719,4.77213269999993,-2,Reeuwijk,NL
Rotterdam,Rotterdam_T2,02:00:00:bd:d6:d4,2026-08-27 14:09:59,26.1,52.0429039001465,4.56850099563599,0,Moerkapelle,NL
Rotterdam,Rotterdam_T2,02:00:00:12:9c:b6,2026-08-27 14:13:01,30.2,52.047075,4.581155,0,Moerkapelle,NL
Rotterdam,Rotterdam_T2,02:00:00:6b:54:0e,2026-08-27 14:15:19,27.6,52.0469036,4.5818362,0,Zuidplas,NL
Rotterdam,Rotterdam_T2,02:00:00:63:42:d2,2026-08-27 14:15:50,25.9,52.04942,4.643239,0,Waddinxveen,NL
Rotterdam,Rotterdam_T2,02:00:00:c6:2c:4e,2026-08-27 14:13:10,27.6,52.0423368,4.647712,0,Waddinxveen,NL
Rotterdam,Rotterdam_T2,02:00:00:a4:2b:5a,2026-08-27 14:18:10,27.7,52.0508003234863,4.65340995788574,0,Waddinxveen,NL
Rotterdam,Rotterdam_T2,02:00:00:b5:72:78,2026-08-27 14:17:14,25.7,52.0436531490395,4.71938564955323,0,Reeuwijk,NL
Rotterdam,Rotterdam_T2,02:00:00:bc:f9:c4,2026-08-27 14:19:49,27.9,52.0450706481934,4.72107648849487,1,Reeuwijk,NL
Rotterdam,Rotterdam_T2,02:00:00:b0:96:c0,2026-08-27 14:14:14,27.3,52.046334,4.729393,0,Reeuwijk,NL
Rotterdam,Rotterdam_T2,02:00:00:a4:4c:f6,2026-08-27 14:17:24,30.4,52.058921,4.51239,0,Zoetermeer,NL
Rotterdam,Rotterdam_T2,02:00:00:9d:2a:4e,2026-08-27 14:17:42,26.0,52.0657,4.5052,0,Zoetermeer,NL
Rotterdam,Rotterdam_T2,02:00:00:7f:c5:7c,2026-08-27 14:19:33,26.0,52.066644,4.51457,0,Zoetermeer,NL
Rotterdam,Rotterdam_T2,02:00:00:c2:8a:cc,2026-08-27 14:18:13,27.4,52.0567817687988,4.52878952026367,0,Zoetermeer,NL
Rotterdam,Rotterdam_T2,02:00:00:32:b4:ac,2026-08-27 14:14:10,27.5,52.06072,4.53268999999997,0,Zoetermeer,NL
Rotterdam,Rotterdam_T2,02:00:00:04:91:0a,2026-08-27 14:18:28,26.7,52.0533061258613,4.54335304137247,0,Zoetermeer,NL
Rotterdam,Rotterdam_T2,02:00:00:bd:fe:9e,2026-08-27 14:19:02,26.9,52.0654847,4.5471159,0,Zoetermeer,NL
Rotterdam,Rotterdam_T2,02:00:00:33:c1:9a,2026-08-27 14:16:48,25.7,52.0661990481085,4.54725722028999,0,Zoetermeer,NL
Rotterdam,Rotterdam_T2,02:00:00:03:5d:56,2026-08-27 14:16:10,27.5,52.059434,4.549038,0,Zoetermeer,NL
Rotterdam,Rotterdam_T2,02:00:00:3b:e2:3c,2026-08-27 14:10:07,26.2,52.065163,4.6415434,0,Boskoop,NL
Rotterdam,Rotterdam_T2,02:00:00:37:22:e6,2026-08-27 14:15:25,28.0,52.05424,4.654806,0,Waddinxveen,NL
Rotterdam,Rotterdam_T2,02:00:00:53:4c:30,2026-08-27 14:17:35,25.7,52.067288,4.503179,0,Zoetermeer,NL
Rotterdam,Rotterdam_T2,02:00:00:7f:c3:e4,2026-08-27 14:15:07,24.9,52.069017,4.512417,0,Zoetermeer,NL
Rotterdam,Rotterdam_T2,02:00:00:b2:c2:38,2026-08-27 14:04:58,27.1,52.072649,4.514713,0,Zoetermeer,NL
Rotterdam,Rotterdam_T2,02:00:00:84:8e:ae,2026-08-27 14:18:42,27.2,52.074368,4.5254664,0,Zoetermeer,NL
Rotterdam,Rotterdam_T2,02:00:00:bc:d8:d8,2026-08-27 14:19:30,27.7,52.078945,4.5282216,0,Zoetermeer,NL
Rotterdam,Rotterdam_T2,02:00:00:c2:84:b0,2026-08-27 14:12:19,26.0,52.077968,4.554994,0,Benthuizen,NL
Rotterdam,Rotterdam_T2,02:00:00:a4:5c:8c,2026-08-27 14:11:29,27.0,52.077966,4.634319,0,Boskoop,NL
Rotterdam,Rotterdam_T2,02:00:00:9d:24:ac,2026-08-27 14:17:25,27.4,52.071222,4.654495,0,Boskoop,NL
Rotterdam,Rotterdam_T2,02:00:00:58:eb:b4,2026-08-27 14:17:22,25.0,52.078497,4.647538,0,Boskoop,NL
Rotterdam,Rotterdam_T2,02:00:00:b5:09:28,2026-08-27 14:16:58,25.5,52.0771903991699,4.65694856643677,0,Boskoop,NL
Rotterdam,Rotterdam_T2,02:00:00:01:97:de,2026-08-27 14:17:16,27.3,52.075744200514,4.66876566410065,0,Boskoop,NL
Rotterdam,Rotterdam_T2,02:00:00:83:fc:34,2026-08-27 14:12:45,25.7,52.068561,4.737938,0,Bodegraven,NL
Rotterdam,Rotterdam_T2,02:00:00:65:26:5a,2026-08-27 14:13:39,25.6,52.07953,4.741261,1,Bodegraven-Reeuwijk,NL
Rotterdam,Rotterdam_T2,02:00:00:14:6b:1c,2026-08-27 14:12:18,25.5,52.0701836,4.7547272,0,Bodegraven,NL
Rotterdam,Rotterdam_T2,02:00:00:90:a4:f6,2026-08-27 14:18:29,26.4,52.076245,4.762831,0,Bodegraven,NL
Rotterdam,Rotterdam_T2,02:00:00:05:5e:c8,2026-08-27 14:14:52,25.4,52.093931,4.58023799999999,0,Hazerswoude-Dorp,NL
Rotterdam,Rotterdam_T2,02:00:00:65:62:ec,2026-08-27 14:14:17,27.5,52.094814,4.592195,0,Alphen aan den Rijn,NL
Rotterdam,Rotterdam_T2,02:00:00:3a:1c:f0,2026-08-27 14:17:23,28.4,52.0854873657227,4.67949485778809,0,Alphen aan den Rijn,NL
Rotterdam,Rotterdam_T2,02:00:00:c3:d1:8e,2026-08-27 14:11:12,25.2,52.081401,4.74397,0,Bodegraven,NL
Rotterdam,Rotterdam_T2,02:00:00:3d:21:b2,2026-08-27 14:18:34,25.9,52.0849802,4.7530235,1,Bodegraven,NL
Rotterdam,Rotterdam_T2,02:00:00:27:67:76,2026-08-27 14:12:58,23.2,52.083,4.7549,1,Bodegraven,NL
Rotterdam,Rotterdam_T2,02:00:00:02:93:84,2026-08-27 14:12:13,26.0,52.1065561,4.72730620000004,2,Zwammerdam,NL
Rotterdam,Rotterdam_T2,02:00:00:b8:f3:62,2026-08-27 14:20:06,28.3,52.105595,4.728231,2,Zwammerdam,NL
Rotterdam,Rotterdam_T2,02:00:00:b9:15:1e,2026-08-27 14:12:23,26.0,52.107336,4.728494,0,Zwammerdam,NL
Rotterdam,Rotterdam_T2,02:00:00:b9:66:72,2026-08-27 14:14:27,25.6,52.11797,4.63812000000001,0,Alphen aan den Rijn,NL
Rotterdam,Rotterdam_T2,02:00:00:a9:98:16,2026-08-27 14:16:21,27.1,52.114834,4.641565,0,Alphen aan den Rijn,NL
Rotterdam,Rotterdam_T2,02:00:00:b9:53:6c,2026-08-27 14:11:49,24.6,52.118332,4.646001,0,Alphen aan den Rijn,NL
Rotterdam,Rotterdam_T2,02:00:00:63:00:18,2026-08-27 14:18:28,30.4,52.1183162515684,4.64876900244568,0,Alphen aan den Rijn,NL
Rotterdam,Rotterdam_T2,02:00:00:01:91:4a,2026-08-27 13:55:54,26.9,52.121572,4.670743,0,Alphen aan den Rijn,NL
Rotterdam,Rotterdam_T2,02:00:00:3f:15:be,2026-08-27 14:10:45,28.1,52.1287078622217,4.58709000000001,0,Hazerswoude-Rijndijk,NL
Rotterdam,Rotterdam_T2,02:00:00:9d:1a:9e,2026-08-27 14:13:14,28.5,52.1290793345485,4.5915552598997,1,Hazerswoude-Rijndijk,NL
Rotterdam,Rotterdam_T2,02:00:00:28:b5:10,2026-08-27 14:10:04,26.9,52.131385,4.591423,0,Hazerswoude-Rijndijk,NL
Rotterdam,Rotterdam_T2,02:00:00:90:b0:c2,2026-08-27 14:11:03,27.3,52.129492,4.597735,0,Hazerswoude-Rijndijk,NL
Rotterdam,Rotterdam_T2,02:00:00:53:21:ae,2026-08-27 14:13:27,27.0,52.130777,4.606432,1,Koudekerk aan den Rijn,NL
Rotterdam,Rotterdam_T2,02:00:00:a9:c5:e6,2026-08-27 14:17:50,26.1,52.1309028028115,4.60786385586289,0,Koudekerk aan den Rijn,NL
Rotterdam,Rotterdam_T2,02:00:00:37:28:62,2026-08-27 14:18:27,26.1,52.1297193981244,4.65222171507776,0,Alphen aan den Rijn,NL
Rotterdam,Rotterdam_T2,02:00:00:6b:4b:3a,2026-08-27 14:12:10,27.8,52.1320819895829,4.64971125125885,0,Alphen aan den Rijn,NL
Rotterdam,Rotterdam_T2,02:00:00:9c:f8:96,2026-08-27 14:19:33,25.6,52.133517,4.650877,0,Alphen aan den Rijn,NL
Rotterdam,Rotterdam_T2,02:00:00:84:04:58,2026-08-27 14:11:33,26.9,52.1262489,4.6650439,1,Alphen aan den Rijn,NL
Rotterdam,Rotterdam_T2,02:00:00:74:38:e4,2026-08-27 14:10:36,25.9,52.130098,4.66785,1,Alphen aan den Rijn,NL
Rotterdam,Rotterdam_T2,02:00:00:b2:ad:62,2026-08-27 14:11:28,29.5,52.13117,4.66671000000003,2,Alphen aan den Rijn,NL
Rotterdam,Rotterdam_T2,02:00:00:c2:34:94,2026-08-27 14:11:47,25.9,51.799317,4.558534,0,Puttershoek,NL
Rotterdam,Rotterdam_T2,02:00:00:bc:ca:a8,2026-08-27 14:15:15,26.9,51.8065071105957,4.559166431427,0,Puttershoek,NL
Rotterdam,Rotterdam_T2,02:00:00:05:86:20,2026-08-27 14:15:50,27.1,51.803765,4.562099,0,Puttershoek,NL
Rotterdam,Rotterdam_T2,02:00:00:bd:01:b0,2026-08-27 14:19:45,29.6,51.800308,4.578861,0,Puttershoek,NL
Rotterdam,Rotterdam_T2,02:00:00:70:37:fe,2026-08-27 14:17:11,27.5,51.801144,4.652298,1,Dordrecht,NL
Rotterdam,Rotterdam_T2,02:00:00:c3:74:de,2026-08-27 14:10:28,26.9,51.79714,4.65988000000005,1,Dordrecht,NL
Rotterdam,Rotterdam_T2,02:00:00:12:cf:60,2026-08-27 14:18:15,25.4,51.798983,4.666386,0,Dordrecht,NL
Rotterdam,Rotterdam_T2,02:00:00:65:55:2c,2026-08-27 14:17:36,29.0,51.804122,4.669069,0,Dordrecht,NL
Rotterdam,Rotterdam_T2,02:00:00:1b:1c:3c,2026-08-27 14:12:13,24.3,51.795881,4.677935,0,Dordrecht,NL
Rotterdam,Rotterdam_T2,02:00:00:a2:59:34,2026-08-27 14:10:14,26.3,51.794101,4.694167,0,Dordrecht,NL
Rotterdam,Rotterdam_T2,02:00:00:05:ff:a0,2026-08-27 14:12:01,27.2,51.7949564,4.70649070000002,0,Dordrecht,NL
Rotterdam,Rotterdam_T2,02:00:00:32:fe:68,2026-08-27 14:11:26,27.7,51.795482,4.705023,0,Dordrecht,NL
Rotterdam,Rotterdam_T2,02:00:00:2e:98:c2,2026-08-27 14:16:21,25.3,51.8027000427246,4.72160005569458,0,Dordrecht,NL
Rotterdam,Rotterdam_T2,02:00:00:ab:e3:7e,2026-08-27 14:12:05,26.8,51.7951201232099,4.73186731338501,1,Dordrecht,NL
Rotterdam,Rotterdam_T2,02:00:00:2f:25:48,2026-08-27 14:17:25,27.1,51.8022,4.7264,0,Dordrecht,NL
Rotterdam,Rotterdam_T2,02:00:00:83:fd:8e,2026-08-27 14:14:54,27.4,51.8074509,4.57323399999998,0,Puttershoek,NL
Rotterdam,Rotterdam_T2,02:00:00:65:02:1c,2026-08-27 14:11:03,24.9,51.815606,4.596438,0,Zwijndrecht,NL
Rotterdam,Rotterdam_T2,02:00:00:6b:33:f6,2026-08-27 14:14:25,22.9,51.81689,4.6076784,2,Zwijndrecht,NL
Rotterdam,Rotterdam_T2,02:00:00:03:5d:90,2026-08-27 14:09:54,24.6,51.8145148947276,4.61673617362976,0,Zwijndrecht,NL
Rotterdam,Rotterdam_T2,02:00:00:a4:87:ca,2026-08-27 14:10:25,26.1,51.8068809509277,4.63342380523682,1,Zwijndrecht,NL
Rotterdam,Rotterdam_T2,02:00:00:06:79:9e,2026-08-27 14:17:08,27.9,51.8092263212837,4.63623495422598,0,Zwijndrecht,NL
Rotterdam,Rotterdam_T2,02:00:00:c3:73:86,2026-08-27 14:16:43,27.3,51.8150071,4.6373981,0,Zwijndrecht,NL
Rotterdam,Rotterdam_T2,02:00:00:58:eb:5a,2026-08-27 14:18:45,32.2,51.811073,4.65763,4,Dordrecht,NL
Rotterdam,Rotterdam_T2,02:00:00:31:e5:26,2026-08-27 14:11:13,30.2,51.8192398,4.6432847,1,Zwijndrecht,NL
Rotterdam,Rotterdam_T2,02:00:00:2d:0a:22,2026-08-27 14:19:51,28.5,51.820895,4.643838,0,Zwijndrecht,NL
Rotterdam,Rotterdam_T2,02:00:00:90:71:d0,2026-08-27 14:12:48,26.7,51.8089773,4.6692312,1,Dordrecht,NL
Rotterdam,Rotterdam_T2,02:00:00:53:19:f2,2026-08-27 14:18:52,27.9,51.81028,4.67508,2,Dordrecht,NL
Rotterdam,Rotterdam_T2,02:00:00:34:0a:40,2026-08-27 14:18:47,25.7,51.807678,4.678876,1,Dordrecht,NL
Rotterdam,Rotterdam_T2,02:00:00:33:e7:ec,2026-08-27 14:15:52,27.9,51.8094,4.6923,0,Dordrecht,NL
Rotterdam,Rotterdam_T2,02:00:00:b5:47:56,2026-08-27 14:18:05,27.8,51.818188,4.696665,0,Dordrecht,NL
Rotterdam,Rotterdam_T2,02:00:00:58:e3:da,2026-08-27 14:19:04,28.8,51.8084349724763,4.70842254348099,0,Dordrecht,NL
Rotterdam,Rotterdam_T2,02:00:00:74:52:96,2026-08-27 14:10:59,27.2,51.808978,4.712347,1,Dordrecht,NL
Rotterdam,Rotterdam_T2,02:00:00:73:e7:5e,2026-08-27 14:17:21,26.2,51.812169,4.721084,3,Dordrecht,NL
Rotterdam,Rotterdam_T2,02:00:00:5f:2b:2a,2026-08-27 14:16:53,27.8,51.820938,4.776139,0,Sliedrecht,NL
Rotterdam,Rotterdam_T2,02:00:00:03:08:c4,2026-08-27 14:19:30,28.2,51.8260290881141,4.63469352136255,0,Zwijndrecht,NL
Rotterdam,Rotterdam_T2,02:00:00:17:60:dc,2026-08-27 14:10:02,27.2,51.826808,4.635451,0,Hendrik-Ido-Ambacht,NL
Rotterdam,Rotterdam_T2,02:00:00:b5:04:f6,2026-08-27 14:18:25,27.8,51.83483,4.63553300000004,0,Hendrik-Ido-Ambacht,NL
Rotterdam,Rotterdam_T2,02:00:00:96:ed:3c,2026-08-27 14:10:10,29.4,51.82454,4.641504,1,Zwijndrecht,NL
Rotterdam,Rotterdam_T2,02:00:00:ab:be:ca,2026-08-27 14:16:21,27.7,51.831313,4.650972,0,Hendrik-Ido-Ambacht,NL
Rotterdam,Rotterdam_T2,02:00:00:90:5e:02,2026-08-27 14:14:41,27.4,51.8328687987182,4.65461719960314,0,Hendrik-Ido-Ambacht,NL
Rotterdam,Rotterdam_T2,02:00:00:3f:04:fa,2026-08-27 14:15:12,24.3,51.830445,4.684899,0,Papendrecht,NL
Rotterdam,Rotterdam_T2,02:00:00:2e:f5:66,2026-08-27 14:11:20,28.2,51.8246479517936,4.69556886943296,3,Papendrecht,NL
Rotterdam,Rotterdam_T2,02:00:00:02:f8:d2,2026-08-27 14:11:09,26.5,51.830784,4.693737,0,Papendrecht,NL
Rotterdam,Rotterdam_T2,02:00:00:05:3a:d4,2026-08-27 14:19:25,25.7,51.835116,4.699154,0,Papendrecht,NL
Rotterdam,Rotterdam_T2,02:00:00:01:6c:ba,2026-08-27 14:14:29,27.8,51.832822,4.716019,0,Papendrecht,NL
Rotterdam,Rotterdam_T2,02:00:00:a4:2f:a0,2026-08-27 14:16:14,27.0,51.834282,4.725904,0,Papendrecht,NL
Rotterdam,Rotterdam_T2,02:00:00:2f:14:6c,2026-08-27 14:10:32,25.4,51.827919,4.736224,0,Sliedrecht,NL
Rotterdam,Rotterdam_T2,02:00:00:90:63:78,2026-08-27 14:15:26,32.2,51.829632,4.741648,0,Sliedrecht,NL
Rotterdam,Rotterdam_T2,02:00:00:2e:a2:60,2026-08-27 14:18:36,30.6,51.823319,4.769529,2,Sliedrecht,NL
Rotterdam,Rotterdam_T2,02:00:00:b9:51:62,2026-08-27 14:12:56,28.5,51.826993,4.768938,0,Sliedrecht,NL
Rotterdam,Rotterdam_T2,02:00:00:58:e7:dc,2026-08-27 14:14:34,29.1,51.82893,4.7746744,0,Sliedrecht,NL
Rotterdam,Rotterdam_T2,02:00:00:2b:47:3a,2026-08-27 14:12:22,25.3,51.8462791442871,4.50497102737427,0,Barendrecht,NL
Rotterdam,Rotterdam_T2,02:00:00:9c:e3:aa,2026-08-27 14:10:45,28.5,51.84917,4.527803,0,Barendrecht,NL
Rotterdam,Rotterdam_T2,02:00:00:c3:9b:62,2026-08-27 14:10:12,27.9,51.849767,4.528578,0,Barendrecht,NL
Rotterdam,Rotterdam_T2,02:00:00:13:6d:1e,2026-08-27 14:17:50,26.3,51.8457068299844,4.53018609416509,0,Barendrecht,NL
Rotterdam,Rotterdam_T2,02:00:00:bd:ca:ee,2026-08-27 14:14:12,25.8,51.837578,4.56538,0,Zwijndrecht,NL
Rotterdam,Rotterdam_T2,02:00:00:53:51:ca,2026-08-27 14:15:07,26.8,51.8461,4.6222,0,Hendrik-Ido-Ambacht,NL
Rotterdam,Rotterdam_T2,02:00:00:a4:32:cc,2026-08-27 14:17:14,27.9,51.837101,4.62578,0,Hendrik-Ido-Ambacht,NL
Rotterdam,Rotterdam_T2,02:00:00:65:6a:3c,2026-08-27 14:17:47,29.0,51.8427678236949,4.62538361549378,0,Hendrik-Ido-Ambacht,NL
Rotterdam,Rotterdam_T2,02:00:00:bd:fd:d2,2026-08-27 14:12:23,25.5,51.8412863280112,4.64518904685974,0,Hendrik-Ido-Ambacht,NL
Rotterdam,Rotterdam_T2,02:00:00:a4:3e:1a,2026-08-27 14:12:42,28.6,51.841907358078,4.64551280998919,0,Hendrik-Ido-Ambacht,NL
Rotterdam,Rotterdam_T2,02:00:00:1e:2a:48,2026-08-27 14:15:31,28.1,51.846038,4.644288,0,Hendrik-Ido-Ambacht,NL
Rotterdam,Rotterdam_T2,02:00:00:13:43:fc,2026-08-27 14:12:40,27.5,51.838594,4.687114,0,Papendrecht,NL
Rotterdam,Rotterdam_T2,02:00:00:05:4f:b4,2026-08-27 14:15:34,25.9,51.837783,4.6947,0,Papendrecht,NL
Rotterdam,Rotterdam_T2,02:00:00:52:ce:60,2026-08-27 14:19:40,27.6,51.837197,4.695891,0,Papendrecht,NL
Rotterdam,Rotterdam_T2,02:00:00:5f:4f:d4,2026-08-27 14:11:00,25.1,51.839607,4.695527,0,Papendrecht,NL
Rotterdam,Rotterdam_T2,02:00:00:90:bf:70,2026-08-27 14:19:01,27.7,51.845082,4.759073,0,Wijngaarden,NL
Rotterdam,Rotterdam_T2,02:00:00:58:d4:88,2026-08-27 14:18:22,27.3,51.845867,4.767669,0,Wijngaarden,NL
Rotterdam,Rotterdam_T2,02:00:00:b5:35:2e,2026-08-27 14:10:34,25.6,51.8509902954102,4.50090408325195,0,Barendrecht,NL
Rotterdam,Rotterdam_T2,02:00:00:2c:a8:f4,2026-08-27 14:15:42,27.2,51.8550282,4.50185869999996,1,Barendrecht,NL
Rotterdam,Rotterdam_T2,02:00:00:34:01:5c,2026-08-27 14:14:21,30.8,51.851647,4.50759,0,Barendrecht,NL
Rotterdam,Rotterdam_T2,02:00:00:c3:b2:18,2026-08-27 14:12:01,27.7,51.8521,4.5326,0,Barendrecht,NL
Rotterdam,Rotterdam_T2,02:00:00:c6:1e:9c,2026-08-27 14:14:41,26.5,51.8512913,4.5388609,0,Barendrecht,NL
Rotterdam,Rotterdam_T2,02:00:00:a4:78:e8,2026-08-27 13:57:00,25.7,51.850333,4.540042,2,Barendrecht,NL
Rotterdam,Rotterdam_T2,02:00:00:b2:c8:82,2026-08-27 14:16:57,26.1,51.851793,4.551932,0,Barendrecht,NL
Rotterdam,Rotterdam_T2,02:00:00:1e:20:3a,2026-08-27 14:09:24,26.2,51.863885,4.618079,2,Ridderkerk,NL
Rotterdam,Rotterdam_T2,02:00:00:c2:3e:26,2026-08-27 14:17:26,27.4,51.8606071472168,4.62559986114502,0,Ridderkerk,NL
Rotterdam,Rotterdam_T2,02:00:00:65:5f:5e,2026-08-27 14:14:10,24.3,51.861743,4.626069,0,Ridderkerk,NL
Rotterdam,Rotterdam_T2,02:00:00:74:08:42,2026-08-27 14:16:23,27.8,51.8638061815087,4.66653974298046,0,Alblasserdam,NL
Rotterdam,Rotterdam_T2,02:00:00:9d:2a:ae,2026-08-27 14:18:02,26.2,51.8615989685059,4.67215013504028,0,Alblasserdam,NL
Rotterdam,Rotterdam_T2,02:00:00:32:df:04,2026-08-27 14:13:41,27.2,51.863296,4.674894,0,Alblasserdam,NL
Rotterdam,Rotterdam_T2,02:00:00:52:df:62,2026-08-27 14:17:19,25.8,51.873433,4.51783,0,Rotterdam,NL
Rotterdam,Rotterdam_T2,02:00:00:a2:2b:36,2026-08-27 14:14:04,26.2,51.869744,4.528011,0,Rotterdam,NL
Rotterdam,Rotterdam_T2,02:00:00:5e:ff:d4,2026-08-27 14:16:50,24.6,51.8771436,4.5560899,0,Rotterdam,NL
Rotterdam,Rotterdam_T2,02:00:00:1c:85:22,2026-08-27 14:14:58,24.8,51.870378,4.58902600000004,0,Ridderkerk,NL
Rotterdam,Rotterdam_T2,02:00:00:00:63:40,2026-08-27 14:15:57,26.5,51.8693408421565,4.5906463265419,0,Ridderkerk,NL
Rotterdam,Rotterdam_T2,02:00:00:04:6c:20,2026-08-27 14:18:01,28.4,51.870793,4.599033,1,Ridderkerk,NL
Rotterdam,Rotterdam_T2,02:00:00:7f:aa:16,2026-08-27 14:11:09,35.2,51.86648,4.60157,1,Ridderkerk,NL
Rotterdam,Rotterdam_T2,02:00:00:2b:1a:52,2026-08-27 14:17:43,27.2,51.867130128204,4.61134004556698,0,Ridderkerk,NL
Rotterdam,Rotterdam_T2,02:00:00:7b:03:7e,2026-08-27 14:17:44,26.6,51.865452,4.621353,0,Ridderkerk,NL
Rotterdam,Rotterdam_T2,02:00:00:1e:29:ba,2026-08-27 14:13:47,27.1,51.8652853599595,4.62251235910136,0,Ridderkerk,NL
Rotterdam,Rotterdam_T2,02:00:00:37:16:28,2026-08-27 14:10:59,26.2,51.872911,4.635849,2,Alblasserdam,NL
Rotterdam,Rotterdam_T2,02:00:00:a4:67:54,2026-08-27 14:13:09,28.4,51.8689765781368,4.65696570119653,0,Alblasserdam,NL
Rotterdam,Rotterdam_T2,02:00:00:a9:93:ca,2026-08-27 14:16:53,26.3,51.8696937561035,4.65859460830688,0,Alblasserdam,NL
Rotterdam,Rotterdam_T2,02:00:00:1e:29:cc,2026-08-27 14:18:05,26.9,51.86924,4.6605825,0,Alblasserdam,NL
Rotterdam,Rotterdam_T2,02:00:00:9d:2a:32,2026-08-27 14:12:27,27.7,51.869708,4.664244,0,Alblasserdam,NL
Rotterdam,Rotterdam_T2,02:00:00:9c:d9:88,2026-08-27 14:09:58,25.4,51.865708,4.672487,0,Alblasserdam,NL
Rotterdam,Rotterdam_T2,02:00:00:a4:89:38,2026-08-27 14:19:06,26.7,51.8930892944336,4.50360250473022,0,Rotterdam,NL
Rotterdam,Rotterdam_T2,02:00:00:c3:ad:1a,2026-08-27 14:15:03,26.1,51.8807193,4.50595980000008,0,Rotterdam,NL
Rotterdam,Rotterdam_T2,02:00:00:c2:2f:c0,2026-08-27 14:10:35,25.6,51.889758,4.545007,1,Rotterdam,NL
Rotterdam,Rotterdam_T2,02:00:00:8d:e1:c2,2026-08-27 14:10:06,23.9,51.8884899381623,4.54850133742931,0,Rotterdam,NL
Rotterdam,Rotterdam_T2,02:00:00:84:0b:be,2026-08-27 14:12:59,28.5,51.889212,4.579173,0,Ridderkerk,NL
Rotterdam,Rotterdam_T2,02:00:00:58:db:7c,2026-08-27 14:16:21,26.0,51.890317,4.584484,0,Ridderkerk,NL
Rotterdam,Rotterdam_T2,02:00:00:a4:31:1c,2026-08-27 14:16:16,29.8,51.879825592041,4.59871816635132,0,Ridderkerk,NL
Rotterdam,Rotterdam_T2,02:00:00:73:c7:46,2026-08-27 14:16:15,23.8,51.8810577392578,4.62089109420776,2,Ridderkerk,NL
Rotterdam,Rotterdam_T2,02:00:00:b5:1e:34,2026-08-27 14:15:05,25.9,51.8856163024902,4.63144016265869,0,Kinderdijk,NL
Rotterdam,Rotterdam_T2,02:00:00:52:d7:a6,2026-08-27 14:19:42,26.1,51.8914709229222,4.62865591049194,1,Krimpenerwaard,NL
Rotterdam,Rotterdam_T2,02:00:00:2e:ef:ca,2026-08-27 14:18:33,25.7,51.884896,4.675329,0,Nieuw-Lekkerland,NL
Rotterdam,Rotterdam_T2,02:00:00:6b:33:b2,2026-08-27 14:09:51,28.7,51.88994,4.6878767,1,Nieuw-Lekkerland,NL
Rotterdam,Rotterdam_T2,02:00:00:bd:03:12,2026-08-27 14:17:58,28.1,51.883711,4.713311,0,Nieuw-Lekkerland,NL
Rotterdam,Rotterdam_T2,02:00:00:01:7f:1c,2026-08-27 14:15:19,26.2,51.8943,4.5082,0,Rotterdam,NL
Rotterdam,Rotterdam_T2,02:00:00:58:de:d6,2026-08-27 14:18:25,27.1,51.8943,4.5082,0,Rotterdam,NL
Rotterdam,Rotterdam_T2,02:00:00:b5:52:44,2026-08-27 14:14:21,24.4,51.897498,4.521842,3,Rotterdam,NL
Rotterdam,Rotterdam_T2,02:00:00:90:7f:7a,2026-08-27 14:10:29,24.1,51.898163,4.583361,2,Ridderkerk,NL
Rotterdam,Rotterdam_T2,02:00:00:a4:1d:76,2026-08-27 14:19:01,25.4,51.8956518077123,4.58617498801652,2,Ridderkerk,NL
Rotterdam,Rotterdam_T2,02:00:00:04:a2:ee,2026-08-27 14:11:48,24.9,51.89378,4.63195999999998,0,Krimpen aan de Lek,NL
Rotterdam,Rotterdam_T2,02:00:00:02:d1:3e,2026-08-27 14:10:22,27.7,51.8949535894151,4.63425776535564,5,Krimpenerwaard,NL
Rotterdam,Rotterdam_T2,02:00:00:90:f8:1a,2026-08-27 14:10:49,29.3,51.90005,4.74020999999998,0,Streefkerk,NL
Rotterdam,Rotterdam_T2,02:00:00:70:58:6c,2026-08-27 14:10:15,28.7,51.898848,4.7463,0,Streefkerk,NL
Rotterdam,Rotterdam_T2,02:00:00:31:b2:be,2026-08-27 14:12:14,24.1,51.912961,4.502522,0,Rotterdam,NL
Rotterdam,Rotterdam_T2,02:00:00:21:1a:8c,2026-08-27 14:16:15,23.9,51.920843,4.512827,6,Rotterdam,NL
Rotterdam,Rotterdam_T2,02:00:00:70:58:f6,2026-08-27 14:11:45,22.4,51.919311,4.515519,7,Rotterdam,NL
Rotterdam,Rotterdam_T2,02:00:00:70:3e:4c,2026-08-27 14:10:41,27.1,51.918575,4.553104,0,Capelle aan den IJssel,NL
Rotterdam,Rotterdam_T2,02:00:00:bd:0d:c0,2026-08-27 14:15:53,28.1,51.912598,4.5591,0,Capelle aan den IJssel,NL
Rotterdam,Rotterdam_T2,02:00:00:52:cb:e6,2026-08-27 14:12:29,27.4,51.9176414235296,4.55918770730171,2,Capelle aan den IJssel,NL
Rotterdam,Rotterdam_T2,02:00:00:9d:13:30,2026-08-27 14:14:07,24.2,51.919235,4.57162120000004,0,Capelle aan den IJssel,NL
Rotterdam,Rotterdam_T2,02:00:00:6b:2a:74,2026-08-27 14:17:08,26.2,51.910033,4.590531,0,Krimpen aan den IJssel,NL
Rotterdam,Rotterdam_T2,02:00:00:64:24:32,2026-08-27 14:12:07,26.6,51.921873,4.57045,0,Capelle aan den IJssel,NL
Rotterdam,Rotterdam_T2,02:00:00:c3:da:1e,2026-08-27 14:10:29,28.3,51.9144,4.6006,0,Krimpen aan den IJssel,NL
Rotterdam,Rotterdam_T2,02:00:00:3d:24:60,2026-08-27 14:16:34,27.1,51.9092152187443,4.60752285502784,0,Krimpen aan den IJssel,NL
Rotterdam,Rotterdam_T2,02:00:00:af:7d:d6,2026-08-27 14:18:38,27.1,51.910542,4.610582,0,Krimpen aan den IJssel,NL
Rotterdam,Rotterdam_T2,02:00:00:63:44:d2,2026-08-27 14:17:14,24.3,51.91956969428,4.6570497751236,0,Ouderkerk aan den IJssel,NL
Rotterdam,Rotterdam_T2,02:00:00:34:04:94,2026-08-27 14:15:23,27.3,51.9094901,4.68375689999993,0,Krimpenerwaard,NL
Rotterdam,Rotterdam_T2,02:00:00:1c:7f:58,2026-08-27 14:09:58,24.3,51.9246940612793,4.5013689994812,2,Rotterdam,NL
Rotterdam,Rotterdam_T2,02:00:00:02:43:ea,2026-08-27 14:10:02,23.5,51.925408,4.509584,2,Rotterdam,NL
Rotterdam,Rotterdam_T2,02:00:00:02:80:d0,2026-08-27 14:16:14,25.6,51.930263,4.547694,0,Rotterdam,NL
Rotterdam,Rotterdam_T2,02:00:00:c3:80:a6,2026-08-27 14:14:24,29.4,51.931264,4.550389,0,Rotterdam,NL
Rotterdam,Rotterdam_T2,02:00:00:3c:00:22,2026-08-27 14:13:50,28.7,51.93424,4.553542,0,Rotterdam,NL
Rotterdam,Rotterdam_T2,02:00:00:bd:1a:90,2026-08-27 14:12:50,32.4,51.9268074035645,4.57429313659668,1,Capelle aan den IJssel,NL
Rotterdam,Rotterdam_T2,02:00:00:63:42:f8,2026-08-27 14:18:00,27.6,51.9293733342703,4.59409007318868,0,Capelle aan den IJssel,NL
Rotterdam,Rotterdam_T2,02:00:00:1e:01:bc,2026-08-27 14:17:12,27.7,51.932337,4.606086,0,Capelle aan den IJssel,NL
Rotterdam,Rotterdam_T2,02:00:00:83:d0:98,2026-08-27 14:15:29,26.0,51.929055,4.61168,0,Capelle aan den IJssel,NL
Rotterdam,Rotterdam_T2,02:00:00:af:65:fc,2026-08-27 14:18:19,23.7,51.92348,4.624417,0,Krimpen aan den IJssel,NL
Rotterdam,Rotterdam_T2,02:00:00:5f:3b:64,2026-08-27 14:12:12,25.4,51.934994,4.73829,0,Krimpenerwaard,NL
Rotterdam,Rotterdam_T2,02:00:00:27:89:3a,2026-08-27 14:14:31,29.3,51.949039,4.503576,0,Rotterdam,NL
Rotterdam,Rotterdam_T2,02:00:00:65:4e:e0,2026-08-27 14:17:08,22.4,51.945285,4.535755,0,Rotterdam,NL
Rotterdam,Rotterdam_T2,02:00:00:33:f2:74,2026-08-27 14:18:50,31.6,51.94695,4.5638,0,Rotterdam,NL
Rotterdam,Rotterdam_T2,02:00:00:bd:c2:20,2026-08-27 14:14:42,30.1,51.949393,4.572462,0,Capelle aan den IJssel,NL
Rotterdam,Rotterdam_T2,02:00:00:36:d9:ea,2026-08-27 14:17:00,28.0,51.937104,4.611066,0,Capelle aan den IJssel,NL
Rotterdam,Rotterdam_T2,02:00:00:33:f1:dc,2026-08-27 14:13:42,23.8,51.937788,4.6366892,1,Krimpenerwaard,NL
Rotterdam,Rotterdam_T2,02:00:00:73:ee:82,2026-08-27 14:12:38,26.3,51.943974,4.7075996,0,Krimpenerwaard,NL
Rotterdam,Rotterdam_T2,02:00:00:90:c6:f6,2026-08-27 14:18:07,27.0,51.9442388535085,4.70877000000014,0,Berkenwoude,NL
Rotterdam,Rotterdam_T2,02:00:00:83:fc:e8,2026-08-27 14:14:24,26.6,51.948941,4.718716,0,Stolwijk,NL
Rotterdam,Rotterdam_T2,02:00:00:03:a2:42,2026-08-27 14:15:17,24.5,51.959495,4.500036,0,Rotterdam,NL
Rotterdam,Rotterdam_T2,02:00:00:13:85:7e,2026-08-27 14:14:18,25.6,51.956141511216,4.50468333618164,0,Rotterdam,NL
Rotterdam,Rotterdam_T2,02:00:00:2a:d5:58,2026-08-27 14:13:00,24.2,51.9642850413781,4.50498007983016,0,Rotterdam,NL
Rotterdam,Rotterdam_T2,02:00:00:2f:0f:2e,2026-08-27 14:11:28,25.5,51.9536204,4.5346555,0,Rotterdam,NL
Rotterdam,Rotterdam_T2,02:00:00:90:b5:0c,2026-08-27 14:18:25,23.7,51.954033,4.534729,0,Rotterdam,NL
Rotterdam,Rotterdam_T2,02:00:00:a9:a6:c2,2026-08-27 14:15:05,26.7,51.9637222290039,4.52992153167725,0,Rotterdam,NL
Rotterdam,Rotterdam_T2,02:00:00:bc:ab:08,2026-08-27 14:19:04,26.3,51.955691,4.5518,0,Rotterdam,NL
Rotterdam,Rotterdam_T2,02:00:00:36:e3:e0,2026-08-27 14:16:59,26.9,51.9613543477029,4.55115616321564,0,Rotterdam,NL
Rotterdam,Rotterdam_T2,02:00:00:33:c5:7e,2026-08-27 14:15:59,26.9,51.9549659,4.58058359999995,0,Capelle aan den IJssel,NL
Rotterdam,Rotterdam_T2,02:00:00:2e:a5:98,2026-08-27 14:15:59,27.4,51.964966611571,4.57781134581205,0,Rotterdam,NL
Rotterdam,Rotterdam_T2,02:00:00:a9:51:4e,2026-08-27 14:16:49,27.1,51.957339,4.589623,0,Capelle aan den IJssel,NL
Rotterdam,Rotterdam_T2,02:00:00:52:e9:96,2026-08-27 14:11:08,25.7,51.9518241882324,4.59466314315796,0,Capelle aan den IJssel,NL
Rotterdam,Rotterdam_T2,02:00:00:1b:2e:28,2026-08-27 14:16:50,25.8,51.951768,4.597816,0,Capelle aan den IJssel,NL
Rotterdam,Rotterdam_T2,02:00:00:c2:37:e4,2026-08-27 14:16:51,27.2,51.964299,4.598212,0,Nieuwerkerk aan den IJssel,NL
Rotterdam,Rotterdam_T2,02:00:00:9b:4c:a4,2026-08-27 14:17:57,26.5,51.9777136658191,4.23938155174255,2,De Lier,NL
Rotterdam,Rotterdam_T2,02:00:00:9b:5b:c6,2026-08-27 14:13:12,27.1,51.977076,4.253869,0,De Lier,NL
Rotterdam,Rotterdam_T2,02:00:00:12:3f:7e,2026-08-27 14:14:40,28.2,51.9777984619141,4.25448846817017,0,Westland,NL
Rotterdam,Rotterdam_T2,02:00:00:69:27:02,2026-08-27 14:12:51,24.6,51.9722182620618,4.31247174739838,0,Midden-Delfland,NL
Rotterdam,Rotterdam_T2,02:00:00:80:15:88,2026-08-27 14:14:58,24.5,51.972873,4.316429,0,Schipluiden,NL
Rotterdam,Rotterdam_T2,02:00:00:31:bb:04,2026-08-27 14:15:05,27.1,51.9756235520416,4.31817887889974,0,Midden-Delfland,NL
Rotterdam,Rotterdam_T2,02:00:00:c2:41:46,2026-08-27 14:16:32,26.2,51.975427,4.318863,0,Schipluiden,NL
Rotterdam,Rotterdam_T2,02:00:00:36:d0:7c,2026-08-27 14:18:29,27.4,51.979279,4.462594,0,Berkel en Rodenrijs,NL
Rotterdam,Rotterdam_T2,02:00:00:05:80:a4,2026-08-27 14:17:52,27.3,51.993478,4.21994,0,Naaldwijk,NL
Rotterdam,Rotterdam_T2,02:00:00:a9:76:1c,2026-08-27 14:18:58,27.5,51.981891,4.2977,0,De Lier,NL
Rotterdam,Rotterdam_T2,02:00:00:ab:ec:9e,2026-08-27 14:18:15,26.3,51.9851341247559,4.3366641998291,0,Delft,NL
Rotterdam,Rotterdam_T2,02:00:00:1b:0b:86,2026-08-27 14:10:17,25.9,51.986908,4.33956,1,Delft,NL
Rotterdam,Rotterdam_T2,02:00:00:00:d0:0c,2026-08-27 14:12:33,27.0,51.9839945165902,4.34705013511854,0,Delft,NL
Rotterdam,Rotterdam_T2,02:00:00:ab:ef:78,2026-08-27 14:19:02,29.2,51.983687,4.36361,0,Delft,NL
Rotterdam,Rotterdam_T2,02:00:00:03:d9:e6,2026-08-27 14:16:34,27.6,51.9828491210938,4.36704349517822,1,Delft,NL
Rotterdam,Rotterdam_T2,02:00:00:29:47:04,2026-08-27 14:16:02,28.5,51.981086,4.464655,0,Berkel en Rodenrijs,NL
Rotterdam,Rotterdam_T2,02:00:00:9c:f8:c8,2026-08-27 14:11:15,26.4,51.985931,4.466015,0,Berkel en Rodenrijs,NL
Rotterdam,Rotterdam_T2,02:00:00:74:0c:06,2026-08-27 14:18:54,27.4,51.9869778032792,4.46788129716243,0,Berkel en Rodenrijs,NL
Rotterdam,Rotterdam_T2,02:00:00:00:e7:18,2026-08-27 14:10:59,29.6,51.9865055199817,4.49336396638479,0,Bergschenhoek,NL
Rotterdam,Rotterdam_T2,02:00:00:96:b6:04,2026-08-27 14:10:39,26.8,51.99125,4.4877768,0,Bergschenhoek,NL
Rotterdam,Rotterdam_T2,02:00:00:2e:bb:3e,2026-08-27 14:17:57,25.8,51.9890286,4.48875720000001,0,Lansingerland,NL
Rotterdam,Rotterdam_T2,02:00:00:27:41:d4,2026-08-27 14:10:37,28.3,52.000913,4.326118,0,Den Hoorn,NL
Rotterdam,Rotterdam_T2,02:00:00:58:d1:1c,2026-08-27 14:16:42,27.7,51.9999732971191,4.3280463218689,0,Midden-Delfland,NL
Rotterdam,Rotterdam_T2,02:00:00:12:f0:a2,2026-08-27 14:18:56,26.0,52.0028117,4.32654669999999,0,Midden-Delfland,NL
Rotterdam,Rotterdam_T2,02:00:00:9c:db:ea,2026-08-27 14:17:26,27.9,52.000331,4.336122,0,Den Hoorn,NL
Rotterdam,Rotterdam_T2,02:00:00:63:3c:0e,2026-08-27 14:14:04,25.2,52.0024395,4.33742328571429,2,Midden-Delfland,NL
Rotterdam,Rotterdam_T2,02:00:00:3f:20:18,2026-08-27 14:19:20,27.7,52.0031479623561,4.33911877594167,0,Midden-Delfland,NL
Rotterdam,Rotterdam_T2,02:00:00:a2:66:92,2026-08-27 14:12:51,24.6,51.9975,4.3604,1,Delft,NL
Rotterdam,Rotterdam_T2,02:00:00:b2:c1:72,2026-08-27 14:15:40,25.5,52.0013046264648,4.36315441131592,1,Delft,NL
Rotterdam,Rotterdam_T2,02:00:00:a4:2d:d6,2026-08-27 14:17:37,26.5,52.00095,4.365714,1,Delft,NL
Rotterdam,Rotterdam_T2,02:00:00:36:b9:26,2026-08-27 14:10:01,29.0,52.002996,4.390715,0,Pijnacker-Nootdorp,NL
Rotterdam,Rotterdam_T2,02:00:00:02:d9:bc,2026-08-27 14:15:22,26.8,52.0073567269022,4.39232110977173,0,Delfgauw,NL
Rotterdam,Rotterdam_T2,02:00:00:01:7a:e0,2026-08-27 14:12:44,28.4,52.0056362878964,4.3954861164093,0,Delfgauw,NL
Rotterdam,Rotterdam_T2,02:00:00:a9:6d:0c,2026-08-27 14:19:19,27.8,52.00874,4.427,0,Pijnacker,NL
Rotterdam,Rotterdam_T2,02:00:00:13:13:f4,2026-08-27 14:10:40,27.3,52.0072021484375,4.43953990936279,0,Pijnacker-Nootdorp,NL
Rotterdam,Rotterdam_T2,02:00:00:74:30:02,2026-08-27 14:09:51,27.6,52.008091,4.438843,0,Pijnacker,NL
Rotterdam,Rotterdam_T2,02:00:00:84:01:a6,2026-08-27 14:17:25,27.5,52.0024573,4.44409830000009,0,Pijnacker,NL
Rotterdam,Rotterdam_T2,02:00:00:73:f9:b6,2026-08-27 14:19:17,28.0,51.996857,4.482029,0,Berkel en Rodenrijs,NL
Rotterdam,Rotterdam_T2,02:00:00:64:f2:d6,2026-08-27 14:14:11,25.2,51.996821,4.497728,0,Lansingerland,NL
Rotterdam,Rotterdam_T2,02:00:00:21:10:32,2026-08-27 14:09:55,29.3,52.005954,4.494528,0,Berkel en Rodenrijs,NL
Rotterdam,Rotterdam_T2,02:00:00:33:39:0e,2026-08-27 14:17:55,25.5,52.0094959,4.22577910000002,1,Honselersdijk,NL
Rotterdam,Rotterdam_T2,02:00:00:29:2a:c0,2026-08-27 14:19:48,26.4,52.02337,4.220457,2,Westland,NL
Rotterdam,Rotterdam_T2,02:00:00:b5:8c:34,2026-08-27 14:15:45,25.4,52.010731,4.231847,0,Honselersdijk,NL
Rotterdam,Rotterdam_T2,02:00:00:b5:87:84,2026-08-27 14:19:34,28.2,52.017124,4.2579894,0,Kwintsheul,NL
Rotterdam,Rotterdam_T2,02:00:00:28:75:9e,2026-08-27 14:15:02,26.3,52.019287,4.27351,0,Wateringen,NL
Rotterdam,Rotterdam_T2,02:00:00:28:b7:ec,2026-08-27 14:13:07,25.1,52.018658,4.2803345,0,Wateringen,NL
Rotterdam,Rotterdam_T2,02:00:00:bd:d9:7e,2026-08-27 14:17:13,25.2,52.020915,4.274324,0,Wateringen,NL
Rotterdam,Rotterdam_T2,02:00:00:19:17:0e,2026-08-27 14:18:05,24.6,52.018548,4.295847,0,The Hague,NL
Rotterdam,Rotterdam_T2,02:00:00:71:5c:e6,2026-08-27 14:18:01,26.0,52.01805,4.302916,0,The Hague,NL
Rotterdam,Rotterdam_T2,02:00:00:22:d7:70,2026-08-27 14:17:41,25.6,52.00943,4.317615,0,Den Hoorn,NL
Rotterdam,Rotterdam_T2,02:00:00:b5:8a:c6,2026-08-27 14:17:00,27.5,52.0131973542606,4.32965307036136,0,Delft,NL
Rotterdam,Rotterdam_T2,02:00:00:65:56:f6,2026-08-27 14:18:47,27.3,52.016088,4.329436,0,Rijswijk,NL
Rotterdam,Rotterdam_T2,02:00:00:c6:15:f6,2026-08-27 14:14:20,25.8,52.009809,4.337796,0,Delft,NL
Rotterdam,Rotterdam_T2,02:00:00:af:74:3a,2026-08-27 14:13:51,29.3,52.0227279663086,4.33650016784668,0,Rijswijk,NL
Rotterdam,Rotterdam_T2,02:00:00:13:04:c2,2026-08-27 14:14:09,25.4,52.01145,4.342701,1,Delft,NL
Rotterdam,Rotterdam_T2,02:00:00:b5:6b:10,2026-08-27 14:17:27,26.9,52.009232,4.365134,1,Delft,NL
Rotterdam,Rotterdam_T2,02:00:00:03:03:36,2026-08-27 14:14:07,26.0,52.013937,4.35952,2,Delft,NL
Rotterdam,Rotterdam_T2,02:00:00:63:07:0a,2026-08-27 14:13:34,27.2,52.0161250297335,4.35983148643825,2,Delft,NL
Rotterdam,Rotterdam_T2,02:00:00:7f:be:72,2026-08-27 14:15:29,27.4,52.010014,4.396196,0,Delfgauw,NL
Rotterdam,Rotterdam_T2,02:00:00:28:c6:a0,2026-08-27 14:12:57,26.1,52.017348,4.430074,0,Pijnacker,NL
Rotterdam,Rotterdam_T2,02:00:00:00:de:d2,2026-08-27 13:59:05,24.6,52.0194,4.433978,0,Pijnacker,NL
Rotterdam,Rotterdam_T2,02:00:00:12:50:a2,2026-08-27 14:12:46,27.4,52.017736,4.437464,0,Pijnacker,NL
Rotterdam,Rotterdam_T2,02:00:00:70:57:a6,2026-08-27 14:16:13,23.4,52.032335,4.226106,0,Poeldijk,NL
Rotterdam,Rotterdam_T2,02:00:00:05:5e:6c,2026-08-27 14:15:07,26.6,52.025398,4.250405,0,Kwintsheul,NL
Rotterdam,Rotterdam_T2,02:00:00:05:48:58,2026-08-27 14:10:25,28.3,52.027597,4.271085,1,Wateringen,NL
Rotterdam,Rotterdam_T2,02:00:00:7f:ca:ac,2026-08-27 14:19:21,30.2,52.02969,4.2733474,0,Wateringen,NL
Rotterdam,Rotterdam_T2,02:00:00:83:f5:ba,2026-08-27 14:10:58,28.0,52.02848,4.27499000000013,0,Wateringen,NL
Rotterdam,Rotterdam_T2,02:00:00:28:a6:bc,2026-08-27 14:11:40,24.8,52.0282,4.2894,0,The Hague,NL
Rotterdam,Rotterdam_T2,02:00:00:1c:6b:56,2026-08-27 14:13:26,26.0,52.027407,4.296706,0,The Hague,NL
Rotterdam,Rotterdam_T2,02:00:00:2c:fa:1c,2026-08-27 14:11:39,25.8,52.030983,4.29965,0,Rijswijk,NL
Rotterdam,Rotterdam_T2,02:00:00:53:21:c0,2026-08-27 14:13:25,26.2,52.026369,4.315001,5,Rijswijk,NL
Rotterdam,Rotterdam_T2,02:00:00:02:b3:4e,2026-08-27 14:14:28,24.2,52.0342742560364,4.31400057155358,5,Rijswijk,NL
Rotterdam,Rotterdam_T2,02:00:00:a9:80:40,2026-08-27 14:10:10,26.7,52.0342742560364,4.31400057155358,5,Rijswijk,NL
Rotterdam,Rotterdam_T2,02:00:00:bc:cf:a6,2026-08-27 14:15:22,27.7,52.027324,4.337618,0,Rijswijk,NL
Rotterdam,Rotterdam_T2,02:00:00:b5:12:ea,2026-08-27 14:09:54,27.7,52.026608,4.338886,0,Rijswijk,NL
Rotterdam,Rotterdam_T2,02:00:00:31:d6:92,2026-08-27 14:16:02,26.8,52.02583,4.35241999999998,1,Rijswijk,NL
Rotterdam,Rotterdam_T2,02:00:00:01:57:92,2026-08-27 14:11:51,27.4,52.031365,4.377341,0,The Hague,NL
Rotterdam,Rotterdam_T2,02:00:00:53:4a:56,2026-08-27 14:15:46,28.4,52.035291667487,4.37625124421041,0,The Hague,NL
Rotterdam,Rotterdam_T2,02:00:00:a9:4a:ba,2026-08-27 14:18:42,27.5,52.0350194,4.3863817,0,The Hague,NL
Rotterdam,Rotterdam_T2,02:00:00:a9:7d:2a,2026-08-27 14:19:31,27.4,52.0370407104492,4.387122631073,0,The Hague,NL
Rotterdam,Rotterdam_T2,02:00:00:a4:16:6e,2026-08-27 14:13:46,26.6,52.0251917647022,4.42625571616408,0,Pijnacker,NL
Rotterdam,Rotterdam_T2,02:00:00:03:5e:4a,2026-08-27 14:11:57,27.0,52.0296166,4.455603,0,Pijnacker-Nootdorp,NL
Rotterdam,Rotterdam_T2,02:00:00:14:3f:68,2026-08-27 14:09:51,27.8,52.0245126066557,4.47967126733552,0,Berkel en Rodenrijs,NL
Rotterdam,Rotterdam_T2,02:00:00:9d:26:d2,2026-08-27 14:12:31,27.0,52.033127,4.481348,0,Zoetermeer,NL
Rotterdam,Rotterdam_T2,02:00:00:7f:ce:6a,2026-08-27 14:14:43,29.3,52.039398,4.222245,0,The Hague,NL
Rotterdam,Rotterdam_T2,02:00:00:05:53:60,2026-08-27 14:10:39,26.8,52.041561,4.223035,0,The Hague,NL
Rotterdam,Rotterdam_T2,02:00:00:5e:e5:66,2026-08-27 14:17:18,25.9,52.041621,4.223312,0,The Hague,NL
Rotterdam,Rotterdam_T2,02:00:00:63:20:26,2026-08-27 14:16:36,24.5,52.05232,4.251573,1,The Hague,NL
Rotterdam,Rotterdam_T2,02:00:00:33:c3:b6,2026-08-27 14:17:20,27.5,52.041359,4.261745,2,The Hague,NL
Rotterdam,Rotterdam_T2,02:00:00:3d:1d:84,2026-08-27 14:14:48,26.4,52.0434,4.2591,0,The Hague,NL
Rotterdam,Rotterdam_T2,02:00:00:b4:ee:a0,2026-08-27 14:14:35,26.3,52.039697,4.2956717,1,Rijswijk,NL
Rotterdam,Rotterdam_T2,02:00:00:af:80:9a,2026-08-27 14:12:31,28.0,52.0515206687929,4.30651038776614,5,The Hague,NL
Rotterdam,Rotterdam_T2,02:00:00:b5:80:d2,2026-08-27 14:14:02,32.5,52.0440782777029,4.33701086525241,6,Rijswijk,NL
Rotterdam,Rotterdam_T2,02:00:00:34:0c:86,2026-08-27 14:14:57,31.1,52.05229,4.3472,0,Rijswijk,NL
Rotterdam,Rotterdam_T2,02:00:00:9c:d7:78,2026-08-27 14:17:33,25.3,52.040264,4.362028,0,The Hague,NL
Rotterdam,Rotterdam_T2,02:00:00:1c:7e:ae,2026-08-27 14:17:57,27.8,52.038915,4.366131,0,The Hague,NL
Rotterdam,Rotterdam_T2,02:00:00:32:ec:98,2026-08-27 14:10:53,27.1,52.03866,4.3676095,0,The Hague,NL
Rotterdam,Rotterdam_T2,02:00:00:36:a2:d2,2026-08-27 14:17:09,27.4,52.050151,4.383387,0,The Hague,NL
Rotterdam,Rotterdam_T2,02:00:00:7f:a7:ea,2026-08-27 14:10:22,27.5,52.0380073,4.38669640000001,-2,Den Haag,NL
Rotterdam,Rotterdam_T2,02:00:00:7f:cc:34,2026-08-27 14:15:49,26.5,52.04027,4.386554,0,Nootdorp,NL
Rotterdam,Rotterdam_T2,02:00:00:04:95:2e,2026-08-27 14:14:17,38.4,52.051678,4.459339,0,Zoetermeer,NL
Rotterdam,Rotterdam_T2,02:00:00:70:19:8e,2026-08-27 14:16:46,28.1,52.0391425410585,4.47068751201742,0,Pijnacker,NL
Rotterdam,Rotterdam_T2,02:00:00:74:37:f0,2026-08-27 14:17:53,28.0,52.042642,4.461883,0,Zoetermeer,NL
Rotterdam,Rotterdam_T2,02:00:00:64:2f:10,2026-08-27 14:14:24,28.4,52.0396681479356,4.47937465183982,0,Zoetermeer,NL
Rotterdam,Rotterdam_T2,02:00:00:84:71:4e,2026-08-27 14:17:38,26.6,52.04283,4.481998,0,Zoetermeer,NL
Rotterdam,Rotterdam_T2,02:00:00:c2:2a:de,2026-08-27 14:11:39,25.9,52.051404,4.480147,4,Zoetermeer,NL
Rotterdam,Rotterdam_T2,02:00:00:00:0d:c6,2026-08-27 14:13:47,24.4,52.0604822,4.22709759999997,5,The Hague,NL
Rotterdam,Rotterdam_T2,02:00:00:bd:ce:ec,2026-08-27 14:13:13,27.7,52.056333,4.232107,4,The Hague,NL
Rotterdam,Rotterdam_T2,02:00:00:70:28:12,2026-08-27 14:11:26,26.1,52.05711,4.232334,7,The Hague,NL
Rotterdam,Rotterdam_T2,02:00:00:58:eb:68,2026-08-27 14:18:53,26.3,52.056455,4.25136,1,The Hague,NL
Rotterdam,Rotterdam_T2,02:00:00:af:4e:6a,2026-08-27 14:18:50,28.4,52.0585479736328,4.26001405715942,1,The Hague,NL
Rotterdam,Rotterdam_T2,02:00:00:1c:7c:78,2026-08-27 14:13:31,26.4,52.064341,4.252431,5,The Hague,NL
Rotterdam,Rotterdam_T2,02:00:00:1c:6a:60,2026-08-27 14:19:12,26.8,52.0528657,4.27534449999996,3,The Hague,NL
Rotterdam,Rotterdam_T2,02:00:00:a9:f2:30,2026-08-27 14:10:36,26.8,52.0575,4.2698,1,The Hague,NL
Rotterdam,Rotterdam_T2,02:00:00:02:a1:36,2026-08-27 14:10:52,27.2,52.0582906,4.2732588,4,The Hague,NL
Rotterdam,Rotterdam_T2,02:00:00:32:c7:32,2026-08-27 14:14:16,26.6,52.055505,4.298573,0,The Hague,NL
Rotterdam,Rotterdam_T2,02:00:00:29:2d:00,2026-08-27 14:13:30,26.6,52.0573602189514,4.31402668796871,3,The Hague,NL
Rotterdam,Rotterdam_T2,02:00:00:c5:33:8e,2026-08-27 14:18:50,27.2,52.0541152954102,4.31790542602539,2,The Hague,NL
Rotterdam,Rotterdam_T2,02:00:00:1c:6d:04,2026-08-27 14:18:35,25.3,52.0627326965332,4.31918334960938,7,The Hague,NL
Rotterdam,Rotterdam_T2,02:00:00:6b:28:e4,2026-08-27 14:15:12,27.9,52.054781,4.338274,1,Rijswijk,NL
Rotterdam,Rotterdam_T2,02:00:00:a4:49:04,2026-08-27 14:17:21,28.7,52.0556912815337,4.34021632718826,3,Rijswijk,NL
Rotterdam,Rotterdam_T2,02:00:00:a9:76:d8,2026-08-27 14:16:32,26.4,52.061565,4.342099,1,The Hague,NL
Rotterdam,Rotterdam_T2,02:00:00:64:42:52,2026-08-27 14:10:05,26.8,52.061137,4.388927,0,The Hague,NL
Rotterdam,Rotterdam_T2,02:00:00:90:7d:2a,2026-08-27 14:11:30,27.8,52.058655,4.3924623,0,The Hague,NL
Rotterdam,Rotterdam_T2,02:00:00:9d:20:ca,2026-08-27 14:17:46,27.2,52.0615272521973,4.39315223693848,0,The Hague,NL
Rotterdam,Rotterdam_T2,02:00:00:12:a3:f4,2026-08-27 14:17:10,26.9,52.059226,4.411559,0,The Hague,NL
Rotterdam,Rotterdam_T2,02:00:00:5f:25:a2,2026-08-27 14:11:29,26.4,52.063211,4.411913,0,The Hague,NL
Rotterdam,Rotterdam_T2,02:00:00:5e:fb:6e,2026-08-27 14:15:35,29.8,52.054639612905,4.4578184056046,0,Zoetermeer,NL
Rotterdam,Rotterdam_T2,02:00:00:b5:b8:f8,2026-08-27 14:10:28,27.2,52.058436,4.45896010000001,0,Zoetermeer,NL
Rotterdam,Rotterdam_T2,02:00:00:3d:29:16,2026-08-27 14:18:49,28.3,52.056976,4.465749,0,Zoetermeer,NL
Rotterdam,Rotterdam_T2,02:00:00:90:e0:c8,2026-08-27 14:15:15,25.2,52.056016,4.482655,1,Zoetermeer,NL
Rotterdam,Rotterdam_T2,02:00:00:53:56:96,2026-08-27 14:14:39,26.4,52.0613346,4.4883785,2,Zoetermeer,NL
Rotterdam,Rotterdam_T2,02:00:00:01:91:08,2026-08-27 14:18:13,25.4,52.064108,4.491769,0,Zoetermeer,NL
Rotterdam,Rotterdam_T2,02:00:00:bd:ed:76,2026-08-27 14:17:27,25.6,52.069173,4.220754,12,The Hague,NL
Rotterdam,Rotterdam_T2,02:00:00:17:f3:26,2026-08-27 14:17:07,27.9,52.068519,4.221414,13,The Hague,NL
Rotterdam,Rotterdam_T2,02:00:00:b2:af:2a,2026-08-27 14:15:25,31.1,52.067112,4.237576,4,The Hague,NL
Rotterdam,Rotterdam_T2,02:00:00:1c:7f:64,2026-08-27 14:19:31,28.9,52.0743044529233,4.2459826422213,4,The Hague,NL
Rotterdam,Rotterdam_T2,02:00:00:af:67:ca,2026-08-27 14:10:21,25.9,52.0680697978153,4.25281722806606,3,The Hague,NL
Rotterdam,Rotterdam_T2,02:00:00:33:dc:9c,2026-08-27 14:14:47,28.3,52.0689815,4.25234909999999,0,The Hague,NL
Rotterdam,Rotterdam_T2,02:00:00:b5:07:b6,2026-08-27 14:14:13,25.5,52.073517,4.267079,4,The Hague,NL
Rotterdam,Rotterdam_T2,02:00:00:a4:2b:da,2026-08-27 14:10:53,28.7,52.0729,4.2713,4,The Hague,NL
Rotterdam,Rotterdam_T2,02:00:00:36:b2:42,2026-08-27 14:20:09,25.0,52.067452,4.281116,4,The Hague,NL
Rotterdam,Rotterdam_T2,02:00:00:65:54:d0,2026-08-27 14:15:53,26.9,52.0732832781559,4.29107268344232,2,The Hague,NL
Rotterdam,Rotterdam_T2,02:00:00:02:7a:f6,2026-08-27 14:14:42,27.6,52.0689179,4.3058197,2,The Hague,NL
Rotterdam,Rotterdam_T2,02:00:00:c3:9b:c4,2026-08-27 14:14:17,28.1,52.0758,4.2925,3,The Hague,NL
Rotterdam,Rotterdam_T2,02:00:00:64:fc:02,2026-08-27 14:10:45,26.8,52.072267,4.320268,5,The Hague,NL
Rotterdam,Rotterdam_T2,02:00:00:3f:48:00,2026-08-27 14:12:44,26.3,52.0710033960706,4.32261879386951,4,The Hague,NL
Rotterdam,Rotterdam_T2,02:00:00:27:57:8e,2026-08-27 14:19:10,25.2,52.0758551732259,4.31446773580824,5,The Hague,NL
Rotterdam,Rotterdam_T2,02:00:00:9b:63:86,2026-08-27 14:16:08,25.1,52.0671907704763,4.34948086738587,2,The Hague,NL
Rotterdam,Rotterdam_T2,02:00:00:73:bf:68,2026-08-27 14:12:22,27.6,52.07701,4.3427534,1,Voorburg,NL
Rotterdam,Rotterdam_T2,02:00:00:74:18:0c,2026-08-27 14:19:11,25.9,52.076791,4.345605,3,Voorburg,NL
Rotterdam,Rotterdam_T2,02:00:00:5e:d3:e0,2026-08-27 14:11:23,26.9,52.0747919334922,4.3629991169802,3,Voorburg,NL
Rotterdam,Rotterdam_T2,02:00:00:14:4a:38,2026-08-27 14:14:30,25.5,52.077178,4.359944,2,Voorburg,NL
Rotterdam,Rotterdam_T2,02:00:00:33:cc:30,2026-08-27 14:16:38,26.1,52.08009,4.361759,3,Voorburg,NL
Rotterdam,Rotterdam_T2,02:00:00:5f:58:86,2026-08-27 14:17:15,25.8,52.078355,4.3865255,0,Leidschendam-Voorburg,NL
Rotterdam,Rotterdam_T2,02:00:00:64:41:12,2026-08-27 14:16:39,25.1,52.0781626730093,4.38804501874122,0,Leidschendam-Voorburg,NL
Rotterdam,Rotterdam_T2,02:00:00:39:f8:c2,2026-08-27 14:11:14,26.0,52.078976,4.387728,0,Voorburg,NL
Rotterdam,Rotterdam_T2,02:00:00:8d:c5:a2,2026-08-27 14:17:48,27.0,52.071539,4.408314,0,The Hague,NL
Rotterdam,Rotterdam_T2,02:00:00:a4:45:56,2026-08-27 14:16:34,29.0,52.0678863525391,4.47134017944336,0,Zoetermeer,NL
Rotterdam,Rotterdam_T2,02:00:00:b5:a3:4e,2026-08-27 14:10:27,27.8,52.068919,4.475778,0,Zoetermeer,NL
Rotterdam,Rotterdam_T2,02:00:00:28:a6:32,2026-08-27 14:16:24,27.5,52.0709019617043,4.49143366943841,0,Zoetermeer,NL
Rotterdam,Rotterdam_T2,02:00:00:06:8d:26,2026-08-27 14:14:18,26.9,52.0732626253946,4.49771213376639,0,Zoetermeer,NL
Rotterdam,Rotterdam_T2,02:00:00:33:e4:42,2026-08-27 14:11:22,27.6,52.093006,4.260304,9,The Hague,NL
Rotterdam,Rotterdam_T2,02:00:00:70:38:f4,2026-08-27 14:14:50,24.0,52.093477,4.262971,6,The Hague,NL
Rotterdam,Rotterdam_T2,02:00:00:b5:95:58,2026-08-27 14:11:31,25.6,52.082624,4.273059,6,The Hague,NL
Rotterdam,Rotterdam_T2,02:00:00:b2:bf:d0,2026-08-27 14:16:10,27.1,52.0948011,4.26743520000004,9,The Hague,NL
Rotterdam,Rotterdam_T2,02:00:00:27:37:dc,2026-08-27 14:19:09,26.8,52.088409,4.272743,7,The Hague,NL
Rotterdam,Rotterdam_T2,02:00:00:5f:01:3e,2026-08-27 14:16:29,27.5,52.0857754375627,4.28943129957341,8,The Hague,NL
Rotterdam,Rotterdam_T2,02:00:00:7f:9c:8a,2026-08-27 14:18:27,28.5,52.081812,4.293372,5,The Hague,NL
Rotterdam,Rotterdam_T2,02:00:00:12:79:22,2026-08-27 14:14:24,28.2,52.081968,4.293328,5,The Hague,NL
Rotterdam,Rotterdam_T2,02:00:00:12:4f:d6,2026-08-27 14:19:53,25.7,52.0854341645785,4.31251781803931,6,The Hague,NL
Rotterdam,Rotterdam_T2,02:00:00:b5:a4:2c,2026-08-27 14:15:36,25.8,52.085269,4.312957,5,The Hague,NL
Rotterdam,Rotterdam_T2,02:00:00:52:eb:b0,2026-08-27 14:11:14,24.0,52.0901055827947,4.31524413263139,4,The Hague,NL
Rotterdam,Rotterdam_T2,02:00:00:7f:9f:dc,2026-08-27 14:10:39,27.2,52.087727,4.338226,4,The Hague,NL
Rotterdam,Rotterdam_T2,02:00:00:70:53:1a,2026-08-27 14:10:10,27.5,52.0839525958057,4.34141420312182,2,The Hague,NL
Rotterdam,Rotterdam_T2,02:00:00:2f:2d:b0,2026-08-27 14:10:48,26.4,52.0884,4.343069,3,The Hague,NL
Rotterdam,Rotterdam_T2,02:00:00:9d:0b:76,2026-08-27 14:14:44,25.9,52.08924,4.360338,1,The Hague,NL
Rotterdam,Rotterdam_T2,02:00:00:c2:32:c6,2026-08-27 14:16:52,27.1,52.092798,4.360844,4,The Hague,NL
Rotterdam,Rotterdam_T2,02:00:00:58:73:b6,2026-08-27 14:10:34,26.9,52.0829561696853,4.36915000000003,1,Leidschendam-Voorburg,NL
Rotterdam,Rotterdam_T2,02:00:00:2b:23:24,2026-08-27 14:17:30,27.3,52.0822677612305,4.38621425628662,3,Leidschendam-Voorburg,NL
Rotterdam,Rotterdam_T2,02:00:00:7f:b9:18,2026-08-27 14:15:18,24.9,52.08124,4.39291000000004,3,Leidschendam,NL
Rotterdam,Rotterdam_T2,02:00:00:1e:25:42,2026-08-27 14:12:39,27.5,52.095224,4.390565,4,Leidschendam,NL
Rotterdam,Rotterdam_T2,02:00:00:02:a4:56,2026-08-27 14:17:24,27.5,52.09136,4.406312,2,Leidschendam,NL
Rotterdam,Rotterdam_T2,02:00:00:6b:50:c6,2026-08-27 14:19:11,27.2,52.0912310197558,4.40687429507307,3,Leidschendam,NL
Rotterdam,Rotterdam_T2,02:00:00:2b:14:b6,2026-08-27 14:11:38,26.2,52.093886,4.470451,0,Leidschendam-Voorburg,NL
Rotterdam,Rotterdam_T2,02:00:00:00:c7:da,2026-08-27 14:15:26,30.5,52.096483,4.276179,9,The Hague,NL
Rotterdam,Rotterdam_T2,02:00:00:c2:46:e6,2026-08-27 14:18:23,26.6,52.1023684600997,4.26914454981171,9,The Hague,NL
Rotterdam,Rotterdam_T2,02:00:00:a2:47:68,2026-08-27 14:13:36,27.4,52.101233,4.270174,9,The Hague,NL
Rotterdam,Rotterdam_T2,02:00:00:bd:dc:50,2026-08-27 14:13:51,25.4,52.100603,4.300766,7,The Hague,NL
Rotterdam,Rotterdam_T2,02:00:00:2b:5c:e4,2026-08-27 14:17:47,25.1,52.1022,4.30135000000003,9,The Hague,NL
Rotterdam,Rotterdam_T2,02:00:00:13:4f:12,2026-08-27 14:16:05,25.7,52.0992527419219,4.31103944778442,4,The Hague,NL
Rotterdam,Rotterdam_T2,02:00:00:58:dd:f2,2026-08-27 14:12:07,23.2,52.0988402769097,4.31640163798878,4,The Hague,NL
Rotterdam,Rotterdam_T2,02:00:00:70:46:bc,2026-08-27 14:10:06,23.3,52.108804,4.339823,5,Wassenaar,NL
Rotterdam,Rotterdam_T2,02:00:00:53:49:e8,2026-08-27 14:18:43,27.7,52.1093510610785,4.37356660986006,0,Wassenaar,NL
Rotterdam,Rotterdam_T2,02:00:00:84:17:0a,2026-08-27 14:12:45,28.7,52.10114,4.395529,0,Leidschendam,NL
Rotterdam,Rotterdam_T2,02:00:00:7f:9c:26,2026-08-27 14:14:31,25.5,52.102006,4.407729,1,Leidschendam,NL
Rotterdam,Rotterdam_T2,02:00:00:01:7d:a8,2026-08-27 14:15:35,26.9,52.110059,4.27961500000007,7,The Hague,NL
Rotterdam,Rotterdam_T2,02:00:00:02:a2:7a,2026-08-27 14:13:07,25.8,52.111383,4.282798,16,The Hague,NL
Rotterdam,Rotterdam_T2,02:00:00:ab:ee:62,2026-08-27 14:14:25,26.2,52.1106910705566,4.28558301925659,9,The Hague,NL
Rotterdam,Rotterdam_T2,02:00:00:a4:5c:34,2026-08-27 14:13:10,29.1,52.111214,4.436711,0,Voorschoten,NL
Rotterdam,Rotterdam_T2,02:00:00:73:be:68,2026-08-27 14:19:47,28.2,52.117177,4.443719,0,Voorschoten,NL
Rotterdam,Rotterdam_T2,02:00:00:63:35:52,2026-08-27 14:13:15,26.2,52.11392,4.444889,0,Voorschoten,NL
Rotterdam,Rotterdam_T2,02:00:00:3b:ff:70,2026-08-27 14:13:08,25.2,52.1277061891672,4.36202768103674,6,Wassenaar,NL
Rotterdam,Rotterdam_T2,02:00:00:a4:47:d4,2026-08-27 14:10:50,27.6,52.12634,4.384166,2,Wassenaar,NL
Rotterdam,Rotterdam_T2,02:00:00:7a:6c:b0,2026-08-27 14:11:37,26.3,52.12483,4.4367504,1,Voorschoten,NL
Rotterdam,Rotterdam_T2,02:00:00:70:45:0e,2026-08-27 14:16:04,28.6,52.126899,4.437364,0,Voorschoten,NL
Rotterdam,Rotterdam_T2,02:00:00:7a:ea:44,2026-08-27 14:20:04,26.5,52.127811,4.438192,1,Voorschoten,NL
Rotterdam,Rotterdam_T2,02:00:00:00:41:f2,2026-08-27 14:14:39,26.1,52.128907,4.458177,0,Voorschoten,NL
Rotterdam,Rotterdam_T2,02:00:00:bd:d9:62,2026-08-27 14:18:56,27.7,52.130948,4.456233,0,Voorschoten,NL
Rotterdam,Rotterdam_T2,02:00:00:04:77:ec,2026-08-27 14:10:21,28.2,52.137813,4.466427,0,Voorschoten,NL
Rotterdam,Rotterdam_T2,02:00:00:7f:98:b0,2026-08-27 14:16:44,26.7,51.793851,4.277562,0,Goudswaard,NL
Rotterdam,Rotterdam_T2,02:00:00:84:01:f4,2026-08-27 14:09:45,27.2,51.795956,4.316063,0,Piershil,NL
Rotterdam,Rotterdam_T2,02:00:00:a4:53:38,2026-08-27 14:16:32,27.2,51.8061561584473,4.34367895126343,0,Nieuw-Beijerland,NL
Rotterdam,Rotterdam_T2,02:00:00:2e:c2:56,2026-08-27 14:19:04,23.6,51.803969,4.38881000000001,0,Hoeksche Waard,NL
Rotterdam,Rotterdam_T2,02:00:00:02:38:06,2026-08-27 14:18:40,22.6,51.79439,4.48133000000004,0,Hoeksche Waard,NL
Rotterdam,Rotterdam_T2,02:00:00:70:24:c0,2026-08-27 14:13:42,25.8,51.79538,4.47853999999995,0,Hoeksche Waard,NL
Rotterdam,Rotterdam_T2,02:00:00:8d:cf:32,2026-08-27 14:11:13,26.6,51.7989258,4.48003469999999,1,Mijnsheerenland,NL
Rotterdam,Rotterdam_T2,02:00:00:73:f0:94,2026-08-27 14:13:17,29.0,51.817669,4.261111,0,Zuidland,NL
Rotterdam,Rotterdam_T2,02:00:00:17:f3:8c,2026-08-27 14:17:11,26.2,51.813893,4.338688,0,Hoeksche Waard,NL
Rotterdam,Rotterdam_T2,02:00:00:12:63:46,2026-08-27 14:18:45,27.2,51.816084,4.404314,0,Oud-Beijerland,NL
Rotterdam,Rotterdam_T2,02:00:00:19:32:0a,2026-08-27 14:15:17,27.0,51.8201,4.4265,0,Oud-Beijerland,NL
Rotterdam,Rotterdam_T2,02:00:00:1d:ee:0c,2026-08-27 14:14:17,26.1,51.814618,4.431096,0,Hoeksche Waard,NL
Rotterdam,Rotterdam_T2,02:00:00:a9:d0:4e,2026-08-27 14:12:05,25.4,51.816875,4.432654,0,Oud-Beijerland,NL
Rotterdam,Rotterdam_T2,02:00:00:b0:a7:c6,2026-08-27 14:11:09,27.2,51.8194923400879,4.42992401123047,0,Oud-Beijerland,NL
Rotterdam,Rotterdam_T2,02:00:00:52:d6:1c,2026-08-27 14:14:42,26.9,51.8273166908673,4.24860230421604,0,Nissewaard,NL
Rotterdam,Rotterdam_T2,02:00:00:c6:18:06,2026-08-27 14:10:10,29.0,51.82763,4.25183,0,Zuidland,NL
Rotterdam,Rotterdam_T2,02:00:00:63:0e:9a,2026-08-27 14:12:47,28.4,51.8228896113569,4.25690523338619,0,Nissewaard,NL
Rotterdam,Rotterdam_T2,02:00:00:bc:cb:30,2026-08-27 14:16:25,29.2,51.833767,4.297901,0,Simonshaven,NL
Rotterdam,Rotterdam_T2,02:00:00:2e:be:70,2026-08-27 14:19:43,29.5,51.828405,4.320218,0,Nissewaard,NL
Rotterdam,Rotterdam_T2,02:00:00:83:80:70,2026-08-27 14:13:24,29.7,51.828982,4.321931,0,Spijkenisse,NL
Rotterdam,Rotterdam_T2,02:00:00:b2:c5:16,2026-08-27 14:16:59,26.5,51.833293,4.327577,0,Spijkenisse,NL
Rotterdam,Rotterdam_T2,02:00:00:1c:5d:d8,2026-08-27 14:12:17,27.6,51.831596,4.34732,0,Spijkenisse,NL
Rotterdam,Rotterdam_T2,02:00:00:33:d1:48,2026-08-27 14:10:27,29.0,51.835362,4.340818,0,Spijkenisse,NL
Rotterdam,Rotterdam_T2,02:00:00:bd:f6:10,2026-08-27 14:12:21,28.5,51.8291723616001,4.35085593059094,0,Hekelingen,NL
Rotterdam,Rotterdam_T2,02:00:00:a2:45:50,2026-08-27 14:18:46,27.5,51.833564,4.369612,0,Spijkenisse,NL
Rotterdam,Rotterdam_T2,02:00:00:b9:1f:9e,2026-08-27 14:12:20,26.9,51.826743,4.418683,2,Oud-Beijerland,NL
Rotterdam,Rotterdam_T2,02:00:00:2f:24:b0,2026-08-27 14:13:52,26.3,51.82603,4.423475,1,Oud-Beijerland,NL
Rotterdam,Rotterdam_T2,02:00:00:c2:4d:24,2026-08-27 14:14:10,27.4,51.826379,4.423903,1,Oud-Beijerland,NL
Rotterdam,Rotterdam_T2,02:00:00:2f:24:0e,2026-08-27 14:13:46,27.6,51.8277587,4.47300369999995,1,Heinenoord,NL
Rotterdam,Rotterdam_T2,02:00:00:b0:92:a0,2026-08-27 14:16:26,28.2,51.825342,4.484375,0,Heinenoord,NL
Rotterdam,Rotterdam_T2,02:00:00:13:7c:72,2026-08-27 14:12:26,26.4,51.8485857,4.30565690000003,0,Nissewaard,NL
Rotterdam,Rotterdam_T2,02:00:00:b9:2d:18,2026-08-27 14:10:15,24.5,51.836025,4.3121552,0,Nissewaard,NL
Rotterdam,Rotterdam_T2,02:00:00:00:c4:a2,2026-08-27 14:16:07,26.5,51.835934,4.315718,0,Spijkenisse,NL
Rotterdam,Rotterdam_T2,02:00:00:90:af:46,2026-08-27 14:18:05,26.3,51.83904,4.319577,0,Spijkenisse,NL
Rotterdam,Rotterdam_T2,02:00:00:65:34:82,2026-08-27 14:17:53,27.6,51.8423805236816,4.31939363479614,0,Spijkenisse,NL
Rotterdam,Rotterdam_T2,02:00:00:a4:28:8e,2026-08-27 14:19:11,28.6,51.8376655578613,4.34094619750977,1,Spijkenisse,NL
Rotterdam,Rotterdam_T2,02:00:00:7a:77:68,2026-08-27 14:20:04,25.4,51.846795,4.341356,1,Spijkenisse,NL
Rotterdam,Rotterdam_T2,02:00:00:28:9b:d0,2026-08-27 14:13:33,27.6,51.836851,4.352763,0,Spijkenisse,NL
Rotterdam,Rotterdam_T2,02:00:00:2a:ee:60,2026-08-27 14:18:49,27.7,51.836635,4.368071,0,Nissewaard,NL
Rotterdam,Rotterdam_T2,02:00:00:12:fb:d2,2026-08-27 14:10:57,28.5,51.8374458439446,4.37149661379999,1,Nissewaard,NL
Rotterdam,Rotterdam_T2,02:00:00:19:cc:80,2026-08-27 14:11:15,28.5,51.848418,4.374154,0,Hoogvliet,NL
Rotterdam,Rotterdam_T2,02:00:00:13:6b:d6,2026-08-27 14:11:58,27.4,51.848988,4.417614,0,Poortugaal,NL
Rotterdam,Rotterdam_T2,02:00:00:b5:35:7a,2026-08-27 14:15:56,26.4,51.8507194519043,4.32065153121948,0,Spijkenisse,NL
Rotterdam,Rotterdam_T2,02:00:00:b5:0b:cc,2026-08-27 14:14:12,28.6,51.857194,4.316324,0,Spijkenisse,NL
Rotterdam,Rotterdam_T2,02:00:00:a2:46:e2,2026-08-27 14:18:12,27.6,51.857365,4.316291,0,Spijkenisse,NL
Rotterdam,Rotterdam_T2,02:00:00:6b:34:e8,2026-08-27 14:18:16,25.2,51.853658,4.341445,9,Spijkenisse,NL
Rotterdam,Rotterdam_T2,02:00:00:96:c1:f0,2026-08-27 14:19:29,24.2,51.8526191711426,4.34237861633301,5,Spijkenisse,NL
Rotterdam,Rotterdam_T2,02:00:00:17:5c:2a,2026-08-27 14:17:25,27.0,51.852885,4.342628,5,Spijkenisse,NL
Rotterdam,Rotterdam_T2,02:00:00:5f:22:3e,2026-08-27 14:12:17,25.9,51.8544044494629,4.3646936416626,0,Rotterdam,NL
Rotterdam,Rotterdam_T2,02:00:00:83:df:7c,2026-08-27 14:14:59,27.7,51.852008,4.377223,1,Hoogvliet,NL
Rotterdam,Rotterdam_T2,02:00:00:b2:be:60,2026-08-27 14:10:29,25.8,51.857295,4.394365,1,Poortugaal,NL
Rotterdam,Rotterdam_T2,02:00:00:7f:c7:60,2026-08-27 14:15:55,23.1,51.85831,4.3942885,3,Poortugaal,NL
Rotterdam,Rotterdam_T2,02:00:00:bc:e1:0c,2026-08-27 14:18:16,26.7,51.8635694,4.39623120000001,0,Poortugaal,NL
Rotterdam,Rotterdam_T2,02:00:00:01:05:d0,2026-08-27 14:11:38,26.6,51.851921,4.423444,0,Rhoon,NL
Rotterdam,Rotterdam_T2,02:00:00:02:74:06,2026-08-27 14:15:25,23.6,51.858646,4.4091473,0,Poortugaal,NL
Rotterdam,Rotterdam_T2,02:00:00:a2:5c:12,2026-08-27 14:14:39,27.9,51.8594623479853,4.42698154071272,0,Rhoon,NL
Rotterdam,Rotterdam_T2,02:00:00:be:05:6e,2026-08-27 14:19:13,25.7,51.8548644,4.436762,0,Rhoon,NL
Rotterdam,Rotterdam_T2,02:00:00:a2:32:24,2026-08-27 14:13:39,28.5,51.857958,4.432325,0,Rhoon,NL
Rotterdam,Rotterdam_T2,02:00:00:02:c7:50,2026-08-27 14:11:42,27.9,51.856688,4.472128,0,Rhoon,NL
Rotterdam,Rotterdam_T2,02:00:00:63:0e:a4,2026-08-27 14:11:02,26.2,51.8575608827219,4.47265219690053,0,Albrandswaard,NL
Rotterdam,Rotterdam_T2,02:00:00:2e:ff:9e,2026-08-27 14:11:47,24.3,51.8538824575246,4.48517918586731,0,Barendrecht,NL
Rotterdam,Rotterdam_T2,02:00:00:03:74:d0,2026-08-27 14:10:31,25.6,51.8517608642578,4.49835109710693,0,Barendrecht,NL
Rotterdam,Rotterdam_T2,02:00:00:3f:01:d8,2026-08-27 14:16:13,24.7,51.8569415,4.4865023,0,Barendrecht,NL
Rotterdam,Rotterdam_T2,02:00:00:bd:e9:04,2026-08-27 14:17:44,25.1,51.866558,4.375568,0,Hoogvliet,NL
Rotterdam,Rotterdam_T2,02:00:00:2b:21:e6,2026-08-27 14:18:36,22.6,51.866558,4.375568,0,Hoogvliet,NL
Rotterdam,Rotterdam_T2,02:00:00:01:01:b4,2026-08-27 14:11:09,27.1,51.8652629979766,4.39664993821385,0,Albrandswaard,NL
Rotterdam,Rotterdam_T2,02:00:00:a2:60:fc,2026-08-27 14:10:39,26.4,51.874794,4.466563,0,Rotterdam,NL
Rotterdam,Rotterdam_T2,02:00:00:3f:61:10,2026-08-27 14:19:13,24.3,51.8779278321971,4.49603729871197,6,Rotterdam,NL
Rotterdam,Rotterdam_T2,02:00:00:73:c0:3a,2026-08-27 14:19:22,27.4,51.887171,4.383392,0,Pernis,NL
Rotterdam,Rotterdam_T2,02:00:00:32:e7:f8,2026-08-27 14:14:20,27.0,51.892172,4.386614,3,Pernis,NL
Rotterdam,Rotterdam_T2,02:00:00:1f:7e:90,2026-08-27 14:16:29,29.1,51.8847667,4.4695263,0,Rotterdam,NL
Rotterdam,Rotterdam_T2,02:00:00:12:73:96,2026-08-27 14:11:12,25.5,51.890287,4.477402,2,Rotterdam,NL
Rotterdam,Rotterdam_T2,02:00:00:c3:9b:aa,2026-08-27 14:15:54,26.8,51.888355255127,4.49187803268433,6,Rotterdam,NL
Rotterdam,Rotterdam_T2,02:00:00:c2:33:4e,2026-08-27 14:17:22,26.6,51.907263,4.232915,1,Rozenburg,NL
Rotterdam,Rotterdam_T2,02:00:00:02:d9:74,2026-08-27 14:10:25,25.8,51.9018321151561,4.23758983612055,2,Rozenburg,NL
Rotterdam,Rotterdam_T2,02:00:00:27:7d:68,2026-08-27 14:10:42,25.8,51.902208,4.248835,4,Rozenburg,NL
Rotterdam,Rotterdam_T2,02:00:00:37:27:ba,2026-08-27 14:12:47,29.4,51.906634,4.321553,0,Vlaardingen,NL
Rotterdam,Rotterdam_T2,02:00:00:63:17:f6,2026-08-27 14:15:15,26.9,51.902018,4.342717,3,Vlaardingen,NL
Rotterdam,Rotterdam_T2,02:00:00:05:59:f0,2026-08-27 14:16:32,23.9,51.904754,4.345775,2,Vlaardingen,NL
Rotterdam,Rotterdam_T2,02:00:00:74:32:c6,2026-08-27 14:16:17,27.3,51.904912,4.345329,3,Vlaardingen,NL
Rotterdam,Rotterdam_T2,02:00:00:c2:45:d6,2026-08-27 14:10:14,26.8,51.905582,4.405567,0,Schiedam,NL
Rotterdam,Rotterdam_T2,02:00:00:9d:29:a2,2026-08-27 14:14:10,23.8,51.901312,4.458192,6,Rotterdam,NL
Rotterdam,Rotterdam_T2,02:00:00:53:3b:14,2026-08-27 14:12:35,25.2,51.902036,4.457739,3,Rotterdam,NL
Rotterdam,Rotterdam_T2,02:00:00:74:01:48,2026-08-27 14:17:11,24.8,51.8981435405119,4.48277876129779,1,Rotterdam,NL
Rotterdam,Rotterdam_T2,02:00:00:1f:6b:c0,2026-08-27 14:13:32,25.2,51.8992767333984,4.48442125320435,2,Rotterdam,NL
Rotterdam,Rotterdam_T2,02:00:00:2b:09:b6,2026-08-27 14:13:06,25.6,51.8965726546856,4.49371075471399,8,Rotterdam,NL
Rotterdam,Rotterdam_T2,02:00:00:63:45:86,2026-08-27 14:13:14,26.9,51.909344,4.23864,1,Rozenburg,NL
Rotterdam,Rotterdam_T2,02:00:00:3c:fa:c8,2026-08-27 14:13:51,26.4,51.911378,4.236979,2,Rotterdam,NL
Rotterdam,Rotterdam_T2,02:00:00:01:7c:12,2026-08-27 14:17:02,25.6,51.920774,4.237957,2,Maassluis,NL
Rotterdam,Rotterdam_T2,02:00:00:83:ef:60,2026-08-27 14:16:02,33.1,51.909076,4.242459,3,Rozenburg,NL
Rotterdam,Rotterdam_T2,02:00:00:a9:4f:c2,2026-08-27 14:19:00,27.5,51.916124,4.24886000000006,3,Maassluis,NL
Rotterdam,Rotterdam_T2,02:00:00:a2:70:a6,2026-08-27 14:15:28,25.6,51.913362,4.256699,5,Maassluis,NL
Rotterdam,Rotterdam_T2,02:00:00:bc:f6:62,2026-08-27 14:11:35,26.3,51.913163646918,4.31969458235608,0,Vlaardingen,NL
Rotterdam,Rotterdam_T2,02:00:00:74:5d:08,2026-08-27 14:17:17,27.9,51.912452208961,4.3338788262849,0,Vlaardingen,NL
Rotterdam,Rotterdam_T2,02:00:00:74:4a:40,2026-08-27 14:14:34,26.1,51.914186,4.332811,0,Vlaardingen,NL
Rotterdam,Rotterdam_T2,02:00:00:2b:20:2a,2026-08-27 14:17:03,26.5,51.9141002514251,4.33724462985993,1,Vlaardingen,NL
Rotterdam,Rotterdam_T2,02:00:00:02:a2:a6,2026-08-27 14:11:58,25.7,51.9088,4.3444,3,Vlaardingen,NL
Rotterdam,Rotterdam_T2,02:00:00:bd:0a:46,2026-08-27 14:16:38,26.7,51.909511,4.348642,4,Vlaardingen,NL
Rotterdam,Rotterdam_T2,02:00:00:58:c6:ce,2026-08-27 14:15:36,27.6,51.9178282,4.3598377,1,Vlaardingen,NL
Rotterdam,Rotterdam_T2,02:00:00:7f:be:10,2026-08-27 14:16:11,27.2,51.91672,4.3632045,2,Vlaardingen,NL
Rotterdam,Rotterdam_T2,02:00:00:53:5b:da,2026-08-27 14:13:10,26.2,51.908555,4.401612,2,Schiedam,NL
Rotterdam,Rotterdam_T2,02:00:00:7f:b3:02,2026-08-27 14:13:28,25.9,51.91247,4.4030027,4,Schiedam,NL
Rotterdam,Rotterdam_T2,02:00:00:b9:1f:4a,2026-08-27 14:14:32,25.5,51.9213366779173,4.40755754480418,11,Schiedam,NL
Rotterdam,Rotterdam_T2,02:00:00:2a:f8:5e,2026-08-27 14:15:56,27.2,51.915024,4.4355793,9,Rotterdam,NL
Rotterdam,Rotterdam_T2,02:00:00:b5:80:32,2026-08-27 14:11:28,24.5,51.918558,4.449248,4,Rotterdam,NL
Rotterdam,Rotterdam_T2,02:00:00:96:ec:a8,2026-08-27 14:10:43,23.5,51.9101295471191,4.44982385635376,3,Rotterdam,NL
Rotterdam,Rotterdam_T2,02:00:00:a9:70:9e,2026-08-27 14:16:20,22.6,51.918565,4.454217,1,Rotterdam,NL
Rotterdam,Rotterdam_T2,02:00:00:84:0b:f4,2026-08-27 14:17:59,25.2,51.910764,4.459764,4,Rotterdam,NL
Rotterdam,Rotterdam_T2,02:00:00:33:2f:18,2026-08-27 14:10:49,25.6,51.911367,4.460016,4,Rotterdam,NL
Rotterdam,Rotterdam_T2,02:00:00:7f:8b:fa,2026-08-27 14:10:37,27.3,51.9101171296848,4.48145787979085,11,Rotterdam,NL
Rotterdam,Rotterdam_T2,02:00:00:9b:51:8a,2026-08-27 14:12:00,24.3,51.9145812294122,4.47774262764995,4,Rotterdam,NL
Rotterdam,Rotterdam_T2,02:00:00:b5:93:7c,2026-08-27 14:14:12,24.9,51.913771,4.481875,4,Rotterdam,NL
Rotterdam,Rotterdam_T2,02:00:00:52:d3:56,2026-08-27 14:11:17,26.3,51.929916,4.232157,4,Maassluis,NL
Rotterdam,Rotterdam_T2,02:00:00:b9:51:52,2026-08-27 14:11:28,26.5,51.929904,4.233498,5,Maassluis,NL
Rotterdam,Rotterdam_T2,02:00:00:b9:59:00,2026-08-27 14:11:59,26.8,51.92626,4.237906,4,Maassluis,NL
Rotterdam,Rotterdam_T2,02:00:00:b5:3d:e2,2026-08-27 14:16:42,26.9,51.9271297,4.2515983,1,Maassluis,NL
Rotterdam,Rotterdam_T2,02:00:00:5f:15:be,2026-08-27 14:19:39,26.0,51.930806,4.250148,4,Maassluis,NL
Rotterdam,Rotterdam_T2,02:00:00:01:cf:56,2026-08-27 14:18:50,27.6,51.9234903998484,4.25831994624131,0,Maassluis,NL
Rotterdam,Rotterdam_T2,02:00:00:7f:94:b0,2026-08-27 14:16:15,27.2,51.931354,4.269027,0,Maasland,NL
Rotterdam,Rotterdam_T2,02:00:00:29:09:70,2026-08-27 14:11:17,27.0,51.932986,4.267365,1,Maasland,NL
Rotterdam,Rotterdam_T2,02:00:00:b5:74:1c,2026-08-27 14:16:46,26.1,51.93374,4.26775999999999,0,Maasland,NL
Rotterdam,Rotterdam_T2,02:00:00:bc:a8:9c,2026-08-27 14:15:16,24.6,51.931770324707,4.34035110473633,1,Vlaardingen,NL
Rotterdam,Rotterdam_T2,02:00:00:74:5b:ca,2026-08-27 14:13:29,28.4,51.926291,4.345459,3,Vlaardingen,NL
Rotterdam,Rotterdam_T2,02:00:00:b5:a0:52,2026-08-27 14:12:12,26.0,51.927282,4.347004,0,Vlaardingen,NL
Rotterdam,Rotterdam_T2,02:00:00:c6:23:6c,2026-08-27 14:12:25,29.5,51.934768,4.381632,0,Schiedam,NL
Rotterdam,Rotterdam_T2,02:00:00:b9:05:64,2026-08-27 14:18:27,22.6,51.936828,4.386344,0,Schiedam,NL
Rotterdam,Rotterdam_T2,02:00:00:96:ea:9e,2026-08-27 14:19:09,23.7,51.925392,4.39834,2,Schiedam,NL
Rotterdam,Rotterdam_T2,02:00:00:ab:cb:62,2026-08-27 14:13:51,28.5,51.930617,4.445321,0,Rotterdam,NL
Rotterdam,Rotterdam_T2,02:00:00:74:09:f2,2026-08-27 14:18:17,28.9,51.92814,4.456759,1,Rotterdam,NL
Rotterdam,Rotterdam_T2,02:00:00:28:6f:3e,2026-08-27 14:13:38,29.5,51.9340316,4.4594037,5,Rotterdam,NL
Rotterdam,Rotterdam_T2,02:00:00:02:c6:84,2026-08-27 14:10:57,25.5,51.926464,4.470126,3,Rotterdam,NL
Rotterdam,Rotterdam_T2,02:00:00:a9:49:dc,2026-08-27 14:17:17,25.0,51.9230452,4.48168170000002,3,Rotterdam,NL
Rotterdam,Rotterdam_T2,02:00:00:90:b7:5e,2026-08-27 14:16:40,29.1,51.92631,4.480658,2,Rotterdam,NL
Rotterdam,Rotterdam_T2,02:00:00:59:03:50,2026-08-27 14:14:18,22.0,51.930155,4.480721,3,Rotterdam,NL
Rotterdam,Rotterdam_T2,02:00:00:b9:1f:48,2026-08-27 14:14:19,26.2,51.939256,4.230721,1,Maassluis,NL
Rotterdam,Rotterdam_T2,02:00:00:84:0e:9e,2026-08-27 14:11:50,25.8,51.939707,4.230973,0,Maassluis,NL
Rotterdam,Rotterdam_T2,02:00:00:12:fb:ba,2026-08-27 14:13:34,26.4,51.941607,4.230965,2,Maassluis,NL
Rotterdam,Rotterdam_T2,02:00:00:b5:53:1c,2026-08-27 14:11:49,25.9,51.949414,4.270392,0,Maasland,NL
Rotterdam,Rotterdam_T2,02:00:00:c5:33:20,2026-08-27 14:18:21,27.3,51.940538,4.34364800000001,0,Vlaardingen,NL
Rotterdam,Rotterdam_T2,02:00:00:70:4d:76,2026-08-27 14:18:43,26.8,51.940698,4.344899,0,Vlaardingen,NL
Rotterdam,Rotterdam_T2,02:00:00:7f:d3:b4,2026-08-27 14:15:23,26.3,51.937524,4.359107,1,,NL
Rotterdam,Rotterdam_T2,02:00:00:28:74:22,2026-08-27 14:11:09,25.6,51.939015,4.368109,0,Schiedam,NL
Rotterdam,Rotterdam_T2,02:00:00:b2:c3:a2,2026-08-27 14:16:47,26.5,51.9398735,4.37264590000001,0,Schiedam,NL
Rotterdam,Rotterdam_T2,02:00:00:3a:10:aa,2026-08-27 14:15:03,27.0,51.943986,4.367671,0,Schiedam,NL
Rotterdam,Rotterdam_T2,02:00:00:65:38:b0,2026-08-27 14:17:22,25.7,51.942,4.38433999999999,0,Schiedam,NL
Rotterdam,Rotterdam_T2,02:00:00:9c:d6:c8,2026-08-27 14:18:21,28.1,51.9391683837513,4.42066682686317,4,Rotterdam,NL
Rotterdam,Rotterdam_T2,02:00:00:96:bd:fa,2026-08-27 14:19:30,26.0,51.943919,4.426938,1,Rotterdam,NL
Rotterdam,Rotterdam_T2,02:00:00:90:8a:8e,2026-08-27 14:17:37,25.3,51.9372746579483,4.4418073394422,2,Rotterdam,NL
Rotterdam,Rotterdam_T2,02:00:00:7f:93:30,2026-08-27 14:13:33,26.9,51.937051,4.442832,0,Rotterdam,NL
Rotterdam,Rotterdam_T2,02:00:00:2b:02:62,2026-08-27 14:12:11,26.0,51.939917,4.448351,0,Rotterdam,NL
Rotterdam,Rotterdam_T2,02:00:00:bd:e0:c8,2026-08-27 14:17:04,28.3,51.946104,4.46737,0,Rotterdam,NL
Rotterdam,Rotterdam_T2,02:00:00:af:8b:58,2026-08-27 14:15:54,30.5,51.9460220336914,4.47492647171021,0,Rotterdam,NL
Rotterdam,Rotterdam_T2,02:00:00:90:71:58,2026-08-27 14:17:39,25.3,51.93707,4.479222,3,Rotterdam,NL
Rotterdam,Rotterdam_T2,02:00:00:bc:e3:ec,2026-08-27 14:19:13,25.7,51.9374587797425,4.49468157586424,2,Rotterdam,NL
Rotterdam,Rotterdam_T2,02:00:00:bd:de:c6,2026-08-27 14:17:34,26.5,51.937429,4.495607,0,Rotterdam,NL
Rotterdam,Rotterdam_T2,02:00:00:17:e0:1e,2026-08-27 14:13:01,28.0,51.955246,4.314398,0,Maasland,NL
Rotterdam,Rotterdam_T2,02:00:00:a4:41:88,2026-08-27 14:11:41,26.1,51.955283,4.314406,0,Maasland,NL
Rotterdam,Rotterdam_T2,02:00:00:3f:16:82,2026-08-27 14:12:29,27.9,51.962066,4.395128,1,Rotterdam,NL
Rotterdam,Rotterdam_T2,02:00:00:65:28:6e,2026-08-27 14:10:28,31.6,51.95247,4.46971,0,Rotterdam,NL
Rotterdam,Rotterdam_T2,02:00:00:28:79:a0,2026-08-27 14:16:24,27.2,51.9583,4.4668,0,Rotterdam,NL
Rotterdam,Rotterdam_T2,02:00:00:7a:6d:be,2026-08-27 14:10:38,24.1,51.96209,4.471111,0,Rotterdam,NL
Rotterdam,Rotterdam_T2,02:00:00:3f:0a:1a,2026-08-27 14:11:07,26.2,51.962139,4.484953,0,Rotterdam,NL
Rotterdam,Rotterdam_T2,02:00:00:65:85:b0,2026-08-27 14:11:18,26.1,51.958444,4.499749,-2,Hillegersberg,NL
