city_area,tile_id,device_id,timestamp_amsterdam,temperature_c,latitude,longitude,altitude_m,location_name,country
Utrecht,Utrecht_T3,02:00:00:9b:49:56,2026-09-28 23:19:20,17.3,52.0555172581761,5.07246375001336,1,Nieuwegein,NL
Utrecht,Utrecht_T3,02:00:00:a4:2e:9e,2026-09-28 23:19:18,16.7,52.057163,5.071938,1,Nieuwegein,NL
Utrecht,Utrecht_T3,02:00:00:a9:c0:b8,2026-09-28 23:13:04,17.0,52.058835,5.135174,4,Utrecht,NL
Utrecht,Utrecht_T3,02:00:00:bd:cd:b0,2026-09-28 23:19:47,17.3,52.061641,5.128472,3,Utrecht,NL
Utrecht,Utrecht_T3,02:00:00:bd:dc:c4,2026-09-28 23:14:33,16.7,52.0630189775525,5.12959063053131,4,Utrecht,NL
Utrecht,Utrecht_T3,02:00:00:27:58:00,2026-09-28 23:11:37,17.0,52.06631,5.128964,4,Utrecht,NL
Utrecht,Utrecht_T3,02:00:00:2e:c2:fe,2026-09-28 23:19:53,16.7,52.060052,5.134025,4,Utrecht,NL
Utrecht,Utrecht_T3,02:00:00:3e:ec:de,2026-09-28 23:11:45,17.3,52.0628885050208,5.13711911594507,4,Utrecht,NL
Utrecht,Utrecht_T3,02:00:00:28:ec:80,2026-09-28 23:14:07,16.6,52.065526,5.200063,5,Bunnik,NL
Utrecht,Utrecht_T3,02:00:00:63:34:44,2026-09-28 23:09:56,17.2,52.0706,5.0769,0,Utrecht,NL
Utrecht,Utrecht_T3,02:00:00:02:f3:b2,2026-09-28 23:19:31,17.8,52.0684013366699,5.10129976272583,4,Utrecht,NL
Utrecht,Utrecht_T3,02:00:00:02:26:50,2026-09-28 23:12:01,16.7,52.0673127854311,5.1019960641861,3,Utrecht,NL
Utrecht,Utrecht_T3,02:00:00:71:39:d4,2026-09-28 23:11:49,17.2,52.067007,5.108216,3,Utrecht,NL
Utrecht,Utrecht_T3,02:00:00:29:08:ec,2026-09-28 23:18:30,16.8,52.072575,5.120578,2,Utrecht,NL
Utrecht,Utrecht_T3,02:00:00:37:1d:2c,2026-09-28 23:18:10,16.8,52.0740013122559,5.11969995498657,1,Utrecht,NL
Utrecht,Utrecht_T3,02:00:00:b5:00:ce,2026-09-28 23:19:06,17.0,52.069854,5.12234250000003,4,Utrecht,NL
Utrecht,Utrecht_T3,02:00:00:a9:6f:5c,2026-09-28 23:14:02,17.2,52.073802947998,5.12334251403809,5,Utrecht,NL
Utrecht,Utrecht_T3,02:00:00:1e:2a:90,2026-09-28 23:18:39,17.2,52.070201,5.125238,4,Utrecht,NL
Utrecht,Utrecht_T3,02:00:00:65:70:6e,2026-09-28 23:10:28,16.6,52.069762,5.187772,3,Bunnik,NL
Utrecht,Utrecht_T3,02:00:00:83:ec:80,2026-09-28 23:10:54,16.8,52.077263,5.0638604,0,Utrecht,NL
Utrecht,Utrecht_T3,02:00:00:a9:6f:60,2026-09-28 23:15:20,17.4,52.079962,5.114904,2,Utrecht,NL
Utrecht,Utrecht_T3,02:00:00:2f:04:02,2026-09-28 23:20:01,17.0,52.08055,5.122316,6,Utrecht,NL
Utrecht,Utrecht_T3,02:00:00:9c:fc:b4,2026-09-28 23:10:39,16.8,52.0790023803711,5.13050746917725,2,Utrecht,NL
Utrecht,Utrecht_T3,02:00:00:90:79:e6,2026-09-28 23:17:25,17.9,52.07892,5.14051000000002,4,Utrecht,NL
Utrecht,Utrecht_T3,02:00:00:53:25:54,2026-09-28 23:10:31,16.9,52.081985,5.087011,2,Utrecht,NL
Utrecht,Utrecht_T3,02:00:00:33:e1:4e,2026-09-28 23:17:50,16.7,52.085492,5.089611,4,Utrecht,NL
Utrecht,Utrecht_T3,02:00:00:2f:06:e0,2026-09-28 23:15:32,16.7,52.085492,5.089611,4,Utrecht,NL
Utrecht,Utrecht_T3,02:00:00:5f:20:4a,2026-09-28 23:17:26,17.9,52.0821,5.108,1,Utrecht,NL
Utrecht,Utrecht_T3,02:00:00:b5:08:94,2026-09-28 23:18:16,16.9,52.0842805951218,5.12355080298444,8,Utrecht,NL
Utrecht,Utrecht_T3,02:00:00:a2:3c:08,2026-09-28 23:14:01,17.7,52.081358764963,5.13511598110199,2,Utrecht,NL
Utrecht,Utrecht_T3,02:00:00:02:9c:e4,2026-09-28 23:12:10,16.7,52.088481,5.143561,2,Utrecht,NL
Utrecht,Utrecht_T3,02:00:00:63:37:c0,2026-09-28 23:19:33,17.5,52.0846376741441,5.14990675244556,4,Utrecht,NL
Utrecht,Utrecht_T3,02:00:00:84:9e:e4,2026-09-28 23:18:05,18.0,52.085608,5.153452,1,Utrecht,NL
Utrecht,Utrecht_T3,02:00:00:58:71:a0,2026-09-28 23:11:44,17.7,52.0910855835456,5.06979963657994,0,Utrecht,NL
Utrecht,Utrecht_T3,02:00:00:5e:f9:3e,2026-09-28 23:15:33,17.4,52.095,5.06790999999997,2,Utrecht,NL
Utrecht,Utrecht_T3,02:00:00:9d:1a:0e,2026-09-28 23:10:49,17.1,52.09533,5.073208,0,Utrecht,NL
Utrecht,Utrecht_T3,02:00:00:b5:8a:96,2026-09-28 23:14:34,16.7,52.0890953545022,5.07631123065949,1,Utrecht,NL
Utrecht,Utrecht_T3,02:00:00:70:58:26,2026-09-28 23:16:45,17.2,52.093772,5.087235,3,Utrecht,NL
Utrecht,Utrecht_T3,02:00:00:b5:3c:02,2026-09-28 23:09:59,16.9,52.0945,5.09406000000001,4,Utrecht,NL
Utrecht,Utrecht_T3,02:00:00:c3:9e:0a,2026-09-28 23:15:39,17.3,52.093591,5.097137,3,Utrecht,NL
Utrecht,Utrecht_T3,02:00:00:52:c7:3e,2026-09-28 23:19:44,17.7,52.090397,5.101962,3,Utrecht,NL
Utrecht,Utrecht_T3,02:00:00:3c:db:f4,2026-09-28 23:18:39,17.5,52.092422,5.120636,12,Utrecht,NL
Utrecht,Utrecht_T3,02:00:00:bd:cf:26,2026-09-28 23:19:10,17.2,52.0907374,5.12142010000002,18,Utrecht,NL
Utrecht,Utrecht_T3,02:00:00:27:49:d0,2026-09-28 23:09:48,17.0,52.091476,5.122634,10,Utrecht,NL
Utrecht,Utrecht_T3,02:00:00:53:46:a4,2026-09-28 23:11:58,16.6,52.0944421980704,5.12152537487685,9,Utrecht,NL
Utrecht,Utrecht_T3,02:00:00:5f:20:04,2026-09-28 23:19:08,16.7,52.0938845651776,5.13856323934985,6,Utrecht,NL
Utrecht,Utrecht_T3,02:00:00:7a:71:9a,2026-09-28 23:11:42,17.2,52.096183,5.065176,1,Utrecht,NL
Utrecht,Utrecht_T3,02:00:00:c3:a6:ae,2026-09-28 23:15:14,17.4,52.0966653034839,5.07333587462335,0,Utrecht,NL
Utrecht,Utrecht_T3,02:00:00:bd:c5:ea,2026-09-28 23:13:12,17.2,52.1026685527433,5.09375521405393,1,Utrecht,NL
Utrecht,Utrecht_T3,02:00:00:52:d7:a4,2026-09-28 23:14:58,17.2,52.101415,5.10791,5,Utrecht,NL
Utrecht,Utrecht_T3,02:00:00:28:df:e8,2026-09-28 23:18:28,16.9,52.09981,5.11318999999998,4,Utrecht,NL
Utrecht,Utrecht_T3,02:00:00:b5:97:f6,2026-09-28 23:13:45,16.9,52.100982,5.113231,4,Utrecht,NL
Utrecht,Utrecht_T3,02:00:00:74:7c:d8,2026-09-28 23:16:43,16.9,52.101892,5.11485,3,Utrecht,NL
Utrecht,Utrecht_T3,02:00:00:3c:f5:5e,2026-09-28 23:18:37,16.7,52.095871,5.131864,3,Utrecht,NL
Utrecht,Utrecht_T3,02:00:00:84:71:14,2026-09-28 23:15:26,16.9,52.09809,5.1227045,4,Utrecht,NL
Utrecht,Utrecht_T3,02:00:00:b4:ee:1a,2026-09-28 23:11:26,16.9,52.099659,5.124221,4,Utrecht,NL
Utrecht,Utrecht_T3,02:00:00:29:5e:d2,2026-09-28 23:14:55,16.8,52.097858,5.137552,1,Utrecht,NL
Utrecht,Utrecht_T3,02:00:00:64:29:de,2026-09-28 23:16:27,17.0,52.105162,5.100294,2,Utrecht,NL
Utrecht,Utrecht_T3,02:00:00:28:cf:22,2026-09-28 23:13:53,16.7,52.107056,5.121125,2,Utrecht,NL
Utrecht,Utrecht_T3,02:00:00:9c:e4:3c,2026-09-28 23:12:44,16.5,52.103779,5.12255,4,Utrecht,NL
Utrecht,Utrecht_T3,02:00:00:03:ca:56,2026-09-28 23:12:10,17.2,52.106408,5.125732,3,Utrecht,NL
Utrecht,Utrecht_T3,02:00:00:b5:0b:b6,2026-09-28 23:15:03,16.4,52.1083564758301,5.13924789428711,2,Utrecht,NL
Utrecht,Utrecht_T3,02:00:00:7f:c5:ac,2026-09-28 23:13:46,16.7,52.106043,5.143182,5,Utrecht,NL
Utrecht,Utrecht_T3,02:00:00:58:d2:58,2026-09-28 23:13:40,16.8,52.104095,5.144752,0,Utrecht,NL
Utrecht,Utrecht_T3,02:00:00:14:60:ec,2026-09-28 23:19:52,17.5,52.106249,5.171551,3,De Bilt,NL
Utrecht,Utrecht_T3,02:00:00:c6:22:d0,2026-09-28 23:16:46,16.5,52.1063,5.17763000000003,5,De Bilt,NL
Utrecht,Utrecht_T3,02:00:00:70:4e:ba,2026-09-28 23:19:39,17.0,52.112316,5.090597,1,Utrecht,NL
Utrecht,Utrecht_T3,02:00:00:a9:a9:ac,2026-09-28 23:10:12,17.1,52.11504,5.11446000000007,4,Utrecht,NL
Utrecht,Utrecht_T3,02:00:00:33:fc:c2,2026-09-28 23:13:23,16.7,52.112909,5.143128,1,Utrecht,NL
Utrecht,Utrecht_T3,02:00:00:3d:0c:b8,2026-09-28 23:16:28,17.1,52.1120604,5.1477574,2,Utrecht,NL
Utrecht,Utrecht_T3,02:00:00:a2:28:d4,2026-09-28 23:14:02,16.8,52.11298,5.176283,3,De Bilt,NL
Utrecht,Utrecht_T3,02:00:00:74:4f:c6,2026-09-28 23:11:51,16.7,52.114273,5.1778874,5,De Bilt,NL
Utrecht,Utrecht_T3,02:00:00:37:16:9a,2026-09-28 23:18:12,17.5,52.1209042,5.0716415,1,Utrecht,NL
Utrecht,Utrecht_T3,02:00:00:9d:2a:ee,2026-09-28 23:18:04,17.1,52.1226012257881,5.09323120411752,2,Utrecht,NL
Utrecht,Utrecht_T3,02:00:00:af:6f:c0,2026-09-28 23:16:15,17.6,52.1203433,5.1160012,4,Utrecht,NL
Utrecht,Utrecht_T3,02:00:00:63:2e:78,2026-09-28 23:16:08,17.1,52.124311,5.149015,3,Groenekan,NL
Utrecht,Utrecht_T3,02:00:00:17:79:98,2026-09-28 23:16:49,17.1,52.1210929,5.18279509999996,4,Bilthoven,NL
Utrecht,Utrecht_T3,02:00:00:2e:bd:ce,2026-09-28 23:11:44,16.7,52.122233,5.200776,10,Bilthoven,NL
Utrecht,Utrecht_T3,02:00:00:a4:87:ec,2026-09-28 23:18:48,16.4,52.1316666043838,5.09194861301635,0,Utrecht,NL
Utrecht,Utrecht_T3,02:00:00:7f:b2:0e,2026-09-28 23:12:35,16.6,52.127119,5.100939,4,Utrecht,NL
Utrecht,Utrecht_T3,02:00:00:b5:6e:3a,2026-09-28 23:13:16,17.0,52.124991,5.158267,4,De Bilt,NL
Utrecht,Utrecht_T3,02:00:00:a2:45:c2,2026-09-28 23:15:46,16.5,52.130604,5.188466,5,Bilthoven,NL
Utrecht,Utrecht_T3,02:00:00:b5:a7:2c,2026-09-28 23:18:43,16.6,52.12492,5.1931024,5,Bilthoven,NL
Utrecht,Utrecht_T3,02:00:00:33:2d:6a,2026-09-28 23:15:31,16.5,52.1263389,5.1944393,6,De Bilt,NL
Utrecht,Utrecht_T3,02:00:00:c3:99:f6,2026-09-28 23:11:22,17.2,52.125972,5.199792,6,Bilthoven,NL
Utrecht,Utrecht_T3,02:00:00:7a:ff:64,2026-09-28 23:15:00,16.5,52.132211,5.197475,3,Bilthoven,NL
Utrecht,Utrecht_T3,02:00:00:7a:fc:c0,2026-09-28 23:20:20,16.7,51.985681,5.077175,5,Vianen,NL
Utrecht,Utrecht_T3,02:00:00:bc:e5:5a,2026-09-28 22:54:48,16.9,51.985033,5.080696,3,Vianen,NL
Utrecht,Utrecht_T3,02:00:00:af:80:9e,2026-09-28 23:13:13,16.8,51.984738,5.086291,2,Vianen,NL
Utrecht,Utrecht_T3,02:00:00:31:ed:ec,2026-09-28 23:16:52,16.6,51.983323,5.093653,2,Vianen,NL
Utrecht,Utrecht_T3,02:00:00:7f:8d:c4,2026-09-28 23:19:55,16.9,51.9830332883009,5.12328207492826,3,Hagestein,NL
Utrecht,Utrecht_T3,02:00:00:b9:1e:ca,2026-09-28 23:10:47,16.5,51.9914952649266,5.10561422229253,2,Vianen,NL
Utrecht,Utrecht_T3,02:00:00:52:ed:28,2026-09-28 23:13:33,16.6,51.993881,5.120075,3,Hoef en Haag,NL
Utrecht,Utrecht_T3,02:00:00:a9:87:e4,2026-09-28 23:18:20,16.9,51.9912528991699,5.12258720397949,0,Hoef en Haag,NL
Utrecht,Utrecht_T3,02:00:00:28:d9:60,2026-09-28 23:12:38,17.0,52.008254895269,5.07912755012512,1,Nieuwegein,NL
Utrecht,Utrecht_T3,02:00:00:ab:df:d2,2026-09-28 23:15:33,17.8,52.0028160778323,5.0815361738205,8,Nieuwegein,NL
Utrecht,Utrecht_T3,02:00:00:06:71:46,2026-09-28 23:18:27,17.1,52.0032156734361,5.08314549922943,8,Nieuwegein,NL
Utrecht,Utrecht_T3,02:00:00:2f:21:6e,2026-09-28 23:15:56,17.2,52.00266,5.08989000000006,7,Nieuwegein,NL
Utrecht,Utrecht_T3,02:00:00:05:88:3e,2026-09-28 23:19:41,16.8,52.0059471130371,5.09136486053467,0,Nieuwegein,NL
Utrecht,Utrecht_T3,02:00:00:28:f1:f2,2026-09-28 23:13:42,16.4,52.004566,5.0946593,5,Nieuwegein,NL
Utrecht,Utrecht_T3,02:00:00:af:32:52,2026-09-28 23:12:04,16.4,52.0100655920947,5.07965231726042,3,Nieuwegein,NL
Utrecht,Utrecht_T3,02:00:00:58:b3:02,2026-09-28 23:19:08,17.1,52.010572,5.08619999999997,1,Nieuwegein,NL
Utrecht,Utrecht_T3,02:00:00:03:58:16,2026-09-28 23:15:55,17.0,52.010896,5.092813,2,Nieuwegein,NL
Utrecht,Utrecht_T3,02:00:00:c3:96:50,2026-09-28 23:19:55,16.6,52.0121,5.0976,0,Nieuwegein,NL
Utrecht,Utrecht_T3,02:00:00:bc:aa:ca,2026-09-28 23:20:20,16.9,52.0104637145996,5.09828901290894,1,Nieuwegein,NL
Utrecht,Utrecht_T3,02:00:00:2c:96:ec,2026-09-28 23:10:15,16.9,52.0109091557339,5.09877757132759,0,Nieuwegein,NL
Utrecht,Utrecht_T3,02:00:00:12:63:b8,2026-09-28 23:09:48,16.8,52.0151322,5.16602090000003,0,Houten,NL
Utrecht,Utrecht_T3,02:00:00:2e:9a:ba,2026-09-28 23:17:51,16.5,52.015831,5.165842,0,Houten,NL
Utrecht,Utrecht_T3,02:00:00:33:c8:80,2026-09-28 23:13:07,16.9,52.012465,5.168464,0,Houten,NL
Utrecht,Utrecht_T3,02:00:00:b0:97:7c,2026-09-28 23:17:54,16.4,52.013998,5.17295,0,Houten,NL
Utrecht,Utrecht_T3,02:00:00:a2:03:fe,2026-09-28 23:19:41,16.5,52.013622,5.186657,3,Houten,NL
Utrecht,Utrecht_T3,02:00:00:33:c3:4a,2026-09-28 23:11:51,17.2,52.014978,5.187588,1,Houten,NL
Utrecht,Utrecht_T3,02:00:00:b2:a5:e2,2026-09-28 23:13:08,16.6,52.0213043701897,5.0796202400924,2,Nieuwegein,NL
Utrecht,Utrecht_T3,02:00:00:84:57:1c,2026-09-28 23:15:29,16.9,52.0224339,5.080256,0,Nieuwegein,NL
Utrecht,Utrecht_T3,02:00:00:c3:d0:08,2026-09-28 23:16:01,17.0,52.02109,5.159084,3,Houten,NL
Utrecht,Utrecht_T3,02:00:00:b5:8f:e6,2026-09-28 23:14:07,17.3,52.018731,5.165264,1,Houten,NL
Utrecht,Utrecht_T3,02:00:00:c5:35:18,2026-09-28 23:12:34,16.8,52.0215,5.1638,0,Houten,NL
Utrecht,Utrecht_T3,02:00:00:12:cb:34,2026-09-28 23:18:43,17.0,52.019136,5.170292,2,Houten,NL
Utrecht,Utrecht_T3,02:00:00:c2:84:82,2026-09-28 23:19:56,16.3,52.019263,5.17283,2,Houten,NL
Utrecht,Utrecht_T3,02:00:00:c2:33:88,2026-09-28 23:15:20,17.0,52.0217981,5.1755385,1,Houten,NL
Utrecht,Utrecht_T3,02:00:00:65:4f:8c,2026-09-28 23:17:47,16.9,52.0177737114648,5.18543422222138,2,Houten,NL
Utrecht,Utrecht_T3,02:00:00:74:5a:e8,2026-09-28 23:18:46,16.8,52.020733,5.186188,3,Houten,NL
Utrecht,Utrecht_T3,02:00:00:74:3b:36,2026-09-28 23:14:21,16.9,52.0223,5.1895,0,Houten,NL
Utrecht,Utrecht_T3,02:00:00:04:93:06,2026-09-28 23:18:05,17.7,52.0289905,5.07187920000001,4,Nieuwegein,NL
Utrecht,Utrecht_T3,02:00:00:b8:f9:c8,2026-09-28 23:18:09,16.9,52.0287780761719,5.08565378189087,6,Nieuwegein,NL
Utrecht,Utrecht_T3,02:00:00:a4:88:28,2026-09-28 23:16:13,16.4,52.0269966125488,5.08844327926636,1,Nieuwegein,NL
Utrecht,Utrecht_T3,02:00:00:05:4b:50,2026-09-28 23:10:58,17.0,52.0289077758789,5.09456300735474,2,Nieuwegein,NL
Utrecht,Utrecht_T3,02:00:00:32:db:f2,2026-09-28 23:15:32,16.8,52.0269902,5.1541533,3,Houten,NL
Utrecht,Utrecht_T3,02:00:00:01:06:72,2026-09-28 23:15:52,16.6,52.028695,5.154845,2,Houten,NL
Utrecht,Utrecht_T3,02:00:00:33:19:c6,2026-09-28 23:15:28,16.6,52.0243587320194,5.18782782552989,4,Houten,NL
Utrecht,Utrecht_T3,02:00:00:a2:16:ca,2026-09-28 23:15:08,16.6,52.0239254,5.1937902,4,Houten,NL
Utrecht,Utrecht_T3,02:00:00:58:f8:20,2026-09-28 23:08:07,16.9,52.026073,5.1916294,2,Houten,NL
Utrecht,Utrecht_T3,02:00:00:2b:24:a4,2026-09-28 23:11:32,18.2,52.031801,5.068737,2,Nieuwegein,NL
Utrecht,Utrecht_T3,02:00:00:c3:de:04,2026-09-28 23:15:59,17.2,52.0367776,5.0823232,3,Nieuwegein,NL
Utrecht,Utrecht_T3,02:00:00:33:32:f2,2026-09-28 23:13:42,17.4,52.033787,5.08994400000002,2,Nieuwegein,NL
Utrecht,Utrecht_T3,02:00:00:12:f7:00,2026-09-28 23:13:34,17.4,52.033787,5.08994400000002,2,Nieuwegein,NL
Utrecht,Utrecht_T3,02:00:00:70:44:b6,2026-09-28 23:14:54,16.5,52.031138,5.153576,3,Houten,NL
Utrecht,Utrecht_T3,02:00:00:a4:45:fc,2026-09-28 23:13:52,16.4,52.036554,5.148482,3,Houten,NL
Utrecht,Utrecht_T3,02:00:00:74:59:5e,2026-09-28 23:19:44,16.7,52.032651,5.150862,2,Houten,NL
Utrecht,Utrecht_T3,02:00:00:ab:dd:0a,2026-09-28 23:19:23,17.2,52.0323257446289,5.16029739379883,3,Houten,NL
Utrecht,Utrecht_T3,02:00:00:b5:88:ca,2026-09-28 23:13:48,16.5,52.0330682,5.1643068,2,Houten,NL
Utrecht,Utrecht_T3,02:00:00:b2:ba:cc,2026-09-28 23:12:53,17.2,52.033281,5.166277,2,Houten,NL
Utrecht,Utrecht_T3,02:00:00:5f:4f:c8,2026-09-28 23:16:52,16.7,52.035129,5.182718,4,Houten,NL
Utrecht,Utrecht_T3,02:00:00:28:c7:0c,2026-09-28 23:17:13,17.6,52.037256,5.182483,2,Houten,NL
Utrecht,Utrecht_T3,02:00:00:12:64:3c,2026-09-28 23:15:53,17.1,52.042369,5.07917,3,Nieuwegein,NL
Utrecht,Utrecht_T3,02:00:00:53:1e:a0,2026-09-28 23:16:31,17.7,52.0402059772848,5.10207018160772,3,Nieuwegein,NL
Utrecht,Utrecht_T3,02:00:00:63:0f:fc,2026-09-28 23:09:44,16.8,52.043643951416,5.09791469573975,3,Nieuwegein,NL
Utrecht,Utrecht_T3,02:00:00:70:3c:28,2026-09-28 23:10:54,16.8,52.0407289705737,5.167678504783,4,Houten,NL
Utrecht,Utrecht_T3,02:00:00:27:4c:ba,2026-09-28 23:13:30,17.9,52.0392598482285,5.17176222376594,2,Houten,NL
Utrecht,Utrecht_T3,02:00:00:02:95:d6,2026-09-28 23:12:44,17.4,52.0402984619141,5.17449998855591,2,Houten,NL
Utrecht,Utrecht_T3,02:00:00:69:27:06,2026-09-28 23:12:00,17.0,52.040443,5.176922,4,Houten,NL
Utrecht,Utrecht_T3,02:00:00:b5:93:ca,2026-09-28 23:16:48,17.0,52.0392990112305,5.18340015411377,5,Houten,NL
Utrecht,Utrecht_T3,02:00:00:3f:58:86,2026-09-28 23:11:52,16.7,52.0481972904497,5.06761884202619,1,Nieuwegein,NL
Utrecht,Utrecht_T3,02:00:00:5f:01:94,2026-09-28 23:14:55,17.1,52.0484008789062,5.06870937347412,1,Nieuwegein,NL
Utrecht,Utrecht_T3,02:00:00:70:2b:d4,2026-09-28 23:15:54,16.6,52.045972,5.07087,1,Nieuwegein,NL
Utrecht,Utrecht_T3,02:00:00:a2:79:5e,2026-09-28 23:17:05,16.9,52.0471801757812,5.09753036499023,1,Nieuwegein,NL
Utrecht,Utrecht_T3,02:00:00:7f:c1:6a,2026-09-28 23:10:39,17.3,52.048702,5.096273,1,Nieuwegein,NL
Utrecht,Utrecht_T3,02:00:00:02:81:ca,2026-09-28 23:11:38,16.2,52.051337,5.095642,5,Nieuwegein,NL
Utrecht,Utrecht_T3,02:00:00:2b:23:dc,2026-09-28 23:19:25,16.8,52.052497,4.955131,1,Montfoort,NL
Utrecht,Utrecht_T3,02:00:00:c2:4e:14,2026-09-28 23:14:09,17.3,52.080025,5.00642199999999,0,Utrecht,NL
Utrecht,Utrecht_T3,02:00:00:c2:8a:9a,2026-09-28 23:12:07,16.7,52.078398,5.01515069999999,0,Utrecht,NL
Utrecht,Utrecht_T3,02:00:00:27:5f:76,2026-09-28 23:10:53,16.7,52.077418,5.020574,0,Utrecht,NL
Utrecht,Utrecht_T3,02:00:00:29:3e:f6,2026-09-28 23:18:40,17.0,52.078198,5.020616,0,Utrecht,NL
Utrecht,Utrecht_T3,02:00:00:b5:b7:16,2026-09-28 23:15:57,16.6,52.0759,5.026621,0,Utrecht,NL
Utrecht,Utrecht_T3,02:00:00:a4:3e:00,2026-09-28 23:11:42,16.8,52.0758920140845,5.0307848067002,0,Utrecht,NL
Utrecht,Utrecht_T3,02:00:00:2b:5f:7e,2026-09-28 23:15:44,16.6,52.079872,5.030363,1,Utrecht,NL
Utrecht,Utrecht_T3,02:00:00:c3:8d:fe,2026-09-28 23:14:14,17.3,52.0775,5.0599,0,Utrecht,NL
Utrecht,Utrecht_T3,02:00:00:32:e1:b0,2026-09-28 23:14:29,16.7,52.085795,5.014428,0,Utrecht,NL
Utrecht,Utrecht_T3,02:00:00:63:4a:60,2026-09-28 23:17:49,17.0,52.08632,5.026208,1,Utrecht,NL
Utrecht,Utrecht_T3,02:00:00:a4:6c:14,2026-09-28 23:14:41,16.7,52.082503,5.035357,2,Utrecht,NL
Utrecht,Utrecht_T3,02:00:00:6b:9b:c2,2026-09-28 23:15:21,16.8,52.08745,5.03213,1,Utrecht,NL
Utrecht,Utrecht_T3,02:00:00:84:0d:58,2026-09-28 23:12:17,16.9,52.083796,5.042289,0,Utrecht,NL
Utrecht,Utrecht_T3,02:00:00:02:4a:1c,2026-09-28 23:15:28,16.6,52.0867461589579,5.03997000000013,1,Utrecht,NL
Utrecht,Utrecht_T3,02:00:00:2e:9f:46,2026-09-28 23:16:22,17.2,52.0872737363844,5.0397069563345,1,Utrecht,NL
Utrecht,Utrecht_T3,02:00:00:84:4c:be,2026-09-28 23:19:47,17.0,52.085796,5.05175,2,Utrecht,NL
Utrecht,Utrecht_T3,02:00:00:63:1e:24,2026-09-28 23:15:32,17.2,52.0841807,5.0583297,1,Utrecht,NL
Utrecht,Utrecht_T3,02:00:00:04:6b:b2,2026-09-28 23:14:46,17.2,52.0890216,4.95978960000002,2,Woerden,NL
Utrecht,Utrecht_T3,02:00:00:27:67:9e,2026-09-28 23:16:39,17.6,52.0939775908876,4.95844790679508,1,Woerden,NL
Utrecht,Utrecht_T3,02:00:00:7f:a0:a8,2026-09-28 23:18:40,17.0,52.088885,4.9616,0,Woerden,NL
Utrecht,Utrecht_T3,02:00:00:1c:5a:c4,2026-09-28 23:13:30,17.0,52.091265,4.999434,0,Utrecht,NL
Utrecht,Utrecht_T3,02:00:00:af:37:d4,2026-09-28 23:10:32,16.7,52.089782,5.00023,2,Utrecht,NL
Utrecht,Utrecht_T3,02:00:00:b2:b3:4e,2026-09-28 23:18:34,16.9,52.094791,5.001589,0,Utrecht,NL
Utrecht,Utrecht_T3,02:00:00:b5:b1:bc,2026-09-28 23:12:07,16.7,52.095,5.0099,0,Utrecht,NL
Utrecht,Utrecht_T3,02:00:00:83:ba:de,2026-09-28 23:16:30,16.9,52.092913,5.013408,0,Utrecht,NL
Utrecht,Utrecht_T3,02:00:00:01:14:58,2026-09-28 23:10:18,16.7,52.089916,5.01991400000001,0,Utrecht,NL
Utrecht,Utrecht_T3,02:00:00:90:90:7e,2026-09-28 23:17:37,16.9,52.09193,5.016591,0,Utrecht,NL
Utrecht,Utrecht_T3,02:00:00:34:05:ae,2026-09-28 23:15:49,17.2,52.091745,5.01907,1,Utrecht,NL
Utrecht,Utrecht_T3,02:00:00:64:2b:54,2026-09-28 23:15:56,17.0,52.0939815413722,5.04236700868549,0,Utrecht,NL
Utrecht,Utrecht_T3,02:00:00:2b:42:7a,2026-09-28 23:15:40,16.7,52.0941,5.0504,2,Utrecht,NL
Utrecht,Utrecht_T3,02:00:00:c6:1b:24,2026-09-28 23:11:06,16.5,52.093323,5.054712,0,Utrecht,NL
Utrecht,Utrecht_T3,02:00:00:7a:c6:dc,2026-09-28 23:14:06,17.0,52.096533,5.002674,0,Utrecht,NL
Utrecht,Utrecht_T3,02:00:00:33:dd:42,2026-09-28 23:17:52,17.4,52.0973472595215,5.0064435005188,0,Utrecht,NL
Utrecht,Utrecht_T3,02:00:00:22:ad:c6,2026-09-28 23:15:34,17.0,52.102223,5.009766,0,Utrecht,NL
Utrecht,Utrecht_T3,02:00:00:5e:e2:2e,2026-09-28 23:18:14,16.7,52.0987673336394,5.01320895590376,0,Utrecht,NL
Utrecht,Utrecht_T3,02:00:00:bd:d9:bc,2026-09-28 23:11:04,16.8,52.1012649536133,5.01841592788696,1,Utrecht,NL
Utrecht,Utrecht_T3,02:00:00:31:e8:2e,2026-09-28 23:13:13,17.0,52.0997439,5.03196639999999,1,Utrecht,NL
Utrecht,Utrecht_T3,02:00:00:c2:7d:a8,2026-09-28 23:17:20,17.7,52.096701,5.040231,1,Utrecht,NL
Utrecht,Utrecht_T3,02:00:00:a9:50:38,2026-09-28 23:16:48,16.9,52.098376,5.039789,0,Utrecht,NL
Utrecht,Utrecht_T3,02:00:00:01:86:10,2026-09-28 23:14:37,17.6,52.09855,5.039822,0,Utrecht,NL
Utrecht,Utrecht_T3,02:00:00:73:be:5a,2026-09-28 23:13:24,16.7,52.097817,5.051997,3,Utrecht,NL
Utrecht,Utrecht_T3,02:00:00:01:a1:ee,2026-09-28 23:19:13,16.8,52.0960000139971,5.0595535031938,0,Utrecht,NL
Utrecht,Utrecht_T3,02:00:00:3e:ec:2c,2026-09-28 23:11:51,16.9,52.0968945722032,5.05947500118808,0,Utrecht,NL
Utrecht,Utrecht_T3,02:00:00:a9:68:2c,2026-09-28 23:13:22,16.7,52.1086201,4.93817080000002,0,Woerden,NL
Utrecht,Utrecht_T3,02:00:00:2c:f6:ae,2026-09-28 23:19:12,17.0,52.106163,4.981696,0,Utrecht,NL
Utrecht,Utrecht_T3,02:00:00:84:78:2c,2026-09-28 23:18:07,17.2,52.1067630675542,5.02126398724257,1,Utrecht,NL
Utrecht,Utrecht_T3,02:00:00:31:cb:18,2026-09-28 23:15:19,17.0,52.1073892613559,5.02463787381133,0,Utrecht,NL
Utrecht,Utrecht_T3,02:00:00:84:24:48,2026-09-28 23:14:47,17.0,52.1050731,5.0346819,1,Utrecht,NL
Utrecht,Utrecht_T3,02:00:00:39:fb:5e,2026-09-28 23:10:53,16.8,52.1148094074168,5.00760211705581,0,Utrecht,NL
Utrecht,Utrecht_T3,02:00:00:64:3e:bc,2026-09-28 23:09:26,16.8,52.115205,5.007731,0,Utrecht,NL
Utrecht,Utrecht_T3,02:00:00:84:79:a0,2026-09-28 23:16:03,17.0,52.114201,5.01126,0,Utrecht,NL
Utrecht,Utrecht_T3,02:00:00:3f:0a:32,2026-09-28 23:14:59,16.8,52.110354,5.02495200000003,3,Utrecht,NL
Utrecht,Utrecht_T3,02:00:00:a9:4b:60,2026-09-28 23:19:37,16.5,52.119961,4.99775200000006,3,Utrecht,NL
Utrecht,Utrecht_T3,02:00:00:1c:6e:60,2026-09-28 23:17:26,16.9,52.121309,5.030174,0,Maarssen,NL
Utrecht,Utrecht_T3,02:00:00:5f:44:54,2026-09-28 23:16:44,16.9,52.12292,5.031376,0,Maarssen,NL
Utrecht,Utrecht_T3,02:00:00:70:2f:1c,2026-09-28 23:13:06,16.9,52.122375,5.033245,0,Stichtse Vecht,NL
Utrecht,Utrecht_T3,02:00:00:3d:25:42,2026-09-28 23:15:51,16.9,52.135743,5.016961,0,Maarssen,NL
Utrecht,Utrecht_T3,02:00:00:29:08:b2,2026-09-28 23:19:52,17.1,52.138664,5.0182734,0,Maarssen,NL
Utrecht,Utrecht_T3,02:00:00:05:4f:28,2026-09-28 23:13:54,16.9,52.133111,5.035686,0,Stichtse Vecht,NL
Utrecht,Utrecht_T3,02:00:00:a9:65:bc,2026-09-28 23:18:42,17.4,52.1340026855469,5.04215478897095,1,Maarssen,NL
Utrecht,Utrecht_T3,02:00:00:af:40:24,2026-09-28 23:11:48,17.7,52.1336212158203,5.04450082778931,2,Maarssen,NL
Utrecht,Utrecht_T3,02:00:00:2c:75:f4,2026-09-28 23:14:48,16.6,52.1375923156738,5.05607128143311,1,Stichtse Vecht,NL
Utrecht,Utrecht_T3,02:00:00:2f:25:be,2026-09-28 23:15:58,16.9,51.972489,4.936167,0,Lopik,NL
Utrecht,Utrecht_T3,02:00:00:7f:b5:5c,2026-09-28 23:15:07,17.1,51.974848,4.929508,1,Lopik,NL
Utrecht,Utrecht_T3,02:00:00:b5:39:c0,2026-09-28 23:16:37,16.7,51.9745063781738,4.95626163482666,0,Lopik,NL
Utrecht,Utrecht_T3,02:00:00:63:1c:34,2026-09-28 23:09:55,16.9,52.0063413154935,4.96732978016446,0,Benschop,NL
Utrecht,Utrecht_T3,02:00:00:5e:dd:b6,2026-09-28 23:13:49,16.6,52.005729,4.980607,0,Benschop,NL
Utrecht,Utrecht_T3,02:00:00:b0:9a:d2,2026-09-28 23:14:15,17.1,52.014820098877,5.01039123535156,0,Benschop,NL
Utrecht,Utrecht_T3,02:00:00:12:46:62,2026-09-28 23:18:27,17.0,52.0157017,5.0266633,3,IJsselstein,NL
Utrecht,Utrecht_T3,02:00:00:5f:5f:a6,2026-09-28 23:12:05,17.6,52.015138,5.030313,0,IJsselstein,NL
Utrecht,Utrecht_T3,02:00:00:29:68:c4,2026-09-28 23:11:21,17.4,52.013960485049,5.03387331962586,0,IJsselstein,NL
Utrecht,Utrecht_T3,02:00:00:3f:06:f0,2026-09-28 23:13:31,17.1,52.0137931,5.0453837,2,IJsselstein,NL
Utrecht,Utrecht_T3,02:00:00:27:6e:f4,2026-09-28 23:18:05,17.3,52.0231,5.0448,1,IJsselstein,NL
Utrecht,Utrecht_T3,02:00:00:65:75:7c,2026-09-28 23:19:54,17.2,52.02251,5.0480266,2,IJsselstein,NL
Utrecht,Utrecht_T3,02:00:00:a9:49:d8,2026-09-28 23:14:58,16.6,52.0178530526017,5.05878868242119,3,IJsselstein,NL
Utrecht,Utrecht_T3,02:00:00:84:4d:fa,2026-09-28 23:15:45,16.5,52.023834,5.0222745,1,IJsselstein,NL
Utrecht,Utrecht_T3,02:00:00:c2:2d:ba,2026-09-28 23:11:55,16.5,52.024674,5.043599,2,IJsselstein,NL
Utrecht,Utrecht_T3,02:00:00:8d:d7:b8,2026-09-28 23:10:59,16.6,52.0267105102539,5.05500793457031,3,IJsselstein,NL
Utrecht,Utrecht_T3,02:00:00:9b:4b:36,2026-09-28 23:15:09,16.8,52.0398213211055,4.94864881038666,0,Montfoort,NL
Utrecht,Utrecht_T3,02:00:00:af:35:f4,2026-09-28 23:14:56,17.1,52.042610168457,5.0585732460022,0,Utrecht,NL
Utrecht,Utrecht_T3,02:00:00:9d:0a:64,2026-09-28 23:10:47,16.8,52.046832,4.955603,2,Montfoort,NL
Utrecht,Utrecht_T4,02:00:00:7f:da:5c,2026-09-28 23:13:59,16.8,52.0531304369579,5.22815108299255,4,Odijk,NL
Utrecht,Utrecht_T4,02:00:00:6b:5c:40,2026-09-28 23:18:45,16.8,52.054557,5.231227,4,Odijk,NL
Utrecht,Utrecht_T4,02:00:00:6b:66:fe,2026-09-28 23:10:34,16.7,52.054769,5.232745,4,Bunnik,NL
Utrecht,Utrecht_T4,02:00:00:6b:48:fa,2026-09-28 23:12:03,17.0,52.054625,5.268526,6,Driebergen-Rijsenburg,NL
Utrecht,Utrecht_T4,02:00:00:83:93:78,2026-09-28 23:17:08,16.6,52.0587966,5.2699541000001,6,Driebergen-Rijsenburg,NL
Utrecht,Utrecht_T4,02:00:00:c2:2d:da,2026-09-28 23:19:49,17.9,52.058667,5.280097,10,Driebergen-Rijsenburg,NL
Utrecht,Utrecht_T4,02:00:00:b2:c5:82,2026-09-28 23:14:10,16.8,52.053513,5.28343899999996,7,Driebergen-Rijsenburg,NL
Utrecht,Utrecht_T4,02:00:00:05:4c:fe,2026-09-28 23:19:15,16.7,52.05599,5.302302,8,Driebergen-Rijsenburg,NL
Utrecht,Utrecht_T4,02:00:00:53:4b:f6,2026-09-28 23:20:15,16.6,52.0663334077756,5.27181981444309,7,Utrechtse Heuvelrug,NL
Utrecht,Utrecht_T4,02:00:00:5f:31:da,2026-09-28 23:15:45,17.3,52.060634,5.303621,9,Driebergen-Rijsenburg,NL
Utrecht,Utrecht_T4,02:00:00:12:fa:c2,2026-09-28 23:16:17,16.9,52.0734988364436,5.26520848274231,11,Zeist,NL
Utrecht,Utrecht_T4,02:00:00:69:2d:ce,2026-09-28 23:10:50,16.9,52.0776864965393,5.21996678862774,2,Zeist,NL
Utrecht,Utrecht_T4,02:00:00:b5:95:b6,2026-09-28 23:12:52,16.6,52.076054,5.2236304,3,Zeist,NL
Utrecht,Utrecht_T4,02:00:00:b2:bb:54,2026-09-28 23:11:18,17.1,52.0786513426098,5.22461088050372,4,Zeist,NL
Utrecht,Utrecht_T4,02:00:00:32:e0:e0,2026-09-28 23:15:16,16.8,52.08036,5.230089,6,Zeist,NL
Utrecht,Utrecht_T4,02:00:00:1e:2b:70,2026-09-28 23:11:12,16.6,52.077486,5.262767,7,Zeist,NL
Utrecht,Utrecht_T4,02:00:00:22:e9:30,2026-09-28 23:18:33,16.8,52.0765091878968,5.26901300000007,11,Zeist,NL
Utrecht,Utrecht_T4,02:00:00:6b:50:1c,2026-09-28 23:14:44,17.2,52.0831358136488,5.20810304846899,3,Zeist,NL
Utrecht,Utrecht_T4,02:00:00:3c:09:22,2026-09-28 23:14:58,17.1,52.08636,5.221066,4,Zeist,NL
Utrecht,Utrecht_T4,02:00:00:63:36:3c,2026-09-28 23:11:59,16.8,52.082337,5.230563,5,Zeist,NL
Utrecht,Utrecht_T4,02:00:00:04:96:34,2026-09-28 23:13:53,16.3,52.0873,5.2297,5,Zeist,NL
Utrecht,Utrecht_T4,02:00:00:b5:78:be,2026-09-28 23:10:40,16.8,52.0856160136376,5.24176729332961,10,Zeist,NL
Utrecht,Utrecht_T4,02:00:00:71:2a:b6,2026-09-28 23:17:06,17.0,52.0859,5.251713,8,Zeist,NL
Utrecht,Utrecht_T4,02:00:00:b9:52:00,2026-09-28 23:17:24,17.3,52.0816383361816,5.2666335105896,8,Zeist,NL
Utrecht,Utrecht_T4,02:00:00:2b:15:76,2026-09-28 23:16:58,16.7,52.081371,5.269217,9,Zeist,NL
Utrecht,Utrecht_T4,02:00:00:c3:d4:02,2026-09-28 23:14:34,17.3,52.081804,5.271518,9,Zeist,NL
Utrecht,Utrecht_T4,02:00:00:2b:1b:b8,2026-09-28 23:19:41,16.7,52.0832,5.3114,16,Zeist,NL
Utrecht,Utrecht_T4,02:00:00:b5:6c:22,2026-09-28 23:18:43,16.7,52.091126,5.216452,3,Zeist,NL
Utrecht,Utrecht_T4,02:00:00:90:64:1a,2026-09-28 23:12:03,17.0,52.095281,5.224389,6,Zeist,NL
Utrecht,Utrecht_T4,02:00:00:2b:35:1e,2026-09-28 23:17:45,16.8,52.0952544,5.2250609,7,Zeist,NL
Utrecht,Utrecht_T4,02:00:00:be:08:80,2026-09-28 23:19:29,16.7,52.08921,5.23415,4,Zeist,NL
Utrecht,Utrecht_T4,02:00:00:a9:76:24,2026-09-28 23:12:57,16.5,52.0949630737305,5.24057006835938,6,Zeist,NL
Utrecht,Utrecht_T4,02:00:00:65:5f:98,2026-09-28 23:14:19,17.8,52.092372,5.258088,13,Zeist,NL
Utrecht,Utrecht_T4,02:00:00:7a:86:6c,2026-09-28 23:18:36,16.7,52.096791,5.223656,6,Zeist,NL
Utrecht,Utrecht_T4,02:00:00:70:52:12,2026-09-28 23:13:27,16.8,52.0989064,5.2171375,7,Zeist,NL
Utrecht,Utrecht_T4,02:00:00:a9:7b:ee,2026-09-28 23:13:37,16.5,52.101676940918,5.22248458862305,7,Zeist,NL
Utrecht,Utrecht_T4,02:00:00:01:97:ee,2026-09-28 23:12:11,17.2,52.095773,5.238273,8,Zeist,NL
Utrecht,Utrecht_T4,02:00:00:c3:98:28,2026-09-28 23:11:40,17.0,52.099648,5.243402,9,Zeist,NL
Utrecht,Utrecht_T4,02:00:00:04:8d:d4,2026-09-28 23:10:29,17.3,52.0991028774139,5.24481058252604,6,Zeist,NL
Utrecht,Utrecht_T4,02:00:00:04:78:82,2026-09-28 23:13:13,16.9,52.1007772460734,5.24760032682437,9,Zeist,NL
Utrecht,Utrecht_T4,02:00:00:c3:89:70,2026-09-28 23:10:50,16.8,52.09627,5.25480000000008,10,Zeist,NL
Utrecht,Utrecht_T4,02:00:00:b5:7f:6e,2026-09-28 23:16:33,16.5,52.096116,5.275819,16,Zeist,NL
Utrecht,Utrecht_T4,02:00:00:1e:22:fc,2026-09-28 23:13:27,16.9,52.1147665420416,5.23625329385042,10,Zeist,NL
Utrecht,Utrecht_T4,02:00:00:01:42:a0,2026-09-28 23:20:03,16.6,52.1165999419503,5.25683110127394,17,Zeist,NL
Utrecht,Utrecht_T4,02:00:00:00:cf:e2,2026-09-28 23:15:43,16.5,52.1165564224102,5.27588927533017,26,Zeist,NL
Utrecht,Utrecht_T4,02:00:00:32:d5:b4,2026-09-28 23:13:23,17.1,52.120705,5.242738,11,Zeist,NL
Utrecht,Utrecht_T4,02:00:00:2e:f1:88,2026-09-28 23:16:46,16.7,52.118083,5.28241,18,Soest,NL
Utrecht,Utrecht_T4,02:00:00:bd:cd:7c,2026-09-28 23:14:21,17.1,52.118207,5.289362,19,Soest,NL
Utrecht,Utrecht_T4,02:00:00:58:d1:7c,2026-09-28 23:12:48,17.1,52.1175345595035,5.29194567397049,21,Soest,NL
Utrecht,Utrecht_T4,02:00:00:c3:8d:d4,2026-09-28 23:18:25,16.4,52.122499,5.2877,20,Soest,NL
Utrecht,Utrecht_T4,02:00:00:2f:2e:d6,2026-09-28 23:15:06,17.1,52.1253540626594,5.20409166812897,8,Bilthoven,NL
Utrecht,Utrecht_T4,02:00:00:19:a7:d8,2026-09-28 23:10:59,17.8,52.1270529486221,5.20968830477742,9,De Bilt,NL
Utrecht,Utrecht_T4,02:00:00:1c:70:32,2026-09-28 23:19:15,17.1,52.1276989082711,5.20827054977417,6,Bilthoven,NL
Utrecht,Utrecht_T4,02:00:00:83:f8:ea,2026-09-28 23:14:11,16.8,52.130348,5.321519,28,Soest,NL
Utrecht,Utrecht_T4,02:00:00:64:3a:06,2026-09-28 23:13:23,16.9,52.135639,5.211466,8,Bilthoven,NL
Utrecht,Utrecht_T4,02:00:00:b2:c4:4c,2026-09-28 23:19:06,16.6,52.137758,5.221579,12,Bilthoven,NL
Utrecht,Utrecht_T4,02:00:00:33:d9:9a,2026-09-28 23:16:00,16.9,52.134636,5.224104,9,Bilthoven,NL
Utrecht,Utrecht_T4,02:00:00:6b:3d:f0,2026-09-28 23:18:21,17.4,51.97041,5.3251667,4,Wijk bij Duurstede,NL
Utrecht,Utrecht_T4,02:00:00:bd:e6:3e,2026-09-28 23:14:15,17.2,51.975275,5.26539600000004,4,Wijk bij Duurstede,NL
Utrecht,Utrecht_T4,02:00:00:b9:7e:bc,2026-09-28 23:10:11,17.4,51.9745712280273,5.32293891906738,4,Wijk bij Duurstede,NL
Utrecht,Utrecht_T4,02:00:00:13:80:bc,2026-09-28 23:19:55,17.2,51.973609,5.3299,8,Wijk bij Duurstede,NL
Utrecht,Utrecht_T4,02:00:00:b2:bf:24,2026-09-28 23:18:24,16.9,51.9741426,5.3303036,7,Wijk bij Duurstede,NL
Utrecht,Utrecht_T4,02:00:00:5f:31:b2,2026-09-28 23:13:23,17.2,51.994175,5.309416,4,Wijk bij Duurstede,NL
Utrecht,Utrecht_T4,02:00:00:36:9b:82,2026-09-28 23:13:59,17.4,51.999313,5.289134,3,Wijk bij Duurstede,NL
Utrecht,Utrecht_T4,02:00:00:28:b2:f6,2026-09-28 23:15:54,17.0,52.023606,5.240075,3,Werkhoven,NL
Utrecht,Utrecht_T4,02:00:00:a9:e1:5e,2026-09-28 23:18:07,16.5,52.0263927164212,5.24514555931091,5,Werkhoven,NL
Utrecht,Utrecht_T4,02:00:00:7a:eb:c2,2026-09-28 23:17:21,16.8,52.036995,5.3325458,13,Doorn,NL
Utrecht,Utrecht_T4,02:00:00:29:6c:4e,2026-09-28 23:19:57,16.9,52.0390061,5.3007427,10,Doorn,NL
Utrecht,Utrecht_T4,02:00:00:a2:48:d0,2026-09-28 23:11:02,16.7,52.0388313921198,5.32877147197723,13,Doorn,NL
Utrecht,Utrecht_T4,02:00:00:af:5d:be,2026-09-28 23:13:51,16.5,52.0412,5.3359,11,Doorn,NL
Utrecht,Utrecht_T4,02:00:00:36:d9:b6,2026-09-28 23:17:43,16.7,52.048683,5.221462,1,Odijk,NL
Utrecht,Utrecht_T4,02:00:00:a9:e7:96,2026-09-28 23:12:39,16.4,52.051119,5.235411,3,Odijk,NL
Utrecht,Utrecht_T4,02:00:00:b5:84:ee,2026-09-28 23:14:31,16.3,52.0466380367294,5.26715040206909,4,Driebergen-Rijsenburg,NL
Utrecht,Utrecht_T4,02:00:00:70:1a:66,2026-09-28 23:10:44,16.5,52.047747,5.278028,4,Driebergen-Rijsenburg,NL
Amsterdam,Amsterdam_T1,02:00:00:1b:0b:da,2026-09-28 23:10:22,17.1,52.49417,4.78894000000004,2,Wormerveer,NL
Amsterdam,Amsterdam_T1,02:00:00:12:61:86,2026-09-28 23:19:47,17.6,52.4917057073896,4.80021612200147,2,Wormer,NL
Amsterdam,Amsterdam_T1,02:00:00:c2:84:0a,2026-09-28 23:15:38,16.9,52.4948445773121,4.79308347650687,2,Wormerveer,NL
Amsterdam,Amsterdam_T1,02:00:00:a4:18:7c,2026-09-28 23:14:40,17.7,52.493057,4.807123,0,Wormer,NL
Amsterdam,Amsterdam_T1,02:00:00:53:50:2a,2026-09-28 23:19:36,17.0,52.496266,4.819022,1,Wormer,NL
Amsterdam,Amsterdam_T1,02:00:00:8d:d0:7c,2026-09-28 23:16:55,17.7,52.490391116113,4.92924329763459,0,Purmerend,NL
Amsterdam,Amsterdam_T1,02:00:00:03:c7:82,2026-09-28 23:15:49,16.7,52.488343,4.938001,0,Purmerend,NL
Amsterdam,Amsterdam_T1,02:00:00:53:1f:08,2026-09-28 23:13:01,17.1,52.49503,4.92957000000003,0,Purmerend,NL
Amsterdam,Amsterdam_T1,02:00:00:9c:d8:1a,2026-09-28 23:19:28,16.6,52.4915202,4.96165890000017,0,Purmerend,NL
Amsterdam,Amsterdam_T1,02:00:00:c3:93:f6,2026-09-28 23:18:05,16.6,52.49484,4.946418,0,Purmerend,NL
Amsterdam,Amsterdam_T1,02:00:00:36:99:3e,2026-09-28 23:16:47,17.1,52.4873166828203,4.97366015893508,0,Purmerend,NL
Amsterdam,Amsterdam_T1,02:00:00:33:e1:40,2026-09-28 23:06:13,16.6,52.488644,4.9737200000001,0,Purmerend,NL
Amsterdam,Amsterdam_T1,02:00:00:27:27:2a,2026-09-28 23:10:43,16.7,52.4883303898198,4.97515391663844,0,Purmerend,NL
Amsterdam,Amsterdam_T1,02:00:00:02:f5:96,2026-09-28 23:13:17,16.7,52.496988,5.050034,0,Volendam,NL
Amsterdam,Amsterdam_T1,02:00:00:13:0f:6c,2026-09-28 23:16:44,17.3,52.500239,4.816214,0,Wormer,NL
Amsterdam,Amsterdam_T1,02:00:00:1c:6d:42,2026-09-28 23:19:42,16.2,52.500429,4.8242,1,Wormer,NL
Amsterdam,Amsterdam_T1,02:00:00:a4:41:de,2026-09-28 23:19:39,16.3,52.4998027881579,4.82577238512022,0,Wormer,NL
Amsterdam,Amsterdam_T1,02:00:00:70:52:6c,2026-09-28 23:18:49,17.1,52.509555,4.84741,0,Jisp,NL
Amsterdam,Amsterdam_T1,02:00:00:b5:b8:40,2026-09-28 23:18:31,16.9,52.5068085021421,4.91711662457473,0,Neck,NL
Amsterdam,Amsterdam_T1,02:00:00:b5:86:1a,2026-09-28 23:17:50,16.8,52.499132,4.950515,0,Purmerend,NL
Amsterdam,Amsterdam_T1,02:00:00:1d:eb:96,2026-09-28 23:19:24,17.1,52.505266,4.949082,1,Purmerend,NL
Amsterdam,Amsterdam_T1,02:00:00:7f:cd:5a,2026-09-28 23:11:26,17.3,52.499632,4.954935,0,Purmerend,NL
Amsterdam,Amsterdam_T1,02:00:00:28:ba:8e,2026-09-28 23:19:57,16.8,52.49846,4.985919,0,Purmerend,NL
Amsterdam,Amsterdam_T1,02:00:00:01:cb:8a,2026-09-28 23:16:14,17.0,52.500789,4.986087,0,Purmerend,NL
Amsterdam,Amsterdam_T1,02:00:00:7a:ea:00,2026-09-28 23:19:44,17.0,52.510647,4.9936514,0,Purmerend,NL
Amsterdam,Amsterdam_T1,02:00:00:b5:47:24,2026-09-28 23:12:57,16.8,52.510277,5.041457,0,Edam,NL
Amsterdam,Amsterdam_T1,02:00:00:1f:3e:84,2026-09-28 23:15:38,16.8,52.504946,5.05026,0,Edam-Volendam,NL
Amsterdam,Amsterdam_T1,02:00:00:6b:56:92,2026-09-28 23:19:05,16.7,52.5107399131418,5.05132626109,2,Edam,NL
Amsterdam,Amsterdam_T1,02:00:00:7f:af:0c,2026-09-28 23:14:58,16.7,52.514489,4.963296,0,Purmerend,NL
Amsterdam,Amsterdam_T1,02:00:00:c5:3a:c0,2026-09-28 23:11:09,17.0,52.524065,4.956779,1,Purmerend,NL
Amsterdam,Amsterdam_T1,02:00:00:bd:d2:74,2026-09-28 23:16:19,17.4,52.51736,4.96777,0,Purmerend,NL
Amsterdam,Amsterdam_T1,02:00:00:2e:ec:0a,2026-09-28 23:18:31,16.7,52.513165,4.985127,0,Purmerend,NL
Amsterdam,Amsterdam_T1,02:00:00:a4:43:5c,2026-09-28 23:11:50,16.8,52.51412,5.05999,1,Edam,NL
Amsterdam,Amsterdam_T1,02:00:00:5f:01:22,2026-09-28 23:19:12,16.5,52.526959,4.887042,0,Beemster,NL
Amsterdam,Amsterdam_T1,02:00:00:2b:22:ba,2026-09-28 23:09:59,16.6,52.528348,4.978256,1,Kwadijk,NL
Amsterdam,Amsterdam_T1,02:00:00:a2:13:1c,2026-09-28 23:16:46,16.5,52.558278,4.84079299999996,0,De Rijp,NL
Amsterdam,Amsterdam_T1,02:00:00:2b:20:e2,2026-09-28 23:15:06,16.4,52.557103,4.842962,0,De Rijp,NL
Amsterdam,Amsterdam_T1,02:00:00:c3:cf:e8,2026-09-28 23:16:56,16.4,52.55496,4.848112,0,De Rijp,NL
Amsterdam,Amsterdam_T1,02:00:00:5e:d1:f0,2026-09-28 23:11:02,16.8,52.557323,4.95315,0,Middenbeemster,NL
Amsterdam,Amsterdam_T1,02:00:00:8d:d2:a6,2026-09-28 23:11:54,16.6,52.5748079414121,4.9975723028183,1,Oosthuizen,NL
Amsterdam,Amsterdam_T1,02:00:00:bd:cf:d4,2026-09-28 23:17:40,16.5,52.583034,4.850177,1,Grootschermer,NL
Amsterdam,Amsterdam_T1,02:00:00:18:fe:32,2026-09-28 23:12:17,16.4,52.589092,4.889988,0,Noordbeemster,NL
Amsterdam,Amsterdam_T1,02:00:00:5e:e2:a2,2026-09-28 23:17:59,16.4,52.590799,4.99267889999998,0,Beets,NL
Amsterdam,Amsterdam_T1,02:00:00:a9:e7:3e,2026-09-28 23:16:26,16.0,52.5977249145508,4.80700254440308,0,Zuidschermer,NL
Amsterdam,Amsterdam_T1,02:00:00:a9:9a:0e,2026-09-28 23:19:43,16.2,52.60907,4.82852,0,Stompetoren,NL
Amsterdam,Amsterdam_T1,02:00:00:a4:1f:24,2026-09-28 23:14:03,16.3,52.601368,4.895885,0,Schermerhorn,NL
Amsterdam,Amsterdam_T1,02:00:00:00:5c:fe,2026-09-28 23:18:50,16.4,52.611835,4.819923,0,Stompetoren,NL
Amsterdam,Amsterdam_T1,02:00:00:a2:05:f0,2026-09-28 23:14:55,16.6,52.61378,4.8226314,0,Stompetoren,NL
Amsterdam,Amsterdam_T1,02:00:00:3c:f7:c6,2026-09-28 23:18:54,16.3,52.617355,4.951664,0,Avenhorn,NL
Amsterdam,Amsterdam_T1,02:00:00:6b:31:7e,2026-09-28 23:17:35,16.2,52.634415,4.8763695,0,Rustenburg,NL
Amsterdam,Amsterdam_T1,02:00:00:36:d3:84,2026-09-28 23:11:54,16.3,52.636567,4.911496,0,Ursem,NL
Amsterdam,Amsterdam_T1,02:00:00:9d:00:22,2026-09-28 23:13:21,16.7,52.6390495300293,4.98681020736694,0,Berkhout,NL
Amsterdam,Amsterdam_T1,02:00:00:58:dd:3c,2026-09-28 23:13:06,16.5,52.6367146407962,5.02217284801564,0,Hoorn,NL
Amsterdam,Amsterdam_T1,02:00:00:31:d8:fc,2026-09-28 23:20:07,16.7,52.6358,5.035,1,Hoorn,NL
Amsterdam,Amsterdam_T1,02:00:00:7f:aa:9a,2026-09-28 23:18:22,17.5,52.6374130249023,5.03559350967407,0,Hoorn,NL
Amsterdam,Amsterdam_T1,02:00:00:70:4e:d8,2026-09-28 23:11:23,16.7,52.635018,5.055994,2,Hoorn,NL
Amsterdam,Amsterdam_T1,02:00:00:12:5a:d0,2026-09-28 23:17:17,16.6,52.6491675042269,4.78180266103391,0,Alkmaar,NL
Amsterdam,Amsterdam_T1,02:00:00:70:24:48,2026-09-28 23:12:37,16.1,52.643764,4.811346,0,Heerhugowaard,NL
Amsterdam,Amsterdam_T1,02:00:00:8d:c8:3e,2026-09-28 23:13:16,16.0,52.6458,4.8165,0,Heerhugowaard,NL
Amsterdam,Amsterdam_T1,02:00:00:70:45:b4,2026-09-28 23:11:07,16.1,52.6408805482461,4.82286089912765,0,Heerhugowaard,NL
Amsterdam,Amsterdam_T1,02:00:00:7f:bf:4c,2026-09-28 23:19:14,16.1,52.648259,4.831611,0,Heerhugowaard,NL
Amsterdam,Amsterdam_T1,02:00:00:73:a4:18,2026-09-28 23:19:18,16.5,52.651179,4.836669,0,Heerhugowaard,NL
Amsterdam,Amsterdam_T1,02:00:00:c3:e3:ec,2026-09-28 23:16:15,16.1,52.651959,4.836277,0,Heerhugowaard,NL
Amsterdam,Amsterdam_T1,02:00:00:12:ae:72,2026-09-28 23:14:28,16.7,52.642342,5.006524,-2,Koggenland,NL
Amsterdam,Amsterdam_T1,02:00:00:ab:e2:60,2026-09-28 23:13:31,16.3,52.6533337948181,5.00276838610966,0,Berkhout,NL
Amsterdam,Amsterdam_T1,02:00:00:bd:f8:2a,2026-09-28 23:20:23,16.2,52.6404246842747,5.01088078453655,0,Berkhout,NL
Amsterdam,Amsterdam_T1,02:00:00:1d:fd:b8,2026-09-28 23:17:59,16.6,52.6441,5.051928,0,Haarlemmermeer,NL
Amsterdam,Amsterdam_T1,02:00:00:a2:62:b0,2026-09-28 23:18:26,16.9,52.644273,5.058899,0,Hoorn,NL
Amsterdam,Amsterdam_T1,02:00:00:b5:8d:e8,2026-09-28 23:17:11,16.3,52.6460567766024,5.05940990844852,0,Hoorn,NL
Amsterdam,Amsterdam_T1,02:00:00:6b:8c:40,2026-09-28 23:20:16,17.9,52.314831,4.863595,0,Amstelveen,NL
Amsterdam,Amsterdam_T1,02:00:00:05:4b:44,2026-09-28 23:11:49,17.8,52.311724,4.866482,0,Amstelveen,NL
Amsterdam,Amsterdam_T1,02:00:00:af:29:fa,2026-09-28 23:19:29,17.9,52.3138847351074,4.87314224243164,0,Amstelveen,NL
Amsterdam,Amsterdam_T1,02:00:00:2f:24:f4,2026-09-28 23:13:02,17.0,52.3131760328984,4.9050662899177,0,Amstelveen,NL
Amsterdam,Amsterdam_T1,02:00:00:90:ba:a6,2026-09-28 23:16:07,17.5,52.3243254,4.945702,1,Amsterdam,NL
Amsterdam,Amsterdam_T1,02:00:00:64:f4:40,2026-09-28 23:12:14,17.2,52.323489,4.949922,0,Amsterdam,NL
Amsterdam,Amsterdam_T1,02:00:00:a9:c7:92,2026-09-28 23:11:51,16.6,52.3181934768859,4.99123257230989,0,Amsterdam,NL
Amsterdam,Amsterdam_T1,02:00:00:73:a6:c6,2026-09-28 23:19:37,16.3,52.314064,5.0302644,4,Weesp,NL
Amsterdam,Amsterdam_T1,02:00:00:a9:70:6c,2026-09-28 23:10:31,16.6,52.319796,5.037465,0,Weesp,NL
Amsterdam,Amsterdam_T1,02:00:00:bc:ac:0e,2026-09-28 23:16:25,16.7,52.317851,5.049238,0,Weesp,NL
Amsterdam,Amsterdam_T1,02:00:00:63:2c:4e,2026-09-28 23:14:15,16.9,52.3184684,5.05026849999997,0,Weesp,NL
Amsterdam,Amsterdam_T1,02:00:00:01:6d:ca,2026-09-28 23:18:47,16.7,52.318328,5.05127300000006,0,Weesp,NL
Amsterdam,Amsterdam_T1,02:00:00:8d:e3:a0,2026-09-28 23:14:48,17.0,52.33342,4.791647,0,Badhoevedorp,NL
Amsterdam,Amsterdam_T1,02:00:00:a4:21:fc,2026-09-28 23:11:47,17.0,52.3272787,4.86810710000012,0,Amsterdam,NL
Amsterdam,Amsterdam_T1,02:00:00:53:18:1c,2026-09-28 23:15:36,17.0,52.3359671746926,4.87311174029132,0,Amsterdam,NL
Amsterdam,Amsterdam_T1,02:00:00:6b:54:3c,2026-09-28 23:15:05,18.0,52.3274342242951,4.87812453825795,4,Amsterdam,NL
Amsterdam,Amsterdam_T1,02:00:00:bd:1d:3e,2026-09-28 23:09:52,17.2,52.331773,4.888536,4,Amsterdam,NL
Amsterdam,Amsterdam_T1,02:00:00:a4:51:b4,2026-09-28 23:15:45,16.8,52.337832,4.894324,4,Amsterdam,NL
Amsterdam,Amsterdam_T1,02:00:00:9c:da:94,2026-09-28 23:12:17,16.5,52.332847,4.936642,4,Duivendrecht,NL
Amsterdam,Amsterdam_T1,02:00:00:27:76:38,2026-09-28 23:10:53,17.3,52.3363586,4.9621297,0,Diemen,NL
Amsterdam,Amsterdam_T1,02:00:00:b5:71:d4,2026-09-28 23:18:51,17.0,52.3371353071573,4.96234081685543,0,Diemen,NL
Amsterdam,Amsterdam_T1,02:00:00:18:f9:e8,2026-09-28 23:16:00,17.2,52.325482,4.97447,3,Amsterdam,NL
Amsterdam,Amsterdam_T1,02:00:00:27:51:b8,2026-09-28 23:17:48,17.2,52.326592,4.978735,0,Amsterdam,NL
Amsterdam,Amsterdam_T1,02:00:00:64:f7:0c,2026-09-28 23:18:57,17.8,52.3283278999999,4.98179320000003,0,Amsterdam,NL
Amsterdam,Amsterdam_T1,02:00:00:83:bf:80,2026-09-28 23:19:15,17.2,52.333599,5.061164,2,Muiden,NL
Amsterdam,Amsterdam_T1,02:00:00:01:6c:5e,2026-09-28 23:19:10,16.8,52.3446448698127,4.79225000001364,0,Amsterdam,NL
Amsterdam,Amsterdam_T1,02:00:00:63:45:58,2026-09-28 23:17:45,16.9,52.3414578220111,4.79799399999996,1,Amsterdam,NL
Amsterdam,Amsterdam_T1,02:00:00:00:c9:c8,2026-09-28 23:12:51,18.2,52.3535947951943,4.79096345471049,2,Amsterdam,NL
Amsterdam,Amsterdam_T1,02:00:00:14:47:bc,2026-09-28 23:13:28,16.8,52.3527607864368,4.80871260166168,1,Amsterdam,NL
Amsterdam,Amsterdam_T1,02:00:00:27:63:7e,2026-09-28 23:19:40,17.5,52.349896,4.810742,0,Amsterdam,NL
Amsterdam,Amsterdam_T1,02:00:00:04:75:d4,2026-09-28 23:13:37,17.5,52.3449817790461,4.85212203743075,0,Amsterdam,NL
Amsterdam,Amsterdam_T1,02:00:00:5f:1f:26,2026-09-28 23:13:50,17.7,52.3457181372478,4.86503304724545,2,Amsterdam,NL
Amsterdam,Amsterdam_T1,02:00:00:ab:da:ba,2026-09-28 23:15:53,16.8,52.34847,4.870878,7,Amsterdam,NL
Amsterdam,Amsterdam_T1,02:00:00:74:60:90,2026-09-28 23:10:39,17.4,52.343761,4.875174,3,Amsterdam,NL
Amsterdam,Amsterdam_T1,02:00:00:a4:37:d4,2026-09-28 23:19:07,17.5,52.3475151062012,4.87605476379395,5,Amsterdam,NL
Amsterdam,Amsterdam_T1,02:00:00:b2:c9:f2,2026-09-28 23:13:01,17.4,52.3515548339678,4.88495239138607,4,Amsterdam,NL
Amsterdam,Amsterdam_T1,02:00:00:22:e1:1a,2026-09-28 23:12:51,17.5,52.343674,4.907335,5,Amsterdam,NL
Amsterdam,Amsterdam_T1,02:00:00:c6:2c:e4,2026-09-28 23:10:49,17.2,52.352244,4.899948,7,Amsterdam,NL
Amsterdam,Amsterdam_T1,02:00:00:63:11:04,2026-09-28 23:12:16,17.1,52.352951,4.903895,4,Amsterdam,NL
Amsterdam,Amsterdam_T1,02:00:00:b9:59:14,2026-09-28 23:10:39,17.1,52.352879,4.928205,0,Amsterdam,NL
Amsterdam,Amsterdam_T1,02:00:00:2a:db:3c,2026-09-28 23:12:42,17.6,52.347729,4.941162,0,Amsterdam,NL
Amsterdam,Amsterdam_T1,02:00:00:7a:89:24,2026-09-28 23:17:20,17.7,52.348087,4.941446,0,Amsterdam,NL
Amsterdam,Amsterdam_T1,02:00:00:2c:f1:9a,2026-09-28 23:19:52,16.8,52.34402,4.952192,0,Amsterdam,NL
Amsterdam,Amsterdam_T1,02:00:00:13:3c:4c,2026-09-28 23:10:55,17.6,52.3399512086528,4.96276274283001,2,Diemen,NL
Amsterdam,Amsterdam_T1,02:00:00:bd:c0:be,2026-09-28 23:16:44,17.6,52.350442,4.98087900000004,6,Diemen,NL
Amsterdam,Amsterdam_T1,02:00:00:70:51:ce,2026-09-28 23:10:25,16.8,52.3533443,4.99812519999998,0,Amsterdam,NL
Amsterdam,Amsterdam_T1,02:00:00:c2:2e:4a,2026-09-28 23:16:27,17.0,52.351406,5.001968,0,Amsterdam,NL
Amsterdam,Amsterdam_T1,02:00:00:5e:f9:38,2026-09-28 23:12:59,17.3,52.354861,4.832611,0,Amsterdam,NL
Amsterdam,Amsterdam_T1,02:00:00:af:7d:bc,2026-09-28 23:18:04,17.1,52.3570713933203,4.84621300000002,5,Amsterdam,NL
Amsterdam,Amsterdam_T1,02:00:00:63:33:0c,2026-09-28 23:11:22,17.4,52.365672,4.85523999999998,1,Amsterdam,NL
Amsterdam,Amsterdam_T1,02:00:00:5f:10:56,2026-09-28 23:12:28,17.3,52.3575455,4.8667305,4,Amsterdam,NL
Amsterdam,Amsterdam_T1,02:00:00:b5:9e:5c,2026-09-28 23:10:58,17.6,52.355088,4.871859,6,Amsterdam,NL
Amsterdam,Amsterdam_T1,02:00:00:7a:85:20,2026-09-28 23:11:22,16.8,52.354887,4.876879,4,Amsterdam,NL
Amsterdam,Amsterdam_T1,02:00:00:84:70:f8,2026-09-28 23:19:20,16.4,52.359384,4.876766,8,Amsterdam,NL
Amsterdam,Amsterdam_T1,02:00:00:b5:54:dc,2026-09-28 23:15:30,17.2,52.3564,4.8802,2,Amsterdam,NL
Amsterdam,Amsterdam_T1,02:00:00:02:b1:be,2026-09-28 23:08:12,16.9,52.3573648188524,4.89851619487149,4,Amsterdam,NL
Amsterdam,Amsterdam_T1,02:00:00:3a:24:be,2026-09-28 23:19:41,17.4,52.3540842,4.90596159999996,5,Amsterdam,NL
Amsterdam,Amsterdam_T1,02:00:00:70:42:62,2026-09-28 23:14:44,17.5,52.356221,4.909817,3,Amsterdam,NL
Amsterdam,Amsterdam_T1,02:00:00:04:a6:8a,2026-09-28 23:11:49,17.4,52.3607,4.9243,1,Amsterdam,NL
Amsterdam,Amsterdam_T1,02:00:00:b2:b2:58,2026-09-28 23:12:26,16.9,52.357371,4.926031,3,Amsterdam,NL
Amsterdam,Amsterdam_T1,02:00:00:9b:51:e4,2026-09-28 23:16:26,16.8,52.360158,4.925819,2,Amsterdam,NL
Amsterdam,Amsterdam_T1,02:00:00:2a:fe:a6,2026-09-28 23:12:11,17.6,52.3572889935944,4.94533920674587,0,Amsterdam,NL
Amsterdam,Amsterdam_T1,02:00:00:3f:6a:62,2026-09-28 23:12:22,17.9,52.363079,4.979751,0,Amsterdam,NL
Amsterdam,Amsterdam_T1,02:00:00:b2:c1:1a,2026-09-28 23:18:59,17.7,52.359813,4.995219,0,Amsterdam,NL
Amsterdam,Amsterdam_T1,02:00:00:c6:24:60,2026-09-28 23:11:16,16.9,52.3561316,5.0025093,0,Amsterdam,NL
Amsterdam,Amsterdam_T1,02:00:00:53:50:72,2026-09-28 23:10:49,17.2,52.375709,4.83394,1,Amsterdam,NL
Amsterdam,Amsterdam_T1,02:00:00:7a:7d:7c,2026-09-28 23:17:31,16.8,52.376183,4.8480215,3,Amsterdam,NL
Amsterdam,Amsterdam_T1,02:00:00:2b:49:82,2026-09-28 23:11:43,18.0,52.3727766,4.8646089,4,Amsterdam,NL
Amsterdam,Amsterdam_T1,02:00:00:71:1d:7e,2026-09-28 23:14:34,16.9,52.3796,4.8778,1,Amsterdam,NL
Amsterdam,Amsterdam_T1,02:00:00:af:9a:18,2026-09-28 23:19:56,17.4,52.371666,4.881638,9,Amsterdam,NL
Amsterdam,Amsterdam_T1,02:00:00:a4:39:8a,2026-09-28 23:14:19,16.9,52.3719,4.8829,9,Amsterdam,NL
Amsterdam,Amsterdam_T1,02:00:00:00:83:86,2026-09-28 23:12:07,17.8,52.3824005126953,4.89949989318848,1,Amsterdam,NL
Amsterdam,Amsterdam_T1,02:00:00:6b:3b:94,2026-09-28 23:18:08,17.0,52.3824,4.8995,5,Amsterdam,NL
Amsterdam,Amsterdam_T1,02:00:00:27:4a:1c,2026-09-28 23:12:55,17.5,52.3824,4.8995,5,Amsterdam,NL
Amsterdam,Amsterdam_T1,02:00:00:6b:27:ca,2026-09-28 23:11:32,17.0,52.3687377628581,4.93161678314209,1,Amsterdam,NL
Amsterdam,Amsterdam_T1,02:00:00:9b:59:de,2026-09-28 23:16:51,16.8,52.369161,4.9326972000001,4,Amsterdam,NL
Amsterdam,Amsterdam_T1,02:00:00:bd:07:a6,2026-09-28 23:09:48,17.2,52.375199,4.931954,1,Amsterdam,NL
Amsterdam,Amsterdam_T1,02:00:00:28:9a:9a,2026-09-28 23:17:41,16.6,52.369183,4.95507,0,Amsterdam,NL
Amsterdam,Amsterdam_T1,02:00:00:c6:26:24,2026-09-28 23:14:08,17.6,52.3731658712137,4.96877610683441,1,Amsterdam,NL
Amsterdam,Amsterdam_T1,02:00:00:ab:e3:52,2026-09-28 23:11:03,16.4,52.3907,4.86369999999998,4,Amsterdam,NL
Amsterdam,Amsterdam_T1,02:00:00:36:9f:fe,2026-09-28 23:16:36,17.0,52.383123,4.874172,6,Amsterdam,NL
Amsterdam,Amsterdam_T1,02:00:00:84:46:e2,2026-09-28 23:17:45,17.2,52.3929199123918,4.88645911216736,0,Amsterdam,NL
Amsterdam,Amsterdam_T1,02:00:00:01:29:cc,2026-09-28 23:14:10,17.0,52.385014,4.891942,2,Amsterdam,NL
Amsterdam,Amsterdam_T1,02:00:00:9d:1b:ac,2026-09-28 23:17:00,17.7,52.386736,4.900561,4,Amsterdam,NL
Amsterdam,Amsterdam_T1,02:00:00:7f:be:6c,2026-09-28 23:15:34,17.4,52.385614,4.901338,2,Amsterdam,NL
Amsterdam,Amsterdam_T1,02:00:00:31:ea:9a,2026-09-28 23:12:39,17.8,52.386666,4.905248,3,Amsterdam,NL
Amsterdam,Amsterdam_T1,02:00:00:2a:d6:c6,2026-09-28 23:18:16,17.1,52.3936767578125,4.9279146194458,0,Amsterdam,NL
Amsterdam,Amsterdam_T1,02:00:00:58:da:86,2026-09-28 23:14:14,16.6,52.3937631533699,4.93177643254458,1,Amsterdam,NL
Amsterdam,Amsterdam_T1,02:00:00:b2:ad:ea,2026-09-28 23:17:28,17.6,52.396946,4.937041,0,Amsterdam,NL
Amsterdam,Amsterdam_T1,02:00:00:53:1a:1a,2026-09-28 23:12:25,17.7,52.4043956578345,4.88842248916626,1,Amsterdam,NL
Amsterdam,Amsterdam_T1,02:00:00:b5:76:26,2026-09-28 23:18:30,16.7,52.403811,4.914876,2,Amsterdam,NL
Amsterdam,Amsterdam_T1,02:00:00:84:9d:b8,2026-09-28 23:15:10,16.6,52.409513391525,4.90777124931917,3,Amsterdam,NL
Amsterdam,Amsterdam_T1,02:00:00:9b:5a:46,2026-09-28 23:17:24,17.1,52.4092,4.911,1,Amsterdam,NL
Amsterdam,Amsterdam_T1,02:00:00:bd:d9:9e,2026-09-28 23:20:06,16.8,52.407674,4.932463,0,Amsterdam,NL
Amsterdam,Amsterdam_T1,02:00:00:7f:d5:6c,2026-09-28 23:16:55,17.1,52.407289,4.935319,0,Amsterdam,NL
Amsterdam,Amsterdam_T1,02:00:00:63:2c:2a,2026-09-28 23:19:40,17.1,52.402984,4.945694,2,Amsterdam,NL
Amsterdam,Amsterdam_T1,02:00:00:63:32:ca,2026-09-28 23:12:13,17.2,52.400011,4.948339,0,Amsterdam,NL
Amsterdam,Amsterdam_T1,02:00:00:bd:c8:28,2026-09-28 23:11:55,16.9,52.4225551,4.8995336,0,Amsterdam,NL
Amsterdam,Amsterdam_T1,02:00:00:bd:d6:68,2026-09-28 23:18:13,16.6,52.4134732394671,5.02463681500691,0,Amsterdam,NL
Amsterdam,Amsterdam_T1,02:00:00:b2:be:dc,2026-09-28 23:19:16,16.6,52.4336802968209,4.80540275573731,0,Zaanstad,NL
Amsterdam,Amsterdam_T1,02:00:00:84:7f:c4,2026-09-28 23:19:43,16.6,52.4315445597503,4.8274827003479,2,Zaandam,NL
Amsterdam,Amsterdam_T1,02:00:00:c3:9d:f2,2026-09-28 23:12:39,16.8,52.432236,4.828755,2,Zaandam,NL
Amsterdam,Amsterdam_T1,02:00:00:63:1e:a2,2026-09-28 23:17:51,17.2,52.432955,4.829382,3,Zaandam,NL
Amsterdam,Amsterdam_T1,02:00:00:a4:5d:e2,2026-09-28 23:16:39,16.8,52.429596,4.834617,2,Zaandam,NL
Amsterdam,Amsterdam_T1,02:00:00:04:60:50,2026-09-28 23:15:05,17.3,52.4362386996961,4.8581631145293,0,Oostzaan,NL
Amsterdam,Amsterdam_T1,02:00:00:b2:a7:20,2026-09-28 23:16:39,16.9,52.4381484985352,4.87386560440063,1,Oostzaan,NL
Amsterdam,Amsterdam_T1,02:00:00:b5:05:fe,2026-09-28 23:16:28,16.9,52.43446,4.876556,0,Oostzaan,NL
Amsterdam,Amsterdam_T1,02:00:00:b8:ec:c0,2026-09-28 23:20:09,16.8,52.434645,4.88352290000002,0,Oostzaan,NL
Amsterdam,Amsterdam_T1,02:00:00:a4:16:16,2026-09-28 23:17:05,16.7,52.437968,4.884335,1,Oostzaan,NL
Amsterdam,Amsterdam_T1,02:00:00:84:97:78,2026-09-28 23:16:31,16.8,52.4303782,4.9118837,0,Landsmeer,NL
Amsterdam,Amsterdam_T1,02:00:00:7f:8e:40,2026-09-28 23:11:50,16.8,52.4295166584759,4.91431653499603,1,Landsmeer,NL
Amsterdam,Amsterdam_T1,02:00:00:b2:ac:88,2026-09-28 23:11:13,16.7,52.430258,4.915548,1,Landsmeer,NL
Amsterdam,Amsterdam_T1,02:00:00:19:9f:a0,2026-09-28 23:15:45,16.9,52.42952,4.922538,2,Landsmeer,NL
Amsterdam,Amsterdam_T1,02:00:00:b2:a8:40,2026-09-28 23:14:19,17.0,52.4277367607842,4.97108750037114,0,Watergang,NL
Amsterdam,Amsterdam_T1,02:00:00:58:c1:a2,2026-09-28 23:11:27,16.9,52.427962,4.971568,0,Watergang,NL
Amsterdam,Amsterdam_T1,02:00:00:5f:16:d6,2026-09-28 23:13:41,16.9,52.4284796,4.9963295,0,Broek in Waterland,NL
Amsterdam,Amsterdam_T1,02:00:00:03:66:0a,2026-09-28 23:15:22,16.7,52.435455,4.998643,0,Waterland,NL
Amsterdam,Amsterdam_T1,02:00:00:c5:39:e6,2026-09-28 23:12:35,16.7,52.4318871,5.00355289999993,0,Waterland,NL
Amsterdam,Amsterdam_T1,02:00:00:74:2f:bc,2026-09-28 23:16:11,16.9,52.441813,4.800982,2,Zaandam,NL
Amsterdam,Amsterdam_T1,02:00:00:28:b4:66,2026-09-28 23:18:03,16.4,52.44171,4.801541,2,Zaandam,NL
Amsterdam,Amsterdam_T1,02:00:00:3b:e3:ba,2026-09-28 22:40:22,17.5,52.446107,4.818733,4,Zaandam,NL
Amsterdam,Amsterdam_T1,02:00:00:90:6d:84,2026-09-28 23:11:53,16.9,52.451797,4.81541440000003,0,Zaandam,NL
Amsterdam,Amsterdam_T1,02:00:00:84:6d:0c,2026-09-28 23:14:39,16.8,52.451021,4.819376,0,Zaandam,NL
Amsterdam,Amsterdam_T1,02:00:00:64:1b:8a,2026-09-28 23:12:52,17.2,52.44757,4.87087999999997,0,Oostzaan,NL
Amsterdam,Amsterdam_T1,02:00:00:70:51:98,2026-09-28 23:13:29,16.7,52.449376,4.873678,0,Oostzaan,NL
Amsterdam,Amsterdam_T1,02:00:00:8d:e0:2e,2026-09-28 23:18:41,16.8,52.453716,5.033896,1,Monnickendam,NL
Amsterdam,Amsterdam_T1,02:00:00:74:38:ae,2026-09-28 23:16:53,17.6,52.448765,5.040629,0,Monnickendam,NL
Amsterdam,Amsterdam_T1,02:00:00:65:7b:60,2026-09-28 23:14:21,16.9,52.45517,4.796338,0,Koog aan de Zaan,NL
Amsterdam,Amsterdam_T1,02:00:00:65:85:14,2026-09-28 23:16:30,16.6,52.460911,4.798072,0,Koog aan de Zaan,NL
Amsterdam,Amsterdam_T1,02:00:00:70:59:8a,2026-09-28 23:11:53,16.7,52.461746,4.800009,0,Zaanstad,NL
Amsterdam,Amsterdam_T1,02:00:00:b2:a4:56,2026-09-28 23:16:12,16.9,52.458013,4.806933,1,Koog aan de Zaan,NL
Amsterdam,Amsterdam_T1,02:00:00:12:55:1a,2026-09-28 23:10:38,17.6,52.4596497323282,4.81831419827456,3,Zaanstad,NL
Amsterdam,Amsterdam_T1,02:00:00:83:c1:36,2026-09-28 23:15:11,17.0,52.46779,4.833544,2,Zaandam,NL
Amsterdam,Amsterdam_T1,02:00:00:65:59:44,2026-09-28 23:19:58,17.1,52.46492,4.947995,0,Landsmeer,NL
Amsterdam,Amsterdam_T1,02:00:00:36:b5:10,2026-09-28 23:15:26,16.6,52.4607855,5.0354233,5,Waterland,NL
Amsterdam,Amsterdam_T1,02:00:00:83:fe:54,2026-09-28 23:18:31,16.8,52.473273,4.792316,1,Zaandijk,NL
Amsterdam,Amsterdam_T1,02:00:00:af:6e:4c,2026-09-28 23:18:13,16.6,52.472511,4.809806,1,Zaandijk,NL
Amsterdam,Amsterdam_T1,02:00:00:ab:f0:04,2026-09-28 23:15:33,16.9,52.4732402,4.82852159999997,1,Zaanstad,NL
Amsterdam,Amsterdam_T1,02:00:00:a2:61:20,2026-09-28 23:18:53,16.3,52.4932975227619,4.60278952387853,8,Wijk aan Zee,NL
Amsterdam,Amsterdam_T1,02:00:00:1c:4f:ce,2026-09-28 23:12:07,17.2,52.492031,4.644317,2,Beverwijk,NL
Amsterdam,Amsterdam_T1,02:00:00:b5:31:48,2026-09-28 23:19:36,16.8,52.48672,4.649581,3,Beverwijk,NL
Amsterdam,Amsterdam_T1,02:00:00:a4:41:2c,2026-09-28 23:17:56,16.3,52.493777,4.651065,3,Beverwijk,NL
Amsterdam,Amsterdam_T1,02:00:00:1f:75:1e,2026-09-28 23:17:48,16.2,52.495347,4.671976,3,Beverwijk,NL
Amsterdam,Amsterdam_T1,02:00:00:63:48:12,2026-09-28 23:17:25,16.4,52.4925710517851,4.68104579285944,0,Beverwijk,NL
Amsterdam,Amsterdam_T1,02:00:00:b9:29:a2,2026-09-28 23:17:44,16.2,52.48681,4.689331,0,Beverwijk,NL
Amsterdam,Amsterdam_T1,02:00:00:c2:3f:1a,2026-09-28 23:12:37,16.4,52.494114652513,4.69021010199475,0,Heemskerk,NL
Amsterdam,Amsterdam_T1,02:00:00:b9:2d:62,2026-09-28 23:15:54,16.2,52.487002,4.745845,0,Assendelft,NL
Amsterdam,Amsterdam_T1,02:00:00:74:2b:b0,2026-09-28 23:14:06,16.4,52.491181,4.741493,0,Assendelft,NL
Amsterdam,Amsterdam_T1,02:00:00:b9:7d:88,2026-09-28 23:18:16,16.3,52.49439,4.74019999999999,0,Assendelft,NL
Amsterdam,Amsterdam_T1,02:00:00:bd:ba:0a,2026-09-28 23:15:12,16.5,52.485389,4.760449,0,Assendelft,NL
Amsterdam,Amsterdam_T1,02:00:00:64:00:98,2026-09-28 23:13:54,16.6,52.487216,4.759611,0,Assendelft,NL
Amsterdam,Amsterdam_T1,02:00:00:c3:9b:7c,2026-09-28 23:13:00,16.5,52.508597,4.657421,1,Heemskerk,NL
Amsterdam,Amsterdam_T1,02:00:00:64:29:c8,2026-09-28 23:16:56,16.3,52.509686,4.657991,3,Heemskerk,NL
Amsterdam,Amsterdam_T1,02:00:00:5f:27:32,2026-09-28 23:11:01,16.3,52.507020773057,4.66796492578298,2,Heemskerk,NL
Amsterdam,Amsterdam_T1,02:00:00:8d:c6:84,2026-09-28 23:14:44,16.7,52.49849,4.670613,4,Heemskerk,NL
Amsterdam,Amsterdam_T1,02:00:00:70:4f:d8,2026-09-28 23:18:27,15.4,52.5015798,4.66960700000006,1,Heemskerk,NL
Amsterdam,Amsterdam_T1,02:00:00:70:3c:30,2026-09-28 23:15:38,16.9,52.510432,4.688887,1,Heemskerk,NL
Amsterdam,Amsterdam_T1,02:00:00:73:f5:76,2026-09-28 23:18:56,16.4,52.499622,4.6940675,0,Heemskerk,NL
Amsterdam,Amsterdam_T1,02:00:00:1a:fe:50,2026-09-28 23:19:33,17.2,52.5053081762322,4.75592475261492,1,Krommenie,NL
Amsterdam,Amsterdam_T1,02:00:00:bd:f4:02,2026-09-28 23:12:35,16.6,52.4973426347924,4.76018432436422,0,Zaanstad,NL
Amsterdam,Amsterdam_T1,02:00:00:03:85:30,2026-09-28 23:12:22,17.5,52.504607,4.76235500000008,3,Krommenie,NL
Amsterdam,Amsterdam_T1,02:00:00:2c:be:d2,2026-09-28 23:16:52,16.0,52.512672,4.666764,1,Heemskerk,NL
Amsterdam,Amsterdam_T1,02:00:00:74:32:2e,2026-09-28 23:19:24,16.5,52.512731,4.670313,3,Heemskerk,NL
Amsterdam,Amsterdam_T1,02:00:00:58:bd:d0,2026-09-28 23:20:17,16.0,52.517194,4.672498,0,Heemskerk,NL
Amsterdam,Amsterdam_T1,02:00:00:b4:f1:96,2026-09-28 23:11:16,16.7,52.512057,4.68821899999997,1,Heemskerk,NL
Amsterdam,Amsterdam_T1,02:00:00:65:54:c4,2026-09-28 23:11:09,16.9,52.5206,4.6901,0,Heemskerk,NL
Amsterdam,Amsterdam_T1,02:00:00:bd:0d:f2,2026-09-28 23:11:27,16.7,52.5209953,4.70019589999997,0,Uitgeest,NL
Amsterdam,Amsterdam_T1,02:00:00:63:34:a0,2026-09-28 23:17:57,16.2,52.5164485389808,4.7633657697163,0,Zaanstad,NL
Amsterdam,Amsterdam_T1,02:00:00:63:24:da,2026-09-28 23:17:10,16.2,52.5267021414972,4.70168518277734,0,Uitgeest,NL
Amsterdam,Amsterdam_T1,02:00:00:b9:5f:90,2026-09-28 23:11:28,16.4,52.533084264192,4.71261564257397,0,Uitgeest,NL
Amsterdam,Amsterdam_T1,02:00:00:63:2d:f0,2026-09-28 23:13:56,16.4,52.533104,4.712557,0,Uitgeest,NL
Amsterdam,Amsterdam_T1,02:00:00:b5:8b:c2,2026-09-28 23:12:19,16.8,52.529381,4.713874,2,Uitgeest,NL
Amsterdam,Amsterdam_T1,02:00:00:b5:a6:8a,2026-09-28 23:18:16,16.7,52.530517,4.778969,0,Markenbinnen,NL
Amsterdam,Amsterdam_T1,02:00:00:b9:52:2e,2026-09-28 23:15:05,16.2,52.543081,4.660629,1,Castricum,NL
Amsterdam,Amsterdam_T1,02:00:00:b2:a8:d0,2026-09-28 23:16:24,17.2,52.5532143015102,4.66275751590729,2,Castricum,NL
Amsterdam,Amsterdam_T1,02:00:00:c3:93:02,2026-09-28 23:13:53,16.5,52.5421867370605,4.66557216644287,2,Castricum,NL
Amsterdam,Amsterdam_T1,02:00:00:c6:25:7c,2026-09-28 23:10:59,16.1,52.543556,4.6679726,2,Castricum,NL
Amsterdam,Amsterdam_T1,02:00:00:2b:20:f8,2026-09-28 23:16:31,17.1,52.552362718395,4.66431157696726,4,Castricum,NL
Amsterdam,Amsterdam_T1,02:00:00:27:2c:12,2026-09-28 23:17:59,16.4,52.5579643249512,4.65175914764404,11,Castricum,NL
Amsterdam,Amsterdam_T1,02:00:00:00:56:b0,2026-09-28 23:18:13,16.7,52.559481,4.645325,8,Castricum,NL
Amsterdam,Amsterdam_T1,02:00:00:36:a3:a2,2026-09-28 23:16:39,16.3,52.561176,4.647979,12,Castricum,NL
Amsterdam,Amsterdam_T1,02:00:00:c3:74:74,2026-09-28 23:16:15,16.6,52.556907,4.668744,1,Castricum,NL
Amsterdam,Amsterdam_T1,02:00:00:74:76:8c,2026-09-28 23:17:53,16.0,52.554901,4.671133,3,Castricum,NL
Amsterdam,Amsterdam_T1,02:00:00:bd:e4:0a,2026-09-28 23:18:48,16.1,52.557114,4.6693296,0,Castricum,NL
Amsterdam,Amsterdam_T1,02:00:00:bd:db:96,2026-09-28 23:13:24,16.2,52.5677,4.688097,2,Castricum,NL
Amsterdam,Amsterdam_T1,02:00:00:83:f9:38,2026-09-28 23:17:47,16.5,52.5667610168457,4.69240951538086,4,Castricum,NL
Amsterdam,Amsterdam_T1,02:00:00:bd:d4:66,2026-09-28 23:20:02,16.4,52.5567058594671,4.72576493881832,0,Castricum,NL
Amsterdam,Amsterdam_T1,02:00:00:b0:a9:ae,2026-09-28 23:17:01,16.3,52.556932,4.728066,0,Castricum,NL
Amsterdam,Amsterdam_T1,02:00:00:2c:f9:46,2026-09-28 23:18:53,16.9,52.5711657,4.69811320000005,2,Castricum,NL
Amsterdam,Amsterdam_T1,02:00:00:7f:ca:86,2026-09-28 23:10:45,16.7,52.575198,4.701347,2,Castricum,NL
Amsterdam,Amsterdam_T1,02:00:00:83:b0:d6,2026-09-28 23:18:30,16.7,52.592226,4.690301,0,Heiloo,NL
Amsterdam,Amsterdam_T1,02:00:00:b5:77:5a,2026-09-28 23:17:23,16.0,52.589641,4.701077,1,Heiloo,NL
Amsterdam,Amsterdam_T1,02:00:00:3f:6f:6c,2026-09-28 23:12:51,16.2,52.5883517,4.71341809999999,0,Heiloo,NL
Amsterdam,Amsterdam_T1,02:00:00:5f:28:b6,2026-09-28 23:16:15,16.0,52.593292,4.713329,0,Heiloo,NL
Amsterdam,Amsterdam_T1,02:00:00:13:81:dc,2026-09-28 23:11:22,16.0,52.5917217300149,4.71660864874474,1,Heiloo,NL
Amsterdam,Amsterdam_T1,02:00:00:14:4a:16,2026-09-28 23:18:00,16.1,52.5979706,4.68623639999998,2,Heiloo,NL
Amsterdam,Amsterdam_T1,02:00:00:27:49:96,2026-09-28 23:17:38,16.6,52.596877,4.700662,2,Heiloo,NL
Amsterdam,Amsterdam_T1,02:00:00:b2:c5:8e,2026-09-28 23:18:47,15.9,52.607205,4.694133,1,Heiloo,NL
Amsterdam,Amsterdam_T1,02:00:00:bd:0d:f4,2026-09-28 23:18:30,15.8,52.608246,4.707137,1,Heiloo,NL
Amsterdam,Amsterdam_T1,02:00:00:a9:f1:36,2026-09-28 23:12:46,15.9,52.6009402517112,4.7194606130876,4,Heiloo,NL
Amsterdam,Amsterdam_T1,02:00:00:64:09:44,2026-09-28 23:18:17,16.3,52.602954864502,4.7196626663208,2,Heiloo,NL
Amsterdam,Amsterdam_T1,02:00:00:ab:f5:58,2026-09-28 23:12:23,16.7,52.6041166997843,4.72310379860246,1,Heiloo,NL
Amsterdam,Amsterdam_T1,02:00:00:02:63:54,2026-09-28 23:15:07,15.3,52.6134354354965,4.62090881276794,20,Bergen,NL
Amsterdam,Amsterdam_T1,02:00:00:b5:ac:40,2026-09-28 23:16:22,15.5,52.622938,4.628717,11,Bergen,NL
Amsterdam,Amsterdam_T1,02:00:00:31:ea:ec,2026-09-28 23:14:47,15.9,52.6170874425851,4.65225869437614,1,Bergen (NH),NL
Amsterdam,Amsterdam_T1,02:00:00:64:29:b6,2026-09-28 23:17:44,15.5,52.6201341308608,4.6524031553414,3,Bergen (NH),NL
Amsterdam,Amsterdam_T1,02:00:00:b2:a7:60,2026-09-28 23:12:48,15.9,52.617767,4.735231,3,Alkmaar,NL
Amsterdam,Amsterdam_T1,02:00:00:04:59:7c,2026-09-28 23:16:19,16.8,52.616767,4.74162,1,Alkmaar,NL
Amsterdam,Amsterdam_T1,02:00:00:b9:2a:8c,2026-09-28 23:14:25,16.5,52.6220359802246,4.74117708206177,3,Alkmaar,NL
Amsterdam,Amsterdam_T1,02:00:00:c2:7c:c6,2026-09-28 23:10:58,15.7,52.625301,4.656129,4,Bergen,NL
Amsterdam,Amsterdam_T1,02:00:00:63:41:1a,2026-09-28 23:15:44,15.9,52.6295856026728,4.71791982650757,2,Alkmaar,NL
Amsterdam,Amsterdam_T1,02:00:00:01:aa:12,2026-09-28 23:19:42,17.2,52.633442,4.7215387,2,Alkmaar,NL
Amsterdam,Amsterdam_T1,02:00:00:ab:c4:e2,2026-09-28 23:18:02,17.0,52.6328430175781,4.72380399703979,2,Alkmaar,NL
Amsterdam,Amsterdam_T1,02:00:00:9b:4e:12,2026-09-28 23:11:28,16.6,52.6366402163491,4.74007593934657,3,Alkmaar,NL
Amsterdam,Amsterdam_T1,02:00:00:1f:79:cc,2026-09-28 23:16:07,16.3,52.636603,4.745265,4,Alkmaar,NL
Amsterdam,Amsterdam_T1,02:00:00:b5:9a:a0,2026-09-28 23:11:26,15.8,52.637733,4.745801,4,Alkmaar,NL
Amsterdam,Amsterdam_T1,02:00:00:c2:2e:b6,2026-09-28 23:16:27,16.1,52.633771,4.75851099999995,2,Alkmaar,NL
Amsterdam,Amsterdam_T1,02:00:00:63:37:be,2026-09-28 23:19:02,16.0,52.633652,4.765127,1,Alkmaar,NL
Amsterdam,Amsterdam_T1,02:00:00:36:e0:40,2026-09-28 23:12:23,16.0,52.632384,4.766958,1,Alkmaar,NL
Amsterdam,Amsterdam_T1,02:00:00:ab:df:8c,2026-09-28 23:11:57,16.2,52.641733,4.756292,1,Alkmaar,NL
Amsterdam,Amsterdam_T1,02:00:00:c2:38:70,2026-09-28 23:18:29,15.8,52.64382,4.75634999999998,2,Alkmaar,NL
Amsterdam,Amsterdam_T1,02:00:00:58:bc:d2,2026-09-28 23:16:27,15.8,52.6466445922852,4.75525665283203,1,Alkmaar,NL
Amsterdam,Amsterdam_T1,02:00:00:7b:00:42,2026-09-28 23:11:46,15.6,52.6480903625488,4.76241064071655,4,Alkmaar,NL
Amsterdam,Amsterdam_T1,02:00:00:12:7e:c4,2026-09-28 23:12:32,16.1,52.6525888583169,4.76428381045071,1,Alkmaar,NL
Amsterdam,Amsterdam_T1,02:00:00:a2:25:b4,2026-09-28 23:19:11,16.1,52.652943,4.772452,0,Alkmaar,NL
Amsterdam,Amsterdam_T1,02:00:00:a9:5f:3c,2026-09-28 23:11:39,16.7,52.3233565620573,4.58888893347402,2,Bennebroek,NL
Amsterdam,Amsterdam_T1,02:00:00:74:30:a2,2026-09-28 23:16:42,16.4,52.31667,4.601682,2,Bennebroek,NL
Amsterdam,Amsterdam_T1,02:00:00:52:ff:4a,2026-09-28 23:14:57,16.8,52.316234,4.613678,0,Zwaanshoek,NL
Amsterdam,Amsterdam_T1,02:00:00:04:e0:62,2026-09-28 23:14:11,17.0,52.3190344282112,4.59699478325753,2,Bennebroek,NL
Amsterdam,Amsterdam_T1,02:00:00:58:dc:8e,2026-09-28 23:11:51,16.8,52.314828,4.626092,0,Zwaanshoek,NL
Amsterdam,Amsterdam_T1,02:00:00:34:0d:20,2026-09-28 23:16:43,17.1,52.314469,4.637147,0,Haarlemmermeer,NL
Amsterdam,Amsterdam_T1,02:00:00:8d:cc:36,2026-09-28 23:17:30,16.9,52.3125,4.6445,0,Hoofddorp,NL
Amsterdam,Amsterdam_T1,02:00:00:06:02:ae,2026-09-28 23:10:54,17.3,52.313344,4.652007,0,Haarlemmermeer,NL
Amsterdam,Amsterdam_T1,02:00:00:00:d2:c8,2026-09-28 23:13:49,16.6,52.3246564313998,4.64318761619814,0,Haarlemmermeer,NL
Amsterdam,Amsterdam_T1,02:00:00:2b:51:7c,2026-09-28 23:16:38,17.1,52.314801,4.664166,0,Hoofddorp,NL
Amsterdam,Amsterdam_T1,02:00:00:12:6f:32,2026-09-28 23:20:33,16.4,52.318731,4.675906,0,Hoofddorp,NL
Amsterdam,Amsterdam_T1,02:00:00:04:a8:18,2026-09-28 23:16:34,16.9,52.3118591308594,4.69132137298584,0,Haarlemmermeer,NL
Amsterdam,Amsterdam_T1,02:00:00:04:5c:16,2026-09-28 23:19:09,17.3,52.325924,4.593691,3,Bennebroek,NL
Amsterdam,Amsterdam_T1,02:00:00:53:40:ac,2026-09-28 23:10:02,17.2,52.3348254552263,4.61766521558033,1,Heemstede,NL
Amsterdam,Amsterdam_T1,02:00:00:8d:d6:b0,2026-09-28 23:16:45,17.6,52.335645,4.632993,0,Cruquius,NL
Amsterdam,Amsterdam_T1,02:00:00:be:07:f0,2026-09-28 23:15:10,16.7,52.3348065616568,4.64470551369772,0,Cruquius,NL
Amsterdam,Amsterdam_T1,02:00:00:c2:49:e6,2026-09-28 23:14:31,16.6,52.336126,4.644912,0,Cruquius,NL
Amsterdam,Amsterdam_T1,02:00:00:b5:9e:1e,2026-09-28 23:12:09,16.8,52.3425636291504,4.60301303863525,3,Heemstede,NL
Amsterdam,Amsterdam_T1,02:00:00:bd:c0:ba,2026-09-28 23:15:30,16.5,52.3423288406971,4.60312933229977,2,Heemstede,NL
Amsterdam,Amsterdam_T1,02:00:00:b4:f1:9a,2026-09-28 23:10:58,16.6,52.3455882986117,4.6028138830537,3,Heemstede,NL
Amsterdam,Amsterdam_T1,02:00:00:8d:e0:c8,2026-09-28 23:13:54,16.6,52.342843,4.623263,3,Heemstede,NL
Amsterdam,Amsterdam_T1,02:00:00:b5:4a:8a,2026-09-28 23:11:24,18.2,52.346112,4.624803,2,Heemstede,NL
Amsterdam,Amsterdam_T1,02:00:00:b2:b9:40,2026-09-28 23:18:58,16.4,52.3414526,4.6261209,3,Heemstede,NL
Amsterdam,Amsterdam_T1,02:00:00:9c:f8:c4,2026-09-28 23:11:55,16.8,52.3476130477796,4.650423771551,2,Haarlem,NL
Amsterdam,Amsterdam_T1,02:00:00:02:9b:e4,2026-09-28 23:16:47,16.7,52.347191,4.652659,1,Haarlem,NL
Amsterdam,Amsterdam_T1,02:00:00:04:5a:2e,2026-09-28 23:17:37,17.2,52.3502780958043,4.6589281529828,2,Haarlem,NL
Amsterdam,Amsterdam_T1,02:00:00:b5:52:ca,2026-09-28 23:17:19,17.0,52.3431975,4.67456669,0,Vijfhuizen,NL
Amsterdam,Amsterdam_T1,02:00:00:ab:ea:fc,2026-09-28 23:16:45,16.9,52.343516,4.674352,0,Vijfhuizen,NL
Amsterdam,Amsterdam_T1,02:00:00:2f:0c:1c,2026-09-28 23:14:09,16.7,52.3464166143002,4.67963541516469,0,Vijfhuizen,NL
Amsterdam,Amsterdam_T1,02:00:00:19:41:f0,2026-09-28 23:16:30,17.4,52.345834,4.772279,0,Badhoevedorp,NL
Amsterdam,Amsterdam_T1,02:00:00:bd:de:aa,2026-09-28 23:16:52,16.7,52.35104,4.773909,0,Amsterdam,NL
Amsterdam,Amsterdam_T1,02:00:00:ab:db:e0,2026-09-28 23:12:23,16.6,52.364787,4.52086100000004,14,Zandvoort,NL
Amsterdam,Amsterdam_T1,02:00:00:9c:d9:5e,2026-09-28 23:16:22,16.3,52.367741,4.525221,10,Zandvoort,NL
Amsterdam,Amsterdam_T1,02:00:00:a9:8b:b6,2026-09-28 23:13:34,16.4,52.3675,4.5304,6,Zandvoort,NL
Amsterdam,Amsterdam_T1,02:00:00:3c:ed:32,2026-09-28 23:15:43,16.1,52.3671946,4.54155539999998,6,Zandvoort,NL
Amsterdam,Amsterdam_T1,02:00:00:b0:97:dc,2026-09-28 23:18:36,17.2,52.367772,4.606125,2,Haarlem,NL
Amsterdam,Amsterdam_T1,02:00:00:83:99:52,2026-09-28 23:17:00,17.1,52.3554,4.6149,7,Heemstede,NL
Amsterdam,Amsterdam_T1,02:00:00:8d:db:c6,2026-09-28 23:12:48,17.7,52.36765,4.61563000000001,1,Haarlem,NL
Amsterdam,Amsterdam_T1,02:00:00:9d:10:06,2026-09-28 23:16:53,16.6,52.354224,4.625271,2,Heemstede,NL
Amsterdam,Amsterdam_T1,02:00:00:b2:b2:54,2026-09-28 23:12:49,16.9,52.357489,4.625746,4,Heemstede,NL
Amsterdam,Amsterdam_T1,02:00:00:83:fd:c4,2026-09-28 23:16:14,17.6,52.355408,4.626659,3,Heemstede,NL
Amsterdam,Amsterdam_T1,02:00:00:01:8b:04,2026-09-28 23:14:12,17.4,52.357799252269,4.64295928937645,4,Haarlem,NL
Amsterdam,Amsterdam_T1,02:00:00:1c:64:0e,2026-09-28 23:13:26,17.6,52.355164,4.663513,2,Haarlem,NL
Amsterdam,Amsterdam_T1,02:00:00:c6:26:64,2026-09-28 23:19:57,17.0,52.363718,4.662023,2,Haarlem,NL
Amsterdam,Amsterdam_T1,02:00:00:7f:9a:24,2026-09-28 23:16:40,17.0,52.3591853224633,4.66554760934741,1,Haarlem,NL
Amsterdam,Amsterdam_T1,02:00:00:29:66:d8,2026-09-28 23:17:17,17.0,52.354517,4.779536,0,Amsterdam,NL
Amsterdam,Amsterdam_T1,02:00:00:b4:f0:46,2026-09-28 23:15:50,16.9,52.3692474365234,4.5371298789978,8,Zandvoort,NL
Amsterdam,Amsterdam_T1,02:00:00:3f:4c:f4,2026-09-28 23:10:24,17.1,52.372587,4.530564,6,Zandvoort,NL
Amsterdam,Amsterdam_T1,02:00:00:12:41:12,2026-09-28 23:14:40,17.8,52.374049,4.5339304,6,Zandvoort,NL
Amsterdam,Amsterdam_T1,02:00:00:c2:32:aa,2026-09-28 23:19:15,16.5,52.372037,4.59458,8,Aerdenhout,NL
Amsterdam,Amsterdam_T1,02:00:00:b5:b1:0c,2026-09-28 23:13:08,17.2,52.3695997,4.6135729,1,Haarlem,NL
Amsterdam,Amsterdam_T1,02:00:00:c3:ec:bc,2026-09-28 23:16:40,16.5,52.3714478705273,4.62272452350821,1,Haarlem,NL
Amsterdam,Amsterdam_T1,02:00:00:c6:5f:ac,2026-09-28 23:17:31,16.4,52.371608,4.62487800000002,5,Haarlem,NL
Amsterdam,Amsterdam_T1,02:00:00:bd:fb:06,2026-09-28 23:20:17,17.2,52.3736267089844,4.61951780319214,0,Haarlem,NL
Amsterdam,Amsterdam_T1,02:00:00:83:b1:9e,2026-09-28 23:11:41,16.6,52.381217,4.641662,3,Haarlem,NL
Amsterdam,Amsterdam_T1,02:00:00:90:b9:a6,2026-09-28 23:12:28,16.7,52.3803,4.6422,2,Haarlem,NL
Amsterdam,Amsterdam_T1,02:00:00:33:d2:64,2026-09-28 23:18:23,16.6,52.3809272917764,4.64569719847814,1,Haarlem,NL
Amsterdam,Amsterdam_T1,02:00:00:a9:82:9a,2026-09-28 23:17:06,16.5,52.378145,4.670558,1,Haarlem,NL
Amsterdam,Amsterdam_T1,02:00:00:bd:02:30,2026-09-28 23:11:36,16.5,52.378145,4.670558,1,Haarlem,NL
Amsterdam,Amsterdam_T1,02:00:00:b9:44:aa,2026-09-28 23:17:49,16.7,52.375513,4.67675000000014,0,Vijfhuizen,NL
Amsterdam,Amsterdam_T1,02:00:00:27:b4:36,2026-09-28 23:12:50,18.4,52.3779792785645,4.7358570098877,0,Haarlemmermeer,NL
Amsterdam,Amsterdam_T1,02:00:00:27:4b:10,2026-09-28 23:18:01,17.9,52.37942,4.744301,0,Haarlemmermeer,NL
Amsterdam,Amsterdam_T1,02:00:00:1e:21:d8,2026-09-28 23:12:10,16.8,52.3836936950684,4.60500431060791,3,Haarlem,NL
Amsterdam,Amsterdam_T1,02:00:00:3f:4b:00,2026-09-28 23:17:54,17.1,52.3919181,4.6090654,10,Bloemendaal,NL
Amsterdam,Amsterdam_T1,02:00:00:ab:e0:5c,2026-09-28 23:10:55,16.8,52.382743416844,4.62757179341502,3,Haarlem,NL
Amsterdam,Amsterdam_T1,02:00:00:36:97:c0,2026-09-28 23:14:59,16.9,52.384901,4.618702,2,Haarlem,NL
Amsterdam,Amsterdam_T1,02:00:00:6b:2a:8e,2026-09-28 23:19:24,17.1,52.383527,4.626926,4,Haarlem,NL
Amsterdam,Amsterdam_T1,02:00:00:19:12:9e,2026-09-28 23:14:42,16.8,52.395697,4.646471,2,Haarlem,NL
Amsterdam,Amsterdam_T1,02:00:00:29:68:b8,2026-09-28 23:10:23,17.2,52.396323,4.647771,1,Haarlem,NL
Amsterdam,Amsterdam_T1,02:00:00:03:70:e8,2026-09-28 23:17:54,16.8,52.383225,4.726661,0,Zwanenburg,NL
Amsterdam,Amsterdam_T1,02:00:00:a2:6a:14,2026-09-28 23:10:37,16.0,52.383301,4.758271,4,Halfweg,NL
Amsterdam,Amsterdam_T1,02:00:00:13:52:76,2026-09-28 23:16:30,16.3,52.3991470336914,4.62305593490601,2,Bloemendaal,NL
Amsterdam,Amsterdam_T1,02:00:00:c5:40:ea,2026-09-28 23:17:53,16.8,52.400092,4.623392,4,Bloemendaal,NL
Amsterdam,Amsterdam_T1,02:00:00:83:f0:02,2026-09-28 23:14:55,16.4,52.405965,4.631168,2,Haarlem,NL
Amsterdam,Amsterdam_T1,02:00:00:65:6b:94,2026-09-28 23:16:30,16.7,52.406331,4.652223,0,Haarlem,NL
Amsterdam,Amsterdam_T1,02:00:00:1c:67:e6,2026-09-28 23:18:46,17.3,52.416089,4.628222,3,Santpoort-Zuid,NL
Amsterdam,Amsterdam_T1,02:00:00:5e:d7:a8,2026-09-28 23:18:29,16.6,52.424377,4.633687,9,Santpoort-Zuid,NL
Amsterdam,Amsterdam_T1,02:00:00:2f:2c:10,2026-09-28 23:17:10,16.4,52.4139580938156,4.64802011595694,0,Haarlem,NL
Amsterdam,Amsterdam_T1,02:00:00:a2:0a:b0,2026-09-28 23:17:40,16.6,52.418751,4.6510605,1,Haarlem,NL
Amsterdam,Amsterdam_T1,02:00:00:b9:1c:8a,2026-09-28 23:13:36,16.1,52.4189992,4.65495759999998,0,Haarlem,NL
Amsterdam,Amsterdam_T1,02:00:00:be:06:98,2026-09-28 23:09:30,16.6,52.4134979248047,4.68100881576538,0,Haarlem,NL
Amsterdam,Amsterdam_T1,02:00:00:90:b7:14,2026-09-28 23:11:33,16.9,52.41832,4.681472,0,Velserbroek,NL
Amsterdam,Amsterdam_T1,02:00:00:c6:18:2a,2026-09-28 23:12:46,16.7,52.41549,4.690098,0,Spaarndam,NL
Amsterdam,Amsterdam_T1,02:00:00:a2:25:f2,2026-09-28 23:16:01,16.2,52.430885,4.633629,5,Santpoort-Noord,NL
Amsterdam,Amsterdam_T1,02:00:00:6b:54:fc,2026-09-28 23:17:49,16.2,52.43138,4.637592,7,Santpoort-Noord,NL
Amsterdam,Amsterdam_T1,02:00:00:1f:64:4e,2026-09-28 23:10:00,16.8,52.430948,4.651523,0,Velserbroek,NL
Amsterdam,Amsterdam_T1,02:00:00:34:06:e2,2026-09-28 23:11:20,17.1,52.43278,4.654448,3,Velserbroek,NL
Amsterdam,Amsterdam_T1,02:00:00:b5:b6:ae,2026-09-28 23:19:15,17.8,52.4339768,4.6563109,1,Velsen,NL
Amsterdam,Amsterdam_T1,02:00:00:ab:ec:c4,2026-09-28 23:10:41,16.5,52.4282927,4.6653309,0,Velserbroek,NL
Amsterdam,Amsterdam_T1,02:00:00:bd:ec:92,2026-09-28 23:14:18,16.9,52.4288634,4.67031360000004,0,Velserbroek,NL
Amsterdam,Amsterdam_T1,02:00:00:b5:4b:32,2026-09-28 23:11:32,17.7,52.4319432,4.78043320000006,0,Westzaan,NL
Amsterdam,Amsterdam_T1,02:00:00:bc:b6:d4,2026-09-28 23:17:50,16.9,52.4456,4.5918,11,IJmuiden,NL
Amsterdam,Amsterdam_T1,02:00:00:b2:aa:ac,2026-09-28 23:11:20,16.6,52.448609,4.590747,10,IJmuiden,NL
Amsterdam,Amsterdam_T1,02:00:00:7f:98:e4,2026-09-28 23:16:54,16.7,52.4443464,4.6335944,7,Driehuis NH,NL
Amsterdam,Amsterdam_T1,02:00:00:a9:65:06,2026-09-28 23:17:22,16.6,52.4453624156696,4.63662952934719,6,Driehuis NH,NL
Amsterdam,Amsterdam_T1,02:00:00:27:13:90,2026-09-28 23:19:39,17.2,52.44252,4.65480000000011,2,Velserbroek,NL
Amsterdam,Amsterdam_T1,02:00:00:9c:fa:06,2026-09-28 23:13:13,17.5,52.4489951330939,4.64108121865961,6,Driehuis NH,NL
Amsterdam,Amsterdam_T1,02:00:00:b5:93:86,2026-09-28 23:11:35,16.7,52.443132,4.68768400000007,0,Velsen-Zuid,NL
Amsterdam,Amsterdam_T1,02:00:00:c2:48:08,2026-09-28 23:19:18,17.5,52.462179,4.59518099999997,12,IJmuiden,NL
Amsterdam,Amsterdam_T1,02:00:00:6b:9c:56,2026-09-28 23:19:36,16.5,52.4615355374391,4.62213646156055,7,IJmuiden,NL
Amsterdam,Amsterdam_T1,02:00:00:8d:c5:b8,2026-09-28 23:10:17,16.2,52.481261073535,4.65143322944641,3,Beverwijk,NL
Amsterdam,Amsterdam_T1,02:00:00:84:22:f4,2026-09-28 23:17:07,16.4,52.481763,4.649305,4,Beverwijk,NL
Amsterdam,Amsterdam_T1,02:00:00:73:c3:3e,2026-09-28 23:15:22,16.8,52.469413,4.748364,0,Assendelft,NL
Amsterdam,Amsterdam_T1,02:00:00:a2:60:a8,2026-09-28 23:11:31,16.8,52.4727440027025,4.74969940572919,0,Assendelft,NL
Amsterdam,Amsterdam_T1,02:00:00:9d:10:20,2026-09-28 23:15:02,16.6,52.4824444122797,4.75732270451103,0,Assendelft,NL
Amsterdam,Amsterdam_T2,02:00:00:b9:1a:3c,2026-09-28 23:17:13,16.5,52.493042,5.07125,0,Volendam,NL
Amsterdam,Amsterdam_T2,02:00:00:1e:28:64,2026-09-28 23:13:43,16.8,52.5012,5.0626,0,Volendam,NL
Amsterdam,Amsterdam_T2,02:00:00:bd:f1:80,2026-09-28 23:19:32,16.6,52.5039741486075,5.06583976745605,0,Edam-Volendam,NL
Amsterdam,Amsterdam_T2,02:00:00:2d:00:08,2026-09-28 23:13:49,17.2,52.510217,5.066857,0,Edam,NL
Amsterdam,Amsterdam_T2,02:00:00:84:70:bc,2026-09-28 23:14:57,16.5,52.513283,5.074401,0,Volendam,NL
Amsterdam,Amsterdam_T2,02:00:00:a9:d4:76,2026-09-28 23:18:06,16.2,52.636438,5.157458,0,Wijdenes,NL
Amsterdam,Amsterdam_T2,02:00:00:65:41:36,2026-09-28 23:13:36,16.4,52.640045,5.064139,3,Hoorn,NL
Amsterdam,Amsterdam_T2,02:00:00:3f:02:7a,2026-09-28 23:11:54,16.1,52.646076,5.07353,1,Hoorn,NL
Amsterdam,Amsterdam_T2,02:00:00:2f:35:a2,2026-09-28 23:10:15,16.3,52.6429770416675,5.077702583676,0,Hoorn,NL
Amsterdam,Amsterdam_T2,02:00:00:65:84:72,2026-09-28 23:14:51,16.9,52.6471319,5.0887278,0,Hoorn,NL
Amsterdam,Amsterdam_T2,02:00:00:22:ea:76,2026-09-28 23:13:33,16.3,52.6533,5.0955,0,Hoorn,NL
Amsterdam,Amsterdam_T2,02:00:00:b5:76:28,2026-09-28 23:14:17,16.4,52.652831,5.100056,0,Hoorn,NL
Amsterdam,Amsterdam_T2,02:00:00:29:43:f2,2026-09-28 23:11:32,17.9,52.313681,5.148801,6,Naarden,NL
Amsterdam,Amsterdam_T2,02:00:00:8d:c2:62,2026-09-28 23:13:51,16.9,52.3290573,5.06640220000001,2,Muiden,NL
Amsterdam,Amsterdam_T2,02:00:00:bd:eb:f2,2026-09-28 23:14:55,16.4,52.328728,5.06968,3,Muiden,NL
Amsterdam,Amsterdam_T2,02:00:00:32:d5:be,2026-09-28 23:15:45,16.9,52.329636,5.070703,1,Muiden,NL
Amsterdam,Amsterdam_T2,02:00:00:a9:a8:50,2026-09-28 23:17:52,16.3,52.328905,5.119063,4,Muiderberg,NL
Amsterdam,Amsterdam_T2,02:00:00:90:d2:d0,2026-09-28 23:14:03,17.1,52.326425,5.12370000000006,4,Muiderberg,NL
Amsterdam,Amsterdam_T2,02:00:00:ab:ea:9e,2026-09-28 23:19:13,16.7,52.326316,5.126179,3,Muiderberg,NL
Amsterdam,Amsterdam_T2,02:00:00:36:e2:78,2026-09-28 23:19:24,17.3,52.3371049,5.1901735,0,Almere,NL
Amsterdam,Amsterdam_T2,02:00:00:2b:f1:24,2026-09-28 23:18:17,17.3,52.3379513,5.19054610000001,0,Almere,NL
Amsterdam,Amsterdam_T2,02:00:00:90:ac:fe,2026-09-28 23:17:49,17.1,52.338809,5.200362,0,Almere,NL
Amsterdam,Amsterdam_T2,02:00:00:9d:29:10,2026-09-28 23:13:52,16.8,52.337369,5.21375,0,Almere,NL
Amsterdam,Amsterdam_T2,02:00:00:31:dc:12,2026-09-28 23:10:45,17.0,52.334232157563,5.23541811712221,0,Almere,NL
Amsterdam,Amsterdam_T2,02:00:00:53:23:2a,2026-09-28 23:18:55,16.9,52.3393783027795,5.30971791315298,0,Almere,NL
Amsterdam,Amsterdam_T2,02:00:00:2e:b5:4c,2026-09-28 23:16:18,16.8,52.3430088208381,5.19504211113633,0,Almere,NL
Amsterdam,Amsterdam_T2,02:00:00:b8:f6:48,2026-09-28 23:18:37,17.0,52.3406143188477,5.20010089874268,0,Almere,NL
Amsterdam,Amsterdam_T2,02:00:00:b5:8d:ac,2026-09-28 23:11:55,16.5,52.34163,5.2166333,0,Almere,NL
Amsterdam,Amsterdam_T2,02:00:00:2c:c4:84,2026-09-28 23:11:07,17.1,52.3477676,5.2148857,0,Almere,NL
Amsterdam,Amsterdam_T2,02:00:00:bd:f8:fa,2026-09-28 23:15:34,16.8,52.3424109,5.2190179,0,Almere,NL
Amsterdam,Amsterdam_T2,02:00:00:a9:4b:e8,2026-09-28 23:20:18,17.5,52.341175,5.302236,0,Almere,NL
Amsterdam,Amsterdam_T2,02:00:00:c3:74:e2,2026-09-28 23:20:21,17.3,52.339954,5.30997100000004,0,Almere,NL
Amsterdam,Amsterdam_T2,02:00:00:7f:d1:d8,2026-09-28 23:10:23,16.7,52.348241,5.314836,0,Almere,NL
Amsterdam,Amsterdam_T2,02:00:00:27:45:f2,2026-09-28 23:15:34,16.6,52.339923,5.322713,0,Almere,NL
Amsterdam,Amsterdam_T2,02:00:00:a2:74:d6,2026-09-28 23:11:53,16.8,52.3410034179688,5.32753562927246,0,Almere,NL
Amsterdam,Amsterdam_T2,02:00:00:c2:7c:f4,2026-09-28 23:19:28,16.8,52.342907,5.329785,0,Almere,NL
Amsterdam,Amsterdam_T2,02:00:00:83:bd:82,2026-09-28 23:12:58,16.7,52.355964,5.150352,0,Almere,NL
Amsterdam,Amsterdam_T2,02:00:00:20:a9:28,2026-09-28 23:10:55,17.1,52.3552207946777,5.15794372558594,0,Almere,NL
Amsterdam,Amsterdam_T2,02:00:00:1f:41:a2,2026-09-28 23:17:28,16.9,52.359159,5.157519,0,Almere,NL
Amsterdam,Amsterdam_T2,02:00:00:bd:f3:22,2026-09-28 23:11:25,17.0,52.3556832426708,5.17759948959218,0,Almere,NL
Amsterdam,Amsterdam_T2,02:00:00:7f:8b:a0,2026-09-28 23:14:27,16.5,52.356455,5.190885,0,Almere,NL
Amsterdam,Amsterdam_T2,02:00:00:33:47:ca,2026-09-28 23:10:34,17.3,52.358981,5.19882,0,Almere,NL
Amsterdam,Amsterdam_T2,02:00:00:b0:ae:d8,2026-09-28 23:12:47,16.5,52.360618,5.200786,0,Almere,NL
Amsterdam,Amsterdam_T2,02:00:00:06:11:d6,2026-09-28 23:19:26,16.8,52.3658206,5.2116575,0,Almere,NL
Amsterdam,Amsterdam_T2,02:00:00:a9:dd:34,2026-09-28 23:11:46,16.9,52.3663002,5.2148177,0,Almere,NL
Amsterdam,Amsterdam_T2,02:00:00:83:cc:f8,2026-09-28 23:18:44,16.6,52.365,5.225,3,Almere,NL
Amsterdam,Amsterdam_T2,02:00:00:01:e3:f6,2026-09-28 23:12:39,16.5,52.36436,5.23972999999998,0,Almere,NL
Amsterdam,Amsterdam_T2,02:00:00:33:e0:2c,2026-09-28 23:19:42,16.6,52.36486,5.240825,0,Almere,NL
Amsterdam,Amsterdam_T2,02:00:00:33:c7:d4,2026-09-28 23:17:12,17.4,52.360932,5.246658,0,Almere,NL
Amsterdam,Amsterdam_T2,02:00:00:65:51:8c,2026-09-28 23:18:41,17.2,52.361416,5.254412,0,Almere,NL
Amsterdam,Amsterdam_T2,02:00:00:27:5a:b2,2026-09-28 23:17:10,17.1,52.362427,5.25434,0,Almere,NL
Amsterdam,Amsterdam_T2,02:00:00:9d:00:80,2026-09-28 23:13:26,16.9,52.367319,5.260293,0,Almere,NL
Amsterdam,Amsterdam_T2,02:00:00:74:32:de,2026-09-28 23:12:30,17.1,52.355048,5.27963999999998,0,Almere,NL
Amsterdam,Amsterdam_T2,02:00:00:a9:83:8c,2026-09-28 23:14:47,17.1,52.357345,5.286959,0,Almere,NL
Amsterdam,Amsterdam_T2,02:00:00:c5:43:2c,2026-09-28 23:19:36,16.8,52.357934,5.287744,0,Almere,NL
Amsterdam,Amsterdam_T2,02:00:00:b2:a4:f6,2026-09-28 23:16:28,16.9,52.356743,5.305346,0,Almere,NL
Amsterdam,Amsterdam_T2,02:00:00:7f:d9:58,2026-09-28 23:16:56,17.1,52.35486,5.306933,0,Almere,NL
Amsterdam,Amsterdam_T2,02:00:00:b9:58:8a,2026-09-28 23:10:35,16.7,52.357433,5.307289,0,Almere,NL
Amsterdam,Amsterdam_T2,02:00:00:bc:b5:26,2026-09-28 23:17:10,16.5,52.370647,5.189115,0,Almere,NL
Amsterdam,Amsterdam_T2,02:00:00:28:aa:08,2026-09-28 23:14:14,16.7,52.3726348876953,5.18710041046143,0,Almere,NL
Amsterdam,Amsterdam_T2,02:00:00:5f:51:f6,2026-09-28 23:14:00,16.6,52.3763868010158,5.18871491122013,0,Almere,NL
Amsterdam,Amsterdam_T2,02:00:00:52:d5:9e,2026-09-28 23:12:55,17.1,52.3698,5.213,0,Almere,NL
Amsterdam,Amsterdam_T2,02:00:00:70:55:78,2026-09-28 23:11:23,17.3,52.368492,5.219494,0,Almere,NL
Amsterdam,Amsterdam_T2,02:00:00:53:48:18,2026-09-28 23:18:51,17.0,52.37066,5.233283,0,Almere,NL
Amsterdam,Amsterdam_T2,02:00:00:b9:1a:4e,2026-09-28 23:12:10,17.0,52.3704528808594,5.23384428024292,0,Almere,NL
Amsterdam,Amsterdam_T2,02:00:00:00:2e:ae,2026-09-28 23:12:55,16.9,52.38126,5.24338,0,Almere,NL
Amsterdam,Amsterdam_T2,02:00:00:b5:6d:e8,2026-09-28 23:15:40,16.7,52.374999,5.254935,0,Almere,NL
Amsterdam,Amsterdam_T2,02:00:00:63:38:56,2026-09-28 23:16:11,16.9,52.380046,5.256249,0,Almere,NL
Amsterdam,Amsterdam_T2,02:00:00:73:c6:2e,2026-09-28 23:13:00,16.9,52.380726,5.257692,0,Almere,NL
Amsterdam,Amsterdam_T2,02:00:00:03:7c:78,2026-09-28 23:13:10,16.1,52.391575,5.177948,0,Almere,NL
Amsterdam,Amsterdam_T2,02:00:00:53:5c:9c,2026-09-28 23:16:06,16.2,52.3900854363991,5.20024865531923,0,Almere,NL
Amsterdam,Amsterdam_T2,02:00:00:9b:58:5a,2026-09-28 23:13:04,16.7,52.393024667432,5.2090859413147,0,Almere,NL
Amsterdam,Amsterdam_T2,02:00:00:17:7b:d4,2026-09-28 23:10:34,17.3,52.383191,5.221105,0,Almere,NL
Amsterdam,Amsterdam_T2,02:00:00:84:5a:ae,2026-09-28 23:11:35,16.7,52.3883,5.224379,0,Almere,NL
Amsterdam,Amsterdam_T2,02:00:00:00:ad:54,2026-09-28 23:11:10,17.6,52.3838005065918,5.22709989547729,0,Almere,NL
Amsterdam,Amsterdam_T2,02:00:00:a4:6d:b2,2026-09-28 23:16:58,16.6,52.388077,5.240579,0,Almere,NL
Amsterdam,Amsterdam_T2,02:00:00:b9:5a:5a,2026-09-28 23:12:17,16.5,52.3845863342285,5.24989986419678,0,Almere,NL
Amsterdam,Amsterdam_T2,02:00:00:7f:9e:de,2026-09-28 23:17:51,16.6,52.384025,5.25010500000001,0,Almere,NL
Amsterdam,Amsterdam_T2,02:00:00:58:e1:26,2026-09-28 23:16:20,16.7,52.384533,5.252609,0,Almere,NL
Amsterdam,Amsterdam_T2,02:00:00:58:bf:ca,2026-09-28 23:13:09,16.7,52.38307,5.265491,0,Almere,NL
Amsterdam,Amsterdam_T2,02:00:00:3d:1b:4c,2026-09-28 23:10:13,17.1,52.3837937593531,5.27678767891788,0,Almere,NL
Amsterdam,Amsterdam_T2,02:00:00:bd:e8:f0,2026-09-28 23:18:23,16.7,52.3959675,5.3090496,0,Almere,NL
Amsterdam,Amsterdam_T2,02:00:00:71:39:50,2026-09-28 23:13:04,16.9,52.39723,5.164732,0,Almere,NL
Amsterdam,Amsterdam_T2,02:00:00:1f:4f:22,2026-09-28 23:11:48,16.8,52.3979296375149,5.16967981825021,0,Almere,NL
Amsterdam,Amsterdam_T2,02:00:00:33:21:aa,2026-09-28 23:10:48,16.7,52.3975487,5.25251060000002,0,Almere,NL
Amsterdam,Amsterdam_T2,02:00:00:83:e8:7e,2026-09-28 23:16:22,16.5,52.397284,5.254051,0,Almere,NL
Amsterdam,Amsterdam_T2,02:00:00:65:44:b2,2026-09-28 23:20:01,16.6,52.4001681563975,5.27203023477341,0,Almere,NL
Amsterdam,Amsterdam_T2,02:00:00:b2:ba:be,2026-09-28 23:13:36,16.8,52.3992347717285,5.2774977684021,0,Almere,NL
Amsterdam,Amsterdam_T2,02:00:00:9c:dc:e4,2026-09-28 23:17:44,16.8,52.400918,5.274714,0,Almere,NL
Amsterdam,Amsterdam_T2,02:00:00:03:cb:e8,2026-09-28 23:10:10,16.7,52.404926,5.287006,0,Almere,NL
Amsterdam,Amsterdam_T2,02:00:00:7a:83:18,2026-09-28 23:14:05,17.8,52.397218,5.30246,0,Almere,NL
Amsterdam,Amsterdam_T2,02:00:00:c2:45:22,2026-09-28 23:15:42,16.9,52.40461,5.301997,0,Almere,NL
Amsterdam,Amsterdam_T2,02:00:00:12:9c:64,2026-09-28 23:13:34,17.1,52.398632,5.308742,0,Almere,NL
Amsterdam,Amsterdam_T2,02:00:00:7f:d3:7a,2026-09-28 23:16:37,16.8,52.3993820578264,5.32481566205385,0,Almere,NL
Amsterdam,Amsterdam_T2,02:00:00:74:7c:9e,2026-09-28 23:18:29,16.3,52.414947,5.280712,0,Almere,NL
Amsterdam,Amsterdam_T2,02:00:00:a9:d3:92,2026-09-28 23:10:17,16.8,52.430297,5.077604,0,Uitdam,NL
Amsterdam,Amsterdam_T2,02:00:00:7f:b2:de,2026-09-28 23:19:09,16.9,52.457411,5.102286,1,Marken,NL
Amsterdam,Amsterdam_T2,02:00:00:ab:e9:c0,2026-09-28 23:14:25,16.6,52.456592,5.107932,0,Marken,NL
Amsterdam,Amsterdam_T2,02:00:00:58:e6:76,2026-09-28 23:11:45,16.9,52.460474,5.102583,1,Marken,NL
Amsterdam,Amsterdam_T3,02:00:00:2c:b8:78,2026-09-28 23:12:12,17.0,52.1517178597221,4.94924400000001,0,Kockengen,NL
Amsterdam,Amsterdam_T3,02:00:00:9d:25:4e,2026-09-28 23:14:30,16.9,52.15058,4.95477000000003,0,Kockengen,NL
Amsterdam,Amsterdam_T3,02:00:00:01:50:b6,2026-09-28 23:14:00,17.0,52.1411799412661,5.01502234507166,0,Maarssen,NL
Amsterdam,Amsterdam_T3,02:00:00:13:51:2c,2026-09-28 23:11:47,16.8,52.1396417101006,5.0186761524582,0,Maarssen,NL
Amsterdam,Amsterdam_T3,02:00:00:9c:f9:4a,2026-09-28 23:11:38,16.7,52.1400375366211,5.04170799255371,2,Maarssen,NL
Amsterdam,Amsterdam_T3,02:00:00:04:6a:e8,2026-09-28 23:18:45,16.9,52.140233,5.042324,2,Stichtse Vecht,NL
Amsterdam,Amsterdam_T3,02:00:00:00:f7:a2,2026-09-28 23:13:35,17.3,52.1404276175265,5.04727728441715,2,Stichtse Vecht,NL
Amsterdam,Amsterdam_T3,02:00:00:c6:20:d8,2026-09-28 23:10:50,16.8,52.1657755,5.0004309,0,Breukelen,NL
Amsterdam,Amsterdam_T3,02:00:00:9b:60:ca,2026-09-28 23:10:22,16.5,52.1661071777344,4.99944877624512,0,Stichtse Vecht,NL
Amsterdam,Amsterdam_T3,02:00:00:b5:b2:22,2026-09-28 23:14:16,16.9,52.180305,4.866178,0,Wilnis,NL
Amsterdam,Amsterdam_T3,02:00:00:31:b2:30,2026-09-28 23:17:07,16.6,52.179563,5.020723,0,Breukelen,NL
Amsterdam,Amsterdam_T3,02:00:00:9b:59:44,2026-09-28 23:20:10,17.1,52.175474,5.027806,0,Breukelen,NL
Amsterdam,Amsterdam_T3,02:00:00:b9:1f:00,2026-09-28 23:19:05,16.6,52.1843654615619,4.8412770498544,0,Mijdrecht,NL
Amsterdam,Amsterdam_T3,02:00:00:9c:de:20,2026-09-28 23:15:38,17.0,52.1958658,4.86264180000002,0,Mijdrecht,NL
Amsterdam,Amsterdam_T3,02:00:00:5f:44:8a,2026-09-28 23:18:52,16.8,52.1946220397949,4.864089012146,0,De Ronde Venen,NL
Amsterdam,Amsterdam_T3,02:00:00:3f:28:4e,2026-09-28 23:19:10,17.6,52.1885295082791,4.98983681201935,0,Nieuwer Ter Aa,NL
Amsterdam,Amsterdam_T3,02:00:00:39:f9:dc,2026-09-28 23:12:30,17.2,52.202356,4.852284,0,Mijdrecht,NL
Amsterdam,Amsterdam_T3,02:00:00:c2:8b:66,2026-09-28 23:20:24,17.4,52.2024134198857,4.86232912167743,0,De Ronde Venen,NL
Amsterdam,Amsterdam_T3,02:00:00:36:9e:aa,2026-09-28 23:13:54,16.6,52.1987979923771,4.88789952274533,0,De Ronde Venen,NL
Amsterdam,Amsterdam_T3,02:00:00:c3:8b:28,2026-09-28 23:17:02,16.7,52.204623,4.888187,0,Wilnis,NL
Amsterdam,Amsterdam_T3,02:00:00:83:b6:18,2026-09-28 23:18:01,16.8,52.202717,4.896717,0,Wilnis,NL
Amsterdam,Amsterdam_T3,02:00:00:59:08:9a,2026-09-28 23:19:14,18.0,52.206286,4.920018,0,Vinkeveen,NL
Amsterdam,Amsterdam_T3,02:00:00:37:28:66,2026-09-28 23:15:06,17.6,52.208307,4.923314,0,Vinkeveen,NL
Amsterdam,Amsterdam_T3,02:00:00:52:d3:e8,2026-09-28 23:13:18,16.5,52.2057798738149,5.01490716822919,0,Loenen aan de Vecht,NL
Amsterdam,Amsterdam_T3,02:00:00:1f:7e:84,2026-09-28 23:16:54,17.0,52.208085,5.015193,0,Loenen aan de Vecht,NL
Amsterdam,Amsterdam_T3,02:00:00:5e:f1:70,2026-09-28 23:12:28,16.8,52.209506,5.015637,0,Loenen aan de Vecht,NL
Amsterdam,Amsterdam_T3,02:00:00:bc:d2:3a,2026-09-28 23:11:09,16.5,52.2071006719862,5.01808721691921,0,Loenen aan de Vecht,NL
Amsterdam,Amsterdam_T3,02:00:00:05:ef:2e,2026-09-28 23:13:14,17.0,52.212317,4.861425,0,De Ronde Venen,NL
Amsterdam,Amsterdam_T3,02:00:00:bd:eb:2a,2026-09-28 23:19:10,16.7,52.2142662937636,4.86259564698173,0,De Ronde Venen,NL
Amsterdam,Amsterdam_T3,02:00:00:83:9c:f6,2026-09-28 23:11:18,16.7,52.214242,4.868094,0,Mijdrecht,NL
Amsterdam,Amsterdam_T3,02:00:00:14:48:30,2026-09-28 23:15:38,17.3,52.214024,5.026552,0,Loenen aan de Vecht,NL
Amsterdam,Amsterdam_T3,02:00:00:c3:91:d0,2026-09-28 23:19:57,16.7,52.236612,4.807596,0,Uithoorn,NL
Amsterdam,Amsterdam_T3,02:00:00:7f:d0:c6,2026-09-28 23:13:46,16.9,52.234147,4.812691,0,Uithoorn,NL
Amsterdam,Amsterdam_T3,02:00:00:a4:24:e0,2026-09-28 23:15:51,17.5,52.238764,4.819495,0,Uithoorn,NL
Amsterdam,Amsterdam_T3,02:00:00:2d:08:dc,2026-09-28 23:13:27,16.7,52.232,4.8319,0,Amstelhoek,NL
Amsterdam,Amsterdam_T3,02:00:00:9c:dd:36,2026-09-28 23:19:01,17.0,52.237927,4.829257,0,Uithoorn,NL
Amsterdam,Amsterdam_T3,02:00:00:c2:87:00,2026-09-28 23:16:28,17.0,52.238525,4.967143,0,Vinkeveen,NL
Amsterdam,Amsterdam_T3,02:00:00:32:c6:08,2026-09-28 23:20:10,16.9,52.2411689758301,4.79375600814819,0,Uithoorn,NL
Amsterdam,Amsterdam_T3,02:00:00:58:75:48,2026-09-28 23:12:37,16.8,52.249742,4.801575,0,Uithoorn,NL
Amsterdam,Amsterdam_T3,02:00:00:c2:3d:10,2026-09-28 23:14:54,16.8,52.2475852966309,4.80956983566284,0,Uithoorn,NL
Amsterdam,Amsterdam_T3,02:00:00:74:4d:d2,2026-09-28 23:15:55,17.2,52.252629,4.81731699999996,0,Uithoorn,NL
Amsterdam,Amsterdam_T3,02:00:00:52:ea:00,2026-09-28 23:12:46,17.0,52.2513635184711,4.82396519849737,0,Uithoorn,NL
Amsterdam,Amsterdam_T3,02:00:00:af:23:1a,2026-09-28 23:13:21,17.8,52.24463,4.83123,0,Uithoorn,NL
Amsterdam,Amsterdam_T3,02:00:00:a9:69:f8,2026-09-28 23:18:47,16.8,52.249231,4.963806,0,Vinkeveen,NL
Amsterdam,Amsterdam_T3,02:00:00:90:96:08,2026-09-28 23:15:18,16.8,52.25234,4.956786,0,Vinkeveen,NL
Amsterdam,Amsterdam_T3,02:00:00:a4:6b:32,2026-09-28 23:17:37,16.9,52.25339,4.959288,0,Vinkeveen,NL
Amsterdam,Amsterdam_T3,02:00:00:2e:95:68,2026-09-28 23:11:35,16.8,52.242711,5.04575,0,Vreeland,NL
Amsterdam,Amsterdam_T3,02:00:00:a4:37:4a,2026-09-28 23:20:22,16.6,52.2536454,5.04736049999997,0,Nederhorst den Berg,NL
Amsterdam,Amsterdam_T3,02:00:00:b8:ea:a2,2026-09-28 23:16:51,17.7,52.2659683227539,4.97129917144775,0,Abcoude,NL
Amsterdam,Amsterdam_T3,02:00:00:29:47:02,2026-09-28 23:12:08,16.9,52.2751,4.7914,0,Aalsmeer,NL
Amsterdam,Amsterdam_T3,02:00:00:52:f7:46,2026-09-28 23:20:03,17.0,52.279845,4.799226,0,Aalsmeer,NL
Amsterdam,Amsterdam_T3,02:00:00:af:5c:a8,2026-09-28 23:17:50,16.6,52.279588,4.807665,0,Aalsmeer,NL
Amsterdam,Amsterdam_T3,02:00:00:58:c4:5a,2026-09-28 23:19:42,17.0,52.27291,4.8268547,0,Amstelveen,NL
Amsterdam,Amsterdam_T3,02:00:00:a9:b5:5c,2026-09-28 23:18:01,17.6,52.279322,4.819633,0,Amstelveen,NL
Amsterdam,Amsterdam_T3,02:00:00:b5:b6:fe,2026-09-28 23:20:02,17.0,52.2803576108898,4.83137900000014,0,Amstelveen,NL
Amsterdam,Amsterdam_T3,02:00:00:2b:50:5e,2026-09-28 23:16:37,17.1,52.2791747,4.84435499999995,0,Amstelveen,NL
Amsterdam,Amsterdam_T3,02:00:00:01:d5:c4,2026-09-28 23:17:47,17.1,52.2782201990729,4.84656731118297,0,Amstelveen,NL
Amsterdam,Amsterdam_T3,02:00:00:64:38:08,2026-09-28 23:13:19,17.4,52.277126,4.855131,0,Amstelveen,NL
Amsterdam,Amsterdam_T3,02:00:00:b5:20:34,2026-09-28 23:13:54,17.9,52.270742,4.881992,0,Ouderkerk aan de Amstel,NL
Amsterdam,Amsterdam_T3,02:00:00:2e:c1:6c,2026-09-28 23:17:49,17.2,52.271179,4.963509,0,Abcoude,NL
Amsterdam,Amsterdam_T3,02:00:00:2a:d6:7a,2026-09-28 23:19:56,17.5,52.2696126098744,4.96684000945569,0,De Ronde Venen,NL
Amsterdam,Amsterdam_T3,02:00:00:c3:94:ca,2026-09-28 23:19:09,16.5,52.275266,5.048392,0,Nederhorst den Berg,NL
Amsterdam,Amsterdam_T3,02:00:00:90:8f:d2,2026-09-28 23:17:46,16.8,52.28312,4.82091999999998,0,Amstelveen,NL
Amsterdam,Amsterdam_T3,02:00:00:a4:1c:84,2026-09-28 23:19:53,17.1,52.2838261,4.82931780000006,0,Amstelveen,NL
Amsterdam,Amsterdam_T3,02:00:00:52:c6:8a,2026-09-28 23:10:42,17.2,52.290750006649,4.8284928930409,0,Amstelveen,NL
Amsterdam,Amsterdam_T3,02:00:00:bd:f9:58,2026-09-28 23:16:51,17.1,52.283669,4.847141,0,Amstelveen,NL
Amsterdam,Amsterdam_T3,02:00:00:1d:e4:b2,2026-09-28 23:11:59,17.5,52.2832132669251,4.85250011221136,0,Amstelveen,NL
Amsterdam,Amsterdam_T3,02:00:00:b5:0c:6c,2026-09-28 23:18:59,17.4,52.29291,4.862722,0,Amstelveen,NL
Amsterdam,Amsterdam_T3,02:00:00:7f:c0:3a,2026-09-28 23:14:46,17.3,52.291911,4.864234,0,Amstelveen,NL
Amsterdam,Amsterdam_T3,02:00:00:01:9c:20,2026-09-28 23:14:50,17.2,52.290428,4.906343,4,Ouder-Amstel,NL
Amsterdam,Amsterdam_T3,02:00:00:58:bb:aa,2026-09-28 23:20:28,16.9,52.291399,4.906819,0,Ouder-Amstel,NL
Amsterdam,Amsterdam_T3,02:00:00:bd:fa:d8,2026-09-28 23:11:38,16.7,52.2940673828125,4.90632486343384,0,Ouder-Amstel,NL
Amsterdam,Amsterdam_T3,02:00:00:bd:bf:ee,2026-09-28 23:13:15,17.0,52.293971,4.969643,0,Amsterdam,NL
Amsterdam,Amsterdam_T3,02:00:00:a9:e1:5c,2026-09-28 23:20:12,16.8,52.2913856506348,4.98309993743896,0,Amsterdam,NL
Amsterdam,Amsterdam_T3,02:00:00:70:5c:6e,2026-09-28 23:18:18,16.6,52.295512,4.99334,1,Amsterdam,NL
Amsterdam,Amsterdam_T3,02:00:00:84:4f:60,2026-09-28 23:13:51,16.4,52.308615,4.846179,0,Amstelveen,NL
Amsterdam,Amsterdam_T3,02:00:00:63:12:64,2026-09-28 23:14:48,17.1,52.3035226248921,4.85305577851774,0,Amstelveen,NL
Amsterdam,Amsterdam_T3,02:00:00:00:c8:ee,2026-09-28 23:15:23,17.3,52.3100964,4.85365419999994,0,Amstelveen,NL
Amsterdam,Amsterdam_T3,02:00:00:b2:bb:b6,2026-09-28 23:11:17,17.3,52.3053878161142,4.85834112407841,0,Amstelveen,NL
Amsterdam,Amsterdam_T3,02:00:00:31:b5:52,2026-09-28 23:18:37,18.6,52.3018417358398,4.87595748901367,0,Amstelveen,NL
Amsterdam,Amsterdam_T3,02:00:00:2b:42:8e,2026-09-28 23:20:41,16.9,52.2987889273546,4.90443549467524,0,Ouderkerk aan de Amstel,NL
Amsterdam,Amsterdam_T3,02:00:00:01:3d:1e,2026-09-28 23:18:34,16.9,52.3109,4.9453,2,Amsterdam,NL
Amsterdam,Amsterdam_T3,02:00:00:53:58:44,2026-09-28 23:14:37,16.9,52.30087,4.959429,0,Amsterdam,NL
Amsterdam,Amsterdam_T3,02:00:00:63:1b:64,2026-09-28 23:17:56,17.4,52.303522,4.968488,0,Amsterdam,NL
Amsterdam,Amsterdam_T3,02:00:00:bd:d6:82,2026-09-28 23:18:00,17.2,52.2994499206543,4.97056102752686,0,Amsterdam,NL
Amsterdam,Amsterdam_T3,02:00:00:b5:98:ba,2026-09-28 23:14:52,17.1,52.2985992431641,4.97279977798462,1,Amsterdam,NL
Amsterdam,Amsterdam_T3,02:00:00:3b:fd:5e,2026-09-28 23:19:15,17.2,52.306607,5.037148,5,Weesp,NL
Amsterdam,Amsterdam_T3,02:00:00:90:bd:86,2026-09-28 23:19:54,16.3,52.305363,5.039419,5,Weesp,NL
Amsterdam,Amsterdam_T3,02:00:00:b5:73:e8,2026-09-28 23:13:24,16.6,52.301728,5.041241,0,Weesp,NL
Amsterdam,Amsterdam_T3,02:00:00:c3:de:1c,2026-09-28 23:19:24,16.7,52.3050727844238,5.04161167144775,2,Weesp,NL
Amsterdam,Amsterdam_T3,02:00:00:5f:35:68,2026-09-28 23:18:54,16.6,52.149227142334,4.50348806381226,2,Leiden,NL
Amsterdam,Amsterdam_T3,02:00:00:c5:38:26,2026-09-28 23:17:41,17.5,52.141874,4.512709,0,Zoeterwoude,NL
Amsterdam,Amsterdam_T3,02:00:00:01:42:9e,2026-09-28 23:11:45,17.0,52.140906,4.534202,1,Zoeterwoude,NL
Amsterdam,Amsterdam_T3,02:00:00:02:77:5e,2026-09-28 23:10:41,18.5,52.1448411184345,4.52764477723822,0,Leiderdorp,NL
Amsterdam,Amsterdam_T3,02:00:00:71:18:6c,2026-09-28 23:15:07,17.6,52.149816,4.527551,0,Leiderdorp,NL
Amsterdam,Amsterdam_T3,02:00:00:a9:52:dc,2026-09-28 23:16:50,16.6,52.1443095,4.6508122,0,Alphen aan den Rijn,NL
Amsterdam,Amsterdam_T3,02:00:00:90:f7:7a,2026-09-28 23:20:11,16.8,52.146214,4.6518717,0,Alphen aan den Rijn,NL
Amsterdam,Amsterdam_T3,02:00:00:3c:ef:cc,2026-09-28 23:15:39,16.8,52.14854,4.65507000000011,1,Alphen aan den Rijn,NL
Amsterdam,Amsterdam_T3,02:00:00:01:6c:1c,2026-09-28 23:17:49,16.8,52.1399723999613,4.67088000000008,0,Alphen aan den Rijn,NL
Amsterdam,Amsterdam_T3,02:00:00:74:7a:b2,2026-09-28 23:16:12,16.8,52.141687,4.666902,0,Alphen aan den Rijn,NL
Amsterdam,Amsterdam_T3,02:00:00:b5:b1:54,2026-09-28 23:17:04,16.7,52.1509846,4.6664651,0,Alphen aan den Rijn,NL
Amsterdam,Amsterdam_T3,02:00:00:33:d1:80,2026-09-28 23:15:57,16.3,52.142567,4.728438,0,Aarlanderveen,NL
Amsterdam,Amsterdam_T3,02:00:00:28:8f:36,2026-09-28 23:19:48,16.9,52.146449,4.7686720000001,0,Nieuwkoop,NL
Amsterdam,Amsterdam_T3,02:00:00:12:cc:52,2026-09-28 23:11:45,17.1,52.147432,4.76853900000003,0,Nieuwkoop,NL
Amsterdam,Amsterdam_T3,02:00:00:1c:67:98,2026-09-28 23:10:31,17.5,52.1479934127346,4.77060892023442,0,Nieuwkoop,NL
Amsterdam,Amsterdam_T3,02:00:00:83:9d:d8,2026-09-28 23:12:25,16.3,52.1586889351553,4.50260069020393,1,Leiden,NL
Amsterdam,Amsterdam_T3,02:00:00:b9:40:8e,2026-09-28 23:17:28,16.8,52.160327911377,4.50235891342163,2,Leiden,NL
Amsterdam,Amsterdam_T3,02:00:00:12:cf:24,2026-09-28 23:12:29,17.9,52.165153,4.513167,0,Leiden,NL
Amsterdam,Amsterdam_T3,02:00:00:64:26:78,2026-09-28 23:14:14,17.4,52.162522,4.533056,7,Leiderdorp,NL
Amsterdam,Amsterdam_T3,02:00:00:27:5b:44,2026-09-28 23:19:30,16.8,52.1626537177977,4.53790140151978,0,Leiderdorp,NL
Amsterdam,Amsterdam_T3,02:00:00:af:50:1c,2026-09-28 23:14:12,17.7,52.1666831970215,4.53444862365723,1,Leiderdorp,NL
Amsterdam,Amsterdam_T3,02:00:00:02:be:00,2026-09-28 23:18:21,16.9,52.1533851623535,4.65606546401978,0,Alphen aan den Rijn,NL
Amsterdam,Amsterdam_T3,02:00:00:c3:aa:00,2026-09-28 23:19:20,16.7,52.1534423828125,4.65705013275146,0,Alphen aan den Rijn,NL
Amsterdam,Amsterdam_T3,02:00:00:29:78:6e,2026-09-28 23:17:50,16.4,52.154164,4.65799200000001,0,Alphen aan den Rijn,NL
Amsterdam,Amsterdam_T3,02:00:00:27:28:d6,2026-09-28 23:18:40,16.8,52.163754,4.727356,0,Ter Aar,NL
Amsterdam,Amsterdam_T3,02:00:00:a4:29:7c,2026-09-28 23:15:50,17.1,52.1643447875977,4.72910165786743,0,Ter Aar,NL
Amsterdam,Amsterdam_T3,02:00:00:bd:18:20,2026-09-28 23:10:57,16.8,52.179859161377,4.5006275177002,1,Leiden,NL
Amsterdam,Amsterdam_T3,02:00:00:c2:43:10,2026-09-28 23:11:52,16.3,52.1789963730813,4.51158495661505,0,Leiden,NL
Amsterdam,Amsterdam_T3,02:00:00:a9:80:3a,2026-09-28 23:12:10,17.3,52.1757382786811,4.51585644675129,1,Leiden,NL
Amsterdam,Amsterdam_T3,02:00:00:3f:0a:64,2026-09-28 23:12:28,16.4,52.167967,4.525627,0,Leiderdorp,NL
Amsterdam,Amsterdam_T3,02:00:00:14:4a:52,2026-09-28 23:18:21,16.6,52.171636,4.5371,0,Leiderdorp,NL
Amsterdam,Amsterdam_T3,02:00:00:8d:e5:8a,2026-09-28 23:10:00,16.8,52.171246,4.539693,0,Leiderdorp,NL
Amsterdam,Amsterdam_T3,02:00:00:5f:61:f8,2026-09-28 23:18:42,17.4,52.17337,4.6298833,0,Woubrugge,NL
Amsterdam,Amsterdam_T3,02:00:00:5f:3c:9e,2026-09-28 23:12:38,17.1,52.1824479,4.5021493,1,Leiden,NL
Amsterdam,Amsterdam_T3,02:00:00:bd:ba:86,2026-09-28 23:11:28,17.0,52.182112,4.506149,1,Leiden,NL
Amsterdam,Amsterdam_T3,02:00:00:bd:c0:00,2026-09-28 23:11:35,17.1,52.183604,4.507239,2,Leiden,NL
Amsterdam,Amsterdam_T3,02:00:00:3f:52:44,2026-09-28 23:16:53,16.5,52.193246,4.544332,0,Teylingen,NL
Amsterdam,Amsterdam_T3,02:00:00:64:2a:32,2026-09-28 23:13:12,17.2,52.1872722,4.6977901,0,Kaag en Braassem,NL
Amsterdam,Amsterdam_T3,02:00:00:03:64:d6,2026-09-28 23:16:42,16.9,52.194439,4.705226,0,Ter Aar,NL
Amsterdam,Amsterdam_T3,02:00:00:3f:45:ee,2026-09-28 23:14:33,17.4,52.194508,4.753052,0,Nieuwkoop,NL
Amsterdam,Amsterdam_T3,02:00:00:7f:8b:fe,2026-09-28 23:10:21,16.6,52.190956,4.7552314,0,Nieuwveen,NL
Amsterdam,Amsterdam_T3,02:00:00:9d:0f:ac,2026-09-28 23:16:03,16.8,52.193178,4.754738,0,Nieuwveen,NL
Amsterdam,Amsterdam_T3,02:00:00:1b:29:e6,2026-09-28 23:15:45,16.0,52.185545,4.776855,0,Zevenhoven,NL
Amsterdam,Amsterdam_T3,02:00:00:64:35:be,2026-09-28 23:13:46,17.3,52.205606,4.616234,0,Kaag en Braassem,NL
Amsterdam,Amsterdam_T3,02:00:00:a9:67:8e,2026-09-28 23:20:13,18.7,52.196881,4.630811,0,Roelofarendsveen,NL
Amsterdam,Amsterdam_T3,02:00:00:63:10:34,2026-09-28 23:17:05,17.0,52.197176,4.711405,0,Nieuwkoop,NL
Amsterdam,Amsterdam_T3,02:00:00:37:28:16,2026-09-28 23:11:34,17.2,52.199941,4.759428,0,Nieuwveen,NL
Amsterdam,Amsterdam_T3,02:00:00:b9:14:aa,2026-09-28 23:17:44,16.6,52.220093,4.506084,0,Sassenheim,NL
Amsterdam,Amsterdam_T3,02:00:00:73:cb:f4,2026-09-28 23:15:32,16.3,52.219608,4.506889,0,Sassenheim,NL
Amsterdam,Amsterdam_T3,02:00:00:31:c7:b6,2026-09-28 23:15:30,17.0,52.2243288,4.52245489999996,1,Teylingen,NL
Amsterdam,Amsterdam_T3,02:00:00:7f:d6:6a,2026-09-28 23:20:14,16.6,52.22341,4.530361,1,Sassenheim,NL
Amsterdam,Amsterdam_T3,02:00:00:84:02:9e,2026-09-28 23:19:13,16.6,52.216465,4.558161,0,Kaag,NL
Amsterdam,Amsterdam_T3,02:00:00:62:ff:da,2026-09-28 23:12:08,16.5,52.211627,4.6430572,0,Oude Wetering,NL
Amsterdam,Amsterdam_T3,02:00:00:83:ac:ee,2026-09-28 23:17:42,17.4,52.214876,4.645154,0,Oude Wetering,NL
Amsterdam,Amsterdam_T3,02:00:00:a2:6f:ea,2026-09-28 23:17:12,16.7,52.2224426269531,4.6741361618042,0,Leimuiden,NL
Amsterdam,Amsterdam_T3,02:00:00:64:36:4a,2026-09-28 23:17:15,16.9,52.224963,4.67270299999999,0,Leimuiden,NL
Amsterdam,Amsterdam_T3,02:00:00:70:40:80,2026-09-28 23:15:59,16.6,52.225735,4.501063,0,Voorhout,NL
Amsterdam,Amsterdam_T3,02:00:00:52:ea:f0,2026-09-28 23:17:54,17.4,52.233768,4.756648,0,Aalsmeer,NL
Amsterdam,Amsterdam_T3,02:00:00:c2:89:3c,2026-09-28 23:16:03,16.6,52.237688,4.755142,0,Aalsmeer,NL
Amsterdam,Amsterdam_T3,02:00:00:63:07:c8,2026-09-28 23:20:23,16.7,52.240259,4.54156,0,Lisse,NL
Amsterdam,Amsterdam_T3,02:00:00:b9:53:f0,2026-09-28 23:16:55,16.4,52.2532806396484,4.55268144607544,1,Lisse,NL
Amsterdam,Amsterdam_T3,02:00:00:01:8d:fe,2026-09-28 23:12:25,16.5,52.253457,4.563386,0,Lisse,NL
Amsterdam,Amsterdam_T3,02:00:00:b5:6b:d2,2026-09-28 23:16:18,16.8,52.251881,4.56887500000003,0,Lisserbroek,NL
Amsterdam,Amsterdam_T3,02:00:00:9b:5b:10,2026-09-28 23:13:06,16.9,52.2406594049526,4.7535080909729,0,Aalsmeer,NL
Amsterdam,Amsterdam_T3,02:00:00:a9:ab:9a,2026-09-28 23:11:57,16.7,52.258763,4.500574,1,Noordwijk,NL
Amsterdam,Amsterdam_T3,02:00:00:b2:b6:8e,2026-09-28 23:17:19,16.6,52.257207,4.547694,1,Lisse,NL
Amsterdam,Amsterdam_T3,02:00:00:5f:5c:b0,2026-09-28 23:17:16,17.1,52.2589063,4.55015320000004,0,Lisse,NL
Amsterdam,Amsterdam_T3,02:00:00:53:23:72,2026-09-28 23:18:32,17.1,52.257913,4.555179,2,Lisse,NL
Amsterdam,Amsterdam_T3,02:00:00:1e:0c:6c,2026-09-28 23:15:50,16.9,52.254381,4.574299,0,Lisserbroek,NL
Amsterdam,Amsterdam_T3,02:00:00:7a:c4:c4,2026-09-28 23:19:05,16.7,52.2553855604041,4.57307485801721,0,Lisserbroek,NL
Amsterdam,Amsterdam_T3,02:00:00:04:69:d0,2026-09-28 23:12:01,16.8,52.2678816139251,4.60520267486572,0,Nieuw-Vennep,NL
Amsterdam,Amsterdam_T3,02:00:00:33:de:18,2026-09-28 23:18:01,16.6,52.265319,4.611127,0,Haarlemmermeer,NL
Amsterdam,Amsterdam_T3,02:00:00:04:91:16,2026-09-28 23:12:52,16.9,52.2679929198165,4.63278969460699,0,Haarlemmermeer,NL
Amsterdam,Amsterdam_T3,02:00:00:ab:d3:c0,2026-09-28 23:15:10,16.5,52.262134,4.641842,0,Nieuw-Vennep,NL
Amsterdam,Amsterdam_T3,02:00:00:c2:2e:68,2026-09-28 23:14:26,16.9,52.257818,4.705748,0,Rijsenhout,NL
Amsterdam,Amsterdam_T3,02:00:00:2c:8f:94,2026-09-28 23:10:08,16.7,52.2557,4.7136,1,Rijsenhout,NL
Amsterdam,Amsterdam_T3,02:00:00:00:45:7a,2026-09-28 23:14:15,17.3,52.2604978021127,4.72876241421723,1,Aalsmeer,NL
Amsterdam,Amsterdam_T3,02:00:00:27:7c:82,2026-09-28 23:15:46,17.1,52.26433,4.749465,2,Aalsmeer,NL
Amsterdam,Amsterdam_T3,02:00:00:b5:06:8c,2026-09-28 23:19:40,17.3,52.2593561,4.76086150000002,0,Aalsmeer,NL
Amsterdam,Amsterdam_T3,02:00:00:c5:41:0e,2026-09-28 23:16:11,16.8,52.268771,4.614682,0,Haarlemmermeer,NL
Amsterdam,Amsterdam_T3,02:00:00:05:f6:da,2026-09-28 23:16:21,16.6,52.2694883,4.6143998,0,Haarlemmermeer,NL
Amsterdam,Amsterdam_T3,02:00:00:b5:33:50,2026-09-28 23:18:34,16.6,52.272833,4.62205300000007,0,Nieuw-Vennep,NL
Amsterdam,Amsterdam_T3,02:00:00:8d:c6:1c,2026-09-28 23:12:34,16.6,52.273808,4.61976899999999,0,Nieuw-Vennep,NL
Amsterdam,Amsterdam_T3,02:00:00:a9:ce:e2,2026-09-28 23:18:30,16.7,52.279894,4.622866,0,Nieuw-Vennep,NL
Amsterdam,Amsterdam_T3,02:00:00:70:5b:08,2026-09-28 23:17:25,16.6,52.2704520230828,4.64109063148504,0,Nieuw-Vennep,NL
Amsterdam,Amsterdam_T3,02:00:00:bd:c1:d8,2026-09-28 23:19:27,17.6,52.2719283892474,4.75864973891189,2,Aalsmeer,NL
Amsterdam,Amsterdam_T3,02:00:00:7f:99:2a,2026-09-28 23:20:42,16.3,52.284849,4.505254,2,Noordwijk,NL
Amsterdam,Amsterdam_T3,02:00:00:bd:d4:56,2026-09-28 23:16:46,17.0,52.282842,4.573196,1,Hillegom,NL
Amsterdam,Amsterdam_T3,02:00:00:a9:9a:c0,2026-09-28 22:51:46,16.9,52.2850256671856,4.57413466944628,0,Hillegom,NL
Amsterdam,Amsterdam_T3,02:00:00:ab:e4:7a,2026-09-28 23:15:41,17.2,52.288833,4.575956,1,Hillegom,NL
Amsterdam,Amsterdam_T3,02:00:00:ab:ed:78,2026-09-28 23:14:52,16.6,52.2926323,4.6576058,0,Hoofddorp,NL
Amsterdam,Amsterdam_T3,02:00:00:31:ea:fc,2026-09-28 23:19:08,16.7,52.292435,4.660293,0,Hoofddorp,NL
Amsterdam,Amsterdam_T3,02:00:00:b5:4b:12,2026-09-28 23:15:17,16.8,52.29117,4.661851,0,Hoofddorp,NL
Amsterdam,Amsterdam_T3,02:00:00:7a:fc:64,2026-09-28 23:17:04,16.8,52.2958984375,4.66769981384277,0,Haarlemmermeer,NL
Amsterdam,Amsterdam_T3,02:00:00:1e:01:86,2026-09-28 23:17:52,16.8,52.2942651400619,4.69299365114933,0,Haarlemmermeer,NL
Amsterdam,Amsterdam_T3,02:00:00:84:a3:4e,2026-09-28 23:12:14,17.2,52.2966613769531,4.69120836257935,0,Hoofddorp,NL
Amsterdam,Amsterdam_T3,02:00:00:c2:81:f2,2026-09-28 23:18:19,18.1,52.2832,4.7521,0,Schiphol,NL
Amsterdam,Amsterdam_T3,02:00:00:bd:c9:0e,2026-09-28 23:17:08,16.6,52.303827,4.54746,0,Noordwijk,NL
Amsterdam,Amsterdam_T3,02:00:00:90:ae:fa,2026-09-28 23:16:58,17.0,52.3039033,4.54748825,0,Noordwijk,NL
Amsterdam,Amsterdam_T3,02:00:00:13:20:e6,2026-09-28 23:15:10,18.1,52.301301,4.57108,1,Hillegom,NL
Amsterdam,Amsterdam_T3,02:00:00:c3:9a:a4,2026-09-28 23:19:38,16.5,52.299727,4.580897,2,Hillegom,NL
Amsterdam,Amsterdam_T3,02:00:00:a2:09:b8,2026-09-28 23:12:25,17.1,52.298534,4.582844,4,Hillegom,NL
Amsterdam,Amsterdam_T3,02:00:00:65:3c:26,2026-09-28 23:18:18,16.5,52.308498,4.629693,0,Hoofddorp,NL
Amsterdam,Amsterdam_T3,02:00:00:8d:d9:14,2026-09-28 23:12:17,17.6,52.309243,4.63066,0,Hoofddorp,NL
Amsterdam,Amsterdam_T3,02:00:00:c3:7e:da,2026-09-28 23:11:48,16.8,52.298948,4.64121,0,Hoofddorp,NL
Amsterdam,Amsterdam_T3,02:00:00:65:31:6e,2026-09-28 23:16:54,16.6,52.3043126639953,4.65336717353921,0,Haarlemmermeer,NL
Amsterdam,Amsterdam_T3,02:00:00:63:18:fc,2026-09-28 23:10:22,16.9,52.305736,4.659493,0,Hoofddorp,NL
Amsterdam,Amsterdam_T3,02:00:00:01:cc:ce,2026-09-28 23:14:44,16.8,52.297203,4.664856,0,Hoofddorp,NL
Amsterdam,Amsterdam_T3,02:00:00:b5:16:b8,2026-09-28 23:13:45,16.7,52.2970073,4.6658259,0,Hoofddorp,NL
Amsterdam,Amsterdam_T3,02:00:00:9d:0f:26,2026-09-28 23:12:15,17.5,52.3032026,4.67342200000001,0,Hoofddorp,NL
Amsterdam,Amsterdam_T3,02:00:00:03:d6:30,2026-09-28 23:11:53,17.9,52.3030514321702,4.68862533498523,0,Hoofddorp,NL
Amsterdam,Amsterdam_T3,02:00:00:33:e1:a0,2026-09-28 23:17:55,16.8,52.297694,4.697439,0,Hoofddorp,NL
Amsterdam,Amsterdam_T3,02:00:00:a9:8f:80,2026-09-28 23:16:17,16.5,52.310488,4.698286,0,Hoofddorp,NL
Rotterdam,Rotterdam_T3,02:00:00:84:01:f4,2026-09-28 23:19:01,17.3,51.795956,4.316063,0,Piershil,NL
Rotterdam,Rotterdam_T3,02:00:00:a4:53:38,2026-09-28 23:15:54,17.1,51.8061561584473,4.34367895126343,0,Nieuw-Beijerland,NL
Rotterdam,Rotterdam_T3,02:00:00:2e:c2:56,2026-09-28 23:13:55,17.1,51.803969,4.38881000000001,0,Hoeksche Waard,NL
Rotterdam,Rotterdam_T3,02:00:00:70:24:c0,2026-09-28 23:11:29,17.3,51.79538,4.47853999999995,0,Hoeksche Waard,NL
Rotterdam,Rotterdam_T3,02:00:00:8d:cf:32,2026-09-28 23:10:38,17.1,51.7989258,4.48003469999999,1,Mijnsheerenland,NL
Rotterdam,Rotterdam_T3,02:00:00:73:f0:94,2026-09-28 23:14:44,17.6,51.817669,4.261111,0,Zuidland,NL
Rotterdam,Rotterdam_T3,02:00:00:c5:82:d8,2026-09-28 23:11:56,17.5,51.8128971033672,4.33869545012491,0,Nieuw-Beijerland,NL
Rotterdam,Rotterdam_T3,02:00:00:17:f3:8c,2026-09-28 23:19:37,18.1,51.813893,4.338688,0,Hoeksche Waard,NL
Rotterdam,Rotterdam_T3,02:00:00:7f:ca:72,2026-09-28 23:17:35,17.4,51.819852,4.403548,1,Oud-Beijerland,NL
Rotterdam,Rotterdam_T3,02:00:00:19:32:0a,2026-09-28 23:19:02,17.5,51.8201,4.4265,0,Oud-Beijerland,NL
Rotterdam,Rotterdam_T3,02:00:00:1d:ee:0c,2026-09-28 23:13:04,17.6,51.814618,4.431096,0,Hoeksche Waard,NL
Rotterdam,Rotterdam_T3,02:00:00:a9:d0:4e,2026-09-28 23:19:08,17.1,51.816875,4.432654,0,Oud-Beijerland,NL
Rotterdam,Rotterdam_T3,02:00:00:b0:a7:c6,2026-09-28 23:19:58,17.5,51.8194923400879,4.42992401123047,0,Oud-Beijerland,NL
Rotterdam,Rotterdam_T3,02:00:00:52:d6:1c,2026-09-28 23:17:39,17.5,51.8273166908673,4.24860230421604,0,Nissewaard,NL
Rotterdam,Rotterdam_T3,02:00:00:7b:02:ea,2026-09-28 23:18:27,17.8,51.8268,4.24961,0,Zuidland,NL
Rotterdam,Rotterdam_T3,02:00:00:63:0e:9a,2026-09-28 23:12:35,17.4,51.8228896113569,4.25690523338619,0,Nissewaard,NL
Rotterdam,Rotterdam_T3,02:00:00:12:ed:2e,2026-09-28 23:13:11,17.2,51.832147,4.281723,0,Simonshaven,NL
Rotterdam,Rotterdam_T3,02:00:00:2e:be:70,2026-09-28 23:13:50,17.1,51.828405,4.320218,0,Nissewaard,NL
Rotterdam,Rotterdam_T3,02:00:00:83:80:70,2026-09-28 23:20:29,17.7,51.828982,4.321931,0,Spijkenisse,NL
Rotterdam,Rotterdam_T3,02:00:00:b2:c5:16,2026-09-28 23:17:13,17.1,51.833293,4.327577,0,Spijkenisse,NL
Rotterdam,Rotterdam_T3,02:00:00:1c:5d:d8,2026-09-28 23:12:14,17.3,51.831596,4.34732,0,Spijkenisse,NL
Rotterdam,Rotterdam_T3,02:00:00:33:d1:48,2026-09-28 23:11:06,17.2,51.835362,4.340818,0,Spijkenisse,NL
Rotterdam,Rotterdam_T3,02:00:00:bd:f6:10,2026-09-28 23:12:20,17.0,51.8291723616001,4.35085593059094,0,Hekelingen,NL
Rotterdam,Rotterdam_T3,02:00:00:a2:45:50,2026-09-28 23:10:59,16.9,51.833564,4.369612,0,Spijkenisse,NL
Rotterdam,Rotterdam_T3,02:00:00:8d:ce:38,2026-09-28 23:12:20,17.3,51.833848,4.370394,0,Spijkenisse,NL
Rotterdam,Rotterdam_T3,02:00:00:c6:5e:ce,2026-09-28 23:17:42,17.4,51.827235,4.414361,1,Oud-Beijerland,NL
Rotterdam,Rotterdam_T3,02:00:00:74:51:54,2026-09-28 23:19:45,17.5,51.822471,4.422299,0,Oud-Beijerland,NL
Rotterdam,Rotterdam_T3,02:00:00:b9:1f:9e,2026-09-28 23:13:50,17.2,51.826743,4.418683,2,Oud-Beijerland,NL
Rotterdam,Rotterdam_T3,02:00:00:a9:8c:2e,2026-09-28 23:13:41,17.1,51.826426,4.459057,0,Heinenoord,NL
Rotterdam,Rotterdam_T3,02:00:00:b0:92:a0,2026-09-28 23:11:51,17.4,51.825342,4.484375,0,Heinenoord,NL
Rotterdam,Rotterdam_T3,02:00:00:13:7c:72,2026-09-28 23:12:27,17.8,51.8485857,4.30565690000003,0,Nissewaard,NL
Rotterdam,Rotterdam_T3,02:00:00:90:af:46,2026-09-28 23:18:12,17.8,51.83904,4.319577,0,Spijkenisse,NL
Rotterdam,Rotterdam_T3,02:00:00:53:16:f4,2026-09-28 23:16:14,17.8,51.8404577297484,4.32209551334381,0,Spijkenisse,NL
Rotterdam,Rotterdam_T3,02:00:00:2f:0c:2c,2026-09-28 23:14:45,17.1,51.8368207320863,4.32338314086051,0,Spijkenisse,NL
Rotterdam,Rotterdam_T3,02:00:00:7f:c0:78,2026-09-28 23:20:34,16.9,51.84996,4.3388395,0,Spijkenisse,NL
Rotterdam,Rotterdam_T3,02:00:00:a4:28:8e,2026-09-28 23:16:44,17.2,51.8376655578613,4.34094619750977,1,Spijkenisse,NL
Rotterdam,Rotterdam_T3,02:00:00:7a:77:68,2026-09-28 23:19:04,16.5,51.846795,4.341356,1,Spijkenisse,NL
Rotterdam,Rotterdam_T3,02:00:00:8d:ca:84,2026-09-28 23:16:17,17.3,51.836617,4.371667,0,Spijkenisse,NL
Rotterdam,Rotterdam_T3,02:00:00:12:fb:d2,2026-09-28 23:14:50,17.1,51.8374458439446,4.37149661379999,1,Nissewaard,NL
Rotterdam,Rotterdam_T3,02:00:00:19:cc:80,2026-09-28 23:15:33,17.1,51.848418,4.374154,0,Hoogvliet,NL
Rotterdam,Rotterdam_T3,02:00:00:13:6b:d6,2026-09-28 23:16:39,17.0,51.848988,4.417614,0,Poortugaal,NL
Rotterdam,Rotterdam_T3,02:00:00:b5:35:7a,2026-09-28 23:19:12,16.9,51.8507194519043,4.32065153121948,0,Spijkenisse,NL
Rotterdam,Rotterdam_T3,02:00:00:b5:0b:cc,2026-09-28 23:13:15,18.0,51.857194,4.316324,0,Spijkenisse,NL
Rotterdam,Rotterdam_T3,02:00:00:a2:46:e2,2026-09-28 23:14:58,18.3,51.857365,4.316291,0,Spijkenisse,NL
Rotterdam,Rotterdam_T3,02:00:00:96:c1:f0,2026-09-28 23:18:28,16.6,51.8526191711426,4.34237861633301,5,Spijkenisse,NL
Rotterdam,Rotterdam_T3,02:00:00:17:5c:2a,2026-09-28 23:17:46,17.1,51.852885,4.342628,5,Spijkenisse,NL
Rotterdam,Rotterdam_T3,02:00:00:01:55:26,2026-09-28 23:17:50,16.9,51.85022,4.359375,0,Hoogvliet,NL
Rotterdam,Rotterdam_T3,02:00:00:5f:22:3e,2026-09-28 23:18:35,17.1,51.8544044494629,4.3646936416626,0,Rotterdam,NL
Rotterdam,Rotterdam_T3,02:00:00:83:df:7c,2026-09-28 23:12:57,16.7,51.852008,4.377223,1,Hoogvliet,NL
Rotterdam,Rotterdam_T3,02:00:00:bc:d0:3e,2026-09-28 23:15:26,17.0,51.858581,4.392577,0,Poortugaal,NL
Rotterdam,Rotterdam_T3,02:00:00:bc:e1:0c,2026-09-28 23:18:26,17.5,51.8635694,4.39623120000001,0,Poortugaal,NL
Rotterdam,Rotterdam_T3,02:00:00:b5:46:a0,2026-09-28 23:19:58,16.8,51.8617095947266,4.39914417266846,1,Poortugaal,NL
Rotterdam,Rotterdam_T3,02:00:00:01:05:d0,2026-09-28 23:18:31,17.5,51.851921,4.423444,0,Rhoon,NL
Rotterdam,Rotterdam_T3,02:00:00:a2:5c:12,2026-09-28 23:14:49,17.5,51.8594623479853,4.42698154071272,0,Rhoon,NL
Rotterdam,Rotterdam_T3,02:00:00:be:05:6e,2026-09-28 23:14:06,17.5,51.8548644,4.436762,0,Rhoon,NL
Rotterdam,Rotterdam_T3,02:00:00:5f:34:da,2026-09-28 23:16:30,17.4,51.8547049,4.47099120000005,0,Rhoon,NL
Rotterdam,Rotterdam_T3,02:00:00:63:0e:a4,2026-09-28 23:15:44,17.7,51.8575608827219,4.47265219690053,0,Albrandswaard,NL
Rotterdam,Rotterdam_T3,02:00:00:b5:a9:6a,2026-09-28 23:12:11,17.4,51.851735,4.484146,0,Albrandswaard,NL
Rotterdam,Rotterdam_T3,02:00:00:2e:ff:9e,2026-09-28 23:17:34,17.0,51.8538824575246,4.48517918586731,0,Barendrecht,NL
Rotterdam,Rotterdam_T3,02:00:00:03:74:d0,2026-09-28 23:19:24,17.7,51.8517608642578,4.49835109710693,0,Barendrecht,NL
Rotterdam,Rotterdam_T3,02:00:00:bd:e9:04,2026-09-28 23:19:20,17.6,51.866558,4.375568,0,Hoogvliet,NL
Rotterdam,Rotterdam_T3,02:00:00:01:01:b4,2026-09-28 23:14:18,18.0,51.8652629979766,4.39664993821385,0,Albrandswaard,NL
Rotterdam,Rotterdam_T3,02:00:00:a2:60:fc,2026-09-28 23:20:17,17.6,51.874794,4.466563,0,Rotterdam,NL
Rotterdam,Rotterdam_T3,02:00:00:73:c0:3a,2026-09-28 23:13:09,17.3,51.887171,4.383392,0,Pernis,NL
Rotterdam,Rotterdam_T3,02:00:00:32:e7:f8,2026-09-28 23:18:33,16.9,51.892172,4.386614,3,Pernis,NL
Rotterdam,Rotterdam_T3,02:00:00:1f:7e:90,2026-09-28 23:13:16,17.0,51.8847667,4.4695263,0,Rotterdam,NL
Rotterdam,Rotterdam_T3,02:00:00:c2:33:4e,2026-09-28 23:13:27,16.4,51.907263,4.232915,1,Rozenburg,NL
Rotterdam,Rotterdam_T3,02:00:00:02:d9:74,2026-09-28 23:11:34,17.1,51.9018321151561,4.23758983612055,2,Rozenburg,NL
Rotterdam,Rotterdam_T3,02:00:00:27:7d:68,2026-09-28 23:13:18,17.0,51.902208,4.248835,4,Rozenburg,NL
Rotterdam,Rotterdam_T3,02:00:00:63:17:f6,2026-09-28 23:11:14,17.8,51.902018,4.342717,3,Vlaardingen,NL
Rotterdam,Rotterdam_T3,02:00:00:a9:ce:0a,2026-09-28 23:17:08,17.6,51.907543182373,4.35149145126343,2,Vlaardingen,NL
Rotterdam,Rotterdam_T3,02:00:00:c2:45:d6,2026-09-28 23:14:56,17.1,51.905582,4.405567,0,Schiedam,NL
Rotterdam,Rotterdam_T3,02:00:00:9d:29:a2,2026-09-28 23:14:29,18.2,51.901312,4.458192,6,Rotterdam,NL
Rotterdam,Rotterdam_T3,02:00:00:53:3b:14,2026-09-28 23:15:09,17.1,51.902036,4.457739,3,Rotterdam,NL
Rotterdam,Rotterdam_T3,02:00:00:2f:1e:fc,2026-09-28 23:15:06,17.6,51.904843,4.463923,2,Rotterdam,NL
Rotterdam,Rotterdam_T3,02:00:00:1f:6b:c0,2026-09-28 23:15:20,17.6,51.8992767333984,4.48442125320435,2,Rotterdam,NL
Rotterdam,Rotterdam_T3,02:00:00:2e:d8:56,2026-09-28 23:18:55,18.0,51.8945090023125,4.49689548713718,3,Rotterdam,NL
Rotterdam,Rotterdam_T3,02:00:00:3c:f6:d6,2026-09-28 23:15:53,17.1,51.907451,4.499961,5,Rotterdam,NL
Rotterdam,Rotterdam_T3,02:00:00:3c:fa:c8,2026-09-28 23:12:45,16.7,51.911378,4.236979,2,Rotterdam,NL
Rotterdam,Rotterdam_T3,02:00:00:01:7c:12,2026-09-28 23:12:03,16.5,51.920774,4.237957,2,Maassluis,NL
Rotterdam,Rotterdam_T3,02:00:00:18:f8:10,2026-09-28 23:12:56,16.9,51.9087995610964,4.24184925481109,1,Rozenburg,NL
Rotterdam,Rotterdam_T3,02:00:00:a9:4f:c2,2026-09-28 23:13:27,16.7,51.916124,4.24886000000006,3,Maassluis,NL
Rotterdam,Rotterdam_T3,02:00:00:5e:de:d4,2026-09-28 23:11:54,17.7,51.914465,4.252759,4,Maassluis,NL
Rotterdam,Rotterdam_T3,02:00:00:a2:70:a6,2026-09-28 23:19:45,17.8,51.913362,4.256699,5,Maassluis,NL
Rotterdam,Rotterdam_T3,02:00:00:b9:43:b0,2026-09-28 23:18:48,17.0,51.908927,4.313466,0,Vlaardingen,NL
Rotterdam,Rotterdam_T3,02:00:00:bc:f6:62,2026-09-28 23:18:02,17.0,51.913163646918,4.31969458235608,0,Vlaardingen,NL
Rotterdam,Rotterdam_T3,02:00:00:12:a4:34,2026-09-28 23:14:05,18.0,51.909151,4.332132,2,Vlaardingen,NL
Rotterdam,Rotterdam_T3,02:00:00:2b:20:2a,2026-09-28 23:11:04,16.8,51.9141002514251,4.33724462985993,1,Vlaardingen,NL
Rotterdam,Rotterdam_T3,02:00:00:02:a2:a6,2026-09-28 23:17:48,17.4,51.9088,4.3444,3,Vlaardingen,NL
Rotterdam,Rotterdam_T3,02:00:00:bd:0a:46,2026-09-28 23:13:22,16.6,51.909511,4.348642,4,Vlaardingen,NL
Rotterdam,Rotterdam_T3,02:00:00:53:5b:da,2026-09-28 23:14:01,17.5,51.908555,4.401612,2,Schiedam,NL
Rotterdam,Rotterdam_T3,02:00:00:c3:b2:62,2026-09-28 23:17:07,17.2,51.910435,4.399453,5,Schiedam,NL
Rotterdam,Rotterdam_T3,02:00:00:b9:1f:4a,2026-09-28 23:15:56,17.4,51.9213366779173,4.40755754480418,11,Schiedam,NL
Rotterdam,Rotterdam_T3,02:00:00:2a:f8:5e,2026-09-28 23:19:57,16.9,51.915024,4.4355793,9,Rotterdam,NL
Rotterdam,Rotterdam_T3,02:00:00:b5:80:32,2026-09-28 23:15:45,16.6,51.918558,4.449248,4,Rotterdam,NL
Rotterdam,Rotterdam_T3,02:00:00:ab:ed:0a,2026-09-28 23:19:54,17.5,51.91357,4.450989,4,Rotterdam,NL
Rotterdam,Rotterdam_T3,02:00:00:a9:70:9e,2026-09-28 23:19:51,17.9,51.918565,4.454217,1,Rotterdam,NL
Rotterdam,Rotterdam_T3,02:00:00:84:0b:f4,2026-09-28 23:14:18,16.6,51.910764,4.459764,4,Rotterdam,NL
Rotterdam,Rotterdam_T3,02:00:00:33:2f:18,2026-09-28 23:12:06,17.4,51.911367,4.460016,4,Rotterdam,NL
Rotterdam,Rotterdam_T3,02:00:00:7f:8b:fa,2026-09-28 23:10:43,18.3,51.9101171296848,4.48145787979085,11,Rotterdam,NL
Rotterdam,Rotterdam_T3,02:00:00:73:c0:88,2026-09-28 23:11:57,18.6,51.910689441008,4.47889036604364,8,Rotterdam,NL
Rotterdam,Rotterdam_T3,02:00:00:9b:51:8a,2026-09-28 23:15:42,17.5,51.9145812294122,4.47774262764995,4,Rotterdam,NL
Rotterdam,Rotterdam_T3,02:00:00:52:d3:56,2026-09-28 23:11:51,16.8,51.929916,4.232157,4,Maassluis,NL
Rotterdam,Rotterdam_T3,02:00:00:b9:51:52,2026-09-28 23:18:46,16.5,51.929904,4.233498,5,Maassluis,NL
Rotterdam,Rotterdam_T3,02:00:00:b9:59:00,2026-09-28 23:11:48,16.8,51.92626,4.237906,4,Maassluis,NL
Rotterdam,Rotterdam_T3,02:00:00:b5:3d:e2,2026-09-28 23:12:35,17.6,51.9271297,4.2515983,1,Maassluis,NL
Rotterdam,Rotterdam_T3,02:00:00:5f:15:be,2026-09-28 23:10:41,17.3,51.930806,4.250148,4,Maassluis,NL
Rotterdam,Rotterdam_T3,02:00:00:65:4b:40,2026-09-28 23:16:01,17.5,51.927105,4.254623,0,Maassluis,NL
Rotterdam,Rotterdam_T3,02:00:00:7f:94:b0,2026-09-28 23:18:21,16.9,51.931354,4.269027,0,Maasland,NL
Rotterdam,Rotterdam_T3,02:00:00:29:09:70,2026-09-28 23:17:12,16.9,51.932986,4.267365,1,Maasland,NL
Rotterdam,Rotterdam_T3,02:00:00:b5:74:1c,2026-09-28 23:16:07,16.9,51.93374,4.26775999999999,0,Maasland,NL
Rotterdam,Rotterdam_T3,02:00:00:b5:a0:52,2026-09-28 23:15:22,16.9,51.927282,4.347004,0,Vlaardingen,NL
Rotterdam,Rotterdam_T3,02:00:00:36:d7:e4,2026-09-28 23:18:22,16.7,51.9296493530273,4.34874200820923,0,Vlaardingen,NL
Rotterdam,Rotterdam_T3,02:00:00:bd:e2:4c,2026-09-28 23:11:41,16.6,51.935245,4.342573,0,Vlaardingen,NL
Rotterdam,Rotterdam_T3,02:00:00:64:20:80,2026-09-28 23:19:34,16.8,51.9364242553711,4.36015510559082,0,Vlaardingen,NL
Rotterdam,Rotterdam_T3,02:00:00:bc:d1:1c,2026-09-28 23:11:40,16.9,51.9350965,4.36687449999998,2,Schiedam,NL
Rotterdam,Rotterdam_T3,02:00:00:c6:23:6c,2026-09-28 23:17:54,17.2,51.934731,4.381654,0,Schiedam,NL
Rotterdam,Rotterdam_T3,02:00:00:96:ea:9e,2026-09-28 23:17:49,17.2,51.925392,4.39834,2,Schiedam,NL
Rotterdam,Rotterdam_T3,02:00:00:ab:cb:62,2026-09-28 23:12:20,16.7,51.930617,4.445321,0,Rotterdam,NL
Rotterdam,Rotterdam_T3,02:00:00:74:09:f2,2026-09-28 23:10:58,17.0,51.92814,4.456759,1,Rotterdam,NL
Rotterdam,Rotterdam_T3,02:00:00:28:6f:3e,2026-09-28 23:15:49,17.2,51.9340316,4.4594037,5,Rotterdam,NL
Rotterdam,Rotterdam_T3,02:00:00:02:c6:84,2026-09-28 23:17:50,18.2,51.926464,4.470126,3,Rotterdam,NL
Rotterdam,Rotterdam_T3,02:00:00:a9:49:dc,2026-09-28 23:18:36,17.3,51.9230452,4.48168170000002,3,Rotterdam,NL
Rotterdam,Rotterdam_T3,02:00:00:90:b7:5e,2026-09-28 23:17:52,17.7,51.92631,4.480658,2,Rotterdam,NL
Rotterdam,Rotterdam_T3,02:00:00:74:35:a2,2026-09-28 23:11:46,18.0,51.927002,4.4848413,4,Rotterdam,NL
Rotterdam,Rotterdam_T3,02:00:00:84:0e:9e,2026-09-28 23:13:30,17.1,51.939707,4.230973,0,Maassluis,NL
Rotterdam,Rotterdam_T3,02:00:00:12:fb:ba,2026-09-28 23:12:54,17.1,51.941607,4.230965,2,Maassluis,NL
Rotterdam,Rotterdam_T3,02:00:00:83:7e:ea,2026-09-28 23:19:50,16.8,51.9430135,4.23029530000006,2,Maassluis,NL
Rotterdam,Rotterdam_T3,02:00:00:b5:53:1c,2026-09-28 23:18:08,17.1,51.949414,4.270392,0,Maasland,NL
Rotterdam,Rotterdam_T3,02:00:00:c5:33:20,2026-09-28 23:10:55,16.9,51.940538,4.34364800000001,0,Vlaardingen,NL
Rotterdam,Rotterdam_T3,02:00:00:70:4d:76,2026-09-28 23:17:16,16.8,51.940698,4.344899,0,Vlaardingen,NL
Rotterdam,Rotterdam_T3,02:00:00:7f:d3:b4,2026-09-28 23:11:54,17.2,51.937524,4.359107,1,,NL
Rotterdam,Rotterdam_T3,02:00:00:b2:c3:a2,2026-09-28 23:16:05,16.5,51.9398735,4.37264590000001,0,Schiedam,NL
Rotterdam,Rotterdam_T3,02:00:00:bd:fb:70,2026-09-28 23:15:25,16.5,51.945864,4.366965,0,Schiedam,NL
Rotterdam,Rotterdam_T3,02:00:00:3a:10:aa,2026-09-28 23:14:28,16.8,51.943986,4.367671,0,Schiedam,NL
Rotterdam,Rotterdam_T3,02:00:00:65:38:b0,2026-09-28 23:15:07,16.8,51.942,4.38433999999999,0,Schiedam,NL
Rotterdam,Rotterdam_T3,02:00:00:04:6f:aa,2026-09-28 23:13:55,18.1,51.9441,4.3839,0,Schiedam,NL
Rotterdam,Rotterdam_T3,02:00:00:9c:d6:c8,2026-09-28 23:20:31,17.4,51.9391683837513,4.42066682686317,4,Rotterdam,NL
Rotterdam,Rotterdam_T3,02:00:00:96:bd:fa,2026-09-28 23:13:13,17.4,51.943919,4.426938,1,Rotterdam,NL
Rotterdam,Rotterdam_T3,02:00:00:90:8a:8e,2026-09-28 23:14:41,16.9,51.9372746579483,4.4418073394422,2,Rotterdam,NL
Rotterdam,Rotterdam_T3,02:00:00:7f:93:30,2026-09-28 23:11:58,17.3,51.937051,4.442832,0,Rotterdam,NL
Rotterdam,Rotterdam_T3,02:00:00:a9:4d:e8,2026-09-28 23:14:10,16.9,51.945405,4.444053,0,Rotterdam,NL
Rotterdam,Rotterdam_T3,02:00:00:bd:e0:c8,2026-09-28 23:15:01,17.1,51.946104,4.46737,0,Rotterdam,NL
Rotterdam,Rotterdam_T3,02:00:00:af:8b:58,2026-09-28 23:12:22,17.0,51.9460220336914,4.47492647171021,0,Rotterdam,NL
Rotterdam,Rotterdam_T3,02:00:00:90:71:58,2026-09-28 23:18:46,16.8,51.93707,4.479222,3,Rotterdam,NL
Rotterdam,Rotterdam_T3,02:00:00:bc:e3:ec,2026-09-28 23:19:06,17.2,51.9374587797425,4.49468157586424,2,Rotterdam,NL
Rotterdam,Rotterdam_T3,02:00:00:bd:de:c6,2026-09-28 23:18:01,16.7,51.937429,4.495607,0,Rotterdam,NL
Rotterdam,Rotterdam_T3,02:00:00:17:e0:1e,2026-09-28 23:19:15,16.9,51.955246,4.314398,0,Maasland,NL
Rotterdam,Rotterdam_T3,02:00:00:a4:41:88,2026-09-28 23:16:37,17.0,51.955283,4.314406,0,Maasland,NL
Rotterdam,Rotterdam_T3,02:00:00:65:28:6e,2026-09-28 23:11:27,16.9,51.95247,4.46971,0,Rotterdam,NL
Rotterdam,Rotterdam_T3,02:00:00:28:79:a0,2026-09-28 23:12:48,17.4,51.9583,4.4668,0,Rotterdam,NL
Rotterdam,Rotterdam_T3,02:00:00:7a:6d:be,2026-09-28 23:18:57,17.4,51.96209,4.471111,0,Rotterdam,NL
Rotterdam,Rotterdam_T3,02:00:00:19:c2:10,2026-09-28 23:14:08,16.8,51.96346,4.48096700000011,0,Rotterdam,NL
Rotterdam,Rotterdam_T3,02:00:00:3f:0a:1a,2026-09-28 23:15:21,17.3,51.962139,4.484953,0,Rotterdam,NL
Rotterdam,Rotterdam_T3,02:00:00:65:85:b0,2026-09-28 23:13:27,16.9,51.958444,4.499749,-2,Hillegersberg,NL
Rotterdam,Rotterdam_T3,02:00:00:63:1a:22,2026-09-28 23:10:23,17.2,51.6236701089152,4.34694113409063,0,Steenbergen,NL
Rotterdam,Rotterdam_T3,02:00:00:c6:2c:46,2026-09-28 23:16:25,17.6,51.631416,4.372295,0,Dinteloord,NL
Rotterdam,Rotterdam_T3,02:00:00:20:b9:22,2026-09-28 23:12:22,17.5,51.6701335,4.4339254,0,Moerdijk,NL
Rotterdam,Rotterdam_T3,02:00:00:03:c6:e6,2026-09-28 23:15:33,17.2,51.67676,4.280786,1,Achthuizen,NL
Rotterdam,Rotterdam_T3,02:00:00:00:c0:58,2026-09-28 23:14:22,18.1,51.6819045,4.34173109999998,0,Ooltgensplaat,NL
Rotterdam,Rotterdam_T3,02:00:00:b4:fb:38,2026-09-28 23:12:36,17.4,51.681307,4.348927,0,Ooltgensplaat,NL
Rotterdam,Rotterdam_T3,02:00:00:b5:8b:d6,2026-09-28 23:10:13,18.1,51.6838863515784,4.44104789634028,0,Moerdijk,NL
Rotterdam,Rotterdam_T3,02:00:00:a9:e2:48,2026-09-28 23:09:10,17.0,51.701777,4.25903699999997,0,Den Bommel,NL
Rotterdam,Rotterdam_T3,02:00:00:7a:f8:86,2026-09-28 23:10:21,18.2,51.715689,4.281123,0,Den Bommel,NL
Rotterdam,Rotterdam_T3,02:00:00:a4:47:94,2026-09-28 23:15:08,16.8,51.728052,4.43449,0,Numansdorp,NL
Rotterdam,Rotterdam_T3,02:00:00:84:04:a0,2026-09-28 23:16:24,17.0,51.729639,4.443646,0,Numansdorp,NL
Rotterdam,Rotterdam_T3,02:00:00:ab:c1:52,2026-09-28 23:18:45,17.1,51.7272605895996,4.44469356536865,0,Numansdorp,NL
Rotterdam,Rotterdam_T3,02:00:00:2f:24:58,2026-09-28 23:13:41,17.1,51.7388602,4.23624810000001,0,Goeree-Overflakkee,NL
Rotterdam,Rotterdam_T3,02:00:00:bc:cf:e6,2026-09-28 23:14:05,17.3,51.737984,4.443355,0,Numansdorp,NL
Rotterdam,Rotterdam_T3,02:00:00:a2:1f:5c,2026-09-28 23:14:00,16.8,51.740426,4.44279,0,Numansdorp,NL
Rotterdam,Rotterdam_T3,02:00:00:65:49:fc,2026-09-28 23:11:11,16.9,51.741867,4.449701,0,Numansdorp,NL
Rotterdam,Rotterdam_T3,02:00:00:22:ea:64,2026-09-28 23:19:40,17.0,51.757101,4.293702,0,Goudswaard,NL
Rotterdam,Rotterdam_T3,02:00:00:64:1b:1e,2026-09-28 23:18:04,17.4,51.757112,4.343231,0,Zuid-Beijerland,NL
Rotterdam,Rotterdam_T3,02:00:00:b9:01:1c,2026-09-28 23:16:29,17.4,51.752419,4.373465,0,Zuid-Beijerland,NL
Rotterdam,Rotterdam_T3,02:00:00:7f:ba:0e,2026-09-28 23:15:29,17.5,51.753811,4.373477,0,Zuid-Beijerland,NL
Rotterdam,Rotterdam_T3,02:00:00:90:98:0e,2026-09-28 23:10:32,17.0,51.751613,4.374019,0,Zuid-Beijerland,NL
Rotterdam,Rotterdam_T3,02:00:00:84:8d:94,2026-09-28 23:11:40,17.4,51.776696,4.324838,0,Zuid-Beijerland,NL
Rotterdam,Rotterdam_T3,02:00:00:bd:1c:46,2026-09-28 22:57:27,16.7,51.767225,4.471495,0,Klaaswaal,NL
Rotterdam,Rotterdam_T3,02:00:00:74:37:3c,2026-09-28 23:20:30,16.9,51.777489,4.487307,0,Strijen,NL
Rotterdam,Rotterdam_T3,02:00:00:64:24:5a,2026-09-28 23:12:15,17.1,51.791358,4.316241,0,Piershil,NL
Rotterdam,Rotterdam_T3,02:00:00:3f:02:c2,2026-09-28 23:15:16,16.9,51.7791628378921,4.35718958692851,0,Nieuw-Beijerland,NL
Rotterdam,Rotterdam_T3,02:00:00:ab:e4:a6,2026-09-28 23:14:28,17.4,51.781329,4.365849,0,Hoeksche Waard,NL
Rotterdam,Rotterdam_T3,02:00:00:c3:a9:14,2026-09-28 23:13:40,17.3,51.7901851790411,4.47175113435905,0,Westmaas,NL
Rotterdam,Rotterdam_T3,02:00:00:a9:ac:00,2026-09-28 23:16:26,17.9,51.788327,4.478044,0,Westmaas,NL
