city_area,tile_id,device_id,timestamp_amsterdam,temperature_c,latitude,longitude,altitude_m,location_name,country
Utrecht,Utrecht_T1,02:00:00:37:12:66,2026-10-10 16:50:18,12.6,52.179145,5.068822,0,Breukeleveen,NL
Utrecht,Utrecht_T1,02:00:00:02:f6:0e,2026-10-10 16:53:47,12.4,52.197652,5.132777,2,Loosdrecht,NL
Utrecht,Utrecht_T1,02:00:00:b0:a9:90,2026-10-10 16:49:57,12.4,52.200455,5.136932,3,Loosdrecht,NL
Utrecht,Utrecht_T1,02:00:00:64:1b:94,2026-10-10 16:55:19,12.5,52.20692,5.09326999999999,1,Loosdrecht,NL
Utrecht,Utrecht_T1,02:00:00:7a:8e:26,2026-10-10 16:55:48,12.8,52.205303,5.096588,0,Loosdrecht,NL
Utrecht,Utrecht_T1,02:00:00:00:10:50,2026-10-10 16:54:40,12.2,52.2050161837691,5.12837827205658,3,Loosdrecht,NL
Utrecht,Utrecht_T1,02:00:00:7b:01:10,2026-10-10 16:54:43,12.7,52.205692,5.131749,1,Loosdrecht,NL
Utrecht,Utrecht_T1,02:00:00:b9:7b:2e,2026-10-10 16:53:27,12.8,52.204017,5.140781,2,Loosdrecht,NL
Utrecht,Utrecht_T1,02:00:00:3c:ed:a2,2026-10-10 16:54:21,12.4,52.204017,5.140781,2,Loosdrecht,NL
Utrecht,Utrecht_T1,02:00:00:bd:fd:a6,2026-10-10 16:51:48,12.5,52.2087615,5.16269899999998,13,Hilversum,NL
Utrecht,Utrecht_T1,02:00:00:c3:8e:a6,2026-10-10 16:54:09,13.1,52.210092,5.179818,12,Hilversum,NL
Utrecht,Utrecht_T1,02:00:00:b5:4f:02,2026-10-10 16:50:59,11.4,52.2167510750697,5.15140235424042,4,Hilversum,NL
Utrecht,Utrecht_T1,02:00:00:c3:82:e2,2026-10-10 16:58:07,12.6,52.212936,5.157038,6,Hilversum,NL
Utrecht,Utrecht_T1,02:00:00:01:3a:f2,2026-10-10 16:59:05,11.4,52.2149722583813,5.16004279666198,7,Hilversum,NL
Utrecht,Utrecht_T1,02:00:00:7a:7b:b6,2026-10-10 16:50:40,12.1,52.216152,5.1599503,9,Hilversum,NL
Utrecht,Utrecht_T1,02:00:00:2c:c0:f8,2026-10-10 16:50:34,13.3,52.215289,5.191587,6,Hilversum,NL
Utrecht,Utrecht_T1,02:00:00:a9:99:4e,2026-10-10 16:46:32,12.4,52.217244,5.19999860000001,6,Hilversum,NL
Utrecht,Utrecht_T1,02:00:00:bc:cd:8a,2026-10-10 16:52:28,11.9,52.2181299999999,5.12974530000001,1,Hilversum,NL
Utrecht,Utrecht_T1,02:00:00:32:e1:fc,2026-10-10 16:51:09,12.3,52.21986,5.138679,0,Hilversum,NL
Utrecht,Utrecht_T1,02:00:00:9c:fe:ea,2026-10-10 16:58:39,12.8,52.221093,5.142468,4,Hilversum,NL
Utrecht,Utrecht_T1,02:00:00:27:41:20,2026-10-10 16:53:58,11.8,52.221503317108,5.17643809318542,7,Hilversum,NL
Utrecht,Utrecht_T1,02:00:00:7f:c0:96,2026-10-10 16:50:56,12.4,52.22016524,5.18491051,8,Hilversum,NL
Utrecht,Utrecht_T1,02:00:00:9b:49:56,2026-10-10 16:51:09,12.1,52.0555172581761,5.07246375001336,1,Nieuwegein,NL
Utrecht,Utrecht_T1,02:00:00:a9:c0:b8,2026-10-10 16:48:09,11.7,52.058835,5.135174,4,Utrecht,NL
Utrecht,Utrecht_T1,02:00:00:bd:cd:b0,2026-10-10 16:50:33,12.3,52.061641,5.128472,3,Utrecht,NL
Utrecht,Utrecht_T1,02:00:00:bd:dc:c4,2026-10-10 16:51:22,11.4,52.0630189775525,5.12959063053131,4,Utrecht,NL
Utrecht,Utrecht_T1,02:00:00:27:58:00,2026-10-10 16:54:51,11.6,52.06631,5.128964,4,Utrecht,NL
Utrecht,Utrecht_T1,02:00:00:2e:c2:fe,2026-10-10 16:48:38,11.3,52.060052,5.134025,4,Utrecht,NL
Utrecht,Utrecht_T1,02:00:00:3e:ec:de,2026-10-10 16:49:33,12.4,52.0628885050208,5.13711911594507,4,Utrecht,NL
Utrecht,Utrecht_T1,02:00:00:28:ec:80,2026-10-10 16:54:00,11.4,52.065526,5.200063,5,Bunnik,NL
Utrecht,Utrecht_T1,02:00:00:63:34:44,2026-10-10 16:53:34,11.9,52.0706,5.0769,0,Utrecht,NL
Utrecht,Utrecht_T1,02:00:00:02:f3:b2,2026-10-10 16:52:03,14.0,52.0684013366699,5.10129976272583,4,Utrecht,NL
Utrecht,Utrecht_T1,02:00:00:02:26:50,2026-10-10 16:52:03,12.0,52.0673127854311,5.1019960641861,3,Utrecht,NL
Utrecht,Utrecht_T1,02:00:00:71:39:d4,2026-10-10 16:50:25,13.2,52.067007,5.108216,3,Utrecht,NL
Utrecht,Utrecht_T1,02:00:00:29:08:ec,2026-10-10 16:53:46,12.3,52.072575,5.120578,2,Utrecht,NL
Utrecht,Utrecht_T1,02:00:00:b5:00:ce,2026-10-10 16:57:11,11.9,52.069854,5.12234250000003,4,Utrecht,NL
Utrecht,Utrecht_T1,02:00:00:1e:2a:90,2026-10-10 16:47:54,12.2,52.070201,5.125238,4,Utrecht,NL
Utrecht,Utrecht_T1,02:00:00:65:70:6e,2026-10-10 16:58:08,11.4,52.069762,5.187772,3,Bunnik,NL
Utrecht,Utrecht_T1,02:00:00:1b:06:58,2026-10-10 16:53:46,11.1,52.0673070316701,5.19202797330763,5,Bunnik,NL
Utrecht,Utrecht_T1,02:00:00:90:d2:70,2026-10-10 16:57:45,13.6,52.081236,5.086788,3,Utrecht,NL
Utrecht,Utrecht_T1,02:00:00:a9:6f:60,2026-10-10 16:54:40,12.2,52.079962,5.114904,2,Utrecht,NL
Utrecht,Utrecht_T1,02:00:00:2f:04:02,2026-10-10 16:48:05,12.1,52.08055,5.122316,6,Utrecht,NL
Utrecht,Utrecht_T1,02:00:00:9c:fc:b4,2026-10-10 16:54:12,11.9,52.0790023803711,5.13050746917725,2,Utrecht,NL
Utrecht,Utrecht_T1,02:00:00:69:29:62,2026-10-10 16:51:23,11.0,52.0756661902043,5.13833000000005,6,Utrecht,NL
Utrecht,Utrecht_T1,02:00:00:53:25:54,2026-10-10 16:03:29,12.1,52.081985,5.087011,2,Utrecht,NL
Utrecht,Utrecht_T1,02:00:00:2f:06:e0,2026-10-10 16:53:06,11.9,52.085492,5.089611,4,Utrecht,NL
Utrecht,Utrecht_T1,02:00:00:01:04:a2,2026-10-10 16:58:17,12.2,52.086276,5.08958300000004,8,Utrecht,NL
Utrecht,Utrecht_T1,02:00:00:5f:20:4a,2026-10-10 16:57:24,12.7,52.0821,5.108,1,Utrecht,NL
Utrecht,Utrecht_T1,02:00:00:b5:08:94,2026-10-10 16:55:54,11.8,52.0842805951218,5.12355080298444,8,Utrecht,NL
Utrecht,Utrecht_T1,02:00:00:63:37:c0,2026-10-10 16:52:41,12.0,52.0846376741441,5.14990675244556,4,Utrecht,NL
Utrecht,Utrecht_T1,02:00:00:84:9e:e4,2026-10-10 16:59:08,13.1,52.085608,5.153452,1,Utrecht,NL
Utrecht,Utrecht_T1,02:00:00:58:71:a0,2026-10-10 16:53:55,13.8,52.0910855835456,5.06979963657994,0,Utrecht,NL
Utrecht,Utrecht_T1,02:00:00:5e:f9:3e,2026-10-10 16:49:22,14.1,52.095,5.06790999999997,2,Utrecht,NL
Utrecht,Utrecht_T1,02:00:00:70:58:26,2026-10-10 16:56:36,12.7,52.093772,5.087235,3,Utrecht,NL
Utrecht,Utrecht_T1,02:00:00:6b:3c:16,2026-10-10 16:52:53,13.2,52.091095,5.0926576,2,Utrecht,NL
Utrecht,Utrecht_T1,02:00:00:b5:3c:02,2026-10-10 16:59:07,12.6,52.0945,5.09406000000001,4,Utrecht,NL
Utrecht,Utrecht_T1,02:00:00:b9:42:72,2026-10-10 16:53:05,16.5,52.0899963378906,5.09774255752563,4,Utrecht,NL
Utrecht,Utrecht_T1,02:00:00:52:c7:3e,2026-10-10 16:59:13,12.9,52.090397,5.101962,3,Utrecht,NL
Utrecht,Utrecht_T1,02:00:00:7a:ee:e8,2026-10-10 16:53:27,12.4,52.094554901123,5.10336303710938,4,Utrecht,NL
Utrecht,Utrecht_T1,02:00:00:3c:db:f4,2026-10-10 16:54:20,12.8,52.092422,5.120636,12,Utrecht,NL
Utrecht,Utrecht_T1,02:00:00:bd:cf:26,2026-10-10 16:46:31,12.7,52.0907374,5.12142010000002,18,Utrecht,NL
Utrecht,Utrecht_T1,02:00:00:27:49:d0,2026-10-10 16:59:10,12.2,52.091476,5.122634,10,Utrecht,NL
Utrecht,Utrecht_T1,02:00:00:53:46:a4,2026-10-10 16:54:13,12.3,52.0944421980704,5.12152537487685,9,Utrecht,NL
Utrecht,Utrecht_T1,02:00:00:5f:20:04,2026-10-10 16:59:03,12.0,52.0938845651776,5.13856323934985,6,Utrecht,NL
Utrecht,Utrecht_T1,02:00:00:7a:71:9a,2026-10-10 16:47:35,13.6,52.096183,5.065176,1,Utrecht,NL
Utrecht,Utrecht_T1,02:00:00:c3:a6:ae,2026-10-10 16:55:28,13.1,52.0966653034839,5.07333587462335,0,Utrecht,NL
Utrecht,Utrecht_T1,02:00:00:c3:d8:94,2026-10-10 16:58:01,12.9,52.0966653034839,5.07333587462335,0,Utrecht,NL
Utrecht,Utrecht_T1,02:00:00:bd:c5:ea,2026-10-10 16:57:30,12.4,52.1026685527433,5.09375521405393,1,Utrecht,NL
Utrecht,Utrecht_T1,02:00:00:52:d7:a4,2026-10-10 16:55:25,12.8,52.101415,5.10791,5,Utrecht,NL
Utrecht,Utrecht_T1,02:00:00:28:df:e8,2026-10-10 16:52:18,12.2,52.09981,5.11318999999998,4,Utrecht,NL
Utrecht,Utrecht_T1,02:00:00:b5:97:f6,2026-10-10 16:52:56,12.1,52.100982,5.113231,4,Utrecht,NL
Utrecht,Utrecht_T1,02:00:00:a9:76:3c,2026-10-10 16:50:26,12.5,52.099474,5.11834,6,Utrecht,NL
Utrecht,Utrecht_T1,02:00:00:3c:f5:5e,2026-10-10 16:56:49,12.4,52.095871,5.131864,3,Utrecht,NL
Utrecht,Utrecht_T1,02:00:00:84:71:14,2026-10-10 16:52:21,12.2,52.09809,5.1227045,4,Utrecht,NL
Utrecht,Utrecht_T1,02:00:00:b4:ee:1a,2026-10-10 16:49:39,12.5,52.099659,5.124221,4,Utrecht,NL
Utrecht,Utrecht_T1,02:00:00:29:5e:d2,2026-10-10 16:50:27,12.0,52.097858,5.137552,1,Utrecht,NL
Utrecht,Utrecht_T1,02:00:00:64:29:de,2026-10-10 16:50:10,13.4,52.105162,5.100294,2,Utrecht,NL
Utrecht,Utrecht_T1,02:00:00:c3:91:06,2026-10-10 16:47:16,12.2,52.103412,5.11514900000002,7,Utrecht,NL
Utrecht,Utrecht_T1,02:00:00:9c:e4:3c,2026-10-10 16:50:13,12.3,52.103779,5.12255,4,Utrecht,NL
Utrecht,Utrecht_T1,02:00:00:03:ca:56,2026-10-10 16:47:24,12.9,52.106408,5.125732,3,Utrecht,NL
Utrecht,Utrecht_T1,02:00:00:ab:f3:a4,2026-10-10 16:55:55,12.4,52.110018,5.128991,2,Utrecht,NL
Utrecht,Utrecht_T1,02:00:00:7f:c5:ac,2026-10-10 16:55:42,12.4,52.106043,5.143182,5,Utrecht,NL
Utrecht,Utrecht_T1,02:00:00:58:d2:58,2026-10-10 16:53:42,12.1,52.104095,5.144752,0,Utrecht,NL
Utrecht,Utrecht_T1,02:00:00:14:60:ec,2026-10-10 16:51:24,12.7,52.106249,5.171551,3,De Bilt,NL
Utrecht,Utrecht_T1,02:00:00:a2:02:8a,2026-10-10 16:51:34,13.1,52.106261,5.177714,5,De Bilt,NL
Utrecht,Utrecht_T1,02:00:00:70:4e:ba,2026-10-10 16:52:40,12.9,52.112316,5.090597,1,Utrecht,NL
Utrecht,Utrecht_T1,02:00:00:a4:15:94,2026-10-10 16:55:31,12.7,52.116599,5.10793100000013,4,Utrecht,NL
Utrecht,Utrecht_T1,02:00:00:01:d1:6c,2026-10-10 16:49:40,13.5,52.1147232055664,5.11503601074219,7,Utrecht,NL
Utrecht,Utrecht_T1,02:00:00:7b:00:16,2026-10-10 16:52:29,13.6,52.116092,5.116809,5,Utrecht,NL
Utrecht,Utrecht_T1,02:00:00:33:fc:c2,2026-10-10 16:53:58,12.4,52.112909,5.143128,1,Utrecht,NL
Utrecht,Utrecht_T1,02:00:00:a2:28:d4,2026-10-10 16:56:23,11.8,52.11298,5.176283,3,De Bilt,NL
Utrecht,Utrecht_T1,02:00:00:74:4f:c6,2026-10-10 16:56:41,11.0,52.114273,5.1778874,5,De Bilt,NL
Utrecht,Utrecht_T1,02:00:00:37:16:9a,2026-10-10 16:56:53,13.3,52.1209042,5.0716415,1,Utrecht,NL
Utrecht,Utrecht_T1,02:00:00:9d:2a:ee,2026-10-10 16:56:52,12.7,52.1226012257881,5.09323120411752,2,Utrecht,NL
Utrecht,Utrecht_T1,02:00:00:af:6f:c0,2026-10-10 16:52:06,13.3,52.1203433,5.1160012,4,Utrecht,NL
Utrecht,Utrecht_T1,02:00:00:63:2e:78,2026-10-10 16:54:50,12.9,52.124311,5.149015,3,Groenekan,NL
Utrecht,Utrecht_T1,02:00:00:17:79:98,2026-10-10 16:53:11,13.0,52.1210929,5.18279509999996,4,Bilthoven,NL
Utrecht,Utrecht_T1,02:00:00:2e:bd:ce,2026-10-10 16:59:29,12.0,52.122233,5.200776,10,Bilthoven,NL
Utrecht,Utrecht_T1,02:00:00:a4:87:ec,2026-10-10 16:49:07,12.0,52.1316666043838,5.09194861301635,0,Utrecht,NL
Utrecht,Utrecht_T1,02:00:00:7f:b2:0e,2026-10-10 16:53:48,11.9,52.127119,5.100939,4,Utrecht,NL
Utrecht,Utrecht_T1,02:00:00:b5:6e:3a,2026-10-10 16:52:00,13.0,52.124991,5.158267,4,De Bilt,NL
Utrecht,Utrecht_T1,02:00:00:a2:45:c2,2026-10-10 16:52:28,11.6,52.130604,5.188466,5,Bilthoven,NL
Utrecht,Utrecht_T1,02:00:00:b5:a7:2c,2026-10-10 16:53:19,12.3,52.12492,5.1931024,5,Bilthoven,NL
Utrecht,Utrecht_T1,02:00:00:c3:99:f6,2026-10-10 16:51:47,12.8,52.125972,5.199792,6,Bilthoven,NL
Utrecht,Utrecht_T1,02:00:00:70:1b:96,2026-10-10 16:46:44,13.1,52.125951,5.200035,7,De Bilt,NL
Utrecht,Utrecht_T1,02:00:00:7a:ff:64,2026-10-10 16:56:07,11.7,52.132211,5.197475,3,Bilthoven,NL
Utrecht,Utrecht_T1,02:00:00:2c:9c:48,2026-10-10 16:59:25,12.6,52.140412,5.009436,0,Stichtse Vecht,NL
Utrecht,Utrecht_T1,02:00:00:01:50:b6,2026-10-10 16:50:38,12.1,52.1411799412661,5.01502234507166,0,Maarssen,NL
Utrecht,Utrecht_T1,02:00:00:04:6a:e8,2026-10-10 16:50:28,12.2,52.140233,5.042324,2,Stichtse Vecht,NL
Utrecht,Utrecht_T1,02:00:00:00:f7:a2,2026-10-10 16:50:37,12.9,52.1404276175265,5.04727728441715,2,Stichtse Vecht,NL
Utrecht,Utrecht_T1,02:00:00:1c:80:6c,2026-10-10 16:52:56,13.8,52.145063,5.04611,1,Maarssen,NL
Utrecht,Utrecht_T1,02:00:00:2c:b8:78,2026-10-10 16:56:51,12.2,52.1517178597221,4.94924400000001,0,Kockengen,NL
Utrecht,Utrecht_T1,02:00:00:a4:59:54,2026-10-10 16:52:25,12.2,52.1487083,5.03985960000006,0,Maarssen,NL
Utrecht,Utrecht_T1,02:00:00:27:6f:7e,2026-10-10 16:52:35,12.6,52.150683,5.039803,0,Stichtse Vecht,NL
Utrecht,Utrecht_T1,02:00:00:c6:20:d8,2026-10-10 16:51:07,11.8,52.1657755,5.0004309,0,Breukelen,NL
Utrecht,Utrecht_T1,02:00:00:9b:60:ca,2026-10-10 16:45:17,11.8,52.1661071777344,4.99944877624512,0,Stichtse Vecht,NL
Utrecht,Utrecht_T1,02:00:00:27:a6:98,2026-10-10 16:49:58,13.5,52.177905,5.023052,0,Breukelen,NL
Utrecht,Utrecht_T1,02:00:00:9b:59:44,2026-10-10 16:52:00,12.8,52.175474,5.027806,0,Breukelen,NL
Utrecht,Utrecht_T1,02:00:00:3f:28:4e,2026-10-10 16:53:13,12.6,52.1885295082791,4.98983681201935,0,Nieuwer Ter Aa,NL
Utrecht,Utrecht_T1,02:00:00:37:28:66,2026-10-10 16:55:04,12.3,52.208307,4.923314,0,Vinkeveen,NL
Utrecht,Utrecht_T1,02:00:00:52:d3:e8,2026-10-10 16:54:39,11.6,52.2057798738149,5.01490716822919,0,Loenen aan de Vecht,NL
Utrecht,Utrecht_T1,02:00:00:1f:7e:84,2026-10-10 16:53:40,11.9,52.208085,5.015193,0,Loenen aan de Vecht,NL
Utrecht,Utrecht_T1,02:00:00:5e:f1:70,2026-10-10 16:55:33,11.8,52.209512199478,5.01560136528928,0,Loenen aan de Vecht,NL
Utrecht,Utrecht_T1,02:00:00:bc:d2:3a,2026-10-10 16:59:13,11.7,52.2071006719862,5.01808721691921,0,Loenen aan de Vecht,NL
Utrecht,Utrecht_T1,02:00:00:14:48:30,2026-10-10 16:56:24,12.4,52.214024,5.026552,0,Loenen aan de Vecht,NL
Utrecht,Utrecht_T1,02:00:00:2b:23:dc,2026-10-10 16:57:30,10.6,52.052497,4.955131,1,Montfoort,NL
Utrecht,Utrecht_T1,02:00:00:c2:4e:14,2026-10-10 16:58:45,13.7,52.080025,5.00642199999999,0,Utrecht,NL
Utrecht,Utrecht_T1,02:00:00:c2:8a:9a,2026-10-10 16:54:45,11.8,52.078398,5.01515069999999,0,Utrecht,NL
Utrecht,Utrecht_T1,02:00:00:27:5f:76,2026-10-10 16:55:50,12.7,52.077418,5.020574,0,Utrecht,NL
Utrecht,Utrecht_T1,02:00:00:29:3e:f6,2026-10-10 16:53:01,13.6,52.078198,5.020616,0,Utrecht,NL
Utrecht,Utrecht_T1,02:00:00:b5:b7:16,2026-10-10 16:50:03,11.1,52.0759,5.026621,0,Utrecht,NL
Utrecht,Utrecht_T1,02:00:00:a4:3e:00,2026-10-10 16:57:20,12.4,52.0758920140845,5.0307848067002,0,Utrecht,NL
Utrecht,Utrecht_T1,02:00:00:c3:8d:fe,2026-10-10 16:49:50,13.2,52.0775,5.0599,0,Utrecht,NL
Utrecht,Utrecht_T1,02:00:00:17:7b:70,2026-10-10 16:51:48,12.7,52.0873338,4.9699941,1,Woerden,NL
Utrecht,Utrecht_T1,02:00:00:32:e1:b0,2026-10-10 16:56:01,12.3,52.085795,5.014428,0,Utrecht,NL
Utrecht,Utrecht_T1,02:00:00:63:4a:60,2026-10-10 16:58:52,12.2,52.08632,5.026208,1,Utrecht,NL
Utrecht,Utrecht_T1,02:00:00:a4:6c:14,2026-10-10 16:59:09,12.1,52.082503,5.035357,2,Utrecht,NL
Utrecht,Utrecht_T1,02:00:00:6b:9b:c2,2026-10-10 16:57:16,11.8,52.08745,5.03213,1,Utrecht,NL
Utrecht,Utrecht_T1,02:00:00:84:0d:58,2026-10-10 16:57:51,12.4,52.083796,5.042289,0,Utrecht,NL
Utrecht,Utrecht_T1,02:00:00:02:4a:1c,2026-10-10 16:34:12,12.0,52.0867461589579,5.03997000000013,1,Utrecht,NL
Utrecht,Utrecht_T1,02:00:00:2e:9f:46,2026-10-10 16:57:57,12.3,52.0872737363844,5.0397069563345,1,Utrecht,NL
Utrecht,Utrecht_T1,02:00:00:84:4c:be,2026-10-10 16:59:10,12.2,52.085796,5.05175,2,Utrecht,NL
Utrecht,Utrecht_T1,02:00:00:63:1e:24,2026-10-10 16:57:55,12.4,52.0841807,5.0583297,1,Utrecht,NL
Utrecht,Utrecht_T1,02:00:00:c2:3c:a4,2026-10-10 16:59:27,12.8,52.088304,5.055145,0,Utrecht,NL
Utrecht,Utrecht_T1,02:00:00:a2:64:3a,2026-10-10 16:51:29,13.1,52.08912,4.955397,1,Woerden,NL
Utrecht,Utrecht_T1,02:00:00:04:6b:b2,2026-10-10 16:53:56,12.9,52.0890216,4.95978960000002,2,Woerden,NL
Utrecht,Utrecht_T1,02:00:00:27:67:9e,2026-10-10 16:57:24,12.7,52.0939775908876,4.95844790679508,1,Woerden,NL
Utrecht,Utrecht_T1,02:00:00:7f:a0:a8,2026-10-10 16:59:14,13.2,52.088885,4.9616,0,Woerden,NL
Utrecht,Utrecht_T1,02:00:00:1c:5a:c4,2026-10-10 16:51:30,12.7,52.091265,4.999434,0,Utrecht,NL
Utrecht,Utrecht_T1,02:00:00:b2:b3:4e,2026-10-10 16:56:05,12.7,52.094791,5.001589,0,Utrecht,NL
Utrecht,Utrecht_T1,02:00:00:b5:b1:bc,2026-10-10 16:54:28,12.3,52.095,5.0099,0,Utrecht,NL
Utrecht,Utrecht_T1,02:00:00:83:ba:de,2026-10-10 16:55:50,13.3,52.092913,5.013408,0,Utrecht,NL
Utrecht,Utrecht_T1,02:00:00:90:90:7e,2026-10-10 16:55:18,13.2,52.09193,5.016591,0,Utrecht,NL
Utrecht,Utrecht_T1,02:00:00:34:05:ae,2026-10-10 16:47:52,13.1,52.091745,5.01907,1,Utrecht,NL
Utrecht,Utrecht_T1,02:00:00:64:2b:54,2026-10-10 16:53:11,12.6,52.0939815413722,5.04236700868549,0,Utrecht,NL
Utrecht,Utrecht_T1,02:00:00:2b:42:7a,2026-10-10 16:59:28,12.2,52.0941,5.0504,2,Utrecht,NL
Utrecht,Utrecht_T1,02:00:00:c6:1b:24,2026-10-10 16:53:13,12.0,52.093323,5.054712,0,Utrecht,NL
Utrecht,Utrecht_T1,02:00:00:70:38:92,2026-10-10 16:53:56,11.9,52.099754,4.997049,0,Utrecht,NL
Utrecht,Utrecht_T1,02:00:00:33:dd:42,2026-10-10 16:55:22,13.0,52.0973472595215,5.0064435005188,0,Utrecht,NL
Utrecht,Utrecht_T1,02:00:00:bd:d9:bc,2026-10-10 16:55:24,12.9,52.1012649536133,5.01841592788696,1,Utrecht,NL
Utrecht,Utrecht_T1,02:00:00:31:e8:2e,2026-10-10 16:58:05,12.8,52.0997439,5.03196639999999,1,Utrecht,NL
Utrecht,Utrecht_T1,02:00:00:a9:50:38,2026-10-10 16:58:24,12.5,52.098376,5.039789,0,Utrecht,NL
Utrecht,Utrecht_T1,02:00:00:01:86:10,2026-10-10 16:53:44,13.0,52.09855,5.039822,0,Utrecht,NL
Utrecht,Utrecht_T1,02:00:00:bd:c9:2c,2026-10-10 16:56:48,13.1,52.099041,5.042377,0,Utrecht,NL
Utrecht,Utrecht_T1,02:00:00:73:be:5a,2026-10-10 16:56:57,12.4,52.097817,5.051997,3,Utrecht,NL
Utrecht,Utrecht_T1,02:00:00:01:a1:ee,2026-10-10 16:47:03,12.4,52.0960000139971,5.0595535031938,0,Utrecht,NL
Utrecht,Utrecht_T1,02:00:00:3e:ec:2c,2026-10-10 16:51:01,12.3,52.0968945722032,5.05947500118808,0,Utrecht,NL
Utrecht,Utrecht_T1,02:00:00:2c:f6:ae,2026-10-10 16:46:48,13.2,52.106163,4.981696,0,Utrecht,NL
Utrecht,Utrecht_T1,02:00:00:84:78:2c,2026-10-10 16:58:55,12.7,52.1067630675542,5.02126398724257,1,Utrecht,NL
Utrecht,Utrecht_T1,02:00:00:31:cb:18,2026-10-10 16:55:00,13.1,52.1073892613559,5.02463787381133,0,Utrecht,NL
Utrecht,Utrecht_T1,02:00:00:84:24:48,2026-10-10 16:56:50,12.6,52.1050731,5.0346819,1,Utrecht,NL
Utrecht,Utrecht_T1,02:00:00:39:fb:5e,2026-10-10 16:50:03,12.9,52.1148094074168,5.00760211705581,0,Utrecht,NL
Utrecht,Utrecht_T1,02:00:00:84:79:a0,2026-10-10 16:58:11,12.6,52.114201,5.01126,0,Utrecht,NL
Utrecht,Utrecht_T1,02:00:00:3f:0a:32,2026-10-10 16:53:00,12.9,52.110354,5.02495200000003,3,Utrecht,NL
Utrecht,Utrecht_T1,02:00:00:a9:4b:60,2026-10-10 16:55:07,11.6,52.119961,4.99775200000006,3,Utrecht,NL
Utrecht,Utrecht_T1,02:00:00:1c:6e:60,2026-10-10 16:50:51,12.1,52.121309,5.030174,0,Maarssen,NL
Utrecht,Utrecht_T1,02:00:00:70:2f:1c,2026-10-10 16:55:26,12.4,52.122375,5.033245,0,Stichtse Vecht,NL
Utrecht,Utrecht_T1,02:00:00:3d:25:42,2026-10-10 16:54:16,12.1,52.135743,5.016961,0,Maarssen,NL
Utrecht,Utrecht_T1,02:00:00:29:08:b2,2026-10-10 16:50:53,12.1,52.138664,5.0182734,0,Maarssen,NL
Utrecht,Utrecht_T1,02:00:00:05:4f:28,2026-10-10 16:50:28,11.5,52.133111,5.035686,0,Stichtse Vecht,NL
Utrecht,Utrecht_T1,02:00:00:af:40:24,2026-10-10 16:47:54,13.2,52.1336212158203,5.04450082778931,2,Maarssen,NL
Utrecht,Utrecht_T3,02:00:00:bc:e5:5a,2026-10-10 16:51:50,11.9,51.985033,5.080696,3,Vianen,NL
Utrecht,Utrecht_T3,02:00:00:af:80:9e,2026-10-10 16:58:00,10.5,51.984738,5.086291,2,Vianen,NL
Utrecht,Utrecht_T3,02:00:00:31:ed:ec,2026-10-10 16:52:45,10.7,51.983323,5.093653,2,Vianen,NL
Utrecht,Utrecht_T3,02:00:00:7f:8d:c4,2026-10-10 16:50:34,12.1,51.9830332883009,5.12328207492826,3,Hagestein,NL
Utrecht,Utrecht_T3,02:00:00:b9:1e:ca,2026-10-10 16:53:34,10.9,51.9914952649266,5.10561422229253,2,Vianen,NL
Utrecht,Utrecht_T3,02:00:00:af:60:8a,2026-10-10 16:53:48,12.2,51.991964,5.118164,1,Hoef en Haag,NL
Utrecht,Utrecht_T3,02:00:00:52:ed:28,2026-10-10 16:50:34,11.4,51.993881,5.120075,3,Hoef en Haag,NL
Utrecht,Utrecht_T3,02:00:00:a9:87:e4,2026-10-10 16:55:17,11.8,51.9912528991699,5.12258720397949,0,Hoef en Haag,NL
Utrecht,Utrecht_T3,02:00:00:28:d9:60,2026-10-10 16:52:25,12.2,52.008254895269,5.07912755012512,1,Nieuwegein,NL
Utrecht,Utrecht_T3,02:00:00:ab:df:d2,2026-10-10 16:50:33,12.8,52.0028160778323,5.0815361738205,8,Nieuwegein,NL
Utrecht,Utrecht_T3,02:00:00:06:71:46,2026-10-10 16:47:21,12.1,52.0032156734361,5.08314549922943,8,Nieuwegein,NL
Utrecht,Utrecht_T3,02:00:00:c6:28:f6,2026-10-10 16:50:46,13.1,52.006166,5.089671,2,Nieuwegein,NL
Utrecht,Utrecht_T3,02:00:00:05:88:3e,2026-10-10 16:53:39,11.1,52.0059471130371,5.09136486053467,0,Nieuwegein,NL
Utrecht,Utrecht_T3,02:00:00:af:32:52,2026-10-10 16:50:35,10.9,52.0100655920947,5.07965231726042,3,Nieuwegein,NL
Utrecht,Utrecht_T3,02:00:00:58:b3:02,2026-10-10 16:55:23,12.2,52.010572,5.08619999999997,1,Nieuwegein,NL
Utrecht,Utrecht_T3,02:00:00:03:58:16,2026-10-10 16:53:58,11.5,52.010896,5.092813,2,Nieuwegein,NL
Utrecht,Utrecht_T3,02:00:00:37:29:34,2026-10-10 16:52:10,13.4,52.0121,5.0976,0,Nieuwegein,NL
Utrecht,Utrecht_T3,02:00:00:bc:aa:ca,2026-10-10 16:51:26,12.1,52.0104637145996,5.09828901290894,1,Nieuwegein,NL
Utrecht,Utrecht_T3,02:00:00:2c:96:ec,2026-10-10 16:59:04,11.9,52.0109091557339,5.09877757132759,0,Nieuwegein,NL
Utrecht,Utrecht_T3,02:00:00:12:63:b8,2026-10-10 16:58:02,10.9,52.0151322,5.16602090000003,0,Houten,NL
Utrecht,Utrecht_T3,02:00:00:33:c8:80,2026-10-10 16:46:21,11.9,52.012465,5.168464,0,Houten,NL
Utrecht,Utrecht_T3,02:00:00:a2:03:fe,2026-10-10 16:52:14,11.2,52.013622,5.186657,3,Houten,NL
Utrecht,Utrecht_T3,02:00:00:33:c3:4a,2026-10-10 16:52:12,11.8,52.014978,5.187588,1,Houten,NL
Utrecht,Utrecht_T3,02:00:00:b2:a5:e2,2026-10-10 16:51:56,11.8,52.0213043701897,5.0796202400924,2,Nieuwegein,NL
Utrecht,Utrecht_T3,02:00:00:84:57:1c,2026-10-10 16:51:20,11.8,52.0224339,5.080256,0,Nieuwegein,NL
Utrecht,Utrecht_T3,02:00:00:1e:1f:c2,2026-10-10 16:52:37,13.7,52.0217800772731,5.16331951003446,0,Houten,NL
Utrecht,Utrecht_T3,02:00:00:b5:8f:e6,2026-10-10 16:52:24,12.8,52.018731,5.165264,1,Houten,NL
Utrecht,Utrecht_T3,02:00:00:c5:83:a2,2026-10-10 16:49:09,13.4,52.0215,5.1638,0,Houten,NL
Utrecht,Utrecht_T3,02:00:00:c2:33:88,2026-10-10 16:58:22,11.7,52.0217981,5.1755385,1,Houten,NL
Utrecht,Utrecht_T3,02:00:00:65:4f:8c,2026-10-10 16:54:03,11.7,52.0177737114648,5.18543422222138,2,Houten,NL
Utrecht,Utrecht_T3,02:00:00:bd:f9:48,2026-10-10 16:52:17,11.6,52.0223,5.1895,0,Houten,NL
Utrecht,Utrecht_T3,02:00:00:01:86:80,2026-10-10 16:57:15,12.9,52.023321,5.188808,1,Houten,NL
Utrecht,Utrecht_T3,02:00:00:04:93:06,2026-10-10 16:53:35,12.7,52.0289905,5.07187920000001,4,Nieuwegein,NL
Utrecht,Utrecht_T3,02:00:00:b8:f9:c8,2026-10-10 16:57:48,12.8,52.0287780761719,5.08565378189087,6,Nieuwegein,NL
Utrecht,Utrecht_T3,02:00:00:a4:88:28,2026-10-10 16:51:13,11.2,52.0269966125488,5.08844327926636,1,Nieuwegein,NL
Utrecht,Utrecht_T3,02:00:00:32:db:f2,2026-10-10 16:58:59,11.9,52.0269902,5.1541533,3,Houten,NL
Utrecht,Utrecht_T3,02:00:00:01:06:72,2026-10-10 16:58:31,11.2,52.028695,5.154845,2,Houten,NL
Utrecht,Utrecht_T3,02:00:00:33:19:c6,2026-10-10 16:50:35,14.2,52.0243587320194,5.18782782552989,4,Houten,NL
Utrecht,Utrecht_T3,02:00:00:a2:16:ca,2026-10-10 16:47:20,11.7,52.0239254,5.1937902,4,Houten,NL
Utrecht,Utrecht_T3,02:00:00:58:f8:20,2026-10-10 16:58:25,12.2,52.026073,5.1916294,2,Houten,NL
Utrecht,Utrecht_T3,02:00:00:2b:24:a4,2026-10-10 16:50:34,12.9,52.031801,5.068737,2,Nieuwegein,NL
Utrecht,Utrecht_T3,02:00:00:c3:de:04,2026-10-10 16:52:49,12.3,52.0367776,5.0823232,3,Nieuwegein,NL
Utrecht,Utrecht_T3,02:00:00:33:32:f2,2026-10-10 16:58:10,12.5,52.033787,5.08994400000002,2,Nieuwegein,NL
Utrecht,Utrecht_T3,02:00:00:70:44:b6,2026-10-10 16:51:47,12.5,52.031138,5.153576,3,Houten,NL
Utrecht,Utrecht_T3,02:00:00:a4:45:fc,2026-10-10 16:59:13,10.9,52.036554,5.148482,3,Houten,NL
Utrecht,Utrecht_T3,02:00:00:74:59:5e,2026-10-10 16:56:18,11.9,52.032651,5.150862,2,Houten,NL
Utrecht,Utrecht_T3,02:00:00:ab:dd:0a,2026-10-10 16:50:11,12.1,52.0323257446289,5.16029739379883,3,Houten,NL
Utrecht,Utrecht_T3,02:00:00:6b:2a:78,2026-10-10 16:57:50,11.1,52.0377721438269,5.16268372535706,3,Houten,NL
Utrecht,Utrecht_T3,02:00:00:b5:88:ca,2026-10-10 16:53:16,11.6,52.0330682,5.1643068,2,Houten,NL
Utrecht,Utrecht_T3,02:00:00:5f:4f:c8,2026-10-10 16:57:24,11.7,52.035129,5.182718,4,Houten,NL
Utrecht,Utrecht_T3,02:00:00:28:c7:0c,2026-10-10 16:55:38,12.4,52.037256,5.182483,2,Houten,NL
Utrecht,Utrecht_T3,02:00:00:12:64:3c,2026-10-10 16:58:17,11.8,52.042369,5.07917,3,Nieuwegein,NL
Utrecht,Utrecht_T3,02:00:00:53:1e:a0,2026-10-10 16:58:15,12.2,52.0402059772848,5.10207018160772,3,Nieuwegein,NL
Utrecht,Utrecht_T3,02:00:00:63:0f:fc,2026-10-10 16:58:04,11.5,52.043643951416,5.09791469573975,3,Nieuwegein,NL
Utrecht,Utrecht_T3,02:00:00:70:3c:28,2026-10-10 16:49:58,12.3,52.0407289705737,5.167678504783,4,Houten,NL
Utrecht,Utrecht_T3,02:00:00:02:95:d6,2026-10-10 16:50:39,13.2,52.0402984619141,5.17449998855591,2,Houten,NL
Utrecht,Utrecht_T3,02:00:00:69:27:06,2026-10-10 16:59:55,12.1,52.040443,5.176922,4,Houten,NL
Utrecht,Utrecht_T3,02:00:00:b5:93:ca,2026-10-10 16:58:28,13.0,52.0392990112305,5.18340015411377,5,Houten,NL
Utrecht,Utrecht_T3,02:00:00:5f:01:94,2026-10-10 16:56:57,11.8,52.0484008789062,5.06870937347412,1,Nieuwegein,NL
Utrecht,Utrecht_T3,02:00:00:70:2b:d4,2026-10-10 16:50:35,10.7,52.045972,5.07087,1,Nieuwegein,NL
Utrecht,Utrecht_T3,02:00:00:03:61:d2,2026-10-10 16:59:12,12.5,52.048805,5.072527,2,Nieuwegein,NL
Utrecht,Utrecht_T3,02:00:00:a2:79:5e,2026-10-10 16:58:19,12.1,52.0471801757812,5.09753036499023,1,Nieuwegein,NL
Utrecht,Utrecht_T3,02:00:00:7f:c1:6a,2026-10-10 16:55:27,12.3,52.048702,5.096273,1,Nieuwegein,NL
Utrecht,Utrecht_T3,02:00:00:2f:25:be,2026-10-10 16:55:02,12.5,51.972489,4.936167,0,Lopik,NL
Utrecht,Utrecht_T3,02:00:00:7f:b5:5c,2026-10-10 16:52:39,12.8,51.974848,4.929508,1,Lopik,NL
Utrecht,Utrecht_T3,02:00:00:b5:39:c0,2026-10-10 16:51:14,12.4,51.9745063781738,4.95626163482666,0,Lopik,NL
Utrecht,Utrecht_T3,02:00:00:63:1c:34,2026-10-10 16:52:45,11.9,52.0063413154935,4.96732978016446,0,Benschop,NL
Utrecht,Utrecht_T3,02:00:00:5e:dd:b6,2026-10-10 16:55:12,11.4,52.005729,4.980607,0,Benschop,NL
Utrecht,Utrecht_T3,02:00:00:9b:49:f4,2026-10-10 16:53:38,11.0,52.0064039,4.98390829999994,0,Lopik,NL
Utrecht,Utrecht_T3,02:00:00:12:46:62,2026-10-10 16:49:34,12.0,52.0157017,5.0266633,3,IJsselstein,NL
Utrecht,Utrecht_T3,02:00:00:5f:5f:a6,2026-10-10 16:50:08,13.0,52.015138,5.030313,0,IJsselstein,NL
Utrecht,Utrecht_T3,02:00:00:29:68:c4,2026-10-10 16:58:54,12.2,52.013960485049,5.03387331962586,0,IJsselstein,NL
Utrecht,Utrecht_T3,02:00:00:3f:06:f0,2026-10-10 16:59:32,12.1,52.0137931,5.0453837,2,IJsselstein,NL
Utrecht,Utrecht_T3,02:00:00:06:0a:a0,2026-10-10 16:50:09,11.7,52.020902,5.03721599999998,2,IJsselstein,NL
Utrecht,Utrecht_T3,02:00:00:27:6e:f4,2026-10-10 16:59:24,12.8,52.0231,5.0448,1,IJsselstein,NL
Utrecht,Utrecht_T3,02:00:00:65:75:7c,2026-10-10 16:50:13,12.6,52.02251,5.0480266,2,IJsselstein,NL
Utrecht,Utrecht_T3,02:00:00:a9:49:d8,2026-10-10 16:51:05,11.3,52.0178530526017,5.05878868242119,3,IJsselstein,NL
Utrecht,Utrecht_T3,02:00:00:84:4d:fa,2026-10-10 16:58:34,11.3,52.023834,5.0222745,1,IJsselstein,NL
Utrecht,Utrecht_T3,02:00:00:c2:2d:ba,2026-10-10 16:49:33,11.8,52.024674,5.043599,2,IJsselstein,NL
Utrecht,Utrecht_T3,02:00:00:9b:4b:36,2026-10-10 16:59:37,11.6,52.0398213211055,4.94864881038666,0,Montfoort,NL
Utrecht,Utrecht_T3,02:00:00:af:35:f4,2026-10-10 16:57:45,11.9,52.042610168457,5.0585732460022,0,Utrecht,NL
Utrecht,Utrecht_T3,02:00:00:9d:0a:64,2026-10-10 16:50:04,11.6,52.046832,4.955603,2,Montfoort,NL
Utrecht,Utrecht_T4,02:00:00:7f:da:5c,2026-10-10 16:55:04,11.8,52.0531304369579,5.22815108299255,4,Odijk,NL
Utrecht,Utrecht_T4,02:00:00:6b:5c:40,2026-10-10 16:52:04,11.8,52.054557,5.231227,4,Odijk,NL
Utrecht,Utrecht_T4,02:00:00:83:93:78,2026-10-10 16:48:08,12.0,52.0587966,5.2699541000001,6,Driebergen-Rijsenburg,NL
Utrecht,Utrecht_T4,02:00:00:c2:2d:da,2026-10-10 16:56:17,13.7,52.058667,5.280097,10,Driebergen-Rijsenburg,NL
Utrecht,Utrecht_T4,02:00:00:05:4c:fe,2026-10-10 16:54:01,11.9,52.05599,5.302302,8,Driebergen-Rijsenburg,NL
Utrecht,Utrecht_T4,02:00:00:53:4b:f6,2026-10-10 16:51:40,10.8,52.0663334077756,5.27181981444309,7,Utrechtse Heuvelrug,NL
Utrecht,Utrecht_T4,02:00:00:5f:31:da,2026-10-10 16:50:11,12.1,52.060634,5.303621,9,Driebergen-Rijsenburg,NL
Utrecht,Utrecht_T4,02:00:00:69:2d:ce,2026-10-10 16:55:24,12.1,52.0776864965393,5.21996678862774,2,Zeist,NL
Utrecht,Utrecht_T4,02:00:00:2c:8c:8e,2026-10-10 16:59:16,11.9,52.076028,5.223584,3,Zeist,NL
Utrecht,Utrecht_T4,02:00:00:b5:95:b6,2026-10-10 16:57:41,11.9,52.076054,5.2236304,3,Zeist,NL
Utrecht,Utrecht_T4,02:00:00:1e:2b:70,2026-10-10 16:50:55,11.7,52.077486,5.262767,7,Zeist,NL
Utrecht,Utrecht_T4,02:00:00:22:e9:30,2026-10-10 16:47:21,11.8,52.0765091878968,5.26901300000007,11,Zeist,NL
Utrecht,Utrecht_T4,02:00:00:a9:8d:d8,2026-10-10 16:58:14,12.4,52.085205078125,5.20746994018555,3,Zeist,NL
Utrecht,Utrecht_T4,02:00:00:6b:50:1c,2026-10-10 16:50:45,12.3,52.0831358136488,5.20810304846899,3,Zeist,NL
Utrecht,Utrecht_T4,02:00:00:3c:09:22,2026-10-10 16:55:44,11.8,52.08636,5.221066,4,Zeist,NL
Utrecht,Utrecht_T4,02:00:00:b5:a7:22,2026-10-10 16:53:23,10.7,52.086941,5.225881,3,Zeist,NL
Utrecht,Utrecht_T4,02:00:00:63:36:3c,2026-10-10 16:58:14,11.8,52.082337,5.230563,5,Zeist,NL
Utrecht,Utrecht_T4,02:00:00:b5:78:be,2026-10-10 16:54:27,11.6,52.0856160136376,5.24176729332961,10,Zeist,NL
Utrecht,Utrecht_T4,02:00:00:71:2a:b6,2026-10-10 16:52:56,12.3,52.0859,5.251713,8,Zeist,NL
Utrecht,Utrecht_T4,02:00:00:b9:52:00,2026-10-10 16:56:02,12.8,52.0816383361816,5.2666335105896,8,Zeist,NL
Utrecht,Utrecht_T4,02:00:00:c3:d4:02,2026-10-10 16:52:38,12.9,52.081804,5.271518,9,Zeist,NL
Utrecht,Utrecht_T4,02:00:00:2b:1b:b8,2026-10-10 16:54:47,10.6,52.0832,5.3114,16,Zeist,NL
Utrecht,Utrecht_T4,02:00:00:b5:6c:22,2026-10-10 16:53:08,11.5,52.091126,5.216452,3,Zeist,NL
Utrecht,Utrecht_T4,02:00:00:90:64:1a,2026-10-10 16:52:05,11.0,52.095281,5.224389,6,Zeist,NL
Utrecht,Utrecht_T4,02:00:00:2b:35:1e,2026-10-10 16:54:35,11.4,52.0952544,5.2250609,7,Zeist,NL
Utrecht,Utrecht_T4,02:00:00:be:08:80,2026-10-10 16:56:12,10.9,52.08921,5.23415,4,Zeist,NL
Utrecht,Utrecht_T4,02:00:00:a9:76:24,2026-10-10 16:57:28,13.0,52.0949630737305,5.24057006835938,6,Zeist,NL
Utrecht,Utrecht_T4,02:00:00:65:5f:98,2026-10-10 16:54:55,12.3,52.092372,5.258088,13,Zeist,NL
Utrecht,Utrecht_T4,02:00:00:53:1f:58,2026-10-10 16:55:14,13.5,52.098804473877,5.21371459960938,6,De Bilt,NL
Utrecht,Utrecht_T4,02:00:00:70:52:12,2026-10-10 16:56:02,12.2,52.0989064,5.2171375,7,Zeist,NL
Utrecht,Utrecht_T4,02:00:00:04:8d:d4,2026-10-10 16:51:59,11.6,52.0991028774139,5.24481058252604,6,Zeist,NL
Utrecht,Utrecht_T4,02:00:00:04:78:82,2026-10-10 16:49:02,11.8,52.1007772460734,5.24760032682437,9,Zeist,NL
Utrecht,Utrecht_T4,02:00:00:b5:7f:6e,2026-10-10 16:49:43,10.8,52.096116,5.275819,16,Zeist,NL
Utrecht,Utrecht_T4,02:00:00:00:cf:e2,2026-10-10 16:47:54,11.5,52.1165564224102,5.27588927533017,26,Zeist,NL
Utrecht,Utrecht_T4,02:00:00:32:d5:b4,2026-10-10 16:51:05,12.5,52.120705,5.242738,11,Zeist,NL
Utrecht,Utrecht_T4,02:00:00:2e:f1:88,2026-10-10 16:47:39,11.2,52.118083,5.28241,18,Soest,NL
Utrecht,Utrecht_T4,02:00:00:bd:cd:7c,2026-10-10 16:58:32,11.6,52.118207,5.289362,19,Soest,NL
Utrecht,Utrecht_T4,02:00:00:58:d1:7c,2026-10-10 16:49:00,12.3,52.1175345595035,5.29194567397049,21,Soest,NL
Utrecht,Utrecht_T4,02:00:00:c3:8d:d4,2026-10-10 16:51:27,10.9,52.122499,5.2877,20,Soest,NL
Utrecht,Utrecht_T4,02:00:00:2f:2e:d6,2026-10-10 16:56:12,12.7,52.1253540626594,5.20409166812897,8,Bilthoven,NL
Utrecht,Utrecht_T4,02:00:00:19:a7:d8,2026-10-10 16:49:25,13.0,52.1270529486221,5.20968830477742,9,De Bilt,NL
Utrecht,Utrecht_T4,02:00:00:1c:70:32,2026-10-10 16:50:38,12.4,52.1276989082711,5.20827054977417,6,Bilthoven,NL
Utrecht,Utrecht_T4,02:00:00:83:f8:ea,2026-10-10 16:50:45,11.2,52.130348,5.321519,28,Soest,NL
Utrecht,Utrecht_T4,02:00:00:64:3a:06,2026-10-10 16:55:38,12.2,52.135639,5.211466,8,Bilthoven,NL
Utrecht,Utrecht_T4,02:00:00:b2:c4:4c,2026-10-10 16:57:04,11.8,52.137758,5.221579,12,Bilthoven,NL
Utrecht,Utrecht_T4,02:00:00:33:d9:9a,2026-10-10 16:51:34,12.6,52.134636,5.224104,9,Bilthoven,NL
Utrecht,Utrecht_T4,02:00:00:6b:3d:f0,2026-10-10 16:58:54,11.7,51.97041,5.3251667,4,Wijk bij Duurstede,NL
Utrecht,Utrecht_T4,02:00:00:af:66:ac,2026-10-10 16:54:15,12.6,51.9718856811523,5.32466840744019,6,Wijk bij Duurstede,NL
Utrecht,Utrecht_T4,02:00:00:bd:e6:3e,2026-10-10 16:56:51,11.6,51.975275,5.26539600000004,4,Wijk bij Duurstede,NL
Utrecht,Utrecht_T4,02:00:00:b9:7e:bc,2026-10-10 16:54:30,12.4,51.9745712280273,5.32293891906738,4,Wijk bij Duurstede,NL
Utrecht,Utrecht_T4,02:00:00:13:80:bc,2026-10-10 16:55:20,11.8,51.973609,5.3299,8,Wijk bij Duurstede,NL
Utrecht,Utrecht_T4,02:00:00:b2:bf:24,2026-10-10 16:53:43,10.8,51.9741426,5.3303036,7,Wijk bij Duurstede,NL
Utrecht,Utrecht_T4,02:00:00:5f:31:b2,2026-10-10 16:57:01,11.7,51.994175,5.309416,4,Wijk bij Duurstede,NL
Utrecht,Utrecht_T4,02:00:00:36:9b:82,2026-10-10 16:57:35,11.8,51.999313,5.289134,3,Wijk bij Duurstede,NL
Utrecht,Utrecht_T4,02:00:00:a9:e1:5e,2026-10-10 16:50:41,10.7,52.0263927164212,5.24514555931091,5,Werkhoven,NL
Utrecht,Utrecht_T4,02:00:00:29:6c:4e,2026-10-10 16:58:09,11.3,52.0390061,5.3007427,10,Doorn,NL
Utrecht,Utrecht_T4,02:00:00:a2:48:d0,2026-10-10 16:57:49,11.3,52.0388313921198,5.32877147197723,13,Doorn,NL
Utrecht,Utrecht_T4,02:00:00:36:d9:b6,2026-10-10 16:45:59,12.0,52.048683,5.221462,1,Odijk,NL
Utrecht,Utrecht_T4,02:00:00:a9:e7:96,2026-10-10 16:51:21,11.4,52.051119,5.235411,3,Odijk,NL
Utrecht,Utrecht_T4,02:00:00:70:1a:66,2026-10-10 16:50:57,11.2,52.047747,5.278028,4,Driebergen-Rijsenburg,NL
Utrecht,Utrecht_T4,02:00:00:70:20:ea,2026-10-10 16:57:51,12.1,52.049884,5.282535,6,Driebergen-Rijsenburg,NL
Amsterdam,Amsterdam_T1,02:00:00:1b:0b:da,2026-10-10 16:53:32,14.0,52.49417,4.78894000000004,2,Wormerveer,NL
Amsterdam,Amsterdam_T1,02:00:00:12:61:86,2026-10-10 16:50:03,15.2,52.4917057073896,4.80021612200147,2,Wormer,NL
Amsterdam,Amsterdam_T1,02:00:00:c2:84:0a,2026-10-10 16:54:53,13.6,52.4948445773121,4.79308347650687,2,Wormerveer,NL
Amsterdam,Amsterdam_T1,02:00:00:65:83:02,2026-10-10 16:58:08,17.5,52.4834613,4.80601730000005,1,Wormerveer,NL
Amsterdam,Amsterdam_T1,02:00:00:a4:18:7c,2026-10-10 16:58:58,14.1,52.493057,4.807123,0,Wormer,NL
Amsterdam,Amsterdam_T1,02:00:00:53:50:2a,2026-10-10 16:59:01,14.1,52.496266,4.819022,1,Wormer,NL
Amsterdam,Amsterdam_T1,02:00:00:8d:d0:7c,2026-10-10 16:54:02,14.0,52.490391116113,4.92924329763459,0,Purmerend,NL
Amsterdam,Amsterdam_T1,02:00:00:03:c7:82,2026-10-10 16:49:32,13.3,52.488343,4.938001,0,Purmerend,NL
Amsterdam,Amsterdam_T1,02:00:00:53:1f:08,2026-10-10 16:52:32,13.6,52.49503,4.92957000000003,0,Purmerend,NL
Amsterdam,Amsterdam_T1,02:00:00:9c:d8:1a,2026-10-10 16:59:51,13.1,52.4915202,4.96165890000017,0,Purmerend,NL
Amsterdam,Amsterdam_T1,02:00:00:c3:93:f6,2026-10-10 16:56:01,12.9,52.49484,4.946418,0,Purmerend,NL
Amsterdam,Amsterdam_T1,02:00:00:74:30:70,2026-10-10 16:55:46,14.3,52.495717,4.951841,0,Purmerend,NL
Amsterdam,Amsterdam_T1,02:00:00:36:99:3e,2026-10-10 16:55:02,13.4,52.4873166828203,4.97366015893508,0,Purmerend,NL
Amsterdam,Amsterdam_T1,02:00:00:33:e1:40,2026-10-10 16:50:16,12.9,52.488644,4.9737200000001,0,Purmerend,NL
Amsterdam,Amsterdam_T1,02:00:00:27:27:2a,2026-10-10 16:59:36,13.0,52.4883303898198,4.97515391663844,0,Purmerend,NL
Amsterdam,Amsterdam_T1,02:00:00:27:50:a8,2026-10-10 16:46:41,13.9,52.493988,5.047598,0,Volendam,NL
Amsterdam,Amsterdam_T1,02:00:00:02:f5:96,2026-10-10 16:55:28,13.0,52.496988,5.050034,0,Volendam,NL
Amsterdam,Amsterdam_T1,02:00:00:13:0f:6c,2026-10-10 16:55:12,13.2,52.500239,4.816214,0,Wormer,NL
Amsterdam,Amsterdam_T1,02:00:00:1c:6d:42,2026-10-10 16:49:37,13.2,52.500429,4.8242,1,Wormer,NL
Amsterdam,Amsterdam_T1,02:00:00:a4:41:de,2026-10-10 16:54:01,12.1,52.4998027881579,4.82577238512022,0,Wormer,NL
Amsterdam,Amsterdam_T1,02:00:00:70:52:6c,2026-10-10 16:52:26,13.9,52.509555,4.84741,0,Jisp,NL
Amsterdam,Amsterdam_T1,02:00:00:b5:b8:40,2026-10-10 16:53:10,12.9,52.5068085021421,4.91711662457473,0,Neck,NL
Amsterdam,Amsterdam_T1,02:00:00:b5:86:1a,2026-10-10 16:56:09,12.9,52.499132,4.950515,0,Purmerend,NL
Amsterdam,Amsterdam_T1,02:00:00:1d:eb:96,2026-10-10 16:52:04,13.7,52.505266,4.949082,1,Purmerend,NL
Amsterdam,Amsterdam_T1,02:00:00:7f:cd:5a,2026-10-10 16:58:32,13.1,52.499632,4.954935,0,Purmerend,NL
Amsterdam,Amsterdam_T1,02:00:00:01:fd:6c,2026-10-10 16:48:54,18.0,52.5106950810046,4.97425221656761,0,Purmerend,NL
Amsterdam,Amsterdam_T1,02:00:00:01:cb:8a,2026-10-10 16:53:29,13.8,52.500789,4.986087,0,Purmerend,NL
Amsterdam,Amsterdam_T1,02:00:00:b2:a8:8a,2026-10-10 16:55:24,13.0,52.5045,4.9867,0,Purmerend,NL
Amsterdam,Amsterdam_T1,02:00:00:7a:ea:00,2026-10-10 16:51:40,13.4,52.510647,4.9936514,0,Purmerend,NL
Amsterdam,Amsterdam_T1,02:00:00:b5:47:24,2026-10-10 16:58:50,13.1,52.510277,5.041457,0,Edam,NL
Amsterdam,Amsterdam_T1,02:00:00:1f:3e:84,2026-10-10 16:50:32,13.4,52.504946,5.05026,0,Edam-Volendam,NL
Amsterdam,Amsterdam_T1,02:00:00:6b:56:92,2026-10-10 16:50:24,13.5,52.5107399131418,5.05132626109,2,Edam,NL
Amsterdam,Amsterdam_T1,02:00:00:63:2c:18,2026-10-10 16:53:13,13.6,52.5189,4.9391,0,Zuidoostbeemster,NL
Amsterdam,Amsterdam_T1,02:00:00:14:48:40,2026-10-10 16:59:27,14.3,52.514999,4.952826,0,Purmerend,NL
Amsterdam,Amsterdam_T1,02:00:00:c5:3a:c0,2026-10-10 16:59:12,13.3,52.524065,4.956779,1,Purmerend,NL
Amsterdam,Amsterdam_T1,02:00:00:bd:d2:74,2026-10-10 16:53:37,13.7,52.51736,4.96777,0,Purmerend,NL
Amsterdam,Amsterdam_T1,02:00:00:2e:ec:0a,2026-10-10 16:57:22,12.4,52.513165,4.985127,0,Purmerend,NL
Amsterdam,Amsterdam_T1,02:00:00:a4:43:5c,2026-10-10 16:54:45,13.4,52.51412,5.05999,1,Edam,NL
Amsterdam,Amsterdam_T1,02:00:00:5f:01:22,2026-10-10 16:59:33,13.0,52.526959,4.887042,0,Beemster,NL
Amsterdam,Amsterdam_T1,02:00:00:2b:22:ba,2026-10-10 16:58:40,11.5,52.528348,4.978256,1,Kwadijk,NL
Amsterdam,Amsterdam_T1,02:00:00:2b:20:e2,2026-10-10 16:52:26,13.4,52.557103,4.842962,0,De Rijp,NL
Amsterdam,Amsterdam_T1,02:00:00:c3:cf:e8,2026-10-10 16:47:37,12.7,52.55496,4.848112,0,De Rijp,NL
Amsterdam,Amsterdam_T1,02:00:00:a2:4e:70,2026-10-10 16:57:49,12.4,52.560772,4.83367,0,Graft,NL
Amsterdam,Amsterdam_T1,02:00:00:5e:d1:f0,2026-10-10 16:55:04,13.3,52.557312,4.9532166,0,Middenbeemster,NL
Amsterdam,Amsterdam_T1,02:00:00:8d:d2:a6,2026-10-10 16:44:24,13.5,52.5748079414121,4.9975723028183,1,Oosthuizen,NL
Amsterdam,Amsterdam_T1,02:00:00:bd:cf:d4,2026-10-10 16:50:36,13.7,52.583034,4.850177,1,Grootschermer,NL
Amsterdam,Amsterdam_T1,02:00:00:18:fe:32,2026-10-10 16:51:23,12.2,52.589092,4.889988,0,Noordbeemster,NL
Amsterdam,Amsterdam_T1,02:00:00:5e:e2:a2,2026-10-10 16:58:18,11.2,52.590799,4.99267889999998,0,Beets,NL
Amsterdam,Amsterdam_T1,02:00:00:a9:e7:3e,2026-10-10 16:58:04,11.8,52.5977249145508,4.80700254440308,0,Zuidschermer,NL
Amsterdam,Amsterdam_T1,02:00:00:a9:9a:0e,2026-10-10 16:56:10,12.0,52.60907,4.82852,0,Stompetoren,NL
Amsterdam,Amsterdam_T1,02:00:00:a4:1f:24,2026-10-10 16:55:30,10.7,52.601368,4.895885,0,Schermerhorn,NL
Amsterdam,Amsterdam_T1,02:00:00:00:5c:fe,2026-10-10 16:54:00,11.7,52.611835,4.819923,0,Stompetoren,NL
Amsterdam,Amsterdam_T1,02:00:00:a2:05:f0,2026-10-10 16:50:23,13.1,52.61378,4.8226314,0,Stompetoren,NL
Amsterdam,Amsterdam_T1,02:00:00:b5:9f:ce,2026-10-10 16:51:23,14.4,52.616386,4.82743400000004,0,Stompetoren,NL
Amsterdam,Amsterdam_T1,02:00:00:3c:f7:c6,2026-10-10 16:56:39,10.0,52.617355,4.951664,0,Avenhorn,NL
Amsterdam,Amsterdam_T1,02:00:00:8d:c6:de,2026-10-10 16:50:59,13.2,52.619774,4.99351,0,Grosthuizen,NL
Amsterdam,Amsterdam_T1,02:00:00:6b:31:7e,2026-10-10 16:51:13,11.4,52.634415,4.8763695,0,Rustenburg,NL
Amsterdam,Amsterdam_T1,02:00:00:36:d3:84,2026-10-10 16:57:56,12.2,52.636567,4.911496,0,Ursem,NL
Amsterdam,Amsterdam_T1,02:00:00:9d:00:22,2026-10-10 16:52:52,13.2,52.6390495300293,4.98681020736694,0,Berkhout,NL
Amsterdam,Amsterdam_T1,02:00:00:31:d8:fc,2026-10-10 16:54:52,12.1,52.6358,5.035,1,Hoorn,NL
Amsterdam,Amsterdam_T1,02:00:00:7f:aa:9a,2026-10-10 16:59:01,12.3,52.6374130249023,5.03559350967407,0,Hoorn,NL
Amsterdam,Amsterdam_T1,02:00:00:70:4e:d8,2026-10-10 16:54:54,12.6,52.635018,5.055994,2,Hoorn,NL
Amsterdam,Amsterdam_T1,02:00:00:12:5a:d0,2026-10-10 16:53:49,13.2,52.6491675042269,4.78180266103391,0,Alkmaar,NL
Amsterdam,Amsterdam_T1,02:00:00:70:24:48,2026-10-10 16:49:27,12.6,52.643764,4.811346,0,Heerhugowaard,NL
Amsterdam,Amsterdam_T1,02:00:00:70:45:b4,2026-10-10 16:50:48,11.7,52.6408805482461,4.82286089912765,0,Heerhugowaard,NL
Amsterdam,Amsterdam_T1,02:00:00:02:09:d6,2026-10-10 16:54:14,13.4,52.6489,4.8179,0,Heerhugowaard,NL
Amsterdam,Amsterdam_T1,02:00:00:7f:bf:4c,2026-10-10 16:47:16,11.1,52.648259,4.831611,0,Heerhugowaard,NL
Amsterdam,Amsterdam_T1,02:00:00:c3:e3:ec,2026-10-10 16:52:46,12.7,52.651959,4.836277,0,Heerhugowaard,NL
Amsterdam,Amsterdam_T1,02:00:00:84:a4:8a,2026-10-10 16:56:26,11.8,52.65307,4.842089,0,Heerhugowaard,NL
Amsterdam,Amsterdam_T1,02:00:00:12:ae:72,2026-10-10 16:53:53,12.4,52.642342,5.006524,-2,Koggenland,NL
Amsterdam,Amsterdam_T1,02:00:00:ab:e2:60,2026-10-10 16:53:47,10.9,52.6533337948181,5.00276838610966,0,Berkhout,NL
Amsterdam,Amsterdam_T1,02:00:00:bd:f8:2a,2026-10-10 16:55:40,11.3,52.6404246842747,5.01088078453655,0,Berkhout,NL
Amsterdam,Amsterdam_T1,02:00:00:1d:fd:b8,2026-10-10 16:54:20,12.4,52.6441,5.051928,0,Haarlemmermeer,NL
Amsterdam,Amsterdam_T1,02:00:00:1f:4d:3c,2026-10-10 16:55:40,13.7,52.640192,5.056347,2,Hoorn,NL
Amsterdam,Amsterdam_T1,02:00:00:74:31:7a,2026-10-10 16:51:36,12.3,52.647618,5.049272,0,Hoorn,NL
Amsterdam,Amsterdam_T1,02:00:00:af:29:fa,2026-10-10 16:58:27,15.1,52.3138847351074,4.87314224243164,0,Amstelveen,NL
Amsterdam,Amsterdam_T1,02:00:00:2f:24:f4,2026-10-10 16:52:41,13.5,52.3131760328984,4.9050662899177,0,Amstelveen,NL
Amsterdam,Amsterdam_T1,02:00:00:90:ba:a6,2026-10-10 16:52:24,13.8,52.3243254,4.945702,1,Amsterdam,NL
Amsterdam,Amsterdam_T1,02:00:00:64:f4:40,2026-10-10 16:53:18,13.9,52.323489,4.949922,0,Amsterdam,NL
Amsterdam,Amsterdam_T1,02:00:00:a9:c7:92,2026-10-10 16:45:13,11.5,52.3181934768859,4.99123257230989,0,Amsterdam,NL
Amsterdam,Amsterdam_T1,02:00:00:73:a6:c6,2026-10-10 16:59:20,11.7,52.314064,5.0302644,4,Weesp,NL
Amsterdam,Amsterdam_T1,02:00:00:a9:70:6c,2026-10-10 16:53:08,11.6,52.319796,5.037465,0,Weesp,NL
Amsterdam,Amsterdam_T1,02:00:00:1e:02:e4,2026-10-10 16:57:05,13.2,52.317602,5.04012000000006,0,Weesp,NL
Amsterdam,Amsterdam_T1,02:00:00:bc:ac:0e,2026-10-10 16:55:36,12.4,52.317851,5.049238,0,Weesp,NL
Amsterdam,Amsterdam_T1,02:00:00:63:2c:4e,2026-10-10 16:48:26,12.7,52.3184684,5.05026849999997,0,Weesp,NL
Amsterdam,Amsterdam_T1,02:00:00:8d:e3:a0,2026-10-10 16:53:07,13.7,52.33342,4.791647,0,Badhoevedorp,NL
Amsterdam,Amsterdam_T1,02:00:00:a4:21:fc,2026-10-10 16:51:58,12.9,52.3272787,4.86810710000012,0,Amsterdam,NL
Amsterdam,Amsterdam_T1,02:00:00:6b:54:3c,2026-10-10 16:58:16,13.6,52.3274342242951,4.87812453825795,4,Amsterdam,NL
Amsterdam,Amsterdam_T1,02:00:00:bd:1d:3e,2026-10-10 16:52:54,13.5,52.331773,4.888536,4,Amsterdam,NL
Amsterdam,Amsterdam_T1,02:00:00:9c:da:94,2026-10-10 16:58:43,11.9,52.332847,4.936642,4,Duivendrecht,NL
Amsterdam,Amsterdam_T1,02:00:00:27:76:38,2026-10-10 16:59:21,12.8,52.3363586,4.9621297,0,Diemen,NL
Amsterdam,Amsterdam_T1,02:00:00:b5:71:d4,2026-10-10 16:59:32,13.1,52.3371353071573,4.96234081685543,0,Diemen,NL
Amsterdam,Amsterdam_T1,02:00:00:18:f9:e8,2026-10-10 16:56:02,12.4,52.325482,4.97447,3,Amsterdam,NL
Amsterdam,Amsterdam_T1,02:00:00:27:51:b8,2026-10-10 16:51:37,12.9,52.326592,4.978735,0,Amsterdam,NL
Amsterdam,Amsterdam_T1,02:00:00:64:f7:0c,2026-10-10 16:51:50,13.6,52.3283278999999,4.98179320000003,0,Amsterdam,NL
Amsterdam,Amsterdam_T1,02:00:00:83:bf:80,2026-10-10 16:58:09,13.8,52.333599,5.061164,2,Muiden,NL
Amsterdam,Amsterdam_T1,02:00:00:01:6c:5e,2026-10-10 16:52:11,13.7,52.3446448698127,4.79225000001364,0,Amsterdam,NL
Amsterdam,Amsterdam_T1,02:00:00:63:45:58,2026-10-10 16:59:20,13.1,52.3414578220111,4.79799399999996,1,Amsterdam,NL
Amsterdam,Amsterdam_T1,02:00:00:00:c9:c8,2026-10-10 16:50:45,15.2,52.3535947951943,4.79096345471049,2,Amsterdam,NL
Amsterdam,Amsterdam_T1,02:00:00:14:47:bc,2026-10-10 16:59:35,13.1,52.3527607864368,4.80871260166168,1,Amsterdam,NL
Amsterdam,Amsterdam_T1,02:00:00:27:63:7e,2026-10-10 16:53:19,14.5,52.349896,4.810742,0,Amsterdam,NL
Amsterdam,Amsterdam_T1,02:00:00:84:73:aa,2026-10-10 16:59:40,20.5,52.342971,4.825803,0,Amsterdam,NL
Amsterdam,Amsterdam_T1,02:00:00:65:84:16,2026-10-10 16:53:59,14.0,52.34792,4.846243,4,Amsterdam,NL
Amsterdam,Amsterdam_T1,02:00:00:04:75:d4,2026-10-10 16:44:07,14.5,52.3449817790461,4.85212203743075,0,Amsterdam,NL
Amsterdam,Amsterdam_T1,02:00:00:5f:1f:26,2026-10-10 16:58:18,14.1,52.3457181372478,4.86503304724545,2,Amsterdam,NL
Amsterdam,Amsterdam_T1,02:00:00:c3:7e:68,2026-10-10 16:59:03,14.7,52.3528,4.8584,3,Amsterdam,NL
Amsterdam,Amsterdam_T1,02:00:00:74:60:90,2026-10-10 16:56:04,13.4,52.343761,4.875174,3,Amsterdam,NL
Amsterdam,Amsterdam_T1,02:00:00:b2:c9:f2,2026-10-10 16:58:38,14.1,52.3515548339678,4.88495239138607,4,Amsterdam,NL
Amsterdam,Amsterdam_T1,02:00:00:01:88:24,2026-10-10 16:56:42,14.2,52.345546,4.889957,7,Amsterdam,NL
Amsterdam,Amsterdam_T1,02:00:00:22:e1:1a,2026-10-10 16:50:09,14.3,52.343674,4.907335,5,Amsterdam,NL
Amsterdam,Amsterdam_T1,02:00:00:c6:2c:e4,2026-10-10 16:50:53,13.6,52.352244,4.899948,7,Amsterdam,NL
Amsterdam,Amsterdam_T1,02:00:00:63:11:04,2026-10-10 16:55:05,13.7,52.352951,4.903895,4,Amsterdam,NL
Amsterdam,Amsterdam_T1,02:00:00:b9:59:14,2026-10-10 16:58:23,13.7,52.352879,4.928205,0,Amsterdam,NL
Amsterdam,Amsterdam_T1,02:00:00:2a:db:3c,2026-10-10 16:54:45,14.5,52.347729,4.941162,0,Amsterdam,NL
Amsterdam,Amsterdam_T1,02:00:00:7a:89:24,2026-10-10 16:47:23,14.7,52.348087,4.941446,0,Amsterdam,NL
Amsterdam,Amsterdam_T1,02:00:00:2c:f1:9a,2026-10-10 16:55:18,13.6,52.34402,4.952192,0,Amsterdam,NL
Amsterdam,Amsterdam_T1,02:00:00:13:3c:4c,2026-10-10 16:59:47,13.3,52.3399512086528,4.96276274283001,2,Diemen,NL
Amsterdam,Amsterdam_T1,02:00:00:bd:c0:be,2026-10-10 16:54:48,14.4,52.350442,4.98087900000004,6,Diemen,NL
Amsterdam,Amsterdam_T1,02:00:00:c2:2e:4a,2026-10-10 16:55:46,13.9,52.351406,5.001968,0,Amsterdam,NL
Amsterdam,Amsterdam_T1,02:00:00:5e:f9:38,2026-10-10 16:48:46,13.3,52.354861,4.832611,0,Amsterdam,NL
Amsterdam,Amsterdam_T1,02:00:00:84:0b:ca,2026-10-10 16:59:57,20.7,52.367164,4.83112,0,Amsterdam,NL
Amsterdam,Amsterdam_T1,02:00:00:af:7d:bc,2026-10-10 16:57:45,13.6,52.3570713933203,4.84621300000002,5,Amsterdam,NL
Amsterdam,Amsterdam_T1,02:00:00:63:33:0c,2026-10-10 16:53:13,13.7,52.365672,4.85523999999998,1,Amsterdam,NL
Amsterdam,Amsterdam_T1,02:00:00:c2:3d:20,2026-10-10 16:53:25,13.9,52.364597,4.861279,4,Amsterdam,NL
Amsterdam,Amsterdam_T1,02:00:00:2b:ef:e6,2026-10-10 16:53:10,13.5,52.361571,4.864208,5,Amsterdam,NL
Amsterdam,Amsterdam_T1,02:00:00:7a:85:20,2026-10-10 16:54:31,13.9,52.354887,4.876879,4,Amsterdam,NL
Amsterdam,Amsterdam_T1,02:00:00:b5:54:dc,2026-10-10 16:55:26,14.3,52.3564,4.8802,2,Amsterdam,NL
Amsterdam,Amsterdam_T1,02:00:00:1e:2b:4a,2026-10-10 16:52:30,15.6,52.362908,4.884243,8,Amsterdam,NL
Amsterdam,Amsterdam_T1,02:00:00:02:b1:be,2026-10-10 16:56:26,13.8,52.3573648188524,4.89851619487149,4,Amsterdam,NL
Amsterdam,Amsterdam_T1,02:00:00:3a:24:be,2026-10-10 16:55:39,13.7,52.3540842,4.90596159999996,5,Amsterdam,NL
Amsterdam,Amsterdam_T1,02:00:00:70:42:62,2026-10-10 16:56:25,14.4,52.356221,4.909817,3,Amsterdam,NL
Amsterdam,Amsterdam_T1,02:00:00:04:a6:8a,2026-10-10 16:54:50,13.5,52.3607,4.9243,1,Amsterdam,NL
Amsterdam,Amsterdam_T1,02:00:00:b2:b2:58,2026-10-10 16:59:38,13.5,52.357371,4.926031,3,Amsterdam,NL
Amsterdam,Amsterdam_T1,02:00:00:9b:51:e4,2026-10-10 16:49:25,13.1,52.360158,4.925819,2,Amsterdam,NL
Amsterdam,Amsterdam_T1,02:00:00:2a:fe:a6,2026-10-10 16:56:09,14.3,52.3572889935944,4.94533920674587,0,Amsterdam,NL
Amsterdam,Amsterdam_T1,02:00:00:3f:6a:62,2026-10-10 16:49:47,15.5,52.363079,4.979751,0,Amsterdam,NL
Amsterdam,Amsterdam_T1,02:00:00:b2:c1:1a,2026-10-10 16:51:03,15.0,52.359813,4.995219,0,Amsterdam,NL
Amsterdam,Amsterdam_T1,02:00:00:c6:24:60,2026-10-10 16:57:32,13.8,52.3561316,5.0025093,0,Amsterdam,NL
Amsterdam,Amsterdam_T1,02:00:00:83:d1:bc,2026-10-10 16:53:44,19.8,52.373107,4.810869,0,Amsterdam,NL
Amsterdam,Amsterdam_T1,02:00:00:83:eb:6a,2026-10-10 16:57:19,22.1,52.3771819548297,4.818619891921,1,Amsterdam,NL
Amsterdam,Amsterdam_T1,02:00:00:7a:7d:7c,2026-10-10 16:54:33,13.6,52.376183,4.8480215,3,Amsterdam,NL
Amsterdam,Amsterdam_T1,02:00:00:2b:49:82,2026-10-10 16:50:19,14.9,52.3727766,4.8646089,4,Amsterdam,NL
Amsterdam,Amsterdam_T1,02:00:00:6b:32:8c,2026-10-10 16:56:47,13.1,52.370501,4.874214,6,Amsterdam,NL
Amsterdam,Amsterdam_T1,02:00:00:71:1d:7e,2026-10-10 16:59:19,13.3,52.3796,4.8778,1,Amsterdam,NL
Amsterdam,Amsterdam_T1,02:00:00:af:9a:18,2026-10-10 16:54:10,14.0,52.371666,4.881638,9,Amsterdam,NL
Amsterdam,Amsterdam_T1,02:00:00:b8:e7:f0,2026-10-10 16:56:03,14.3,52.371671,4.887671,9,Amsterdam,NL
Amsterdam,Amsterdam_T1,02:00:00:6b:3b:94,2026-10-10 16:55:17,13.2,52.3824,4.8995,5,Amsterdam,NL
Amsterdam,Amsterdam_T1,02:00:00:27:4a:1c,2026-10-10 16:51:23,13.8,52.3824,4.8995,5,Amsterdam,NL
Amsterdam,Amsterdam_T1,02:00:00:03:5a:a0,2026-10-10 16:50:26,15.1,52.3824,4.8995,1,Amsterdam,NL
Amsterdam,Amsterdam_T1,02:00:00:9b:59:de,2026-10-10 16:47:51,14.2,52.369161,4.9326972000001,4,Amsterdam,NL
Amsterdam,Amsterdam_T1,02:00:00:bd:07:a6,2026-10-10 16:55:03,14.9,52.375199,4.931954,1,Amsterdam,NL
Amsterdam,Amsterdam_T1,02:00:00:65:41:06,2026-10-10 16:56:41,14.3,52.379093,4.927459,4,Amsterdam,NL
Amsterdam,Amsterdam_T1,02:00:00:28:9a:9a,2026-10-10 16:50:48,13.2,52.369183,4.95507,0,Amsterdam,NL
Amsterdam,Amsterdam_T1,02:00:00:c6:26:24,2026-10-10 16:54:52,14.7,52.3731658712137,4.96877610683441,1,Amsterdam,NL
Amsterdam,Amsterdam_T1,02:00:00:36:9f:fe,2026-10-10 16:48:39,13.9,52.383123,4.874172,6,Amsterdam,NL
Amsterdam,Amsterdam_T1,02:00:00:84:46:e2,2026-10-10 16:52:53,14.6,52.3929199123918,4.88645911216736,0,Amsterdam,NL
Amsterdam,Amsterdam_T1,02:00:00:01:29:cc,2026-10-10 16:52:47,13.8,52.385014,4.891942,2,Amsterdam,NL
Amsterdam,Amsterdam_T1,02:00:00:7f:be:6c,2026-10-10 16:53:55,14.0,52.385614,4.901338,2,Amsterdam,NL
Amsterdam,Amsterdam_T1,02:00:00:31:ea:9a,2026-10-10 16:53:08,14.5,52.386666,4.905248,3,Amsterdam,NL
Amsterdam,Amsterdam_T1,02:00:00:b9:02:04,2026-10-10 16:55:36,14.5,52.396435,4.905298,0,Amsterdam,NL
Amsterdam,Amsterdam_T1,02:00:00:2a:d6:c6,2026-10-10 16:59:27,14.3,52.3936767578125,4.9279146194458,0,Amsterdam,NL
Amsterdam,Amsterdam_T1,02:00:00:b5:76:26,2026-10-10 16:54:25,13.5,52.403811,4.914876,2,Amsterdam,NL
Amsterdam,Amsterdam_T1,02:00:00:84:9d:b8,2026-10-10 16:57:52,13.7,52.409513391525,4.90777124931917,3,Amsterdam,NL
Amsterdam,Amsterdam_T1,02:00:00:9b:5a:46,2026-10-10 16:54:24,13.1,52.4092,4.911,1,Amsterdam,NL
Amsterdam,Amsterdam_T1,02:00:00:bd:d9:9e,2026-10-10 16:59:30,13.7,52.407674,4.932463,0,Amsterdam,NL
Amsterdam,Amsterdam_T1,02:00:00:7f:d5:6c,2026-10-10 16:55:43,13.8,52.407289,4.935319,0,Amsterdam,NL
Amsterdam,Amsterdam_T1,02:00:00:63:2c:2a,2026-10-10 16:54:13,13.8,52.402984,4.945694,2,Amsterdam,NL
Amsterdam,Amsterdam_T1,02:00:00:63:32:ca,2026-10-10 16:53:35,14.3,52.400011,4.948339,0,Amsterdam,NL
Amsterdam,Amsterdam_T1,02:00:00:7f:c1:54,2026-10-10 16:44:48,16.5,52.3997152224585,4.95156731297681,0,Amsterdam,NL
Amsterdam,Amsterdam_T1,02:00:00:bd:c8:28,2026-10-10 16:34:48,13.7,52.4225551,4.8995336,0,Amsterdam,NL
Amsterdam,Amsterdam_T1,02:00:00:bd:d6:68,2026-10-10 16:54:14,13.2,52.4134732394671,5.02463681500691,0,Amsterdam,NL
Amsterdam,Amsterdam_T1,02:00:00:b2:be:dc,2026-10-10 16:56:50,12.9,52.4336802968209,4.80540275573731,0,Zaanstad,NL
Amsterdam,Amsterdam_T1,02:00:00:84:7f:c4,2026-10-10 16:55:09,12.7,52.4315445597503,4.8274827003479,2,Zaandam,NL
Amsterdam,Amsterdam_T1,02:00:00:c3:9d:f2,2026-10-10 16:52:39,13.3,52.432236,4.828755,2,Zaandam,NL
Amsterdam,Amsterdam_T1,02:00:00:73:c0:fe,2026-10-10 16:54:14,13.5,52.428103,4.835043,0,Zaandam,NL
Amsterdam,Amsterdam_T1,02:00:00:a4:5d:e2,2026-10-10 16:56:01,13.4,52.429596,4.834617,2,Zaandam,NL
Amsterdam,Amsterdam_T1,02:00:00:04:60:50,2026-10-10 16:52:23,13.7,52.4362386996961,4.8581631145293,0,Oostzaan,NL
Amsterdam,Amsterdam_T1,02:00:00:01:16:2a,2026-10-10 16:55:20,14.4,52.434544,4.873619,0,Oostzaan,NL
Amsterdam,Amsterdam_T1,02:00:00:b2:a7:20,2026-10-10 16:55:55,13.2,52.4381484985352,4.87386560440063,1,Oostzaan,NL
Amsterdam,Amsterdam_T1,02:00:00:b8:ec:c0,2026-10-10 16:56:38,13.8,52.434645,4.88352290000002,0,Oostzaan,NL
Amsterdam,Amsterdam_T1,02:00:00:2c:81:ba,2026-10-10 16:53:07,13.3,52.42855131,4.90767144000006,0,Landsmeer,NL
Amsterdam,Amsterdam_T1,02:00:00:84:97:78,2026-10-10 16:52:56,13.4,52.4303782,4.9118837,0,Landsmeer,NL
Amsterdam,Amsterdam_T1,02:00:00:7f:8e:40,2026-10-10 16:53:56,13.0,52.4295166584759,4.91431653499603,1,Landsmeer,NL
Amsterdam,Amsterdam_T1,02:00:00:19:9f:a0,2026-10-10 16:50:17,13.3,52.42952,4.922538,2,Landsmeer,NL
Amsterdam,Amsterdam_T1,02:00:00:b2:a8:40,2026-10-10 16:53:28,13.3,52.4277367607842,4.97108750037114,0,Watergang,NL
Amsterdam,Amsterdam_T1,02:00:00:5f:16:d6,2026-10-10 16:55:56,13.3,52.4284796,4.9963295,0,Broek in Waterland,NL
Amsterdam,Amsterdam_T1,02:00:00:03:66:0a,2026-10-10 16:55:40,13.0,52.435455,4.998643,0,Waterland,NL
Amsterdam,Amsterdam_T1,02:00:00:c5:39:e6,2026-10-10 16:55:16,12.8,52.4318871,5.00355289999993,0,Waterland,NL
Amsterdam,Amsterdam_T1,02:00:00:74:2f:bc,2026-10-10 16:54:38,13.1,52.441813,4.800982,2,Zaandam,NL
Amsterdam,Amsterdam_T1,02:00:00:28:b4:66,2026-10-10 16:49:31,12.7,52.44171,4.801541,2,Zaandam,NL
Amsterdam,Amsterdam_T1,02:00:00:2b:51:e0,2026-10-10 16:59:24,14.0,52.4437952340714,4.80843538190147,0,Zaandam,NL
Amsterdam,Amsterdam_T1,02:00:00:3b:e3:ba,2026-10-10 16:50:23,13.6,52.446107,4.818733,4,Zaandam,NL
Amsterdam,Amsterdam_T1,02:00:00:90:6d:84,2026-10-10 16:50:35,13.2,52.451797,4.81541440000003,0,Zaandam,NL
Amsterdam,Amsterdam_T1,02:00:00:64:1b:8a,2026-10-10 16:49:41,14.5,52.44757,4.87087999999997,0,Oostzaan,NL
Amsterdam,Amsterdam_T1,02:00:00:8d:e0:2e,2026-10-10 16:58:39,12.6,52.453716,5.033896,1,Monnickendam,NL
Amsterdam,Amsterdam_T1,02:00:00:74:38:ae,2026-10-10 16:59:47,13.0,52.448765,5.040629,0,Monnickendam,NL
Amsterdam,Amsterdam_T1,02:00:00:65:7b:60,2026-10-10 16:50:05,13.2,52.45517,4.796338,0,Koog aan de Zaan,NL
Amsterdam,Amsterdam_T1,02:00:00:65:85:14,2026-10-10 16:59:03,12.5,52.460911,4.798072,0,Koog aan de Zaan,NL
Amsterdam,Amsterdam_T1,02:00:00:70:59:8a,2026-10-10 16:52:45,12.9,52.461746,4.800009,0,Zaanstad,NL
Amsterdam,Amsterdam_T1,02:00:00:b2:a4:56,2026-10-10 16:51:16,13.3,52.458013,4.806933,1,Koog aan de Zaan,NL
Amsterdam,Amsterdam_T1,02:00:00:12:55:1a,2026-10-10 16:47:24,14.0,52.4596497323282,4.81831419827456,3,Zaanstad,NL
Amsterdam,Amsterdam_T1,02:00:00:a9:c1:1c,2026-10-10 16:48:45,17.6,52.4684745,4.8413454,2,Zaandam,NL
Amsterdam,Amsterdam_T1,02:00:00:65:59:44,2026-10-10 16:52:28,12.8,52.46492,4.947995,0,Landsmeer,NL
Amsterdam,Amsterdam_T1,02:00:00:36:b5:10,2026-10-10 16:59:17,12.7,52.4607855,5.0354233,5,Waterland,NL
Amsterdam,Amsterdam_T1,02:00:00:74:32:a4,2026-10-10 16:54:55,15.8,52.4731842031282,4.79222238063812,0,Zaandijk,NL
Amsterdam,Amsterdam_T1,02:00:00:83:fe:54,2026-10-10 16:57:01,12.1,52.473273,4.792316,1,Zaandijk,NL
Amsterdam,Amsterdam_T1,02:00:00:af:6e:4c,2026-10-10 16:52:48,12.8,52.472511,4.809806,1,Zaandijk,NL
Amsterdam,Amsterdam_T1,02:00:00:ab:f0:04,2026-10-10 16:51:10,13.2,52.4732402,4.82852159999997,1,Zaanstad,NL
Amsterdam,Amsterdam_T1,02:00:00:a2:61:20,2026-10-10 16:51:20,13.7,52.4932975227619,4.60278952387853,8,Wijk aan Zee,NL
Amsterdam,Amsterdam_T1,02:00:00:1c:4f:ce,2026-10-10 16:54:17,14.7,52.492031,4.644317,2,Beverwijk,NL
Amsterdam,Amsterdam_T1,02:00:00:b5:31:48,2026-10-10 16:54:34,13.9,52.48672,4.649581,3,Beverwijk,NL
Amsterdam,Amsterdam_T1,02:00:00:03:9e:56,2026-10-10 16:47:33,15.5,52.4833850346124,4.65639000000004,2,Beverwijk,NL
Amsterdam,Amsterdam_T1,02:00:00:27:38:1e,2026-10-10 16:51:28,15.3,52.490058,4.675492,0,Beverwijk,NL
Amsterdam,Amsterdam_T1,02:00:00:1f:75:1e,2026-10-10 16:44:11,13.1,52.495347,4.671976,3,Beverwijk,NL
Amsterdam,Amsterdam_T1,02:00:00:63:48:12,2026-10-10 16:55:48,13.8,52.4925710517851,4.68104579285944,0,Beverwijk,NL
Amsterdam,Amsterdam_T1,02:00:00:b9:29:a2,2026-10-10 16:58:37,14.2,52.48681,4.689331,0,Beverwijk,NL
Amsterdam,Amsterdam_T1,02:00:00:c2:3f:1a,2026-10-10 16:54:19,13.9,52.494114652513,4.69021010199475,0,Heemskerk,NL
Amsterdam,Amsterdam_T1,02:00:00:b9:2d:62,2026-10-10 16:57:46,13.1,52.487002,4.745845,0,Assendelft,NL
Amsterdam,Amsterdam_T1,02:00:00:b9:7d:88,2026-10-10 16:53:24,13.6,52.49439,4.74019999999999,0,Assendelft,NL
Amsterdam,Amsterdam_T1,02:00:00:bd:ca:8e,2026-10-10 16:51:02,13.5,52.486042,4.749684,0,Assendelft,NL
Amsterdam,Amsterdam_T1,02:00:00:bd:ba:0a,2026-10-10 16:51:26,13.2,52.485389,4.760449,0,Assendelft,NL
Amsterdam,Amsterdam_T1,02:00:00:c3:9b:7c,2026-10-10 16:56:35,14.2,52.508597,4.657421,1,Heemskerk,NL
Amsterdam,Amsterdam_T1,02:00:00:64:29:c8,2026-10-10 16:58:58,13.9,52.509686,4.657991,3,Heemskerk,NL
Amsterdam,Amsterdam_T1,02:00:00:28:d9:68,2026-10-10 16:47:33,14.6,52.505043,4.663006,3,Heemskerk,NL
Amsterdam,Amsterdam_T1,02:00:00:5f:27:32,2026-10-10 16:53:05,13.9,52.507020773057,4.66796492578298,2,Heemskerk,NL
Amsterdam,Amsterdam_T1,02:00:00:70:4f:d8,2026-10-10 16:53:45,12.8,52.5015798,4.66960700000006,1,Heemskerk,NL
Amsterdam,Amsterdam_T1,02:00:00:83:fd:bc,2026-10-10 16:56:11,13.5,52.5056967,4.67361610000001,4,Heemskerk,NL
Amsterdam,Amsterdam_T1,02:00:00:70:3c:30,2026-10-10 16:54:18,13.6,52.510432,4.688887,1,Heemskerk,NL
Amsterdam,Amsterdam_T1,02:00:00:73:f5:76,2026-10-10 16:58:52,13.3,52.499622,4.6940675,0,Heemskerk,NL
Amsterdam,Amsterdam_T1,02:00:00:1a:fe:50,2026-10-10 16:56:44,13.6,52.5053081762322,4.75592475261492,1,Krommenie,NL
Amsterdam,Amsterdam_T1,02:00:00:bd:f4:02,2026-10-10 16:56:52,13.7,52.4973426347924,4.76018432436422,0,Zaanstad,NL
Amsterdam,Amsterdam_T1,02:00:00:03:85:30,2026-10-10 16:58:59,14.0,52.504607,4.76235500000008,3,Krommenie,NL
Amsterdam,Amsterdam_T1,02:00:00:c3:dd:06,2026-10-10 16:49:53,12.6,52.5044019083239,4.77092044039439,0,Krommenie,NL
Amsterdam,Amsterdam_T1,02:00:00:2c:be:d2,2026-10-10 16:52:31,13.8,52.512672,4.666764,1,Heemskerk,NL
Amsterdam,Amsterdam_T1,02:00:00:74:32:2e,2026-10-10 16:58:01,14.4,52.512731,4.670313,3,Heemskerk,NL
Amsterdam,Amsterdam_T1,02:00:00:58:bd:d0,2026-10-10 16:59:10,14.0,52.517222,4.672485,0,Heemskerk,NL
Amsterdam,Amsterdam_T1,02:00:00:b4:f1:96,2026-10-10 16:56:43,14.1,52.512057,4.68821899999997,1,Heemskerk,NL
Amsterdam,Amsterdam_T1,02:00:00:19:33:4e,2026-10-10 16:51:38,14.3,52.5206,4.6901,0,Heemskerk,NL
Amsterdam,Amsterdam_T1,02:00:00:65:54:c4,2026-10-10 16:57:23,14.4,52.5206,4.6901,0,Heemskerk,NL
Amsterdam,Amsterdam_T1,02:00:00:63:34:a0,2026-10-10 16:44:54,12.6,52.5164485389808,4.7633657697163,0,Zaanstad,NL
Amsterdam,Amsterdam_T1,02:00:00:b9:5f:90,2026-10-10 16:51:02,13.6,52.533084264192,4.71261564257397,0,Uitgeest,NL
Amsterdam,Amsterdam_T1,02:00:00:63:2d:f0,2026-10-10 16:58:57,13.4,52.533104,4.712557,0,Uitgeest,NL
Amsterdam,Amsterdam_T1,02:00:00:b5:8b:c2,2026-10-10 16:57:01,14.2,52.529381,4.713874,2,Uitgeest,NL
Amsterdam,Amsterdam_T1,02:00:00:b5:a6:8a,2026-10-10 16:56:26,13.4,52.530517,4.778969,0,Markenbinnen,NL
Amsterdam,Amsterdam_T1,02:00:00:b9:52:2e,2026-10-10 16:54:38,13.5,52.543081,4.660629,1,Castricum,NL
Amsterdam,Amsterdam_T1,02:00:00:c3:93:02,2026-10-10 16:55:31,14.4,52.5421867370605,4.66557216644287,2,Castricum,NL
Amsterdam,Amsterdam_T1,02:00:00:c6:25:7c,2026-10-10 16:50:48,13.1,52.543556,4.6679726,2,Castricum,NL
Amsterdam,Amsterdam_T1,02:00:00:2b:20:f8,2026-10-10 16:47:30,14.4,52.552362718395,4.66431157696726,4,Castricum,NL
Amsterdam,Amsterdam_T1,02:00:00:27:2c:12,2026-10-10 16:52:45,13.7,52.5579643249512,4.65175914764404,11,Castricum,NL
Amsterdam,Amsterdam_T1,02:00:00:00:56:b0,2026-10-10 16:44:02,14.2,52.559481,4.645325,8,Castricum,NL
Amsterdam,Amsterdam_T1,02:00:00:36:a3:a2,2026-10-10 16:51:18,13.6,52.561176,4.647979,12,Castricum,NL
Amsterdam,Amsterdam_T1,02:00:00:bd:e4:0a,2026-10-10 16:53:46,13.7,52.557114,4.6693296,0,Castricum,NL
Amsterdam,Amsterdam_T1,02:00:00:bd:db:96,2026-10-10 16:55:24,12.9,52.5677,4.688097,2,Castricum,NL
Amsterdam,Amsterdam_T1,02:00:00:83:f9:38,2026-10-10 16:54:41,13.5,52.5667610168457,4.69240951538086,4,Castricum,NL
Amsterdam,Amsterdam_T1,02:00:00:bd:d4:66,2026-10-10 16:57:02,13.5,52.5567058594671,4.72576493881832,0,Castricum,NL
Amsterdam,Amsterdam_T1,02:00:00:b0:a9:ae,2026-10-10 16:52:18,13.4,52.556932,4.728066,0,Castricum,NL
Amsterdam,Amsterdam_T1,02:00:00:2c:f9:46,2026-10-10 16:55:15,14.0,52.5711657,4.69811320000005,2,Castricum,NL
Amsterdam,Amsterdam_T1,02:00:00:7f:ca:86,2026-10-10 16:50:09,13.5,52.575198,4.701347,2,Castricum,NL
Amsterdam,Amsterdam_T1,02:00:00:83:b0:d6,2026-10-10 16:58:57,13.7,52.592226,4.690301,0,Heiloo,NL
Amsterdam,Amsterdam_T1,02:00:00:b5:77:5a,2026-10-10 16:56:56,12.7,52.589641,4.701077,1,Heiloo,NL
Amsterdam,Amsterdam_T1,02:00:00:5f:28:b6,2026-10-10 16:50:37,13.2,52.593292,4.713329,0,Heiloo,NL
Amsterdam,Amsterdam_T1,02:00:00:13:81:dc,2026-10-10 16:54:47,13.0,52.5917217300149,4.71660864874474,1,Heiloo,NL
Amsterdam,Amsterdam_T1,02:00:00:14:4a:16,2026-10-10 16:51:19,13.2,52.5979706,4.68623639999998,2,Heiloo,NL
Amsterdam,Amsterdam_T1,02:00:00:27:49:96,2026-10-10 16:58:03,13.4,52.596877,4.700662,2,Heiloo,NL
Amsterdam,Amsterdam_T1,02:00:00:b2:c5:8e,2026-10-10 16:53:29,12.5,52.607205,4.694133,1,Heiloo,NL
Amsterdam,Amsterdam_T1,02:00:00:bd:0d:f4,2026-10-10 16:54:24,12.6,52.608246,4.707137,1,Heiloo,NL
Amsterdam,Amsterdam_T1,02:00:00:a9:f1:36,2026-10-10 16:53:32,11.8,52.6009402517112,4.7194606130876,4,Heiloo,NL
Amsterdam,Amsterdam_T1,02:00:00:15:dc:9e,2026-10-10 16:57:21,14.1,52.607723,4.716598,6,Heiloo,NL
Amsterdam,Amsterdam_T1,02:00:00:ab:f5:58,2026-10-10 16:50:11,13.1,52.6041166997843,4.72310379860246,1,Heiloo,NL
Amsterdam,Amsterdam_T1,02:00:00:02:63:54,2026-10-10 16:53:31,13.3,52.6134354354965,4.62090881276794,20,Bergen,NL
Amsterdam,Amsterdam_T1,02:00:00:b5:ac:40,2026-10-10 16:52:10,13.4,52.622938,4.628717,11,Bergen,NL
Amsterdam,Amsterdam_T1,02:00:00:00:da:fe,2026-10-10 16:56:38,13.8,52.62333,4.630068,11,Bergen,NL
Amsterdam,Amsterdam_T1,02:00:00:31:ea:ec,2026-10-10 16:47:56,13.0,52.6170874425851,4.65225869437614,1,Bergen (NH),NL
Amsterdam,Amsterdam_T1,02:00:00:64:29:b6,2026-10-10 16:55:41,12.9,52.6201341308608,4.6524031553414,3,Bergen (NH),NL
Amsterdam,Amsterdam_T1,02:00:00:b2:a7:60,2026-10-10 16:50:10,11.4,52.617767,4.735231,3,Alkmaar,NL
Amsterdam,Amsterdam_T1,02:00:00:2f:07:0e,2026-10-10 16:55:28,13.4,52.619869,4.74062129999993,2,Alkmaar,NL
Amsterdam,Amsterdam_T1,02:00:00:b9:2a:8c,2026-10-10 16:56:35,12.8,52.6220359802246,4.74117708206177,3,Alkmaar,NL
Amsterdam,Amsterdam_T1,02:00:00:64:41:c4,2026-10-10 16:50:08,12.9,52.6182297305515,4.76174610319983,1,Alkmaar,NL
Amsterdam,Amsterdam_T1,02:00:00:c2:7c:c6,2026-10-10 16:56:10,12.6,52.625301,4.656129,4,Bergen,NL
Amsterdam,Amsterdam_T1,02:00:00:63:41:1a,2026-10-10 16:54:08,12.1,52.6295856026728,4.71791982650757,2,Alkmaar,NL
Amsterdam,Amsterdam_T1,02:00:00:ab:c4:e2,2026-10-10 16:56:00,14.2,52.6328430175781,4.72380399703979,2,Alkmaar,NL
Amsterdam,Amsterdam_T1,02:00:00:a9:e8:0a,2026-10-10 16:52:24,12.9,52.638329,4.728889,3,Alkmaar,NL
Amsterdam,Amsterdam_T1,02:00:00:1f:79:cc,2026-10-10 16:51:55,12.4,52.636603,4.745265,4,Alkmaar,NL
Amsterdam,Amsterdam_T1,02:00:00:b5:9a:a0,2026-10-10 16:51:08,11.8,52.637733,4.745801,4,Alkmaar,NL
Amsterdam,Amsterdam_T1,02:00:00:5f:4f:d6,2026-10-10 16:54:45,13.7,52.626419,4.754315,2,Alkmaar,NL
Amsterdam,Amsterdam_T1,02:00:00:c2:2e:b6,2026-10-10 16:57:58,12.5,52.633771,4.75851099999995,2,Alkmaar,NL
Amsterdam,Amsterdam_T1,02:00:00:64:01:d0,2026-10-10 16:56:02,12.3,52.634199,4.759869,6,Alkmaar,NL
Amsterdam,Amsterdam_T1,02:00:00:63:37:be,2026-10-10 16:58:37,11.9,52.633652,4.765127,1,Alkmaar,NL
Amsterdam,Amsterdam_T1,02:00:00:ab:df:8c,2026-10-10 16:51:25,11.6,52.641733,4.756292,1,Alkmaar,NL
Amsterdam,Amsterdam_T1,02:00:00:c2:38:70,2026-10-10 16:55:17,11.4,52.64382,4.75634999999998,2,Alkmaar,NL
Amsterdam,Amsterdam_T1,02:00:00:58:bc:d2,2026-10-10 16:54:19,11.0,52.6466445922852,4.75525665283203,1,Alkmaar,NL
Amsterdam,Amsterdam_T1,02:00:00:7b:00:42,2026-10-10 16:59:37,10.4,52.6480903625488,4.76241064071655,4,Alkmaar,NL
Amsterdam,Amsterdam_T1,02:00:00:12:7e:c4,2026-10-10 16:55:44,11.7,52.6525888583169,4.76428381045071,1,Alkmaar,NL
Amsterdam,Amsterdam_T1,02:00:00:83:c1:72,2026-10-10 16:50:49,12.4,52.651228,4.779918,1,Sint Pancras,NL
Amsterdam,Amsterdam_T1,02:00:00:a9:5f:3c,2026-10-10 16:56:54,13.0,52.3233565620573,4.58888893347402,2,Bennebroek,NL
Amsterdam,Amsterdam_T1,02:00:00:74:30:a2,2026-10-10 16:56:16,12.5,52.31667,4.601682,2,Bennebroek,NL
Amsterdam,Amsterdam_T1,02:00:00:52:ff:4a,2026-10-10 16:55:43,13.7,52.316234,4.613678,0,Zwaanshoek,NL
Amsterdam,Amsterdam_T1,02:00:00:04:e0:62,2026-10-10 16:46:52,13.5,52.3190344282112,4.59699478325753,2,Bennebroek,NL
Amsterdam,Amsterdam_T1,02:00:00:58:dc:8e,2026-10-10 16:57:34,13.1,52.314828,4.626092,0,Zwaanshoek,NL
Amsterdam,Amsterdam_T1,02:00:00:34:0d:20,2026-10-10 16:50:01,13.6,52.314469,4.637147,0,Haarlemmermeer,NL
Amsterdam,Amsterdam_T1,02:00:00:8d:cc:36,2026-10-10 16:58:55,13.7,52.3125,4.6445,0,Hoofddorp,NL
Amsterdam,Amsterdam_T1,02:00:00:06:02:ae,2026-10-10 16:48:24,13.7,52.313344,4.652007,0,Haarlemmermeer,NL
Amsterdam,Amsterdam_T1,02:00:00:00:d2:c8,2026-10-10 16:54:16,12.3,52.3246564313998,4.64318761619814,0,Haarlemmermeer,NL
Amsterdam,Amsterdam_T1,02:00:00:2b:51:7c,2026-10-10 16:58:54,13.2,52.314801,4.664166,0,Hoofddorp,NL
Amsterdam,Amsterdam_T1,02:00:00:12:6f:32,2026-10-10 16:50:21,13.1,52.318731,4.675906,0,Hoofddorp,NL
Amsterdam,Amsterdam_T1,02:00:00:04:a8:18,2026-10-10 16:56:37,13.3,52.3118591308594,4.69132137298584,0,Haarlemmermeer,NL
Amsterdam,Amsterdam_T1,02:00:00:53:40:ac,2026-10-10 16:55:58,13.4,52.3348254552263,4.61766521558033,1,Heemstede,NL
Amsterdam,Amsterdam_T1,02:00:00:8d:d6:b0,2026-10-10 16:57:04,13.7,52.335645,4.632993,0,Cruquius,NL
Amsterdam,Amsterdam_T1,02:00:00:be:07:f0,2026-10-10 16:56:24,13.0,52.3348065616568,4.64470551369772,0,Cruquius,NL
Amsterdam,Amsterdam_T1,02:00:00:c2:49:e6,2026-10-10 16:50:34,13.2,52.336126,4.644912,0,Cruquius,NL
Amsterdam,Amsterdam_T1,02:00:00:b5:9e:1e,2026-10-10 16:54:24,14.5,52.3425636291504,4.60301303863525,3,Heemstede,NL
Amsterdam,Amsterdam_T1,02:00:00:bd:c0:ba,2026-10-10 16:59:21,12.8,52.3423288406971,4.60312933229977,2,Heemstede,NL
Amsterdam,Amsterdam_T1,02:00:00:b4:f1:9a,2026-10-10 16:52:43,13.3,52.3455882986117,4.6028138830537,3,Heemstede,NL
Amsterdam,Amsterdam_T1,02:00:00:8d:e0:c8,2026-10-10 16:57:38,12.9,52.342843,4.623263,3,Heemstede,NL
Amsterdam,Amsterdam_T1,02:00:00:b2:b9:40,2026-10-10 16:50:27,13.3,52.3414526,4.6261209,3,Heemstede,NL
Amsterdam,Amsterdam_T1,02:00:00:04:73:0e,2026-10-10 16:56:11,14.7,52.3530274,4.63461050000001,5,Heemstede,NL
Amsterdam,Amsterdam_T1,02:00:00:74:5c:56,2026-10-10 16:54:29,12.8,52.350723,4.644351,0,Haarlem,NL
Amsterdam,Amsterdam_T1,02:00:00:b5:52:ca,2026-10-10 16:50:39,13.5,52.3431975,4.67456669,0,Vijfhuizen,NL
Amsterdam,Amsterdam_T1,02:00:00:3a:25:94,2026-10-10 16:56:13,16.2,52.34347,4.674454,0,Vijfhuizen,NL
Amsterdam,Amsterdam_T1,02:00:00:ab:ea:fc,2026-10-10 16:53:20,13.6,52.343516,4.674352,0,Vijfhuizen,NL
Amsterdam,Amsterdam_T1,02:00:00:19:41:f0,2026-10-10 16:59:25,13.1,52.345834,4.772279,0,Badhoevedorp,NL
Amsterdam,Amsterdam_T1,02:00:00:bd:de:aa,2026-10-10 16:54:13,13.2,52.35104,4.773909,0,Amsterdam,NL
Amsterdam,Amsterdam_T1,02:00:00:ab:db:e0,2026-10-10 16:51:57,13.7,52.364787,4.52086100000004,14,Zandvoort,NL
Amsterdam,Amsterdam_T1,02:00:00:9c:d9:5e,2026-10-10 16:50:22,13.7,52.367741,4.525221,10,Zandvoort,NL
Amsterdam,Amsterdam_T1,02:00:00:a9:8b:b6,2026-10-10 16:56:54,14.2,52.3675,4.5304,6,Zandvoort,NL
Amsterdam,Amsterdam_T1,02:00:00:3c:ed:32,2026-10-10 16:53:33,13.5,52.3671946,4.54155539999998,6,Zandvoort,NL
Amsterdam,Amsterdam_T1,02:00:00:b0:97:dc,2026-10-10 16:58:19,13.6,52.367772,4.606125,2,Haarlem,NL
Amsterdam,Amsterdam_T1,02:00:00:83:99:52,2026-10-10 16:55:49,13.5,52.3554,4.6149,7,Heemstede,NL
Amsterdam,Amsterdam_T1,02:00:00:8d:db:c6,2026-10-10 16:55:17,15.0,52.36765,4.61563000000001,1,Haarlem,NL
Amsterdam,Amsterdam_T1,02:00:00:b2:b2:54,2026-10-10 16:58:56,13.2,52.357489,4.625746,4,Heemstede,NL
Amsterdam,Amsterdam_T1,02:00:00:83:fd:c4,2026-10-10 16:58:54,13.8,52.355408,4.626659,3,Heemstede,NL
Amsterdam,Amsterdam_T1,02:00:00:b5:27:24,2026-10-10 16:50:17,13.0,52.363345910022,4.63381849071414,2,Haarlem,NL
Amsterdam,Amsterdam_T1,02:00:00:03:9c:a2,2026-10-10 16:51:18,16.2,52.3547002557013,4.64688848693248,0,Haarlem,NL
Amsterdam,Amsterdam_T1,02:00:00:01:8b:04,2026-10-10 16:54:35,13.9,52.357799252269,4.64295928937645,4,Haarlem,NL
Amsterdam,Amsterdam_T1,02:00:00:36:dc:4a,2026-10-10 16:50:59,14.9,52.361993,4.651678,5,Haarlem,NL
Amsterdam,Amsterdam_T1,02:00:00:29:66:d8,2026-10-10 16:55:54,13.2,52.354517,4.779536,0,Amsterdam,NL
Amsterdam,Amsterdam_T1,02:00:00:bc:d4:12,2026-10-10 16:46:50,14.0,52.3719253540039,4.52472400665283,12,Zandvoort,NL
Amsterdam,Amsterdam_T1,02:00:00:3f:4c:f4,2026-10-10 16:52:40,14.2,52.372587,4.530564,6,Zandvoort,NL
Amsterdam,Amsterdam_T1,02:00:00:12:41:12,2026-10-10 16:55:24,14.6,52.374049,4.5339304,6,Zandvoort,NL
Amsterdam,Amsterdam_T1,02:00:00:c2:32:aa,2026-10-10 16:50:24,12.9,52.372037,4.59458,8,Aerdenhout,NL
Amsterdam,Amsterdam_T1,02:00:00:c3:ec:bc,2026-10-10 16:57:06,13.1,52.3714478705273,4.62272452350821,1,Haarlem,NL
Amsterdam,Amsterdam_T1,02:00:00:c6:5f:ac,2026-10-10 16:51:06,13.7,52.371608,4.62487800000002,5,Haarlem,NL
Amsterdam,Amsterdam_T1,02:00:00:bd:fb:06,2026-10-10 16:47:11,14.0,52.3736267089844,4.61951780319214,0,Haarlem,NL
Amsterdam,Amsterdam_T1,02:00:00:83:b1:9e,2026-10-10 16:53:26,13.9,52.381217,4.641662,3,Haarlem,NL
Amsterdam,Amsterdam_T1,02:00:00:90:b9:a6,2026-10-10 16:58:45,14.1,52.3803,4.6422,2,Haarlem,NL
Amsterdam,Amsterdam_T1,02:00:00:33:d2:64,2026-10-10 16:53:18,14.0,52.3809272917764,4.64569719847814,1,Haarlem,NL
Amsterdam,Amsterdam_T1,02:00:00:1f:3b:4a,2026-10-10 16:49:46,13.7,52.37831,4.669574,1,Haarlem,NL
Amsterdam,Amsterdam_T1,02:00:00:a9:82:9a,2026-10-10 16:46:40,13.6,52.378145,4.670558,1,Haarlem,NL
Amsterdam,Amsterdam_T1,02:00:00:bd:02:30,2026-10-10 16:57:23,13.4,52.378145,4.670558,1,Haarlem,NL
Amsterdam,Amsterdam_T1,02:00:00:27:b4:36,2026-10-10 16:54:45,15.3,52.3779792785645,4.7358570098877,0,Haarlemmermeer,NL
Amsterdam,Amsterdam_T1,02:00:00:27:4b:10,2026-10-10 16:51:07,14.3,52.37942,4.744301,0,Haarlemmermeer,NL
Amsterdam,Amsterdam_T1,02:00:00:1e:21:d8,2026-10-10 16:51:59,13.5,52.3836936950684,4.60500431060791,3,Haarlem,NL
Amsterdam,Amsterdam_T1,02:00:00:90:90:54,2026-10-10 16:58:29,13.5,52.3920090859054,4.61050858570127,4,Overveen,NL
Amsterdam,Amsterdam_T1,02:00:00:ab:e0:5c,2026-10-10 16:51:18,14.0,52.382743416844,4.62757179341502,3,Haarlem,NL
Amsterdam,Amsterdam_T1,02:00:00:36:97:c0,2026-10-10 16:55:11,14.1,52.384901,4.618702,2,Haarlem,NL
Amsterdam,Amsterdam_T1,02:00:00:6b:2a:8e,2026-10-10 16:48:56,15.0,52.383527,4.626926,4,Haarlem,NL
Amsterdam,Amsterdam_T1,02:00:00:a4:29:1a,2026-10-10 16:50:02,13.3,52.39233,4.64477999999999,2,Haarlem,NL
Amsterdam,Amsterdam_T1,02:00:00:29:68:b8,2026-10-10 16:49:05,13.6,52.396323,4.647771,1,Haarlem,NL
Amsterdam,Amsterdam_T1,02:00:00:03:70:e8,2026-10-10 16:52:37,13.7,52.383225,4.726661,0,Zwanenburg,NL
Amsterdam,Amsterdam_T1,02:00:00:a2:6a:14,2026-10-10 16:59:38,12.7,52.383301,4.758271,4,Halfweg,NL
Amsterdam,Amsterdam_T1,02:00:00:13:52:76,2026-10-10 16:53:20,13.1,52.3991470336914,4.62305593490601,2,Bloemendaal,NL
Amsterdam,Amsterdam_T1,02:00:00:c5:40:ea,2026-10-10 16:54:57,14.3,52.400092,4.623392,4,Bloemendaal,NL
Amsterdam,Amsterdam_T1,02:00:00:83:f0:02,2026-10-10 16:57:02,13.7,52.405965,4.631168,2,Haarlem,NL
Amsterdam,Amsterdam_T1,02:00:00:65:6b:94,2026-10-10 16:55:34,14.0,52.406331,4.652223,0,Haarlem,NL
Amsterdam,Amsterdam_T1,02:00:00:1c:67:e6,2026-10-10 16:57:34,14.4,52.416089,4.628222,3,Santpoort-Zuid,NL
Amsterdam,Amsterdam_T1,02:00:00:5e:d7:a8,2026-10-10 16:53:31,13.0,52.424377,4.633687,9,Santpoort-Zuid,NL
Amsterdam,Amsterdam_T1,02:00:00:2f:2c:10,2026-10-10 16:55:01,13.4,52.4139580938156,4.64802011595694,0,Haarlem,NL
Amsterdam,Amsterdam_T1,02:00:00:a2:0a:b0,2026-10-10 16:55:35,13.0,52.418751,4.6510605,1,Haarlem,NL
Amsterdam,Amsterdam_T1,02:00:00:b9:1c:8a,2026-10-10 16:56:51,12.5,52.4189992,4.65495759999998,0,Haarlem,NL
Amsterdam,Amsterdam_T1,02:00:00:be:06:98,2026-10-10 16:56:10,13.5,52.4134979248047,4.68100881576538,0,Haarlem,NL
Amsterdam,Amsterdam_T1,02:00:00:90:b7:14,2026-10-10 16:54:40,12.8,52.41832,4.681472,0,Velserbroek,NL
Amsterdam,Amsterdam_T1,02:00:00:03:cf:ae,2026-10-10 16:53:09,13.5,52.430961,4.626516,7,Santpoort-Noord,NL
Amsterdam,Amsterdam_T1,02:00:00:a2:25:f2,2026-10-10 16:49:36,12.7,52.430885,4.633629,5,Santpoort-Noord,NL
Amsterdam,Amsterdam_T1,02:00:00:6b:54:fc,2026-10-10 16:59:16,12.9,52.43138,4.637592,7,Santpoort-Noord,NL
Amsterdam,Amsterdam_T1,02:00:00:1f:64:4e,2026-10-10 16:44:59,13.2,52.430948,4.651523,0,Velserbroek,NL
Amsterdam,Amsterdam_T1,02:00:00:34:06:e2,2026-10-10 16:58:13,14.3,52.43278,4.654448,3,Velserbroek,NL
Amsterdam,Amsterdam_T1,02:00:00:36:ec:46,2026-10-10 16:50:35,13.6,52.4389800296369,4.65587516850894,0,Velsen,NL
Amsterdam,Amsterdam_T1,02:00:00:ab:ec:c4,2026-10-10 16:50:05,12.8,52.4282927,4.6653309,0,Velserbroek,NL
Amsterdam,Amsterdam_T1,02:00:00:bd:ec:92,2026-10-10 16:54:00,13.7,52.4288634,4.67031360000004,0,Velserbroek,NL
Amsterdam,Amsterdam_T1,02:00:00:b5:4b:32,2026-10-10 16:54:22,14.7,52.4319432,4.78043320000006,0,Westzaan,NL
Amsterdam,Amsterdam_T1,02:00:00:bc:b6:d4,2026-10-10 16:50:49,14.3,52.4456,4.5918,11,IJmuiden,NL
Amsterdam,Amsterdam_T1,02:00:00:a2:3b:be,2026-10-10 16:47:39,14.4,52.442508,4.632853,5,Driehuis NH,NL
Amsterdam,Amsterdam_T1,02:00:00:a9:65:06,2026-10-10 16:53:36,14.4,52.4453624156696,4.63662952934719,6,Driehuis NH,NL
Amsterdam,Amsterdam_T1,02:00:00:27:13:90,2026-10-10 16:59:16,14.3,52.44252,4.65480000000011,2,Velserbroek,NL
Amsterdam,Amsterdam_T1,02:00:00:9c:fa:06,2026-10-10 16:53:13,15.0,52.4489951330939,4.64108121865961,6,Driehuis NH,NL
Amsterdam,Amsterdam_T1,02:00:00:b5:93:86,2026-10-10 16:47:00,13.4,52.443132,4.68768400000007,0,Velsen-Zuid,NL
Amsterdam,Amsterdam_T1,02:00:00:8d:c5:b8,2026-10-10 16:54:08,13.8,52.481261073535,4.65143322944641,3,Beverwijk,NL
Amsterdam,Amsterdam_T1,02:00:00:84:22:f4,2026-10-10 16:58:51,14.2,52.481763,4.649305,4,Beverwijk,NL
Amsterdam,Amsterdam_T1,02:00:00:73:c3:3e,2026-10-10 16:53:46,13.9,52.469413,4.748364,0,Assendelft,NL
Amsterdam,Amsterdam_T1,02:00:00:a2:60:a8,2026-10-10 16:52:20,12.9,52.4727440027025,4.74969940572919,0,Assendelft,NL
Rotterdam,Rotterdam_T1,02:00:00:a2:54:8e,2026-10-10 16:52:29,12.0,51.973908,4.257499,0,De Lier,NL
Rotterdam,Rotterdam_T1,02:00:00:12:3f:7e,2026-10-10 17:00:01,12.3,51.9777984619141,4.25448846817017,0,Westland,NL
Rotterdam,Rotterdam_T1,02:00:00:31:bb:04,2026-10-10 16:59:31,11.5,51.9756235520416,4.31817887889974,0,Midden-Delfland,NL
Rotterdam,Rotterdam_T1,02:00:00:c2:41:46,2026-10-10 16:51:27,12.4,51.975427,4.318863,0,Schipluiden,NL
Rotterdam,Rotterdam_T1,02:00:00:36:d0:7c,2026-10-10 16:55:47,12.3,51.979279,4.462594,0,Berkel en Rodenrijs,NL
Rotterdam,Rotterdam_T1,02:00:00:a9:76:1c,2026-10-10 16:50:06,11.0,51.981891,4.2977,0,De Lier,NL
Rotterdam,Rotterdam_T1,02:00:00:2e:f4:ba,2026-10-10 16:50:38,11.6,51.987071,4.335942,0,Delft,NL
Rotterdam,Rotterdam_T1,02:00:00:1b:0b:86,2026-10-10 16:48:46,11.9,51.986908,4.33956,1,Delft,NL
Rotterdam,Rotterdam_T1,02:00:00:c3:dd:58,2026-10-10 16:59:15,12.8,51.9870927,4.3484613,0,Delft,NL
Rotterdam,Rotterdam_T1,02:00:00:ab:ef:78,2026-10-10 16:55:08,12.0,51.983687,4.36361,0,Delft,NL
Rotterdam,Rotterdam_T1,02:00:00:53:3c:c0,2026-10-10 16:55:02,12.6,51.989499,4.463983,0,Berkel en Rodenrijs,NL
Rotterdam,Rotterdam_T1,02:00:00:2c:fe:9c,2026-10-10 16:59:18,12.1,51.989614,4.46424,0,Berkel en Rodenrijs,NL
Rotterdam,Rotterdam_T1,02:00:00:2e:bb:3e,2026-10-10 16:48:15,13.5,51.9890286,4.48875720000001,0,Lansingerland,NL
Rotterdam,Rotterdam_T1,02:00:00:1c:77:a0,2026-10-10 16:51:30,11.7,51.9874000549316,4.49840021133423,0,Lansingerland,NL
Rotterdam,Rotterdam_T1,02:00:00:27:41:d4,2026-10-10 16:54:13,12.7,52.000913,4.326118,0,Den Hoorn,NL
Rotterdam,Rotterdam_T1,02:00:00:12:f0:a2,2026-10-10 16:56:59,12.9,52.0028117,4.32654669999999,0,Midden-Delfland,NL
Rotterdam,Rotterdam_T1,02:00:00:65:25:ce,2026-10-10 16:53:30,12.5,52.00305,4.327678,0,Den Hoorn,NL
Rotterdam,Rotterdam_T1,02:00:00:63:3c:0e,2026-10-10 16:58:07,13.6,52.0024395,4.33742328571429,2,Midden-Delfland,NL
Rotterdam,Rotterdam_T1,02:00:00:3f:20:18,2026-10-10 16:58:31,12.1,52.0031479623561,4.33911877594167,0,Midden-Delfland,NL
Rotterdam,Rotterdam_T1,02:00:00:17:62:f0,2026-10-10 16:52:32,11.8,52.00412,4.336935,0,Den Hoorn,NL
Rotterdam,Rotterdam_T1,02:00:00:b2:c1:72,2026-10-10 16:55:49,14.7,52.0013046264648,4.36315441131592,1,Delft,NL
Rotterdam,Rotterdam_T1,02:00:00:02:d4:ca,2026-10-10 16:53:24,12.4,52.006451,4.393051,0,Delfgauw,NL
Rotterdam,Rotterdam_T1,02:00:00:02:d9:bc,2026-10-10 16:53:11,12.4,52.0073567269022,4.39232110977173,0,Delfgauw,NL
Rotterdam,Rotterdam_T1,02:00:00:65:4b:88,2026-10-10 16:52:42,12.4,52.003245,4.39582,0,Delfgauw,NL
Rotterdam,Rotterdam_T1,02:00:00:a9:6d:0c,2026-10-10 16:59:03,12.6,52.00874,4.427,0,Pijnacker,NL
Rotterdam,Rotterdam_T1,02:00:00:74:30:02,2026-10-10 16:56:38,13.2,52.008091,4.438843,0,Pijnacker,NL
Rotterdam,Rotterdam_T1,02:00:00:84:01:a6,2026-10-10 16:53:03,11.7,52.0024573,4.44409830000009,0,Pijnacker,NL
Rotterdam,Rotterdam_T1,02:00:00:84:30:de,2026-10-10 16:58:43,12.2,52.00262,4.4501376,0,Pijnacker,NL
Rotterdam,Rotterdam_T1,02:00:00:73:f9:b6,2026-10-10 16:50:56,13.0,51.996857,4.482029,0,Berkel en Rodenrijs,NL
Rotterdam,Rotterdam_T1,02:00:00:64:f2:d6,2026-10-10 16:58:38,12.6,51.996821,4.497728,0,Lansingerland,NL
Rotterdam,Rotterdam_T1,02:00:00:21:10:32,2026-10-10 16:55:04,12.2,52.005954,4.494528,0,Berkel en Rodenrijs,NL
Rotterdam,Rotterdam_T1,02:00:00:33:39:0e,2026-10-10 16:55:26,11.4,52.0094959,4.22577910000002,1,Honselersdijk,NL
Rotterdam,Rotterdam_T1,02:00:00:29:2a:c0,2026-10-10 16:53:25,12.7,52.02337,4.220457,2,Westland,NL
Rotterdam,Rotterdam_T1,02:00:00:b5:8c:34,2026-10-10 16:59:39,11.5,52.010731,4.231847,0,Honselersdijk,NL
Rotterdam,Rotterdam_T1,02:00:00:b5:87:84,2026-10-10 16:55:25,13.6,52.017124,4.2579894,0,Kwintsheul,NL
Rotterdam,Rotterdam_T1,02:00:00:28:75:9e,2026-10-10 16:54:33,12.5,52.019287,4.27351,0,Wateringen,NL
Rotterdam,Rotterdam_T1,02:00:00:64:4a:20,2026-10-10 16:57:26,13.4,52.0197136756348,4.2759301112452,0,Westland,NL
Rotterdam,Rotterdam_T1,02:00:00:bd:d9:7e,2026-10-10 16:53:23,13.4,52.020915,4.274324,0,Wateringen,NL
Rotterdam,Rotterdam_T1,02:00:00:19:17:0e,2026-10-10 16:59:17,13.1,52.018548,4.295847,0,The Hague,NL
Rotterdam,Rotterdam_T1,02:00:00:71:5c:e6,2026-10-10 16:57:32,12.4,52.01805,4.302916,0,The Hague,NL
Rotterdam,Rotterdam_T1,02:00:00:70:1a:e4,2026-10-10 16:58:04,11.0,52.0205689614062,4.3267818203617,0,Rijswijk,NL
Rotterdam,Rotterdam_T1,02:00:00:b5:8a:c6,2026-10-10 16:45:53,12.2,52.0131973542606,4.32965307036136,0,Delft,NL
Rotterdam,Rotterdam_T1,02:00:00:65:56:f6,2026-10-10 16:58:01,13.6,52.016088,4.329436,0,Rijswijk,NL
Rotterdam,Rotterdam_T1,02:00:00:c6:15:f6,2026-10-10 16:50:42,12.9,52.009809,4.337796,0,Delft,NL
Rotterdam,Rotterdam_T1,02:00:00:13:04:c2,2026-10-10 16:52:52,13.1,52.01145,4.342701,1,Delft,NL
Rotterdam,Rotterdam_T1,02:00:00:b5:7e:34,2026-10-10 16:57:35,12.2,52.012931,4.346575,0,Delft,NL
Rotterdam,Rotterdam_T1,02:00:00:b5:6b:10,2026-10-10 16:47:22,13.8,52.009232,4.365134,1,Delft,NL
Rotterdam,Rotterdam_T1,02:00:00:c6:16:e6,2026-10-10 16:58:32,11.4,52.0145850798548,4.3632990298061,3,Delft,NL
Rotterdam,Rotterdam_T1,02:00:00:b2:b4:f4,2026-10-10 16:58:43,12.3,52.009337,4.36792700000005,5,Delft,NL
Rotterdam,Rotterdam_T1,02:00:00:7f:be:72,2026-10-10 16:53:48,11.8,52.010014,4.396196,0,Delfgauw,NL
Rotterdam,Rotterdam_T1,02:00:00:b2:bc:36,2026-10-10 16:50:16,12.3,52.0110044,4.39716220000005,0,Delfgauw,NL
Rotterdam,Rotterdam_T1,02:00:00:28:c6:a0,2026-10-10 16:53:39,11.7,52.017348,4.430074,0,Pijnacker,NL
Rotterdam,Rotterdam_T1,02:00:00:12:50:a2,2026-10-10 16:56:33,13.2,52.017736,4.437464,0,Pijnacker,NL
Rotterdam,Rotterdam_T1,02:00:00:01:51:0e,2026-10-10 16:52:45,11.8,52.009215,4.450908,0,Pijnacker,NL
Rotterdam,Rotterdam_T1,02:00:00:70:54:ae,2026-10-10 16:58:58,12.7,52.0250261772123,4.27339867029308,1,Westland,NL
Rotterdam,Rotterdam_T1,02:00:00:05:48:58,2026-10-10 16:52:49,12.4,52.027597,4.271085,1,Wateringen,NL
Rotterdam,Rotterdam_T1,02:00:00:7f:ca:ac,2026-10-10 16:59:04,12.2,52.02969,4.2733474,0,Wateringen,NL
Rotterdam,Rotterdam_T1,02:00:00:19:c9:f0,2026-10-10 16:54:14,13.8,52.0282,4.2894,0,The Hague,NL
Rotterdam,Rotterdam_T1,02:00:00:8d:db:56,2026-10-10 17:00:40,12.2,52.028558,4.290961,0,The Hague,NL
Rotterdam,Rotterdam_T1,02:00:00:1c:6b:56,2026-10-10 16:55:53,12.6,52.027407,4.296706,0,The Hague,NL
Rotterdam,Rotterdam_T1,02:00:00:53:21:c0,2026-10-10 16:59:53,14.6,52.026369,4.315001,5,Rijswijk,NL
Rotterdam,Rotterdam_T1,02:00:00:a9:80:40,2026-10-10 16:53:41,13.2,52.0342742560364,4.31400057155358,5,Rijswijk,NL
Rotterdam,Rotterdam_T1,02:00:00:bc:cf:a6,2026-10-10 16:55:26,13.0,52.027324,4.337618,0,Rijswijk,NL
Rotterdam,Rotterdam_T1,02:00:00:31:d6:92,2026-10-10 16:56:05,12.8,52.02583,4.35241999999998,1,Rijswijk,NL
Rotterdam,Rotterdam_T1,02:00:00:7a:8c:d8,2026-10-10 16:58:27,13.0,52.03445,4.3570523,0,The Hague,NL
Rotterdam,Rotterdam_T1,02:00:00:13:04:9e,2026-10-10 16:53:38,12.7,52.03365,4.36187000000005,0,The Hague,NL
Rotterdam,Rotterdam_T1,02:00:00:a9:4a:ba,2026-10-10 16:59:43,13.3,52.0350194,4.3863817,0,The Hague,NL
Rotterdam,Rotterdam_T1,02:00:00:a9:7d:2a,2026-10-10 16:56:37,13.0,52.0370407104492,4.387122631073,0,The Hague,NL
Rotterdam,Rotterdam_T1,02:00:00:a4:16:6e,2026-10-10 16:50:39,12.1,52.0251917647022,4.42625571616408,0,Pijnacker,NL
Rotterdam,Rotterdam_T1,02:00:00:03:5e:4a,2026-10-10 16:53:04,12.5,52.0296166,4.455603,0,Pijnacker-Nootdorp,NL
Rotterdam,Rotterdam_T1,02:00:00:14:3f:68,2026-10-10 16:47:52,11.4,52.0245126066557,4.47967126733552,0,Berkel en Rodenrijs,NL
Rotterdam,Rotterdam_T1,02:00:00:9d:26:d2,2026-10-10 16:55:31,12.6,52.033127,4.481348,0,Zoetermeer,NL
Rotterdam,Rotterdam_T1,02:00:00:b0:a4:94,2026-10-10 16:53:59,13.9,52.0349044799805,4.49338150024414,0,Zoetermeer,NL
Rotterdam,Rotterdam_T1,02:00:00:7f:ce:6a,2026-10-10 16:58:56,11.5,52.039398,4.222245,0,The Hague,NL
Rotterdam,Rotterdam_T1,02:00:00:05:53:60,2026-10-10 16:50:09,12.6,52.041561,4.223035,0,The Hague,NL
Rotterdam,Rotterdam_T1,02:00:00:b5:81:58,2026-10-10 16:56:53,12.8,52.04823,4.21922900000002,1,The Hague,NL
Rotterdam,Rotterdam_T1,02:00:00:63:20:26,2026-10-10 16:52:38,13.3,52.05232,4.251573,1,The Hague,NL
Rotterdam,Rotterdam_T1,02:00:00:3d:1d:84,2026-10-10 16:45:24,13.1,52.0434,4.2591,0,The Hague,NL
Rotterdam,Rotterdam_T1,02:00:00:af:80:9a,2026-10-10 16:54:28,13.2,52.0515206687929,4.30651038776614,5,The Hague,NL
Rotterdam,Rotterdam_T1,02:00:00:34:0c:86,2026-10-10 16:50:52,11.8,52.05229,4.3472,0,Rijswijk,NL
Rotterdam,Rotterdam_T1,02:00:00:1c:7e:ae,2026-10-10 16:57:41,13.0,52.038915,4.366131,0,The Hague,NL
Rotterdam,Rotterdam_T1,02:00:00:33:d0:1a,2026-10-10 16:58:40,12.7,52.04705,4.3624587,0,The Hague,NL
Rotterdam,Rotterdam_T1,02:00:00:64:1b:38,2026-10-10 16:50:20,13.2,52.048301,4.363193,0,The Hague,NL
Rotterdam,Rotterdam_T1,02:00:00:36:a2:d2,2026-10-10 16:52:31,13.9,52.050151,4.383387,0,The Hague,NL
Rotterdam,Rotterdam_T1,02:00:00:7f:a7:ea,2026-10-10 16:55:51,12.5,52.0380073,4.38669640000001,-2,Den Haag,NL
Rotterdam,Rotterdam_T1,02:00:00:7f:cc:34,2026-10-10 16:50:34,13.3,52.04027,4.386554,0,Nootdorp,NL
Rotterdam,Rotterdam_T1,02:00:00:70:19:8e,2026-10-10 16:54:33,13.4,52.0391425410585,4.47068751201742,0,Pijnacker,NL
Rotterdam,Rotterdam_T1,02:00:00:74:37:f0,2026-10-10 16:51:16,12.5,52.042642,4.461883,0,Zoetermeer,NL
Rotterdam,Rotterdam_T1,02:00:00:01:3d:60,2026-10-10 16:51:20,14.0,52.042582,4.463878,0,Zoetermeer,NL
Rotterdam,Rotterdam_T1,02:00:00:84:71:4e,2026-10-10 16:54:28,13.3,52.04283,4.481998,0,Zoetermeer,NL
Rotterdam,Rotterdam_T1,02:00:00:33:f0:20,2026-10-10 16:55:44,12.7,52.0417881431133,4.48779600000001,0,Zoetermeer,NL
Rotterdam,Rotterdam_T1,02:00:00:c6:18:02,2026-10-10 16:51:37,13.3,52.042945,4.484635,0,Zoetermeer,NL
Rotterdam,Rotterdam_T1,02:00:00:bd:ce:ec,2026-10-10 16:58:14,12.6,52.056333,4.232107,4,The Hague,NL
Rotterdam,Rotterdam_T1,02:00:00:70:28:12,2026-10-10 16:55:37,12.4,52.05711,4.232334,7,The Hague,NL
Rotterdam,Rotterdam_T1,02:00:00:7f:a4:9a,2026-10-10 16:58:59,12.8,52.059046,4.233398,2,The Hague,NL
Rotterdam,Rotterdam_T1,02:00:00:58:eb:68,2026-10-10 16:51:03,12.4,52.056455,4.25136,1,The Hague,NL
Rotterdam,Rotterdam_T1,02:00:00:af:4e:6a,2026-10-10 16:57:40,11.9,52.0586136,4.26009209999999,1,The Hague,NL
Rotterdam,Rotterdam_T1,02:00:00:b2:b9:f8,2026-10-10 16:53:40,12.9,52.053307,4.264459,2,The Hague,NL
Rotterdam,Rotterdam_T1,02:00:00:a9:f2:30,2026-10-10 16:50:38,12.1,52.0575,4.2698,1,The Hague,NL
Rotterdam,Rotterdam_T1,02:00:00:02:a1:36,2026-10-10 16:54:41,12.6,52.0582906,4.2732588,4,The Hague,NL
Rotterdam,Rotterdam_T1,02:00:00:90:b2:b8,2026-10-10 16:50:20,13.5,52.061347,4.271548,0,The Hague,NL
Rotterdam,Rotterdam_T1,02:00:00:32:c7:32,2026-10-10 16:48:50,12.9,52.055505,4.298573,0,The Hague,NL
Rotterdam,Rotterdam_T1,02:00:00:36:e5:24,2026-10-10 16:53:44,13.4,52.0534941858492,4.31175827980042,0,The Hague,NL
Rotterdam,Rotterdam_T1,02:00:00:29:2d:00,2026-10-10 16:49:07,13.0,52.0573602189514,4.31402668796871,3,The Hague,NL
Rotterdam,Rotterdam_T1,02:00:00:c5:33:8e,2026-10-10 16:55:22,13.6,52.0541152954102,4.31790542602539,2,The Hague,NL
Rotterdam,Rotterdam_T1,02:00:00:6b:31:84,2026-10-10 16:53:01,12.7,52.0592533,4.3277548,2,The Hague,NL
Rotterdam,Rotterdam_T1,02:00:00:6b:28:e4,2026-10-10 16:52:09,12.2,52.054781,4.338274,1,Rijswijk,NL
Rotterdam,Rotterdam_T1,02:00:00:a4:43:e8,2026-10-10 16:55:27,12.4,52.061735,4.34174,0,The Hague,NL
Rotterdam,Rotterdam_T1,02:00:00:a9:76:d8,2026-10-10 16:59:30,11.8,52.061565,4.342099,1,The Hague,NL
Rotterdam,Rotterdam_T1,02:00:00:90:7d:2a,2026-10-10 16:54:45,12.4,52.058655,4.3924623,0,The Hague,NL
Rotterdam,Rotterdam_T1,02:00:00:9d:20:ca,2026-10-10 16:51:34,11.1,52.0615272521973,4.39315223693848,0,The Hague,NL
Rotterdam,Rotterdam_T1,02:00:00:52:db:7e,2026-10-10 17:00:00,10.7,52.065982,4.394288,0,The Hague,NL
Rotterdam,Rotterdam_T1,02:00:00:12:a3:f4,2026-10-10 16:49:58,11.2,52.059226,4.411559,0,The Hague,NL
Rotterdam,Rotterdam_T1,02:00:00:5f:25:a2,2026-10-10 16:51:45,13.1,52.063211,4.411913,0,The Hague,NL
Rotterdam,Rotterdam_T1,02:00:00:bd:f9:68,2026-10-10 16:58:24,11.8,52.0638475603448,4.41756284853375,0,The Hague,NL
Rotterdam,Rotterdam_T1,02:00:00:5e:fb:6e,2026-10-10 16:54:11,12.2,52.054639612905,4.4578184056046,0,Zoetermeer,NL
Rotterdam,Rotterdam_T1,02:00:00:7f:c0:9e,2026-10-10 16:55:52,13.4,52.05535,4.4702816,0,Zoetermeer,NL
Rotterdam,Rotterdam_T1,02:00:00:af:23:98,2026-10-10 16:55:11,14.1,52.0589408874512,4.47597932815552,0,Zoetermeer,NL
Rotterdam,Rotterdam_T1,02:00:00:01:91:08,2026-10-10 16:56:35,13.1,52.064108,4.491769,0,Zoetermeer,NL
Rotterdam,Rotterdam_T1,02:00:00:13:3c:52,2026-10-10 16:51:12,13.0,52.0642433166504,4.48782014846802,0,Zoetermeer,NL
Rotterdam,Rotterdam_T1,02:00:00:90:f2:9a,2026-10-10 16:49:40,14.2,52.060429,4.49984,1,Zoetermeer,NL
Rotterdam,Rotterdam_T1,02:00:00:bd:ed:76,2026-10-10 16:45:39,12.5,52.069173,4.220754,12,The Hague,NL
Rotterdam,Rotterdam_T1,02:00:00:bd:20:46,2026-10-10 16:55:09,13.1,52.0684852600098,4.22791767120361,4,The Hague,NL
Rotterdam,Rotterdam_T1,02:00:00:b2:af:2a,2026-10-10 16:55:00,11.6,52.067112,4.237576,4,The Hague,NL
Rotterdam,Rotterdam_T1,02:00:00:af:67:ca,2026-10-10 16:54:06,12.3,52.0680697978153,4.25281722806606,3,The Hague,NL
Rotterdam,Rotterdam_T1,02:00:00:b5:9f:fe,2026-10-10 16:52:06,12.6,52.0740373597357,4.25381900000005,8,The Hague,NL
Rotterdam,Rotterdam_T1,02:00:00:28:a2:72,2026-10-10 16:46:42,13.2,52.071324,4.259247,4,The Hague,NL
Rotterdam,Rotterdam_T1,02:00:00:b5:07:b6,2026-10-10 16:57:38,12.6,52.073517,4.267079,4,The Hague,NL
Rotterdam,Rotterdam_T1,02:00:00:36:b2:42,2026-10-10 16:55:48,12.4,52.067452,4.281116,4,The Hague,NL
Rotterdam,Rotterdam_T1,02:00:00:a9:50:6a,2026-10-10 16:51:49,0.0,52.0777282714844,4.2766900062561,4,The Hague,NL
Rotterdam,Rotterdam_T1,02:00:00:65:54:d0,2026-10-10 16:56:01,12.8,52.0732832781559,4.29107268344232,2,The Hague,NL
Rotterdam,Rotterdam_T1,02:00:00:8d:d5:d2,2026-10-10 16:51:11,12.6,52.071887,4.300635,4,The Hague,NL
Rotterdam,Rotterdam_T1,02:00:00:02:7a:f6,2026-10-10 16:54:51,12.4,52.0689179,4.3058197,2,The Hague,NL
Rotterdam,Rotterdam_T1,02:00:00:64:fc:02,2026-10-10 16:56:03,12.1,52.072267,4.320268,5,The Hague,NL
Rotterdam,Rotterdam_T1,02:00:00:3f:48:00,2026-10-10 16:54:58,12.3,52.0710033960706,4.32261879386951,4,The Hague,NL
Rotterdam,Rotterdam_T1,02:00:00:c3:b3:c2,2026-10-10 16:59:50,12.8,52.075512,4.31475,4,The Hague,NL
Rotterdam,Rotterdam_T1,02:00:00:9b:63:86,2026-10-10 16:55:37,12.1,52.0671907704763,4.34948086738587,2,The Hague,NL
Rotterdam,Rotterdam_T1,02:00:00:73:bf:68,2026-10-10 16:59:40,12.6,52.07701,4.3427534,1,Voorburg,NL
Rotterdam,Rotterdam_T1,02:00:00:65:6f:8c,2026-10-10 16:55:54,11.9,52.070291,4.352665,0,Voorburg,NL
Rotterdam,Rotterdam_T1,02:00:00:5e:d3:e0,2026-10-10 16:51:51,13.5,52.0747919334922,4.3629991169802,3,Voorburg,NL
Rotterdam,Rotterdam_T1,02:00:00:83:fd:6c,2026-10-10 16:52:48,13.0,52.075134,4.376925,1,Voorburg,NL
Rotterdam,Rotterdam_T1,02:00:00:14:4a:38,2026-10-10 16:59:39,13.8,52.077178,4.359944,2,Voorburg,NL
Rotterdam,Rotterdam_T1,02:00:00:39:f8:c2,2026-10-10 16:53:04,12.2,52.078976,4.387728,0,Voorburg,NL
Rotterdam,Rotterdam_T1,02:00:00:bd:ca:72,2026-10-10 16:54:27,12.1,52.080704,4.394138,1,Leidschendam,NL
Rotterdam,Rotterdam_T1,02:00:00:71:43:92,2026-10-10 16:54:32,11.4,52.07172,4.40491200000001,0,The Hague,NL
Rotterdam,Rotterdam_T1,02:00:00:a4:45:56,2026-10-10 16:55:18,12.8,52.0678863525391,4.47134017944336,0,Zoetermeer,NL
Rotterdam,Rotterdam_T1,02:00:00:b9:11:7c,2026-10-10 16:47:33,13.3,52.0680732727051,4.47749948501587,0,Zoetermeer,NL
Rotterdam,Rotterdam_T1,02:00:00:28:a6:32,2026-10-10 16:56:42,12.9,52.0709019617043,4.49143366943841,0,Zoetermeer,NL
Rotterdam,Rotterdam_T1,02:00:00:06:8d:26,2026-10-10 16:54:18,13.0,52.0732626253946,4.49771213376639,0,Zoetermeer,NL
Rotterdam,Rotterdam_T1,02:00:00:33:e4:42,2026-10-10 16:48:29,11.5,52.093006,4.260304,9,The Hague,NL
Rotterdam,Rotterdam_T1,02:00:00:70:38:f4,2026-10-10 16:51:35,14.0,52.093477,4.262971,6,The Hague,NL
Rotterdam,Rotterdam_T1,02:00:00:3c:f5:1e,2026-10-10 16:58:07,12.0,52.084589,4.265981,5,The Hague,NL
Rotterdam,Rotterdam_T1,02:00:00:63:3d:96,2026-10-10 16:56:57,13.4,52.091522,4.27206509999998,10,The Hague,NL
Rotterdam,Rotterdam_T1,02:00:00:7f:9c:8a,2026-10-10 16:54:37,12.1,52.081812,4.293372,5,The Hague,NL
Rotterdam,Rotterdam_T1,02:00:00:12:79:22,2026-10-10 16:54:39,12.1,52.081968,4.293328,5,The Hague,NL
Rotterdam,Rotterdam_T1,02:00:00:6b:3a:8a,2026-10-10 16:59:02,12.3,52.084518,4.294358,5,The Hague,NL
Rotterdam,Rotterdam_T1,02:00:00:b5:a4:2c,2026-10-10 16:53:26,13.2,52.085269,4.312957,5,The Hague,NL
Rotterdam,Rotterdam_T1,02:00:00:a9:8e:1e,2026-10-10 16:59:30,11.4,52.083939,4.313536,7,The Hague,NL
Rotterdam,Rotterdam_T1,02:00:00:74:5d:f2,2026-10-10 16:50:20,13.0,52.094542,4.314409,14,The Hague,NL
Rotterdam,Rotterdam_T1,02:00:00:7f:9f:dc,2026-10-10 16:50:04,13.0,52.087727,4.338226,4,The Hague,NL
Rotterdam,Rotterdam_T1,02:00:00:2f:2d:b0,2026-10-10 16:55:17,12.3,52.0884,4.343069,3,The Hague,NL
Rotterdam,Rotterdam_T1,02:00:00:a4:31:66,2026-10-10 16:53:23,12.4,52.088097,4.34402,3,The Hague,NL
Rotterdam,Rotterdam_T1,02:00:00:9d:0b:76,2026-10-10 16:48:15,13.5,52.08924,4.360338,1,The Hague,NL
Rotterdam,Rotterdam_T1,02:00:00:c2:32:c6,2026-10-10 16:59:05,12.3,52.092798,4.360844,4,The Hague,NL
Rotterdam,Rotterdam_T1,02:00:00:8d:e6:d2,2026-10-10 16:58:33,12.0,52.08936,4.371075,2,Voorburg,NL
Rotterdam,Rotterdam_T1,02:00:00:2b:23:24,2026-10-10 16:50:16,11.9,52.0822677612305,4.38621425628662,3,Leidschendam-Voorburg,NL
Rotterdam,Rotterdam_T1,02:00:00:b5:4f:c8,2026-10-10 16:45:21,12.4,52.083479,4.387075,2,Leidschendam,NL
Rotterdam,Rotterdam_T1,02:00:00:7f:b9:18,2026-10-10 16:57:33,11.8,52.08124,4.39291000000004,3,Leidschendam,NL
Rotterdam,Rotterdam_T1,02:00:00:02:a4:56,2026-10-10 16:50:30,13.1,52.09136,4.406312,2,Leidschendam,NL
Rotterdam,Rotterdam_T1,02:00:00:6b:50:c6,2026-10-10 16:54:19,11.7,52.0912310197558,4.40687429507307,3,Leidschendam,NL
Rotterdam,Rotterdam_T1,02:00:00:1c:74:a4,2026-10-10 16:57:04,11.5,52.093694,4.469815,0,Leidschendam,NL
Rotterdam,Rotterdam_T1,02:00:00:2b:14:b6,2026-10-10 16:55:45,12.0,52.093886,4.470451,0,Leidschendam-Voorburg,NL
Rotterdam,Rotterdam_T1,02:00:00:28:a0:ca,2026-10-10 16:52:18,11.9,52.0942794,4.47121889999994,0,Leidschendam-Voorburg,NL
Rotterdam,Rotterdam_T1,02:00:00:c2:46:e6,2026-10-10 16:57:06,12.2,52.1023684600997,4.26914454981171,9,The Hague,NL
Rotterdam,Rotterdam_T1,02:00:00:a2:47:68,2026-10-10 16:52:44,13.0,52.101233,4.270174,9,The Hague,NL
Rotterdam,Rotterdam_T1,02:00:00:6b:2e:5e,2026-10-10 16:50:33,12.6,52.104916672816,4.27164437942347,7,The Hague,NL
Rotterdam,Rotterdam_T1,02:00:00:bd:dc:50,2026-10-10 16:47:14,11.8,52.100603,4.300766,7,The Hague,NL
Rotterdam,Rotterdam_T1,02:00:00:2b:5c:e4,2026-10-10 16:53:10,12.1,52.1022,4.30135000000003,9,The Hague,NL
Rotterdam,Rotterdam_T1,02:00:00:13:4f:12,2026-10-10 16:56:58,11.9,52.0992527419219,4.31103944778442,4,The Hague,NL
Rotterdam,Rotterdam_T1,02:00:00:64:35:f0,2026-10-10 16:59:30,12.9,52.0971897757407,4.33524702658857,1,The Hague,NL
Rotterdam,Rotterdam_T1,02:00:00:53:49:e8,2026-10-10 16:56:30,12.3,52.1093510610785,4.37356660986006,0,Wassenaar,NL
Rotterdam,Rotterdam_T1,02:00:00:22:e3:b6,2026-10-10 16:52:45,12.3,52.100779,4.39522,0,Leidschendam,NL
Rotterdam,Rotterdam_T1,02:00:00:84:17:0a,2026-10-10 16:50:30,12.6,52.10114,4.395529,0,Leidschendam,NL
Rotterdam,Rotterdam_T1,02:00:00:b2:b5:0e,2026-10-10 16:51:54,12.1,52.095997,4.414338,0,Leidschendam,NL
Rotterdam,Rotterdam_T1,02:00:00:7f:9c:26,2026-10-10 16:50:56,11.8,52.102006,4.407729,1,Leidschendam,NL
Rotterdam,Rotterdam_T1,02:00:00:01:7d:a8,2026-10-10 16:52:03,13.5,52.110059,4.27961500000007,7,The Hague,NL
Rotterdam,Rotterdam_T1,02:00:00:ab:ee:62,2026-10-10 16:57:32,12.4,52.1106910705566,4.28558301925659,9,The Hague,NL
Rotterdam,Rotterdam_T1,02:00:00:a4:6d:5a,2026-10-10 17:00:03,13.7,52.1107146213087,4.28671707760065,8,The Hague,NL
Rotterdam,Rotterdam_T1,02:00:00:33:fd:7c,2026-10-10 16:56:29,12.8,52.111572,4.372817,3,Wassenaar,NL
Rotterdam,Rotterdam_T1,02:00:00:a4:5c:34,2026-10-10 16:51:50,11.4,52.111214,4.436711,0,Voorschoten,NL
Rotterdam,Rotterdam_T1,02:00:00:73:be:68,2026-10-10 16:45:15,12.2,52.117177,4.443719,0,Voorschoten,NL
Rotterdam,Rotterdam_T1,02:00:00:c5:37:c4,2026-10-10 16:51:04,12.6,52.114344,4.444795,0,Voorschoten,NL
Rotterdam,Rotterdam_T1,02:00:00:3b:ff:70,2026-10-10 16:59:33,12.1,52.1277061891672,4.36202768103674,6,Wassenaar,NL
Rotterdam,Rotterdam_T1,02:00:00:7a:6c:b0,2026-10-10 16:52:22,12.1,52.12483,4.4367504,1,Voorschoten,NL
Rotterdam,Rotterdam_T1,02:00:00:7a:ea:44,2026-10-10 16:54:54,13.5,52.127811,4.438192,1,Voorschoten,NL
Rotterdam,Rotterdam_T1,02:00:00:19:3e:fc,2026-10-10 16:54:30,13.7,52.125274,4.442024,2,Voorschoten,NL
Rotterdam,Rotterdam_T1,02:00:00:bd:d9:62,2026-10-10 16:48:32,12.7,52.130948,4.456233,0,Voorschoten,NL
Rotterdam,Rotterdam_T1,02:00:00:04:77:ec,2026-10-10 16:45:27,12.6,52.137813,4.466427,0,Voorschoten,NL
Rotterdam,Rotterdam_T1,02:00:00:13:48:f2,2026-10-10 16:58:43,12.6,52.1383267055258,4.46930246147369,4,Leiden,NL
Rotterdam,Rotterdam_T1,02:00:00:84:01:f4,2026-10-10 16:53:56,12.6,51.795956,4.316063,0,Piershil,NL
Rotterdam,Rotterdam_T1,02:00:00:a4:53:38,2026-10-10 16:47:33,12.5,51.8061561584473,4.34367895126343,0,Nieuw-Beijerland,NL
Rotterdam,Rotterdam_T1,02:00:00:2e:c2:56,2026-10-10 16:57:42,12.0,51.803969,4.38881000000001,0,Hoeksche Waard,NL
Rotterdam,Rotterdam_T1,02:00:00:70:24:c0,2026-10-10 16:58:23,12.4,51.79538,4.47853999999995,0,Hoeksche Waard,NL
Rotterdam,Rotterdam_T1,02:00:00:8d:cf:32,2026-10-10 16:50:57,12.2,51.7989258,4.48003469999999,1,Mijnsheerenland,NL
Rotterdam,Rotterdam_T1,02:00:00:73:f0:94,2026-10-10 16:54:59,13.8,51.817669,4.261111,0,Zuidland,NL
Rotterdam,Rotterdam_T1,02:00:00:28:8d:44,2026-10-10 16:52:46,13.4,51.810977,4.339071,1,Nieuw-Beijerland,NL
Rotterdam,Rotterdam_T1,02:00:00:c5:82:d8,2026-10-10 16:54:54,13.3,51.8128971033672,4.33869545012491,0,Nieuw-Beijerland,NL
Rotterdam,Rotterdam_T1,02:00:00:17:f3:8c,2026-10-10 16:50:53,13.5,51.813893,4.338688,0,Hoeksche Waard,NL
Rotterdam,Rotterdam_T1,02:00:00:7f:ca:72,2026-10-10 16:54:13,12.7,51.819852,4.403548,1,Oud-Beijerland,NL
Rotterdam,Rotterdam_T1,02:00:00:19:32:0a,2026-10-10 16:53:01,13.5,51.8201,4.4265,0,Oud-Beijerland,NL
Rotterdam,Rotterdam_T1,02:00:00:1d:ee:0c,2026-10-10 16:47:48,12.9,51.814618,4.431096,0,Hoeksche Waard,NL
Rotterdam,Rotterdam_T1,02:00:00:a9:d0:4e,2026-10-10 16:52:55,12.6,51.816875,4.432654,0,Oud-Beijerland,NL
Rotterdam,Rotterdam_T1,02:00:00:b0:a7:c6,2026-10-10 16:48:35,13.6,51.8194923400879,4.42992401123047,0,Oud-Beijerland,NL
Rotterdam,Rotterdam_T1,02:00:00:52:d6:1c,2026-10-10 16:52:24,13.5,51.8273166908673,4.24860230421604,0,Nissewaard,NL
Rotterdam,Rotterdam_T1,02:00:00:7b:02:ea,2026-10-10 16:55:18,13.8,51.8268,4.24961,0,Zuidland,NL
Rotterdam,Rotterdam_T1,02:00:00:c6:18:06,2026-10-10 16:55:24,13.0,51.82763,4.25183,0,Zuidland,NL
Rotterdam,Rotterdam_T1,02:00:00:12:ed:2e,2026-10-10 16:51:09,13.1,51.832147,4.281723,0,Simonshaven,NL
Rotterdam,Rotterdam_T1,02:00:00:bc:cb:30,2026-10-10 16:54:25,11.3,51.833767,4.297901,0,Simonshaven,NL
Rotterdam,Rotterdam_T1,02:00:00:c5:83:bc,2026-10-10 16:44:38,12.4,51.834004,4.308514,0,Spijkenisse,NL
Rotterdam,Rotterdam_T1,02:00:00:2e:be:70,2026-10-10 16:58:52,12.7,51.828405,4.320218,0,Nissewaard,NL
Rotterdam,Rotterdam_T1,02:00:00:83:80:70,2026-10-10 16:55:40,13.7,51.828982,4.321931,0,Spijkenisse,NL
Rotterdam,Rotterdam_T1,02:00:00:b2:c5:16,2026-10-10 16:59:16,12.0,51.833293,4.327577,0,Spijkenisse,NL
Rotterdam,Rotterdam_T1,02:00:00:1c:5d:d8,2026-10-10 16:47:48,13.5,51.831596,4.34732,0,Spijkenisse,NL
Rotterdam,Rotterdam_T1,02:00:00:33:d1:48,2026-10-10 16:54:19,12.8,51.835362,4.340818,0,Spijkenisse,NL
Rotterdam,Rotterdam_T1,02:00:00:bd:f6:10,2026-10-10 16:46:54,12.3,51.8291723616001,4.35085593059094,0,Hekelingen,NL
Rotterdam,Rotterdam_T1,02:00:00:a2:45:50,2026-10-10 16:57:25,12.6,51.833564,4.369612,0,Spijkenisse,NL
Rotterdam,Rotterdam_T1,02:00:00:8d:ce:38,2026-10-10 16:50:56,12.8,51.833848,4.370394,0,Spijkenisse,NL
Rotterdam,Rotterdam_T1,02:00:00:c6:5e:ce,2026-10-10 16:52:49,12.6,51.827235,4.414361,1,Oud-Beijerland,NL
Rotterdam,Rotterdam_T1,02:00:00:74:51:54,2026-10-10 16:51:09,13.2,51.822471,4.422299,0,Oud-Beijerland,NL
Rotterdam,Rotterdam_T1,02:00:00:b9:1f:9e,2026-10-10 16:49:19,12.9,51.826743,4.418683,2,Oud-Beijerland,NL
Rotterdam,Rotterdam_T1,02:00:00:a9:8c:2e,2026-10-10 16:59:15,12.2,51.826426,4.459057,0,Heinenoord,NL
Rotterdam,Rotterdam_T1,02:00:00:b0:92:a0,2026-10-10 16:58:10,13.6,51.825342,4.484375,0,Heinenoord,NL
Rotterdam,Rotterdam_T1,02:00:00:13:7c:72,2026-10-10 16:49:01,13.5,51.8485857,4.30565690000003,0,Nissewaard,NL
Rotterdam,Rotterdam_T1,02:00:00:90:af:46,2026-10-10 16:56:49,13.0,51.83904,4.319577,0,Spijkenisse,NL
Rotterdam,Rotterdam_T1,02:00:00:53:16:f4,2026-10-10 16:57:57,12.7,51.8404577297484,4.32209551334381,0,Spijkenisse,NL
Rotterdam,Rotterdam_T1,02:00:00:2f:0c:2c,2026-10-10 16:50:50,12.9,51.8368207320863,4.32338314086051,0,Spijkenisse,NL
Rotterdam,Rotterdam_T1,02:00:00:a4:28:8e,2026-10-10 16:48:36,13.4,51.8376655578613,4.34094619750977,1,Spijkenisse,NL
Rotterdam,Rotterdam_T1,02:00:00:7a:77:68,2026-10-10 16:56:54,12.1,51.846795,4.341356,1,Spijkenisse,NL
Rotterdam,Rotterdam_T1,02:00:00:28:9b:d0,2026-10-10 16:46:05,13.3,51.836851,4.352763,0,Spijkenisse,NL
Rotterdam,Rotterdam_T1,02:00:00:12:fb:d2,2026-10-10 16:52:44,12.9,51.8374458439446,4.37149661379999,1,Nissewaard,NL
Rotterdam,Rotterdam_T1,02:00:00:19:cc:80,2026-10-10 16:54:48,13.0,51.848418,4.374154,0,Hoogvliet,NL
Rotterdam,Rotterdam_T1,02:00:00:13:6b:d6,2026-10-10 16:55:34,13.3,51.848988,4.417614,0,Poortugaal,NL
Rotterdam,Rotterdam_T1,02:00:00:b5:0b:cc,2026-10-10 16:57:09,13.4,51.857194,4.316324,0,Spijkenisse,NL
Rotterdam,Rotterdam_T1,02:00:00:33:d1:ea,2026-10-10 16:55:06,13.5,51.8556159,4.3210062,0,Nissewaard,NL
Rotterdam,Rotterdam_T1,02:00:00:c2:3d:f0,2026-10-10 16:50:52,13.4,51.857305,4.324417,0,Spijkenisse,NL
Rotterdam,Rotterdam_T1,02:00:00:17:5c:2a,2026-10-10 16:56:34,13.7,51.852885,4.342628,5,Spijkenisse,NL
Rotterdam,Rotterdam_T1,02:00:00:01:55:26,2026-10-10 16:58:23,12.1,51.85022,4.359375,0,Hoogvliet,NL
Rotterdam,Rotterdam_T1,02:00:00:5f:22:3e,2026-10-10 16:59:38,11.9,51.8544044494629,4.3646936416626,0,Rotterdam,NL
Rotterdam,Rotterdam_T1,02:00:00:bc:d0:3e,2026-10-10 16:54:51,12.0,51.858581,4.392577,0,Poortugaal,NL
Rotterdam,Rotterdam_T1,02:00:00:bc:e1:0c,2026-10-10 16:58:12,12.9,51.8635694,4.39623120000001,0,Poortugaal,NL
Rotterdam,Rotterdam_T1,02:00:00:01:05:d0,2026-10-10 16:56:32,13.1,51.851921,4.423444,0,Rhoon,NL
Rotterdam,Rotterdam_T1,02:00:00:84:84:1e,2026-10-10 16:52:47,14.3,51.858887,4.421957,0,Rhoon,NL
Rotterdam,Rotterdam_T1,02:00:00:a2:5c:12,2026-10-10 16:55:35,12.8,51.8594623479853,4.42698154071272,0,Rhoon,NL
Rotterdam,Rotterdam_T1,02:00:00:be:05:6e,2026-10-10 16:56:18,13.3,51.8548644,4.436762,0,Rhoon,NL
Rotterdam,Rotterdam_T1,02:00:00:63:0e:a4,2026-10-10 16:55:46,13.8,51.8575608827219,4.47265219690053,0,Albrandswaard,NL
Rotterdam,Rotterdam_T1,02:00:00:b5:a9:6a,2026-10-10 16:55:13,12.5,51.851735,4.484146,0,Albrandswaard,NL
Rotterdam,Rotterdam_T1,02:00:00:03:74:d0,2026-10-10 16:59:42,12.5,51.8517608642578,4.49835109710693,0,Barendrecht,NL
Rotterdam,Rotterdam_T1,02:00:00:3f:01:d8,2026-10-10 16:56:15,13.0,51.8569415,4.4865023,0,Barendrecht,NL
Rotterdam,Rotterdam_T1,02:00:00:bd:e9:04,2026-10-10 16:58:59,13.5,51.866558,4.375568,0,Hoogvliet,NL
Rotterdam,Rotterdam_T1,02:00:00:01:01:b4,2026-10-10 16:52:06,13.5,51.8652629979766,4.39664993821385,0,Albrandswaard,NL
Rotterdam,Rotterdam_T1,02:00:00:a2:60:fc,2026-10-10 16:47:34,13.0,51.874794,4.466563,0,Rotterdam,NL
Rotterdam,Rotterdam_T1,02:00:00:3f:61:10,2026-10-10 17:00:13,11.3,51.8779278321971,4.49603729871197,6,Rotterdam,NL
Rotterdam,Rotterdam_T1,02:00:00:73:c0:3a,2026-10-10 16:51:28,13.1,51.887171,4.383392,0,Pernis,NL
Rotterdam,Rotterdam_T1,02:00:00:32:e7:f8,2026-10-10 16:58:34,11.3,51.892172,4.386614,3,Pernis,NL
Rotterdam,Rotterdam_T1,02:00:00:1f:7e:90,2026-10-10 16:48:06,11.2,51.8847667,4.4695263,0,Rotterdam,NL
Rotterdam,Rotterdam_T1,02:00:00:02:d9:74,2026-10-10 16:54:31,12.3,51.9018321151561,4.23758983612055,2,Rozenburg,NL
Rotterdam,Rotterdam_T1,02:00:00:27:7d:68,2026-10-10 16:53:14,13.8,51.902208,4.248835,4,Rozenburg,NL
Rotterdam,Rotterdam_T1,02:00:00:37:27:ba,2026-10-10 16:48:43,14.4,51.906634,4.321553,0,Vlaardingen,NL
Rotterdam,Rotterdam_T1,02:00:00:63:17:f6,2026-10-10 16:52:53,12.4,51.902018,4.342717,3,Vlaardingen,NL
Rotterdam,Rotterdam_T1,02:00:00:a9:ce:0a,2026-10-10 16:51:28,13.6,51.907543182373,4.35149145126343,2,Vlaardingen,NL
Rotterdam,Rotterdam_T1,02:00:00:c2:45:d6,2026-10-10 16:59:18,12.2,51.905582,4.405567,0,Schiedam,NL
Rotterdam,Rotterdam_T1,02:00:00:9d:29:a2,2026-10-10 16:56:47,14.2,51.901312,4.458192,6,Rotterdam,NL
Rotterdam,Rotterdam_T1,02:00:00:53:3b:14,2026-10-10 16:46:46,12.1,51.902036,4.457739,3,Rotterdam,NL
Rotterdam,Rotterdam_T1,02:00:00:2f:1e:fc,2026-10-10 16:54:30,14.2,51.904843,4.463923,2,Rotterdam,NL
Rotterdam,Rotterdam_T1,02:00:00:74:01:48,2026-10-10 16:53:09,10.7,51.8981435405119,4.48277876129779,1,Rotterdam,NL
Rotterdam,Rotterdam_T1,02:00:00:1f:6b:c0,2026-10-10 16:53:00,13.6,51.8992767333984,4.48442125320435,2,Rotterdam,NL
Rotterdam,Rotterdam_T1,02:00:00:2b:09:b6,2026-10-10 16:59:23,12.8,51.8965726546856,4.49371075471399,8,Rotterdam,NL
Rotterdam,Rotterdam_T1,02:00:00:63:45:86,2026-10-10 16:57:46,13.4,51.909344,4.23864,1,Rozenburg,NL
Rotterdam,Rotterdam_T1,02:00:00:3c:fa:c8,2026-10-10 16:56:27,12.7,51.911378,4.236979,2,Rotterdam,NL
Rotterdam,Rotterdam_T1,02:00:00:01:7c:12,2026-10-10 16:54:49,12.0,51.920774,4.237957,2,Maassluis,NL
Rotterdam,Rotterdam_T1,02:00:00:83:ef:60,2026-10-10 16:51:14,14.1,51.909076,4.242459,3,Rozenburg,NL
Rotterdam,Rotterdam_T1,02:00:00:a9:4f:c2,2026-10-10 16:43:46,12.7,51.916124,4.24886000000006,3,Maassluis,NL
Rotterdam,Rotterdam_T1,02:00:00:5e:de:d4,2026-10-10 16:57:52,14.1,51.914465,4.252759,4,Maassluis,NL
Rotterdam,Rotterdam_T1,02:00:00:b9:43:b0,2026-10-10 16:51:32,12.2,51.908927,4.313466,0,Vlaardingen,NL
Rotterdam,Rotterdam_T1,02:00:00:bc:f6:62,2026-10-10 16:58:35,12.7,51.913163646918,4.31969458235608,0,Vlaardingen,NL
Rotterdam,Rotterdam_T1,02:00:00:12:a4:34,2026-10-10 16:54:44,13.5,51.909151,4.332132,2,Vlaardingen,NL
Rotterdam,Rotterdam_T1,02:00:00:2b:20:2a,2026-10-10 16:55:34,11.9,51.9141002514251,4.33724462985993,1,Vlaardingen,NL
Rotterdam,Rotterdam_T1,02:00:00:02:a2:a6,2026-10-10 16:58:26,12.7,51.9088,4.3444,3,Vlaardingen,NL
Rotterdam,Rotterdam_T1,02:00:00:bd:0a:46,2026-10-10 16:47:51,12.3,51.909511,4.348642,4,Vlaardingen,NL
Rotterdam,Rotterdam_T1,02:00:00:58:c6:ce,2026-10-10 16:58:03,13.1,51.9178282,4.3598377,1,Vlaardingen,NL
Rotterdam,Rotterdam_T1,02:00:00:7f:be:10,2026-10-10 16:50:38,12.6,51.91672,4.3632045,2,Vlaardingen,NL
Rotterdam,Rotterdam_T1,02:00:00:53:5b:da,2026-10-10 16:55:20,13.3,51.908555,4.401612,2,Schiedam,NL
Rotterdam,Rotterdam_T1,02:00:00:c3:b2:62,2026-10-10 16:54:44,13.2,51.910435,4.399453,5,Schiedam,NL
Rotterdam,Rotterdam_T1,02:00:00:b9:1f:4a,2026-10-10 16:51:18,15.0,51.9213366779173,4.40755754480418,11,Schiedam,NL
Rotterdam,Rotterdam_T1,02:00:00:2a:f8:5e,2026-10-10 16:56:59,11.3,51.915024,4.4355793,9,Rotterdam,NL
Rotterdam,Rotterdam_T1,02:00:00:ab:ed:0a,2026-10-10 16:57:23,12.6,51.91357,4.450989,4,Rotterdam,NL
Rotterdam,Rotterdam_T1,02:00:00:a9:70:9e,2026-10-10 16:54:36,13.2,51.918565,4.454217,1,Rotterdam,NL
Rotterdam,Rotterdam_T1,02:00:00:33:2f:18,2026-10-10 16:52:11,14.0,51.911367,4.460016,4,Rotterdam,NL
Rotterdam,Rotterdam_T1,02:00:00:9d:0a:02,2026-10-10 16:51:07,13.5,51.9204927831634,4.47252988815308,4,Rotterdam,NL
Rotterdam,Rotterdam_T1,02:00:00:7f:8b:fa,2026-10-10 16:58:43,14.7,51.9101171296848,4.48145787979085,11,Rotterdam,NL
Rotterdam,Rotterdam_T1,02:00:00:73:c0:88,2026-10-10 16:59:09,13.8,51.910689441008,4.47889036604364,8,Rotterdam,NL
Rotterdam,Rotterdam_T1,02:00:00:9b:51:8a,2026-10-10 16:54:58,13.3,51.9145812294122,4.47774262764995,4,Rotterdam,NL
Rotterdam,Rotterdam_T1,02:00:00:52:d3:56,2026-10-10 16:56:13,12.0,51.929916,4.232157,4,Maassluis,NL
Rotterdam,Rotterdam_T1,02:00:00:b9:51:52,2026-10-10 16:51:31,11.6,51.929904,4.233498,5,Maassluis,NL
Rotterdam,Rotterdam_T1,02:00:00:b9:59:00,2026-10-10 16:59:55,11.6,51.92626,4.237906,4,Maassluis,NL
Rotterdam,Rotterdam_T1,02:00:00:b5:3d:e2,2026-10-10 16:47:15,13.1,51.9271297,4.2515983,1,Maassluis,NL
Rotterdam,Rotterdam_T1,02:00:00:5f:15:be,2026-10-10 16:52:32,13.0,51.930806,4.250148,4,Maassluis,NL
Rotterdam,Rotterdam_T1,02:00:00:65:4b:40,2026-10-10 16:56:50,13.5,51.927105,4.254623,0,Maassluis,NL
Rotterdam,Rotterdam_T1,02:00:00:29:09:70,2026-10-10 16:55:33,12.1,51.932986,4.267365,1,Maasland,NL
Rotterdam,Rotterdam_T1,02:00:00:b5:74:1c,2026-10-10 16:53:04,12.0,51.93374,4.26775999999999,0,Maasland,NL
Rotterdam,Rotterdam_T1,02:00:00:6b:3d:34,2026-10-10 16:52:59,12.2,51.934371,4.268049,0,Maasland,NL
Rotterdam,Rotterdam_T1,02:00:00:bc:a8:9c,2026-10-10 16:55:05,13.7,51.931770324707,4.34035110473633,1,Vlaardingen,NL
Rotterdam,Rotterdam_T1,02:00:00:74:5b:ca,2026-10-10 16:53:39,13.9,51.926291,4.345459,3,Vlaardingen,NL
Rotterdam,Rotterdam_T1,02:00:00:b5:a0:52,2026-10-10 16:50:29,11.4,51.927282,4.347004,0,Vlaardingen,NL
Rotterdam,Rotterdam_T1,02:00:00:bc:d1:1c,2026-10-10 16:52:15,11.9,51.9350965,4.36687449999998,2,Schiedam,NL
Rotterdam,Rotterdam_T1,02:00:00:c6:23:6c,2026-10-10 16:57:44,12.5,51.934731,4.381654,0,Schiedam,NL
Rotterdam,Rotterdam_T1,02:00:00:b9:05:64,2026-10-10 16:51:20,12.1,51.936828,4.386344,0,Schiedam,NL
Rotterdam,Rotterdam_T1,02:00:00:96:ea:9e,2026-10-10 16:56:13,13.8,51.925392,4.39834,2,Schiedam,NL
Rotterdam,Rotterdam_T1,02:00:00:ab:cb:62,2026-10-10 16:51:10,12.1,51.930617,4.445321,0,Rotterdam,NL
Rotterdam,Rotterdam_T1,02:00:00:74:09:f2,2026-10-10 16:59:03,12.0,51.92814,4.456759,1,Rotterdam,NL
Rotterdam,Rotterdam_T1,02:00:00:28:6f:3e,2026-10-10 16:57:29,12.1,51.9340316,4.4594037,5,Rotterdam,NL
Rotterdam,Rotterdam_T1,02:00:00:02:c6:84,2026-10-10 16:54:28,13.0,51.926464,4.470126,3,Rotterdam,NL
Rotterdam,Rotterdam_T1,02:00:00:90:b7:5e,2026-10-10 16:50:17,14.4,51.92631,4.480658,2,Rotterdam,NL
Rotterdam,Rotterdam_T1,02:00:00:74:35:a2,2026-10-10 16:54:30,13.8,51.927002,4.4848413,4,Rotterdam,NL
Rotterdam,Rotterdam_T1,02:00:00:1c:6a:08,2026-10-10 16:57:25,14.4,51.926225,4.488458,0,Rotterdam,NL
Rotterdam,Rotterdam_T1,02:00:00:84:0e:9e,2026-10-10 16:51:12,12.6,51.939707,4.230973,0,Maassluis,NL
Rotterdam,Rotterdam_T1,02:00:00:12:fb:ba,2026-10-10 16:59:21,12.4,51.941607,4.230965,2,Maassluis,NL
Rotterdam,Rotterdam_T1,02:00:00:83:7e:ea,2026-10-10 16:53:01,11.5,51.9430135,4.23029530000006,2,Maassluis,NL
Rotterdam,Rotterdam_T1,02:00:00:b5:53:1c,2026-10-10 16:50:39,12.9,51.949414,4.270392,0,Maasland,NL
Rotterdam,Rotterdam_T1,02:00:00:c5:33:20,2026-10-10 16:55:04,11.8,51.940538,4.34364800000001,0,Vlaardingen,NL
Rotterdam,Rotterdam_T1,02:00:00:70:4d:76,2026-10-10 16:53:14,12.0,51.940698,4.344899,0,Vlaardingen,NL
Rotterdam,Rotterdam_T1,02:00:00:7f:d3:b4,2026-10-10 16:56:16,12.6,51.937524,4.359107,1,,NL
Rotterdam,Rotterdam_T1,02:00:00:28:74:22,2026-10-10 16:49:18,12.5,51.939015,4.368109,0,Schiedam,NL
Rotterdam,Rotterdam_T1,02:00:00:b2:c3:a2,2026-10-10 16:58:39,11.3,51.9398735,4.37264590000001,0,Schiedam,NL
Rotterdam,Rotterdam_T1,02:00:00:bd:fb:70,2026-10-10 16:52:39,10.5,51.945864,4.366965,0,Schiedam,NL
Rotterdam,Rotterdam_T1,02:00:00:65:38:b0,2026-10-10 16:56:55,12.8,51.942,4.38433999999999,0,Schiedam,NL
Rotterdam,Rotterdam_T1,02:00:00:04:6f:aa,2026-10-10 16:58:25,12.4,51.9441,4.3839,0,Schiedam,NL
Rotterdam,Rotterdam_T1,02:00:00:9c:d6:c8,2026-10-10 16:53:24,12.6,51.9391683837513,4.42066682686317,4,Rotterdam,NL
Rotterdam,Rotterdam_T1,02:00:00:96:bd:fa,2026-10-10 16:52:21,14.3,51.943919,4.426938,1,Rotterdam,NL
Rotterdam,Rotterdam_T1,02:00:00:90:8a:8e,2026-10-10 16:56:20,12.0,51.9372746579483,4.4418073394422,2,Rotterdam,NL
Rotterdam,Rotterdam_T1,02:00:00:a9:4d:e8,2026-10-10 16:55:00,12.3,51.945405,4.444053,0,Rotterdam,NL
Rotterdam,Rotterdam_T1,02:00:00:14:4d:a6,2026-10-10 16:59:12,11.7,51.945964,4.448029,0,Rotterdam,NL
Rotterdam,Rotterdam_T1,02:00:00:bd:e0:c8,2026-10-10 16:51:54,12.2,51.946104,4.46737,0,Rotterdam,NL
Rotterdam,Rotterdam_T1,02:00:00:af:8b:58,2026-10-10 16:47:03,12.6,51.9460220336914,4.47492647171021,0,Rotterdam,NL
Rotterdam,Rotterdam_T1,02:00:00:90:71:58,2026-10-10 16:50:57,12.0,51.93707,4.479222,3,Rotterdam,NL
Rotterdam,Rotterdam_T1,02:00:00:bc:e3:ec,2026-10-10 16:51:28,12.3,51.9374587797425,4.49468157586424,2,Rotterdam,NL
Rotterdam,Rotterdam_T1,02:00:00:17:e0:1e,2026-10-10 16:53:42,12.0,51.955246,4.314398,0,Maasland,NL
Rotterdam,Rotterdam_T1,02:00:00:a4:41:88,2026-10-10 16:52:53,11.7,51.955283,4.314406,0,Maasland,NL
Rotterdam,Rotterdam_T1,02:00:00:28:79:a0,2026-10-10 16:49:03,13.3,51.9583,4.4668,0,Rotterdam,NL
Rotterdam,Rotterdam_T1,02:00:00:64:27:f8,2026-10-10 16:55:26,11.7,51.9584323783367,4.46818939744298,0,Rotterdam,NL
Rotterdam,Rotterdam_T1,02:00:00:13:2f:50,2026-10-10 16:56:08,14.0,51.9570399,4.47113119999995,0,Rotterdam,NL
Rotterdam,Rotterdam_T1,02:00:00:19:c2:10,2026-10-10 16:50:20,11.4,51.96346,4.48096700000011,0,Rotterdam,NL
Rotterdam,Rotterdam_T1,02:00:00:3f:0a:1a,2026-10-10 16:56:15,12.4,51.962139,4.484953,0,Rotterdam,NL
Rotterdam,Rotterdam_T1,02:00:00:27:b4:78,2026-10-10 16:59:24,11.7,51.965184,4.487566,0,Rotterdam,NL
