city_area,tile_id,device_id,timestamp_amsterdam,temperature_c,latitude,longitude,altitude_m,location_name,country
Utrecht,Utrecht_T3,02:00:00:9b:49:56,2026-08-14 13:37:42,35.9,52.0555172581761,5.07246375001336,1,Nieuwegein,NL
Utrecht,Utrecht_T3,02:00:00:a4:2e:9e,2026-08-14 13:39:40,36.6,52.057163,5.071938,1,Nieuwegein,NL
Utrecht,Utrecht_T3,02:00:00:a9:c0:b8,2026-08-14 13:33:02,31.1,52.058835,5.135174,4,Utrecht,NL
Utrecht,Utrecht_T3,02:00:00:bd:cd:b0,2026-08-14 13:35:31,33.3,52.061641,5.128472,3,Utrecht,NL
Utrecht,Utrecht_T3,02:00:00:bd:dc:c4,2026-08-14 13:37:10,35.4,52.0630189775525,5.12959063053131,4,Utrecht,NL
Utrecht,Utrecht_T3,02:00:00:2e:c2:fe,2026-08-14 13:30:37,34.3,52.060052,5.134025,4,Utrecht,NL
Utrecht,Utrecht_T3,02:00:00:3e:ec:de,2026-08-14 13:32:45,34.8,52.0628885050208,5.13711911594507,4,Utrecht,NL
Utrecht,Utrecht_T3,02:00:00:28:ec:80,2026-08-14 13:37:55,35.6,52.065526,5.200063,5,Bunnik,NL
Utrecht,Utrecht_T3,02:00:00:63:34:44,2026-08-14 13:34:43,36.1,52.0706,5.0769,0,Utrecht,NL
Utrecht,Utrecht_T3,02:00:00:02:f3:b2,2026-08-14 13:33:12,33.9,52.0684013366699,5.10129976272583,4,Utrecht,NL
Utrecht,Utrecht_T3,02:00:00:c2:89:3a,2026-08-14 13:39:53,33.1,52.069,5.1024,4,Utrecht,NL
Utrecht,Utrecht_T3,02:00:00:37:1d:2c,2026-08-14 13:35:25,41.5,52.0740013122559,5.11969995498657,1,Utrecht,NL
Utrecht,Utrecht_T3,02:00:00:b5:00:ce,2026-08-14 13:35:32,35.8,52.069854,5.12234250000003,4,Utrecht,NL
Utrecht,Utrecht_T3,02:00:00:1e:2a:90,2026-08-14 13:34:22,35.1,52.070201,5.125238,4,Utrecht,NL
Utrecht,Utrecht_T3,02:00:00:a9:bd:4a,2026-08-14 13:40:00,37.9,52.070733,5.127336,4,Utrecht,NL
Utrecht,Utrecht_T3,02:00:00:65:70:6e,2026-08-14 13:38:36,35.8,52.069762,5.187772,3,Bunnik,NL
Utrecht,Utrecht_T3,02:00:00:1b:06:58,2026-08-14 13:37:09,36.0,52.0673070316701,5.19202797330763,5,Bunnik,NL
Utrecht,Utrecht_T3,02:00:00:83:ec:80,2026-08-14 13:32:19,34.4,52.077263,5.0638604,0,Utrecht,NL
Utrecht,Utrecht_T3,02:00:00:90:d2:70,2026-08-14 13:35:42,32.2,52.081236,5.086788,3,Utrecht,NL
Utrecht,Utrecht_T3,02:00:00:00:ec:e0,2026-08-14 13:35:27,34.4,52.0783359526579,5.11196332515445,6,Utrecht,NL
Utrecht,Utrecht_T3,02:00:00:2f:04:02,2026-08-14 13:39:44,36.8,52.08055,5.122316,6,Utrecht,NL
Utrecht,Utrecht_T3,02:00:00:90:79:e6,2026-08-14 13:31:29,32.9,52.07892,5.14051000000002,4,Utrecht,NL
Utrecht,Utrecht_T3,02:00:00:53:25:54,2026-08-14 13:38:06,35.8,52.081985,5.087011,2,Utrecht,NL
Utrecht,Utrecht_T3,02:00:00:01:04:a2,2026-08-14 13:35:12,33.6,52.086276,5.08958300000004,8,Utrecht,NL
Utrecht,Utrecht_T3,02:00:00:5f:20:4a,2026-08-14 13:38:29,38.0,52.0821,5.108,1,Utrecht,NL
Utrecht,Utrecht_T3,02:00:00:b5:08:94,2026-08-14 13:34:59,33.8,52.0842805951218,5.12355080298444,8,Utrecht,NL
Utrecht,Utrecht_T3,02:00:00:52:de:e4,2026-08-14 13:35:45,36.2,52.08746,5.132928,3,Utrecht,NL
Utrecht,Utrecht_T3,02:00:00:02:9c:e4,2026-08-14 13:39:50,30.2,52.088481,5.143561,2,Utrecht,NL
Utrecht,Utrecht_T3,02:00:00:63:37:c0,2026-08-14 13:32:42,30.8,52.0846376741441,5.14990675244556,4,Utrecht,NL
Utrecht,Utrecht_T3,02:00:00:84:9e:e4,2026-08-14 13:37:30,29.9,52.085608,5.153452,1,Utrecht,NL
Utrecht,Utrecht_T3,02:00:00:58:71:a0,2026-08-14 13:34:29,38.6,52.0910855835456,5.06979963657994,0,Utrecht,NL
Utrecht,Utrecht_T3,02:00:00:5e:f9:3e,2026-08-14 13:31:15,33.6,52.095,5.06790999999997,2,Utrecht,NL
Utrecht,Utrecht_T3,02:00:00:b5:8a:96,2026-08-14 13:39:18,35.0,52.0890953545022,5.07631123065949,1,Utrecht,NL
Utrecht,Utrecht_T3,02:00:00:02:ab:72,2026-08-14 13:35:14,33.9,52.089195,5.089759,4,Utrecht,NL
Utrecht,Utrecht_T3,02:00:00:70:58:26,2026-08-14 13:34:39,34.4,52.093772,5.087235,3,Utrecht,NL
Utrecht,Utrecht_T3,02:00:00:b5:3c:02,2026-08-14 13:31:34,33.6,52.0945,5.09406000000001,4,Utrecht,NL
Utrecht,Utrecht_T3,02:00:00:b9:42:72,2026-08-14 13:30:52,33.0,52.0899963378906,5.09774255752563,4,Utrecht,NL
Utrecht,Utrecht_T3,02:00:00:52:c7:3e,2026-08-14 13:40:33,38.8,52.090397,5.101962,3,Utrecht,NL
Utrecht,Utrecht_T3,02:00:00:7a:ee:e8,2026-08-14 13:33:16,40.4,52.094554901123,5.10336303710938,4,Utrecht,NL
Utrecht,Utrecht_T3,02:00:00:3c:db:f4,2026-08-14 13:36:28,35.1,52.092422,5.120636,12,Utrecht,NL
Utrecht,Utrecht_T3,02:00:00:bd:cf:26,2026-08-14 13:32:51,33.0,52.0907374,5.12142010000002,18,Utrecht,NL
Utrecht,Utrecht_T3,02:00:00:53:46:a4,2026-08-14 13:33:08,35.9,52.0944421980704,5.12152537487685,9,Utrecht,NL
Utrecht,Utrecht_T3,02:00:00:5f:20:04,2026-08-14 13:35:16,32.6,52.0938845651776,5.13856323934985,6,Utrecht,NL
Utrecht,Utrecht_T3,02:00:00:c3:a6:ae,2026-08-14 13:31:46,35.4,52.0966653034839,5.07333587462335,0,Utrecht,NL
Utrecht,Utrecht_T3,02:00:00:bd:c5:ea,2026-08-14 13:39:19,30.9,52.1026685527433,5.09375521405393,1,Utrecht,NL
Utrecht,Utrecht_T3,02:00:00:02:bd:78,2026-08-14 13:32:01,32.9,52.1013615,5.09969620000004,3,Utrecht,NL
Utrecht,Utrecht_T3,02:00:00:52:d7:a4,2026-08-14 13:32:19,35.1,52.101415,5.10791,5,Utrecht,NL
Utrecht,Utrecht_T3,02:00:00:28:df:e8,2026-08-14 13:37:37,34.3,52.09981,5.11318999999998,4,Utrecht,NL
Utrecht,Utrecht_T3,02:00:00:74:7c:d8,2026-08-14 13:39:38,40.4,52.101892,5.11485,3,Utrecht,NL
Utrecht,Utrecht_T3,02:00:00:a9:76:3c,2026-08-14 13:36:14,36.5,52.099474,5.11834,6,Utrecht,NL
Utrecht,Utrecht_T3,02:00:00:3c:f5:5e,2026-08-14 13:35:57,34.6,52.095871,5.131864,3,Utrecht,NL
Utrecht,Utrecht_T3,02:00:00:a4:41:f0,2026-08-14 13:37:46,34.6,52.10156,5.1217494,3,Utrecht,NL
Utrecht,Utrecht_T3,02:00:00:b4:ee:1a,2026-08-14 13:37:01,33.4,52.099659,5.124221,4,Utrecht,NL
Utrecht,Utrecht_T3,02:00:00:29:5e:d2,2026-08-14 13:30:52,31.2,52.097858,5.137552,1,Utrecht,NL
Utrecht,Utrecht_T3,02:00:00:01:91:12,2026-08-14 13:33:09,33.2,52.096668,5.141989,6,Utrecht,NL
Utrecht,Utrecht_T3,02:00:00:28:cf:22,2026-08-14 13:32:30,34.0,52.107056,5.121125,2,Utrecht,NL
Utrecht,Utrecht_T3,02:00:00:ab:f3:a4,2026-08-14 13:32:15,32.5,52.110018,5.128991,2,Utrecht,NL
Utrecht,Utrecht_T3,02:00:00:02:a5:b6,2026-08-14 13:38:07,34.8,52.104958,5.13533300000003,4,Utrecht,NL
Utrecht,Utrecht_T3,02:00:00:b5:0b:b6,2026-08-14 13:31:53,36.0,52.1083564758301,5.13924789428711,2,Utrecht,NL
Utrecht,Utrecht_T3,02:00:00:7f:c5:ac,2026-08-14 13:40:12,32.3,52.106043,5.143182,5,Utrecht,NL
Utrecht,Utrecht_T3,02:00:00:58:d2:58,2026-08-14 13:32:11,36.1,52.104095,5.144752,0,Utrecht,NL
Utrecht,Utrecht_T3,02:00:00:14:60:ec,2026-08-14 13:35:00,36.2,52.106249,5.171551,3,De Bilt,NL
Utrecht,Utrecht_T3,02:00:00:c6:22:d0,2026-08-14 13:36:36,34.4,52.1063,5.17763000000003,5,De Bilt,NL
Utrecht,Utrecht_T3,02:00:00:a2:02:8a,2026-08-14 13:39:43,34.8,52.106261,5.177714,5,De Bilt,NL
Utrecht,Utrecht_T3,02:00:00:a4:15:94,2026-08-14 13:35:57,33.4,52.116599,5.10793100000013,4,Utrecht,NL
Utrecht,Utrecht_T3,02:00:00:01:d1:6c,2026-08-14 13:37:22,36.2,52.1147232055664,5.11503601074219,7,Utrecht,NL
Utrecht,Utrecht_T3,02:00:00:a9:a9:ac,2026-08-14 13:34:50,36.3,52.11504,5.11446000000007,4,Utrecht,NL
Utrecht,Utrecht_T3,02:00:00:7b:00:16,2026-08-14 13:34:39,35.6,52.116092,5.116809,5,Utrecht,NL
Utrecht,Utrecht_T3,02:00:00:33:fc:c2,2026-08-14 13:37:22,31.9,52.112909,5.143128,1,Utrecht,NL
Utrecht,Utrecht_T3,02:00:00:a2:28:d4,2026-08-14 13:35:46,35.4,52.11298,5.176283,3,De Bilt,NL
Utrecht,Utrecht_T3,02:00:00:74:4f:c6,2026-08-14 13:36:32,36.0,52.114273,5.1778874,5,De Bilt,NL
Utrecht,Utrecht_T3,02:00:00:37:16:9a,2026-08-14 13:37:17,30.8,52.1209042,5.0716415,1,Utrecht,NL
Utrecht,Utrecht_T3,02:00:00:b5:07:da,2026-08-14 13:36:57,37.3,52.1185,5.0885,0,Utrecht,NL
Utrecht,Utrecht_T3,02:00:00:9d:2a:ee,2026-08-14 13:31:47,36.3,52.1226012257881,5.09323120411752,2,Utrecht,NL
Utrecht,Utrecht_T3,02:00:00:a9:78:64,2026-08-14 13:40:37,30.3,52.12185,5.114306,4,Utrecht,NL
Utrecht,Utrecht_T3,02:00:00:63:2e:78,2026-08-14 13:38:25,35.5,52.124311,5.149015,3,Groenekan,NL
Utrecht,Utrecht_T3,02:00:00:74:0c:be,2026-08-14 13:34:33,31.6,52.118581,5.18077,3,Bilthoven,NL
Utrecht,Utrecht_T3,02:00:00:17:79:98,2026-08-14 13:37:21,33.5,52.1210929,5.18279509999996,4,Bilthoven,NL
Utrecht,Utrecht_T3,02:00:00:2e:bd:ce,2026-08-14 13:35:47,35.6,52.122233,5.200776,10,Bilthoven,NL
Utrecht,Utrecht_T3,02:00:00:a4:87:ec,2026-08-14 13:33:05,33.4,52.1316666043838,5.09194861301635,0,Utrecht,NL
Utrecht,Utrecht_T3,02:00:00:7f:b2:0e,2026-08-14 13:38:54,32.5,52.127119,5.100939,4,Utrecht,NL
Utrecht,Utrecht_T3,02:00:00:b5:6e:3a,2026-08-14 13:37:09,30.8,52.124991,5.158267,4,De Bilt,NL
Utrecht,Utrecht_T3,02:00:00:a2:45:c2,2026-08-14 13:40:22,38.0,52.130604,5.188466,5,Bilthoven,NL
Utrecht,Utrecht_T3,02:00:00:b5:a7:2c,2026-08-14 13:40:46,39.2,52.12492,5.1931024,5,Bilthoven,NL
Utrecht,Utrecht_T3,02:00:00:33:2d:6a,2026-08-14 13:39:25,38.0,52.1263389,5.1944393,6,De Bilt,NL
Utrecht,Utrecht_T3,02:00:00:36:a3:68,2026-08-14 13:36:59,34.3,52.12822,5.20124999999999,8,Bilthoven,NL
Utrecht,Utrecht_T3,02:00:00:7a:ff:64,2026-08-14 13:35:59,35.7,52.132211,5.197475,3,Bilthoven,NL
Utrecht,Utrecht_T3,02:00:00:7a:fc:c0,2026-08-14 13:30:38,37.4,51.985681,5.077175,5,Vianen,NL
Utrecht,Utrecht_T3,02:00:00:bc:e5:5a,2026-08-14 13:37:49,36.1,51.985033,5.080696,3,Vianen,NL
Utrecht,Utrecht_T3,02:00:00:af:80:9e,2026-08-14 13:32:16,36.2,51.984738,5.086291,2,Vianen,NL
Utrecht,Utrecht_T3,02:00:00:31:ed:ec,2026-08-14 13:33:32,33.7,51.983323,5.093653,2,Vianen,NL
Utrecht,Utrecht_T3,02:00:00:7f:8d:c4,2026-08-14 13:40:12,33.9,51.9830332883009,5.12328207492826,3,Hagestein,NL
Utrecht,Utrecht_T3,02:00:00:b2:b1:fc,2026-08-14 13:33:07,37.6,51.9884779,5.07393630000002,2,Vianen,NL
Utrecht,Utrecht_T3,02:00:00:b9:1e:ca,2026-08-14 13:30:45,35.4,51.9914952649266,5.10561422229253,2,Vianen,NL
Utrecht,Utrecht_T3,02:00:00:52:ed:28,2026-08-14 13:31:37,39.5,51.993881,5.120075,3,Hoef en Haag,NL
Utrecht,Utrecht_T3,02:00:00:a9:87:e4,2026-08-14 13:39:50,39.6,51.9912528991699,5.12258720397949,0,Hoef en Haag,NL
Utrecht,Utrecht_T3,02:00:00:28:d9:60,2026-08-14 13:33:49,36.0,52.008254895269,5.07912755012512,1,Nieuwegein,NL
Utrecht,Utrecht_T3,02:00:00:ab:df:d2,2026-08-14 13:34:49,36.4,52.0028160778323,5.0815361738205,8,Nieuwegein,NL
Utrecht,Utrecht_T3,02:00:00:06:71:46,2026-08-14 13:30:14,37.7,52.0032156734361,5.08314549922943,8,Nieuwegein,NL
Utrecht,Utrecht_T3,02:00:00:2f:21:6e,2026-08-14 13:38:37,39.1,52.00266,5.08989000000006,7,Nieuwegein,NL
Utrecht,Utrecht_T3,02:00:00:c6:28:f6,2026-08-14 13:31:39,37.3,52.006166,5.089671,2,Nieuwegein,NL
Utrecht,Utrecht_T3,02:00:00:b9:26:32,2026-08-14 13:37:36,36.3,52.0069,5.093,1,Nieuwegein,NL
Utrecht,Utrecht_T3,02:00:00:af:32:52,2026-08-14 13:33:08,35.4,52.0100655920947,5.07965231726042,3,Nieuwegein,NL
Utrecht,Utrecht_T3,02:00:00:03:58:16,2026-08-14 13:34:34,35.8,52.010896,5.092813,2,Nieuwegein,NL
Utrecht,Utrecht_T3,02:00:00:37:29:34,2026-08-14 13:30:12,36.9,52.0121,5.0976,0,Nieuwegein,NL
Utrecht,Utrecht_T3,02:00:00:bc:e4:84,2026-08-14 13:30:18,35.3,52.0147933959961,5.09334754943848,1,Nieuwegein,NL
Utrecht,Utrecht_T3,02:00:00:31:f0:4e,2026-08-14 13:35:02,38.5,52.010011,5.102632,4,Nieuwegein,NL
Utrecht,Utrecht_T3,02:00:00:12:63:b8,2026-08-14 13:26:44,34.1,52.0151322,5.16602090000003,0,Houten,NL
Utrecht,Utrecht_T3,02:00:00:2e:9a:ba,2026-08-14 13:38:52,37.0,52.015831,5.165842,0,Houten,NL
Utrecht,Utrecht_T3,02:00:00:b0:97:7c,2026-08-14 13:39:13,36.5,52.013998,5.17295,0,Houten,NL
Utrecht,Utrecht_T3,02:00:00:a2:03:fe,2026-08-14 13:30:27,36.2,52.013622,5.186657,3,Houten,NL
Utrecht,Utrecht_T3,02:00:00:33:c3:4a,2026-08-14 13:34:01,33.1,52.014978,5.187588,1,Houten,NL
Utrecht,Utrecht_T3,02:00:00:b2:a5:e2,2026-08-14 13:36:08,32.6,52.0213043701897,5.0796202400924,2,Nieuwegein,NL
Utrecht,Utrecht_T3,02:00:00:c3:d0:08,2026-08-14 13:38:33,32.1,52.02109,5.159084,3,Houten,NL
Utrecht,Utrecht_T3,02:00:00:1e:1f:c2,2026-08-14 13:38:01,35.3,52.0217800772731,5.16331951003446,0,Houten,NL
Utrecht,Utrecht_T3,02:00:00:b5:8f:e6,2026-08-14 13:34:40,34.3,52.018731,5.165264,1,Houten,NL
Utrecht,Utrecht_T3,02:00:00:c2:84:82,2026-08-14 13:31:48,35.2,52.019263,5.17283,2,Houten,NL
Utrecht,Utrecht_T3,02:00:00:58:e4:24,2026-08-14 13:35:35,36.3,52.016465,5.1768259,2,Houten,NL
Utrecht,Utrecht_T3,02:00:00:c2:33:88,2026-08-14 13:38:18,37.2,52.0217981,5.1755385,1,Houten,NL
Utrecht,Utrecht_T3,02:00:00:65:4f:8c,2026-08-14 13:37:31,34.9,52.0177737114648,5.18543422222138,2,Houten,NL
Utrecht,Utrecht_T3,02:00:00:74:3b:36,2026-08-14 13:30:05,32.8,52.0223,5.1895,0,Houten,NL
Utrecht,Utrecht_T3,02:00:00:bd:f9:48,2026-08-14 13:38:56,37.6,52.0223,5.1895,0,Houten,NL
Utrecht,Utrecht_T3,02:00:00:04:93:06,2026-08-14 13:37:52,34.0,52.0289905,5.07187920000001,4,Nieuwegein,NL
Utrecht,Utrecht_T3,02:00:00:b8:f9:c8,2026-08-14 13:35:47,36.2,52.0287780761719,5.08565378189087,6,Nieuwegein,NL
Utrecht,Utrecht_T3,02:00:00:32:db:f2,2026-08-14 13:37:24,33.0,52.0269902,5.1541533,3,Houten,NL
Utrecht,Utrecht_T3,02:00:00:01:06:72,2026-08-14 13:32:31,36.3,52.028621673584,5.15482234954834,2,Houten,NL
Utrecht,Utrecht_T3,02:00:00:33:19:c6,2026-08-14 13:32:47,34.0,52.0243587320194,5.18782782552989,4,Houten,NL
Utrecht,Utrecht_T3,02:00:00:a2:16:ca,2026-08-14 13:33:17,34.3,52.0239254,5.1937902,4,Houten,NL
Utrecht,Utrecht_T3,02:00:00:58:f8:20,2026-08-14 13:40:03,35.3,52.026073,5.1916294,2,Houten,NL
Utrecht,Utrecht_T3,02:00:00:2b:24:a4,2026-08-14 13:36:43,32.5,52.031801,5.068737,2,Nieuwegein,NL
Utrecht,Utrecht_T3,02:00:00:12:f7:00,2026-08-14 13:40:03,35.6,52.033787,5.08994400000002,2,Nieuwegein,NL
Utrecht,Utrecht_T3,02:00:00:70:44:b6,2026-08-14 13:37:51,38.6,52.031138,5.153576,3,Houten,NL
Utrecht,Utrecht_T3,02:00:00:a4:45:fc,2026-08-14 13:33:50,35.1,52.036554,5.148482,3,Houten,NL
Utrecht,Utrecht_T3,02:00:00:74:59:5e,2026-08-14 13:32:27,33.8,52.032651,5.150862,2,Houten,NL
Utrecht,Utrecht_T3,02:00:00:ab:dd:0a,2026-08-14 13:38:29,33.8,52.0323257446289,5.16029739379883,3,Houten,NL
Utrecht,Utrecht_T3,02:00:00:6b:2a:78,2026-08-14 13:38:44,34.2,52.0377721438269,5.16268372535706,3,Houten,NL
Utrecht,Utrecht_T3,02:00:00:b2:ba:cc,2026-08-14 13:35:07,35.1,52.033281,5.166277,2,Houten,NL
Utrecht,Utrecht_T3,02:00:00:5f:4f:c8,2026-08-14 13:39:29,33.3,52.035129,5.182718,4,Houten,NL
Utrecht,Utrecht_T3,02:00:00:28:c7:0c,2026-08-14 13:32:21,30.3,52.037256,5.182483,2,Houten,NL
Utrecht,Utrecht_T3,02:00:00:12:64:3c,2026-08-14 13:31:15,37.4,52.042369,5.07917,3,Nieuwegein,NL
Utrecht,Utrecht_T3,02:00:00:53:1e:a0,2026-08-14 13:38:37,35.0,52.0402059772848,5.10207018160772,3,Nieuwegein,NL
Utrecht,Utrecht_T3,02:00:00:63:0f:fc,2026-08-14 13:38:35,37.1,52.043643951416,5.09791469573975,3,Nieuwegein,NL
Utrecht,Utrecht_T3,02:00:00:3f:0f:d8,2026-08-14 13:33:28,35.8,52.0384495763292,5.15799684264228,3,Houten,NL
Utrecht,Utrecht_T3,02:00:00:70:3c:28,2026-08-14 13:34:12,32.3,52.0407289705737,5.167678504783,4,Houten,NL
Utrecht,Utrecht_T3,02:00:00:02:95:d6,2026-08-14 13:38:23,32.2,52.0402984619141,5.17449998855591,2,Houten,NL
Utrecht,Utrecht_T3,02:00:00:69:27:06,2026-08-14 13:30:57,36.2,52.040443,5.176922,4,Houten,NL
Utrecht,Utrecht_T3,02:00:00:b5:93:ca,2026-08-14 13:37:39,33.6,52.0392990112305,5.18340015411377,5,Houten,NL
Utrecht,Utrecht_T3,02:00:00:3f:58:86,2026-08-14 13:33:42,34.7,52.0481972904497,5.06761884202619,1,Nieuwegein,NL
Utrecht,Utrecht_T3,02:00:00:5f:01:94,2026-08-14 13:38:20,34.7,52.0484008789062,5.06870937347412,1,Nieuwegein,NL
Utrecht,Utrecht_T3,02:00:00:70:2b:d4,2026-08-14 13:36:29,41.1,52.045972,5.07087,1,Nieuwegein,NL
Utrecht,Utrecht_T3,02:00:00:a2:79:5e,2026-08-14 13:38:08,39.2,52.0471801757812,5.09753036499023,1,Nieuwegein,NL
Utrecht,Utrecht_T3,02:00:00:02:81:ca,2026-08-14 13:37:26,40.4,52.051337,5.095642,5,Nieuwegein,NL
Utrecht,Utrecht_T3,02:00:00:2b:23:dc,2026-08-14 13:29:37,34.6,52.052497,4.955131,1,Montfoort,NL
Utrecht,Utrecht_T3,02:00:00:b4:f2:26,2026-08-14 13:37:43,28.1,52.0714492797852,5.05338478088379,0,Utrecht,NL
Utrecht,Utrecht_T3,02:00:00:c2:4e:14,2026-08-14 13:30:19,33.4,52.080025,5.00642199999999,0,Utrecht,NL
Utrecht,Utrecht_T3,02:00:00:c2:8a:9a,2026-08-14 13:36:33,32.8,52.078398,5.01515069999999,0,Utrecht,NL
Utrecht,Utrecht_T3,02:00:00:27:5f:76,2026-08-14 13:36:28,36.0,52.077418,5.020574,0,Utrecht,NL
Utrecht,Utrecht_T3,02:00:00:29:3e:f6,2026-08-14 13:31:36,31.3,52.078198,5.020616,0,Utrecht,NL
Utrecht,Utrecht_T3,02:00:00:b5:b7:16,2026-08-14 13:31:42,31.3,52.0759,5.026621,0,Utrecht,NL
Utrecht,Utrecht_T3,02:00:00:a4:3e:00,2026-08-14 13:38:54,37.4,52.0758920140845,5.0307848067002,0,Utrecht,NL
Utrecht,Utrecht_T3,02:00:00:2b:5f:7e,2026-08-14 13:33:29,30.6,52.079872,5.030363,1,Utrecht,NL
Utrecht,Utrecht_T3,02:00:00:17:7b:70,2026-08-14 13:34:50,35.1,52.0873338,4.9699941,1,Woerden,NL
Utrecht,Utrecht_T3,02:00:00:32:e1:b0,2026-08-14 13:31:26,31.9,52.085795,5.014428,0,Utrecht,NL
Utrecht,Utrecht_T3,02:00:00:63:4a:60,2026-08-14 13:35:44,32.9,52.08632,5.026208,1,Utrecht,NL
Utrecht,Utrecht_T3,02:00:00:5f:5e:f6,2026-08-14 13:32:13,33.7,52.082204,5.032968,3,Utrecht,NL
Utrecht,Utrecht_T3,02:00:00:a4:6c:14,2026-08-14 13:39:21,38.8,52.082503,5.035357,2,Utrecht,NL
Utrecht,Utrecht_T3,02:00:00:6b:9b:c2,2026-08-14 13:37:24,31.5,52.08745,5.03213,1,Utrecht,NL
Utrecht,Utrecht_T3,02:00:00:84:0d:58,2026-08-14 13:33:41,33.3,52.083796,5.042289,0,Utrecht,NL
Utrecht,Utrecht_T3,02:00:00:2e:9f:46,2026-08-14 13:30:51,32.2,52.0872737363844,5.0397069563345,1,Utrecht,NL
Utrecht,Utrecht_T3,02:00:00:1c:75:b0,2026-08-14 13:30:50,35.0,52.083493,5.0442,1,Utrecht,NL
Utrecht,Utrecht_T3,02:00:00:84:4c:be,2026-08-14 13:31:03,35.1,52.085796,5.05175,2,Utrecht,NL
Utrecht,Utrecht_T3,02:00:00:63:1e:24,2026-08-14 13:32:22,34.4,52.0841807,5.0583297,1,Utrecht,NL
Utrecht,Utrecht_T3,02:00:00:c2:3c:a4,2026-08-14 13:30:29,33.3,52.088304,5.055145,0,Utrecht,NL
Utrecht,Utrecht_T3,02:00:00:a2:64:3a,2026-08-14 13:36:36,35.6,52.08912,4.955397,1,Woerden,NL
Utrecht,Utrecht_T3,02:00:00:04:6b:b2,2026-08-14 13:32:58,32.3,52.0890216,4.95978960000002,2,Woerden,NL
Utrecht,Utrecht_T3,02:00:00:27:67:9e,2026-08-14 13:35:59,35.4,52.0939775908876,4.95844790679508,1,Woerden,NL
Utrecht,Utrecht_T3,02:00:00:7f:a0:a8,2026-08-14 13:30:51,34.1,52.0889488341052,4.96163483170568,0,Woerden,NL
Utrecht,Utrecht_T3,02:00:00:1c:5a:c4,2026-08-14 13:34:47,32.5,52.091265,4.999434,0,Utrecht,NL
Utrecht,Utrecht_T3,02:00:00:b5:b1:bc,2026-08-14 13:33:54,33.7,52.095,5.0099,0,Utrecht,NL
Utrecht,Utrecht_T3,02:00:00:83:ba:de,2026-08-14 13:39:34,32.3,52.092913,5.013408,0,Utrecht,NL
Utrecht,Utrecht_T3,02:00:00:13:51:16,2026-08-14 13:38:52,32.2,52.093582,5.012636,0,Utrecht,NL
Utrecht,Utrecht_T3,02:00:00:01:14:58,2026-08-14 13:31:51,35.0,52.089916,5.01991400000001,0,Utrecht,NL
Utrecht,Utrecht_T3,02:00:00:34:05:ae,2026-08-14 13:32:41,36.9,52.091745,5.01907,1,Utrecht,NL
Utrecht,Utrecht_T3,02:00:00:c2:47:80,2026-08-14 13:32:38,33.1,52.0893016,5.03434910000001,0,Utrecht,NL
Utrecht,Utrecht_T3,02:00:00:64:2b:54,2026-08-14 13:34:36,36.4,52.0939815413722,5.04236700868549,0,Utrecht,NL
Utrecht,Utrecht_T3,02:00:00:2b:42:7a,2026-08-14 13:37:13,39.0,52.0941,5.0504,2,Utrecht,NL
Utrecht,Utrecht_T3,02:00:00:84:a8:4e,2026-08-14 13:32:56,33.5,52.093351,5.054574,0,Utrecht,NL
Utrecht,Utrecht_T3,02:00:00:7a:c6:dc,2026-08-14 13:38:11,34.6,52.096533,5.002674,0,Utrecht,NL
Utrecht,Utrecht_T3,02:00:00:70:38:92,2026-08-14 13:37:50,32.2,52.099754,4.997049,0,Utrecht,NL
Utrecht,Utrecht_T3,02:00:00:33:dd:42,2026-08-14 13:35:12,34.0,52.0973472595215,5.0064435005188,0,Utrecht,NL
Utrecht,Utrecht_T3,02:00:00:22:ad:c6,2026-08-14 13:35:19,30.2,52.102223,5.009766,0,Utrecht,NL
Utrecht,Utrecht_T3,02:00:00:5e:e2:2e,2026-08-14 13:30:51,32.6,52.0987673336394,5.01320895590376,0,Utrecht,NL
Utrecht,Utrecht_T3,02:00:00:bd:d9:bc,2026-08-14 13:35:30,34.8,52.1012649536133,5.01841592788696,1,Utrecht,NL
Utrecht,Utrecht_T3,02:00:00:31:e8:2e,2026-08-14 13:33:16,36.2,52.0997439,5.03196639999999,1,Utrecht,NL
Utrecht,Utrecht_T3,02:00:00:a9:50:38,2026-08-14 13:36:22,31.3,52.098376,5.039789,0,Utrecht,NL
Utrecht,Utrecht_T3,02:00:00:01:86:10,2026-08-14 13:35:08,30.7,52.09855,5.039822,0,Utrecht,NL
Utrecht,Utrecht_T3,02:00:00:bd:c9:2c,2026-08-14 13:37:03,32.3,52.099041,5.042377,0,Utrecht,NL
Utrecht,Utrecht_T3,02:00:00:73:be:5a,2026-08-14 13:33:13,34.6,52.097817,5.051997,3,Utrecht,NL
Utrecht,Utrecht_T3,02:00:00:01:a1:ee,2026-08-14 13:30:21,35.5,52.0960000139971,5.0595535031938,0,Utrecht,NL
Utrecht,Utrecht_T3,02:00:00:3e:ec:2c,2026-08-14 13:37:06,38.4,52.0968945722032,5.05947500118808,0,Utrecht,NL
Utrecht,Utrecht_T3,02:00:00:2c:f6:ae,2026-08-14 13:32:43,32.6,52.106163,4.981696,0,Utrecht,NL
Utrecht,Utrecht_T3,02:00:00:84:78:2c,2026-08-14 13:35:02,34.5,52.1067630675542,5.02126398724257,1,Utrecht,NL
Utrecht,Utrecht_T3,02:00:00:31:cb:18,2026-08-14 13:34:36,32.9,52.1073892613559,5.02463787381133,0,Utrecht,NL
Utrecht,Utrecht_T3,02:00:00:84:24:48,2026-08-14 13:33:16,32.4,52.1050731,5.0346819,1,Utrecht,NL
Utrecht,Utrecht_T3,02:00:00:32:ed:e0,2026-08-14 13:31:33,31.8,52.1070404052734,5.03613185882568,0,Utrecht,NL
Utrecht,Utrecht_T3,02:00:00:39:fb:5e,2026-08-14 13:34:39,33.4,52.1148094074168,5.00760211705581,0,Utrecht,NL
Utrecht,Utrecht_T3,02:00:00:64:3e:bc,2026-08-14 13:31:24,35.3,52.115205,5.007731,0,Utrecht,NL
Utrecht,Utrecht_T3,02:00:00:84:79:a0,2026-08-14 13:36:23,35.1,52.114201,5.01126,0,Utrecht,NL
Utrecht,Utrecht_T3,02:00:00:a9:4b:60,2026-08-14 13:30:51,35.5,52.119961,4.99775200000006,3,Utrecht,NL
Utrecht,Utrecht_T3,02:00:00:1c:6e:60,2026-08-14 13:32:30,34.4,52.121309,5.030174,0,Maarssen,NL
Utrecht,Utrecht_T3,02:00:00:70:2f:1c,2026-08-14 13:30:02,33.6,52.122375,5.033245,0,Stichtse Vecht,NL
Utrecht,Utrecht_T3,02:00:00:02:9b:72,2026-08-14 13:35:06,35.6,52.124334,5.033408,0,Maarssen,NL
Utrecht,Utrecht_T3,02:00:00:3d:25:42,2026-08-14 13:32:47,32.4,52.135743,5.016961,0,Maarssen,NL
Utrecht,Utrecht_T3,02:00:00:05:4f:28,2026-08-14 13:33:32,36.2,52.133111,5.035686,0,Stichtse Vecht,NL
Utrecht,Utrecht_T3,02:00:00:a9:65:bc,2026-08-14 13:32:51,35.0,52.1340026855469,5.04215478897095,1,Maarssen,NL
Utrecht,Utrecht_T3,02:00:00:2f:25:be,2026-08-14 13:32:56,37.4,51.972489,4.936167,0,Lopik,NL
Utrecht,Utrecht_T3,02:00:00:b5:39:c0,2026-08-14 13:36:58,37.0,51.9745063781738,4.95626163482666,0,Lopik,NL
Utrecht,Utrecht_T3,02:00:00:63:1c:34,2026-08-14 13:36:43,34.7,52.0063413154935,4.96732978016446,0,Benschop,NL
Utrecht,Utrecht_T3,02:00:00:5e:dd:b6,2026-08-14 13:36:38,33.5,52.005729,4.980607,0,Benschop,NL
Utrecht,Utrecht_T3,02:00:00:9b:49:f4,2026-08-14 13:38:04,34.6,52.0064039,4.98390829999994,0,Lopik,NL
Utrecht,Utrecht_T3,02:00:00:5f:5f:a6,2026-08-14 13:39:09,30.9,52.015138,5.030313,0,IJsselstein,NL
Utrecht,Utrecht_T3,02:00:00:29:68:c4,2026-08-14 13:36:34,30.8,52.013960485049,5.03387331962586,0,IJsselstein,NL
Utrecht,Utrecht_T3,02:00:00:06:0a:a0,2026-08-14 13:30:08,32.9,52.020902,5.03721599999998,2,IJsselstein,NL
Utrecht,Utrecht_T3,02:00:00:04:ab:0c,2026-08-14 13:37:43,34.6,52.023339,5.044573,0,IJsselstein,NL
Utrecht,Utrecht_T3,02:00:00:27:6e:f4,2026-08-14 13:34:24,33.5,52.0231,5.0448,1,IJsselstein,NL
Utrecht,Utrecht_T3,02:00:00:65:75:7c,2026-08-14 13:36:02,33.8,52.02251,5.0480266,2,IJsselstein,NL
Utrecht,Utrecht_T3,02:00:00:a9:49:d8,2026-08-14 13:36:15,38.0,52.0178530526017,5.05878868242119,3,IJsselstein,NL
Utrecht,Utrecht_T3,02:00:00:84:4d:fa,2026-08-14 13:33:46,35.0,52.023834,5.0222745,1,IJsselstein,NL
Utrecht,Utrecht_T3,02:00:00:8d:d7:b8,2026-08-14 13:31:03,31.7,52.0267105102539,5.05500793457031,3,IJsselstein,NL
Utrecht,Utrecht_T3,02:00:00:9b:4b:36,2026-08-14 13:40:15,33.8,52.0398213211055,4.94864881038666,0,Montfoort,NL
Utrecht,Utrecht_T3,02:00:00:af:35:f4,2026-08-14 13:32:42,38.6,52.042610168457,5.0585732460022,0,Utrecht,NL
Utrecht,Utrecht_T3,02:00:00:9d:0a:64,2026-08-14 13:33:48,32.8,52.046832,4.955603,2,Montfoort,NL
Utrecht,Utrecht_T4,02:00:00:7f:da:5c,2026-08-14 13:36:35,35.2,52.0531304369579,5.22815108299255,4,Odijk,NL
Utrecht,Utrecht_T4,02:00:00:6b:5c:40,2026-08-14 13:31:27,36.8,52.054557,5.231227,4,Odijk,NL
Utrecht,Utrecht_T4,02:00:00:6b:66:fe,2026-08-14 13:31:25,34.4,52.054769,5.232745,4,Bunnik,NL
Utrecht,Utrecht_T4,02:00:00:83:93:78,2026-08-14 13:30:55,35.6,52.055734,5.266538,4,Driebergen-Rijsenburg,NL
Utrecht,Utrecht_T4,02:00:00:6b:48:fa,2026-08-14 13:36:11,31.3,52.054625,5.268526,6,Driebergen-Rijsenburg,NL
Utrecht,Utrecht_T4,02:00:00:c2:2d:da,2026-08-14 13:36:17,28.1,52.058667,5.280097,10,Driebergen-Rijsenburg,NL
Utrecht,Utrecht_T4,02:00:00:b2:c5:82,2026-08-14 13:39:39,33.0,52.053513,5.28343899999996,7,Driebergen-Rijsenburg,NL
Utrecht,Utrecht_T4,02:00:00:05:4c:fe,2026-08-14 13:34:38,29.8,52.05599,5.302302,8,Driebergen-Rijsenburg,NL
Utrecht,Utrecht_T4,02:00:00:53:4b:f6,2026-08-14 13:31:55,37.2,52.0663334077756,5.27181981444309,7,Utrechtse Heuvelrug,NL
Utrecht,Utrecht_T4,02:00:00:5f:31:da,2026-08-14 13:36:39,31.0,52.060634,5.303621,9,Driebergen-Rijsenburg,NL
Utrecht,Utrecht_T4,02:00:00:69:2d:ce,2026-08-14 13:31:10,36.3,52.0776864965393,5.21996678862774,2,Zeist,NL
Utrecht,Utrecht_T4,02:00:00:2c:8c:8e,2026-08-14 13:33:33,33.4,52.076028,5.223584,3,Zeist,NL
Utrecht,Utrecht_T4,02:00:00:b5:95:b6,2026-08-14 13:40:14,36.6,52.076054,5.2236304,3,Zeist,NL
Utrecht,Utrecht_T4,02:00:00:6b:50:1c,2026-08-14 13:31:57,34.9,52.0831358136488,5.20810304846899,3,Zeist,NL
Utrecht,Utrecht_T4,02:00:00:b5:a7:22,2026-08-14 13:34:08,35.5,52.086941,5.225881,3,Zeist,NL
Utrecht,Utrecht_T4,02:00:00:04:96:34,2026-08-14 13:36:46,32.4,52.0873,5.2297,5,Zeist,NL
Utrecht,Utrecht_T4,02:00:00:b5:78:be,2026-08-14 13:36:05,36.5,52.0856160136376,5.24176729332961,10,Zeist,NL
Utrecht,Utrecht_T4,02:00:00:71:2a:b6,2026-08-14 13:35:06,37.1,52.0859,5.251713,8,Zeist,NL
Utrecht,Utrecht_T4,02:00:00:b9:52:00,2026-08-14 13:31:49,30.9,52.0816383361816,5.2666335105896,8,Zeist,NL
Utrecht,Utrecht_T4,02:00:00:2b:15:76,2026-08-14 13:33:39,35.3,52.081371,5.269217,9,Zeist,NL
Utrecht,Utrecht_T4,02:00:00:c3:d4:02,2026-08-14 13:38:57,33.8,52.081804,5.271518,9,Zeist,NL
Utrecht,Utrecht_T4,02:00:00:2b:1b:b8,2026-08-14 13:38:06,34.7,52.0832,5.3114,16,Zeist,NL
Utrecht,Utrecht_T4,02:00:00:b5:6c:22,2026-08-14 13:37:04,34.3,52.091126,5.216452,3,Zeist,NL
Utrecht,Utrecht_T4,02:00:00:2d:02:84,2026-08-14 13:38:44,36.7,52.0891283153717,5.22022247314453,4,Zeist,NL
Utrecht,Utrecht_T4,02:00:00:90:64:1a,2026-08-14 13:35:29,34.4,52.095281,5.224389,6,Zeist,NL
Utrecht,Utrecht_T4,02:00:00:be:08:80,2026-08-14 13:33:55,35.7,52.08921,5.23415,4,Zeist,NL
Utrecht,Utrecht_T4,02:00:00:a9:76:24,2026-08-14 13:34:55,37.8,52.0949630737305,5.24057006835938,6,Zeist,NL
Utrecht,Utrecht_T4,02:00:00:53:1f:58,2026-08-14 13:30:46,31.3,52.098804473877,5.21371459960938,6,De Bilt,NL
Utrecht,Utrecht_T4,02:00:00:9b:53:2c,2026-08-14 13:34:14,33.8,52.0996245440849,5.21469090660867,4,Zeist,NL
Utrecht,Utrecht_T4,02:00:00:7a:86:6c,2026-08-14 13:34:19,36.5,52.096791,5.223656,6,Zeist,NL
Utrecht,Utrecht_T4,02:00:00:70:52:12,2026-08-14 13:34:54,38.1,52.0989064,5.2171375,7,Zeist,NL
Utrecht,Utrecht_T4,02:00:00:1b:26:ca,2026-08-14 13:36:25,38.4,52.100902557373,5.22507286071777,11,Zeist,NL
Utrecht,Utrecht_T4,02:00:00:01:97:ee,2026-08-14 13:37:10,38.7,52.095773,5.238273,8,Zeist,NL
Utrecht,Utrecht_T4,02:00:00:04:8d:d4,2026-08-14 13:38:36,35.0,52.0991028774139,5.24481058252604,6,Zeist,NL
Utrecht,Utrecht_T4,02:00:00:c3:89:70,2026-08-14 13:35:24,36.6,52.09627,5.25480000000008,10,Zeist,NL
Utrecht,Utrecht_T4,02:00:00:b5:7f:6e,2026-08-14 13:33:36,33.7,52.096116,5.275819,16,Zeist,NL
Utrecht,Utrecht_T4,02:00:00:1e:22:fc,2026-08-14 13:32:11,30.3,52.1147665420416,5.23625329385042,10,Zeist,NL
Utrecht,Utrecht_T4,02:00:00:00:cf:e2,2026-08-14 13:35:30,35.4,52.1165564224102,5.27588927533017,26,Zeist,NL
Utrecht,Utrecht_T4,02:00:00:32:d5:b4,2026-08-14 13:39:24,32.8,52.120705,5.242738,11,Zeist,NL
Utrecht,Utrecht_T4,02:00:00:2e:f1:88,2026-08-14 13:39:16,35.6,52.118117,5.282257,18,Soest,NL
Utrecht,Utrecht_T4,02:00:00:58:d1:7c,2026-08-14 13:38:52,38.8,52.1175345595035,5.29194567397049,21,Soest,NL
Utrecht,Utrecht_T4,02:00:00:c3:8d:d4,2026-08-14 13:36:42,39.2,52.122499,5.2877,20,Soest,NL
Utrecht,Utrecht_T4,02:00:00:19:a7:d8,2026-08-14 13:37:01,36.4,52.1270529486221,5.20968830477742,9,De Bilt,NL
Utrecht,Utrecht_T4,02:00:00:1c:70:32,2026-08-14 13:37:13,33.6,52.1276989082711,5.20827054977417,6,Bilthoven,NL
Utrecht,Utrecht_T4,02:00:00:83:f8:ea,2026-08-14 13:31:34,36.5,52.130348,5.321519,28,Soest,NL
Utrecht,Utrecht_T4,02:00:00:64:3a:06,2026-08-14 13:32:00,31.6,52.135639,5.211466,8,Bilthoven,NL
Utrecht,Utrecht_T4,02:00:00:b2:c4:4c,2026-08-14 13:39:08,31.8,52.137758,5.221579,12,Bilthoven,NL
Utrecht,Utrecht_T4,02:00:00:33:d9:9a,2026-08-14 13:31:46,30.1,52.134636,5.224104,9,Bilthoven,NL
Utrecht,Utrecht_T4,02:00:00:84:6f:f6,2026-08-14 13:34:42,32.2,52.138655,5.227653,12,Bilthoven,NL
Utrecht,Utrecht_T4,02:00:00:6b:3d:f0,2026-08-14 13:35:14,34.3,51.97041,5.3251667,4,Wijk bij Duurstede,NL
Utrecht,Utrecht_T4,02:00:00:bd:e6:3e,2026-08-14 13:39:39,32.7,51.975275,5.26539600000004,4,Wijk bij Duurstede,NL
Utrecht,Utrecht_T4,02:00:00:b9:7e:bc,2026-08-14 13:35:49,34.1,51.9745712280273,5.32293891906738,4,Wijk bij Duurstede,NL
Utrecht,Utrecht_T4,02:00:00:13:80:bc,2026-08-14 13:37:13,35.7,51.973609,5.3299,8,Wijk bij Duurstede,NL
Utrecht,Utrecht_T4,02:00:00:b2:bf:24,2026-08-14 13:39:34,32.7,51.9741426,5.3303036,7,Wijk bij Duurstede,NL
Utrecht,Utrecht_T4,02:00:00:5f:31:b2,2026-08-14 13:33:12,31.1,51.994175,5.309416,4,Wijk bij Duurstede,NL
Utrecht,Utrecht_T4,02:00:00:36:9b:82,2026-08-14 13:36:07,36.0,51.999313,5.289134,3,Wijk bij Duurstede,NL
Utrecht,Utrecht_T4,02:00:00:28:b2:f6,2026-08-14 13:40:50,34.7,52.023606,5.240075,3,Werkhoven,NL
Utrecht,Utrecht_T4,02:00:00:a9:e1:5e,2026-08-14 13:31:03,32.8,52.0263927164212,5.24514555931091,5,Werkhoven,NL
Utrecht,Utrecht_T4,02:00:00:7a:eb:c2,2026-08-14 13:38:06,35.1,52.036995,5.3325458,13,Doorn,NL
Utrecht,Utrecht_T4,02:00:00:29:6c:4e,2026-08-14 13:35:54,29.2,52.0390061,5.3007427,10,Doorn,NL
Utrecht,Utrecht_T4,02:00:00:a2:48:d0,2026-08-14 13:33:35,33.7,52.0388313921198,5.32877147197723,13,Doorn,NL
Utrecht,Utrecht_T4,02:00:00:af:5d:be,2026-08-14 13:32:06,33.4,52.0412,5.3359,11,Doorn,NL
Utrecht,Utrecht_T4,02:00:00:36:d9:b6,2026-08-14 13:36:04,34.0,52.048683,5.221462,1,Odijk,NL
Utrecht,Utrecht_T4,02:00:00:b5:84:ee,2026-08-14 13:34:27,37.0,52.0466380367294,5.26715040206909,4,Driebergen-Rijsenburg,NL
Utrecht,Utrecht_T4,02:00:00:70:1a:66,2026-08-14 13:32:48,34.4,52.047715,5.278042,4,Driebergen-Rijsenburg,NL
Utrecht,Utrecht_T4,02:00:00:70:20:ea,2026-08-14 13:31:40,32.8,52.049884,5.282535,6,Driebergen-Rijsenburg,NL
Rotterdam,Rotterdam_T1,02:00:00:9b:4c:a4,2026-08-14 13:40:04,36.7,51.9777136658191,4.23938155174255,2,De Lier,NL
Rotterdam,Rotterdam_T1,02:00:00:9b:5b:c6,2026-08-14 13:31:13,35.5,51.977076,4.253869,0,De Lier,NL
Rotterdam,Rotterdam_T1,02:00:00:12:3f:7e,2026-08-14 13:38:34,35.6,51.9777984619141,4.25448846817017,0,Westland,NL
Rotterdam,Rotterdam_T1,02:00:00:69:27:02,2026-08-14 13:36:01,31.7,51.9722182620618,4.31247174739838,0,Midden-Delfland,NL
Rotterdam,Rotterdam_T1,02:00:00:31:bb:04,2026-08-14 13:37:22,34.0,51.9756235520416,4.31817887889974,0,Midden-Delfland,NL
Rotterdam,Rotterdam_T1,02:00:00:c2:41:46,2026-08-14 13:40:23,32.8,51.975427,4.318863,0,Schipluiden,NL
Rotterdam,Rotterdam_T1,02:00:00:36:d0:7c,2026-08-14 13:32:19,36.5,51.979279,4.462594,0,Berkel en Rodenrijs,NL
Rotterdam,Rotterdam_T1,02:00:00:a9:76:1c,2026-08-14 13:31:58,34.9,51.981891,4.2977,0,De Lier,NL
Rotterdam,Rotterdam_T1,02:00:00:ab:ec:9e,2026-08-14 13:37:30,31.8,51.9851341247559,4.3366641998291,0,Delft,NL
Rotterdam,Rotterdam_T1,02:00:00:1b:0b:86,2026-08-14 13:29:24,32.1,51.986908,4.33956,1,Delft,NL
Rotterdam,Rotterdam_T1,02:00:00:00:d0:0c,2026-08-14 13:32:10,35.6,51.9839945165902,4.34705013511854,0,Delft,NL
Rotterdam,Rotterdam_T1,02:00:00:ab:ef:78,2026-08-14 13:40:00,38.5,51.983687,4.36361,0,Delft,NL
Rotterdam,Rotterdam_T1,02:00:00:03:d9:e6,2026-08-14 13:32:08,36.8,51.9828491210938,4.36704349517822,1,Delft,NL
Rotterdam,Rotterdam_T1,02:00:00:29:47:04,2026-08-14 13:39:42,38.3,51.981086,4.464655,0,Berkel en Rodenrijs,NL
Rotterdam,Rotterdam_T1,02:00:00:9c:f8:c8,2026-08-14 13:31:57,35.7,51.985931,4.466015,0,Berkel en Rodenrijs,NL
Rotterdam,Rotterdam_T1,02:00:00:74:0c:06,2026-08-14 13:33:48,34.2,51.9869778032792,4.46788129716243,0,Berkel en Rodenrijs,NL
Rotterdam,Rotterdam_T1,02:00:00:00:e7:18,2026-08-14 13:36:53,41.0,51.9865055199817,4.49336396638479,0,Bergschenhoek,NL
Rotterdam,Rotterdam_T1,02:00:00:96:b6:04,2026-08-14 13:35:57,36.8,51.99125,4.4877768,0,Bergschenhoek,NL
Rotterdam,Rotterdam_T1,02:00:00:1c:77:a0,2026-08-14 13:30:39,37.9,51.9874000549316,4.49840021133423,0,Lansingerland,NL
Rotterdam,Rotterdam_T1,02:00:00:27:41:d4,2026-08-14 13:32:16,34.6,52.000913,4.326118,0,Den Hoorn,NL
Rotterdam,Rotterdam_T1,02:00:00:58:d1:1c,2026-08-14 13:33:30,36.3,51.9999732971191,4.3280463218689,0,Midden-Delfland,NL
Rotterdam,Rotterdam_T1,02:00:00:19:2a:50,2026-08-14 13:32:16,33.7,52.0050843111372,4.32643539202497,0,Delft,NL
Rotterdam,Rotterdam_T1,02:00:00:9c:db:ea,2026-08-14 13:33:42,32.1,52.000331,4.336122,0,Den Hoorn,NL
Rotterdam,Rotterdam_T1,02:00:00:63:3c:0e,2026-08-14 13:38:38,32.6,52.0024395,4.33742328571429,2,Midden-Delfland,NL
Rotterdam,Rotterdam_T1,02:00:00:3f:20:18,2026-08-14 13:37:33,29.4,52.0031479623561,4.33911877594167,0,Midden-Delfland,NL
Rotterdam,Rotterdam_T1,02:00:00:b2:c1:72,2026-08-14 13:38:31,33.5,52.0013046264648,4.36315441131592,1,Delft,NL
Rotterdam,Rotterdam_T1,02:00:00:a9:cf:96,2026-08-14 13:30:56,32.9,52.0042,4.366748,3,Delft,NL
Rotterdam,Rotterdam_T1,02:00:00:2b:0c:ca,2026-08-14 13:37:08,32.3,52.004136,4.367653,2,Delft,NL
Rotterdam,Rotterdam_T1,02:00:00:36:b9:26,2026-08-14 13:40:28,37.6,52.002996,4.390715,0,Pijnacker-Nootdorp,NL
Rotterdam,Rotterdam_T1,02:00:00:02:d9:bc,2026-08-14 13:35:27,33.8,52.0073567269022,4.39232110977173,0,Delfgauw,NL
Rotterdam,Rotterdam_T1,02:00:00:65:4b:88,2026-08-14 13:35:43,35.2,52.003245,4.39582,0,Delfgauw,NL
Rotterdam,Rotterdam_T1,02:00:00:a9:6d:0c,2026-08-14 13:34:38,36.2,52.00874,4.427,0,Pijnacker,NL
Rotterdam,Rotterdam_T1,02:00:00:13:13:f4,2026-08-14 13:32:43,38.0,52.0072021484375,4.43953990936279,0,Pijnacker-Nootdorp,NL
Rotterdam,Rotterdam_T1,02:00:00:74:30:02,2026-08-14 13:30:45,37.8,52.008091,4.438843,0,Pijnacker,NL
Rotterdam,Rotterdam_T1,02:00:00:84:01:a6,2026-08-14 13:37:49,35.3,52.0024573,4.44409830000009,0,Pijnacker,NL
Rotterdam,Rotterdam_T1,02:00:00:73:f9:b6,2026-08-14 13:38:54,37.8,51.996857,4.482029,0,Berkel en Rodenrijs,NL
Rotterdam,Rotterdam_T1,02:00:00:21:10:32,2026-08-14 13:40:39,40.2,52.005954,4.494528,0,Berkel en Rodenrijs,NL
Rotterdam,Rotterdam_T1,02:00:00:33:39:0e,2026-08-14 13:31:06,33.2,52.0094959,4.22577910000002,1,Honselersdijk,NL
Rotterdam,Rotterdam_T1,02:00:00:29:2a:c0,2026-08-14 13:38:37,30.6,52.02337,4.220457,2,Westland,NL
Rotterdam,Rotterdam_T1,02:00:00:b5:8c:34,2026-08-14 13:35:39,31.6,52.010731,4.231847,0,Honselersdijk,NL
Rotterdam,Rotterdam_T1,02:00:00:b5:87:84,2026-08-14 13:30:30,37.3,52.017124,4.2579894,0,Kwintsheul,NL
Rotterdam,Rotterdam_T1,02:00:00:28:75:9e,2026-08-14 13:38:37,32.8,52.019287,4.27351,0,Wateringen,NL
Rotterdam,Rotterdam_T1,02:00:00:64:4a:20,2026-08-14 13:38:06,37.7,52.0197136756348,4.2759301112452,0,Westland,NL
Rotterdam,Rotterdam_T1,02:00:00:bd:d9:7e,2026-08-14 13:34:49,33.1,52.020915,4.274324,0,Wateringen,NL
Rotterdam,Rotterdam_T1,02:00:00:83:e8:12,2026-08-14 13:31:03,38.3,52.023422,4.29397600000003,0,The Hague,NL
Rotterdam,Rotterdam_T1,02:00:00:19:17:0e,2026-08-14 13:31:50,30.3,52.018548,4.295847,0,The Hague,NL
Rotterdam,Rotterdam_T1,02:00:00:71:5c:e6,2026-08-14 13:32:51,33.4,52.01805,4.302916,0,The Hague,NL
Rotterdam,Rotterdam_T1,02:00:00:22:d7:70,2026-08-14 13:32:06,31.4,52.00943,4.317615,0,Den Hoorn,NL
Rotterdam,Rotterdam_T1,02:00:00:b5:8a:c6,2026-08-14 13:39:49,36.6,52.0131973542606,4.32965307036136,0,Delft,NL
Rotterdam,Rotterdam_T1,02:00:00:65:56:f6,2026-08-14 13:39:54,34.0,52.016088,4.329436,0,Rijswijk,NL
Rotterdam,Rotterdam_T1,02:00:00:c6:15:f6,2026-08-14 13:31:11,32.8,52.009809,4.337796,0,Delft,NL
Rotterdam,Rotterdam_T1,02:00:00:af:74:3a,2026-08-14 13:35:35,39.1,52.0227279663086,4.33650016784668,0,Rijswijk,NL
Rotterdam,Rotterdam_T1,02:00:00:13:04:c2,2026-08-14 13:39:44,34.7,52.01145,4.342701,1,Delft,NL
Rotterdam,Rotterdam_T1,02:00:00:b5:6b:10,2026-08-14 13:39:11,38.5,52.009232,4.365134,1,Delft,NL
Rotterdam,Rotterdam_T1,02:00:00:03:03:36,2026-08-14 13:32:48,35.4,52.013937,4.35952,2,Delft,NL
Rotterdam,Rotterdam_T1,02:00:00:63:07:0a,2026-08-14 13:33:53,34.4,52.0161250297335,4.35983148643825,2,Delft,NL
Rotterdam,Rotterdam_T1,02:00:00:7f:be:72,2026-08-14 13:38:32,34.6,52.010014,4.396196,0,Delfgauw,NL
Rotterdam,Rotterdam_T1,02:00:00:b2:bc:36,2026-08-14 13:38:34,30.8,52.0110044,4.39716220000005,0,Delfgauw,NL
Rotterdam,Rotterdam_T1,02:00:00:28:c6:a0,2026-08-14 13:38:05,32.8,52.017348,4.430074,0,Pijnacker,NL
Rotterdam,Rotterdam_T1,02:00:00:00:de:d2,2026-08-14 13:35:19,32.5,52.0194,4.433978,0,Pijnacker,NL
Rotterdam,Rotterdam_T1,02:00:00:12:50:a2,2026-08-14 13:39:22,33.9,52.017736,4.437464,0,Pijnacker,NL
Rotterdam,Rotterdam_T1,02:00:00:05:5e:6c,2026-08-14 13:38:18,31.3,52.025398,4.250405,0,Kwintsheul,NL
Rotterdam,Rotterdam_T1,02:00:00:70:54:ae,2026-08-14 13:37:16,35.5,52.0250261772123,4.27339867029308,1,Westland,NL
Rotterdam,Rotterdam_T1,02:00:00:7f:ca:ac,2026-08-14 13:39:13,34.5,52.02969,4.2733474,0,Wateringen,NL
Rotterdam,Rotterdam_T1,02:00:00:83:f5:ba,2026-08-14 13:33:46,35.5,52.02848,4.27499000000013,0,Wateringen,NL
Rotterdam,Rotterdam_T1,02:00:00:28:a6:bc,2026-08-14 13:37:52,34.1,52.0282,4.2894,0,The Hague,NL
Rotterdam,Rotterdam_T1,02:00:00:8d:db:56,2026-08-14 13:36:29,33.4,52.028558,4.290961,0,The Hague,NL
Rotterdam,Rotterdam_T1,02:00:00:1c:6b:56,2026-08-14 13:32:49,33.4,52.027407,4.296706,0,The Hague,NL
Rotterdam,Rotterdam_T1,02:00:00:53:21:c0,2026-08-14 13:38:12,37.1,52.026369,4.315001,5,Rijswijk,NL
Rotterdam,Rotterdam_T1,02:00:00:02:b3:4e,2026-08-14 13:33:07,31.0,52.0342742560364,4.31400057155358,5,Rijswijk,NL
Rotterdam,Rotterdam_T1,02:00:00:a9:80:40,2026-08-14 13:30:47,32.8,52.0342742560364,4.31400057155358,5,Rijswijk,NL
Rotterdam,Rotterdam_T1,02:00:00:b5:12:ea,2026-08-14 13:39:25,36.3,52.026608,4.338886,0,Rijswijk,NL
Rotterdam,Rotterdam_T1,02:00:00:31:d6:92,2026-08-14 13:35:54,33.2,52.02583,4.35241999999998,1,Rijswijk,NL
Rotterdam,Rotterdam_T1,02:00:00:7a:8c:d8,2026-08-14 13:38:54,36.1,52.03445,4.3570523,0,The Hague,NL
Rotterdam,Rotterdam_T1,02:00:00:13:04:9e,2026-08-14 13:31:24,34.0,52.03365,4.36187000000005,0,The Hague,NL
Rotterdam,Rotterdam_T1,02:00:00:01:57:92,2026-08-14 13:32:09,36.0,52.031365,4.377341,0,The Hague,NL
Rotterdam,Rotterdam_T1,02:00:00:53:4a:56,2026-08-14 13:40:38,36.5,52.035291667487,4.37625124421041,0,The Hague,NL
Rotterdam,Rotterdam_T1,02:00:00:a9:4a:ba,2026-08-14 13:33:24,34.9,52.0350194,4.3863817,0,The Hague,NL
Rotterdam,Rotterdam_T1,02:00:00:a9:7d:2a,2026-08-14 13:38:02,35.3,52.0370407104492,4.387122631073,0,The Hague,NL
Rotterdam,Rotterdam_T1,02:00:00:a4:16:6e,2026-08-14 13:36:25,32.7,52.0251917647022,4.42625571616408,0,Pijnacker,NL
Rotterdam,Rotterdam_T1,02:00:00:03:5e:4a,2026-08-14 13:35:58,34.5,52.0296166,4.455603,0,Pijnacker-Nootdorp,NL
Rotterdam,Rotterdam_T1,02:00:00:14:3f:68,2026-08-14 13:32:52,36.8,52.0245126066557,4.47967126733552,0,Berkel en Rodenrijs,NL
Rotterdam,Rotterdam_T1,02:00:00:b0:a4:94,2026-08-14 13:34:28,34.2,52.0349044799805,4.49338150024414,0,Zoetermeer,NL
Rotterdam,Rotterdam_T1,02:00:00:05:53:60,2026-08-14 13:37:04,33.5,52.041561,4.223035,0,The Hague,NL
Rotterdam,Rotterdam_T1,02:00:00:5e:e5:66,2026-08-14 13:31:47,33.2,52.041621,4.223312,0,The Hague,NL
Rotterdam,Rotterdam_T1,02:00:00:b5:81:58,2026-08-14 13:36:53,28.5,52.04823,4.21922900000002,1,The Hague,NL
Rotterdam,Rotterdam_T1,02:00:00:63:20:26,2026-08-14 13:37:58,31.2,52.05232,4.251573,1,The Hague,NL
Rotterdam,Rotterdam_T1,02:00:00:3d:1d:84,2026-08-14 13:39:42,36.1,52.0434,4.2591,0,The Hague,NL
Rotterdam,Rotterdam_T1,02:00:00:b4:ee:a0,2026-08-14 13:35:52,33.9,52.039697,4.2956717,1,Rijswijk,NL
Rotterdam,Rotterdam_T1,02:00:00:af:80:9a,2026-08-14 13:35:11,36.8,52.0515206687929,4.30651038776614,5,The Hague,NL
Rotterdam,Rotterdam_T1,02:00:00:b5:80:d2,2026-08-14 13:32:28,40.1,52.0440782777029,4.33701086525241,6,Rijswijk,NL
Rotterdam,Rotterdam_T1,02:00:00:34:0c:86,2026-08-14 13:34:54,39.0,52.05229,4.3472,0,Rijswijk,NL
Rotterdam,Rotterdam_T1,02:00:00:9c:d7:78,2026-08-14 13:38:16,32.4,52.040264,4.362028,0,The Hague,NL
Rotterdam,Rotterdam_T1,02:00:00:1c:7e:ae,2026-08-14 13:35:15,33.2,52.038915,4.366131,0,The Hague,NL
Rotterdam,Rotterdam_T1,02:00:00:33:d0:1a,2026-08-14 13:39:42,33.5,52.04705,4.3624587,0,The Hague,NL
Rotterdam,Rotterdam_T1,02:00:00:36:a2:d2,2026-08-14 13:34:22,36.3,52.050151,4.383387,0,The Hague,NL
Rotterdam,Rotterdam_T1,02:00:00:7f:a7:ea,2026-08-14 13:41:01,34.5,52.0380073,4.38669640000001,-2,Den Haag,NL
Rotterdam,Rotterdam_T1,02:00:00:7f:cc:34,2026-08-14 13:36:21,32.7,52.04027,4.386554,0,Nootdorp,NL
Rotterdam,Rotterdam_T1,02:00:00:04:95:2e,2026-08-14 13:38:00,45.1,52.051678,4.459339,0,Zoetermeer,NL
Rotterdam,Rotterdam_T1,02:00:00:c2:39:7e,2026-08-14 13:40:13,34.3,52.040937,4.464689,0,Zoetermeer,NL
Rotterdam,Rotterdam_T1,02:00:00:01:3d:60,2026-08-14 13:33:11,33.1,52.042582,4.463878,0,Zoetermeer,NL
Rotterdam,Rotterdam_T1,02:00:00:64:2f:10,2026-08-14 13:36:11,36.1,52.0396681479356,4.47937465183982,0,Zoetermeer,NL
Rotterdam,Rotterdam_T1,02:00:00:84:71:4e,2026-08-14 13:32:31,35.2,52.04283,4.481998,0,Zoetermeer,NL
Rotterdam,Rotterdam_T1,02:00:00:c2:2a:de,2026-08-14 13:38:06,32.7,52.051404,4.480147,4,Zoetermeer,NL
Rotterdam,Rotterdam_T1,02:00:00:70:28:12,2026-08-14 13:36:13,30.5,52.05711,4.232334,7,The Hague,NL
Rotterdam,Rotterdam_T1,02:00:00:b2:ad:22,2026-08-14 13:40:02,27.7,52.0583487455039,4.23212349414826,3,The Hague,NL
Rotterdam,Rotterdam_T1,02:00:00:7f:a4:9a,2026-08-14 13:31:59,31.8,52.059046,4.233398,2,The Hague,NL
Rotterdam,Rotterdam_T1,02:00:00:af:4e:6a,2026-08-14 13:32:10,35.2,52.0585479736328,4.26001405715942,1,The Hague,NL
Rotterdam,Rotterdam_T1,02:00:00:1c:7c:78,2026-08-14 13:40:16,33.7,52.064341,4.252431,5,The Hague,NL
Rotterdam,Rotterdam_T1,02:00:00:b2:c7:2e,2026-08-14 13:38:56,31.8,52.057717,4.263868,0,The Hague,NL
Rotterdam,Rotterdam_T1,02:00:00:1c:6a:60,2026-08-14 13:32:01,35.4,52.0528657,4.27534449999996,3,The Hague,NL
Rotterdam,Rotterdam_T1,02:00:00:a9:f2:30,2026-08-14 13:33:33,30.6,52.0575,4.2698,1,The Hague,NL
Rotterdam,Rotterdam_T1,02:00:00:b9:80:88,2026-08-14 13:37:42,34.8,52.063162,4.280479,3,The Hague,NL
Rotterdam,Rotterdam_T1,02:00:00:84:5b:7a,2026-08-14 13:30:54,39.3,52.058479,4.307849,1,The Hague,NL
Rotterdam,Rotterdam_T1,02:00:00:29:2d:00,2026-08-14 13:38:36,33.6,52.0573602189514,4.31402668796871,3,The Hague,NL
Rotterdam,Rotterdam_T1,02:00:00:c5:33:8e,2026-08-14 13:38:18,34.0,52.0541152954102,4.31790542602539,2,The Hague,NL
Rotterdam,Rotterdam_T1,02:00:00:6b:31:84,2026-08-14 13:30:34,33.4,52.0592533,4.3277548,2,The Hague,NL
Rotterdam,Rotterdam_T1,02:00:00:6b:28:e4,2026-08-14 13:39:41,35.5,52.054781,4.338274,1,Rijswijk,NL
Rotterdam,Rotterdam_T1,02:00:00:bd:cb:3e,2026-08-14 13:34:00,32.1,52.056893,4.338716,3,Rijswijk,NL
Rotterdam,Rotterdam_T1,02:00:00:a4:49:04,2026-08-14 13:32:29,34.1,52.0556912815337,4.34021632718826,3,Rijswijk,NL
Rotterdam,Rotterdam_T1,02:00:00:64:42:52,2026-08-14 13:33:51,34.4,52.061137,4.388927,0,The Hague,NL
Rotterdam,Rotterdam_T1,02:00:00:90:7d:2a,2026-08-14 13:35:24,35.8,52.058655,4.3924623,0,The Hague,NL
Rotterdam,Rotterdam_T1,02:00:00:9d:20:ca,2026-08-14 13:35:29,35.2,52.0615272521973,4.39315223693848,0,The Hague,NL
Rotterdam,Rotterdam_T1,02:00:00:12:a3:f4,2026-08-14 13:35:04,32.9,52.059226,4.411559,0,The Hague,NL
Rotterdam,Rotterdam_T1,02:00:00:5f:25:a2,2026-08-14 13:35:10,32.4,52.063211,4.411913,0,The Hague,NL
Rotterdam,Rotterdam_T1,02:00:00:bd:f9:68,2026-08-14 13:35:07,32.1,52.0638475603448,4.41756284853375,0,The Hague,NL
Rotterdam,Rotterdam_T1,02:00:00:b5:b8:f8,2026-08-14 13:35:29,35.8,52.058436,4.45896010000001,0,Zoetermeer,NL
Rotterdam,Rotterdam_T1,02:00:00:2c:ac:72,2026-08-14 13:31:56,37.3,52.059934,4.459418,0,Zoetermeer,NL
Rotterdam,Rotterdam_T1,02:00:00:3d:29:16,2026-08-14 13:38:40,35.0,52.056976,4.465749,0,Zoetermeer,NL
Rotterdam,Rotterdam_T1,02:00:00:90:e0:c8,2026-08-14 13:31:50,32.1,52.056016,4.482655,1,Zoetermeer,NL
Rotterdam,Rotterdam_T1,02:00:00:53:56:96,2026-08-14 13:37:50,33.4,52.0613346,4.4883785,2,Zoetermeer,NL
Rotterdam,Rotterdam_T1,02:00:00:13:3c:52,2026-08-14 13:35:12,35.2,52.0642433166504,4.48782014846802,0,Zoetermeer,NL
Rotterdam,Rotterdam_T1,02:00:00:bd:ed:76,2026-08-14 13:37:54,26.4,52.069173,4.220754,12,The Hague,NL
Rotterdam,Rotterdam_T1,02:00:00:bd:20:46,2026-08-14 13:39:22,30.8,52.0684852600098,4.22791767120361,4,The Hague,NL
Rotterdam,Rotterdam_T1,02:00:00:13:4e:18,2026-08-14 13:33:58,30.8,52.070105,4.23797,5,The Hague,NL
Rotterdam,Rotterdam_T1,02:00:00:1c:7f:64,2026-08-14 13:39:30,34.0,52.0743044529233,4.2459826422213,4,The Hague,NL
Rotterdam,Rotterdam_T1,02:00:00:af:67:ca,2026-08-14 13:34:10,30.7,52.0680697978153,4.25281722806606,3,The Hague,NL
Rotterdam,Rotterdam_T1,02:00:00:33:dc:9c,2026-08-14 13:35:52,32.9,52.0689815,4.25234909999999,0,The Hague,NL
Rotterdam,Rotterdam_T1,02:00:00:b5:07:b6,2026-08-14 13:33:37,32.4,52.073517,4.267079,4,The Hague,NL
Rotterdam,Rotterdam_T1,02:00:00:a9:50:6a,2026-08-14 13:33:13,30.1,52.0777282714844,4.2766900062561,4,The Hague,NL
Rotterdam,Rotterdam_T1,02:00:00:65:54:d0,2026-08-14 13:39:07,30.9,52.0732832781559,4.29107268344232,2,The Hague,NL
Rotterdam,Rotterdam_T1,02:00:00:8d:d5:d2,2026-08-14 13:37:50,35.1,52.071887,4.300635,4,The Hague,NL
Rotterdam,Rotterdam_T1,02:00:00:02:7a:f6,2026-08-14 13:31:43,33.2,52.0689179,4.3058197,2,The Hague,NL
Rotterdam,Rotterdam_T1,02:00:00:64:fc:02,2026-08-14 13:33:21,34.9,52.072267,4.320268,5,The Hague,NL
Rotterdam,Rotterdam_T1,02:00:00:3f:48:00,2026-08-14 13:39:02,35.0,52.0710033960706,4.32261879386951,4,The Hague,NL
Rotterdam,Rotterdam_T1,02:00:00:27:57:8e,2026-08-14 13:34:26,32.3,52.0758551732259,4.31446773580824,5,The Hague,NL
Rotterdam,Rotterdam_T1,02:00:00:73:bf:68,2026-08-14 13:32:29,32.4,52.07701,4.3427534,1,Voorburg,NL
Rotterdam,Rotterdam_T1,02:00:00:65:6f:8c,2026-08-14 13:34:52,36.3,52.070291,4.352665,0,Voorburg,NL
Rotterdam,Rotterdam_T1,02:00:00:02:c5:da,2026-08-14 13:39:32,40.4,52.0708223,4.3574454,3,Voorburg,NL
Rotterdam,Rotterdam_T1,02:00:00:83:fd:6c,2026-08-14 13:31:32,34.8,52.075134,4.376925,1,Voorburg,NL
Rotterdam,Rotterdam_T1,02:00:00:33:cc:30,2026-08-14 13:40:30,34.8,52.08009,4.361759,3,Voorburg,NL
Rotterdam,Rotterdam_T1,02:00:00:c2:39:a2,2026-08-14 13:33:16,33.9,52.078158485511,4.36312457261596,2,Leidschendam-Voorburg,NL
Rotterdam,Rotterdam_T1,02:00:00:5f:58:86,2026-08-14 13:34:01,33.2,52.078355,4.3865255,0,Leidschendam-Voorburg,NL
Rotterdam,Rotterdam_T1,02:00:00:64:41:12,2026-08-14 13:37:41,35.3,52.0781626730093,4.38804501874122,0,Leidschendam-Voorburg,NL
Rotterdam,Rotterdam_T1,02:00:00:39:f8:c2,2026-08-14 13:40:11,33.9,52.078976,4.387728,0,Voorburg,NL
Rotterdam,Rotterdam_T1,02:00:00:8d:c5:a2,2026-08-14 13:34:14,33.7,52.071539,4.408314,0,The Hague,NL
Rotterdam,Rotterdam_T1,02:00:00:a4:45:56,2026-08-14 13:39:55,38.6,52.0678863525391,4.47134017944336,0,Zoetermeer,NL
Rotterdam,Rotterdam_T1,02:00:00:29:2e:44,2026-08-14 13:34:35,40.2,52.067863,4.473864,0,Zoetermeer,NL
Rotterdam,Rotterdam_T1,02:00:00:b9:11:7c,2026-08-14 13:31:28,36.4,52.0680732727051,4.47749948501587,0,Zoetermeer,NL
Rotterdam,Rotterdam_T1,02:00:00:28:a6:32,2026-08-14 13:35:04,34.3,52.0709019617043,4.49143366943841,0,Zoetermeer,NL
Rotterdam,Rotterdam_T1,02:00:00:7f:9c:76,2026-08-14 13:36:33,32.3,52.069807,4.494429,0,Zoetermeer,NL
Rotterdam,Rotterdam_T1,02:00:00:33:e4:42,2026-08-14 13:37:08,32.2,52.093006,4.260304,9,The Hague,NL
Rotterdam,Rotterdam_T1,02:00:00:70:38:f4,2026-08-14 13:36:42,32.6,52.093477,4.262971,6,The Hague,NL
Rotterdam,Rotterdam_T1,02:00:00:3c:f5:1e,2026-08-14 13:39:39,35.5,52.084589,4.265981,5,The Hague,NL
Rotterdam,Rotterdam_T1,02:00:00:b5:95:58,2026-08-14 13:34:04,30.3,52.082624,4.273059,6,The Hague,NL
Rotterdam,Rotterdam_T1,02:00:00:27:37:dc,2026-08-14 13:31:37,32.6,52.088409,4.272743,7,The Hague,NL
Rotterdam,Rotterdam_T1,02:00:00:6b:3a:8a,2026-08-14 13:36:12,33.4,52.084518,4.294358,5,The Hague,NL
Rotterdam,Rotterdam_T1,02:00:00:a9:77:26,2026-08-14 13:34:41,32.8,52.0821505100445,4.29846047548087,5,The Hague,NL
Rotterdam,Rotterdam_T1,02:00:00:9b:4d:4e,2026-08-14 13:35:26,33.6,52.089996,4.300096,9,The Hague,NL
Rotterdam,Rotterdam_T1,02:00:00:12:4f:d6,2026-08-14 13:32:05,32.6,52.0854341645785,4.31251781803931,6,The Hague,NL
Rotterdam,Rotterdam_T1,02:00:00:b5:a4:2c,2026-08-14 13:34:36,33.8,52.085269,4.312957,5,The Hague,NL
Rotterdam,Rotterdam_T1,02:00:00:52:eb:b0,2026-08-14 13:40:05,28.3,52.0901055827947,4.31524413263139,4,The Hague,NL
Rotterdam,Rotterdam_T1,02:00:00:33:06:e6,2026-08-14 13:38:41,31.1,52.0825767,4.33901500000003,5,The Hague,NL
Rotterdam,Rotterdam_T1,02:00:00:7f:9f:dc,2026-08-14 13:36:41,33.1,52.087727,4.338226,4,The Hague,NL
Rotterdam,Rotterdam_T1,02:00:00:70:53:1a,2026-08-14 13:34:10,33.5,52.0839525958057,4.34141420312182,2,The Hague,NL
Rotterdam,Rotterdam_T1,02:00:00:9d:0b:76,2026-08-14 13:33:14,33.1,52.08924,4.360338,1,The Hague,NL
Rotterdam,Rotterdam_T1,02:00:00:c2:32:c6,2026-08-14 13:36:53,33.3,52.092798,4.360844,4,The Hague,NL
Rotterdam,Rotterdam_T1,02:00:00:64:31:1c,2026-08-14 13:38:41,29.2,52.083137512207,4.36576366424561,0,Leidschendam-Voorburg,NL
Rotterdam,Rotterdam_T1,02:00:00:2b:23:24,2026-08-14 13:30:58,33.0,52.0822677612305,4.38621425628662,3,Leidschendam-Voorburg,NL
Rotterdam,Rotterdam_T1,02:00:00:b5:4f:c8,2026-08-14 13:40:38,35.3,52.083479,4.387075,2,Leidschendam,NL
Rotterdam,Rotterdam_T1,02:00:00:7f:b9:18,2026-08-14 13:39:50,33.1,52.08124,4.39291000000004,3,Leidschendam,NL
Rotterdam,Rotterdam_T1,02:00:00:02:a4:56,2026-08-14 13:35:37,35.9,52.09136,4.406312,2,Leidschendam,NL
Rotterdam,Rotterdam_T1,02:00:00:6b:50:c6,2026-08-14 13:39:13,32.0,52.0912310197558,4.40687429507307,3,Leidschendam,NL
Rotterdam,Rotterdam_T1,02:00:00:2b:14:b6,2026-08-14 13:37:51,34.0,52.093886,4.470451,0,Leidschendam-Voorburg,NL
Rotterdam,Rotterdam_T1,02:00:00:28:a0:ca,2026-08-14 13:38:32,32.4,52.0942794,4.47121889999994,0,Leidschendam-Voorburg,NL
Rotterdam,Rotterdam_T1,02:00:00:00:c7:da,2026-08-14 13:31:19,38.5,52.096483,4.276179,9,The Hague,NL
Rotterdam,Rotterdam_T1,02:00:00:c2:46:e6,2026-08-14 13:36:08,30.6,52.1023684600997,4.26914454981171,9,The Hague,NL
Rotterdam,Rotterdam_T1,02:00:00:a2:47:68,2026-08-14 13:31:48,35.1,52.101233,4.270174,9,The Hague,NL
Rotterdam,Rotterdam_T1,02:00:00:bd:dc:50,2026-08-14 13:38:23,30.9,52.100603,4.300766,7,The Hague,NL
Rotterdam,Rotterdam_T1,02:00:00:2b:5c:e4,2026-08-14 13:37:28,30.1,52.1022,4.30135000000003,9,The Hague,NL
Rotterdam,Rotterdam_T1,02:00:00:13:4f:12,2026-08-14 13:33:46,32.2,52.0992527419219,4.31103944778442,4,The Hague,NL
Rotterdam,Rotterdam_T1,02:00:00:02:d6:b2,2026-08-14 13:36:19,41.1,52.10552,4.32258000000006,6,The Hague,NL
Rotterdam,Rotterdam_T1,02:00:00:64:35:f0,2026-08-14 13:36:33,30.0,52.0971897757407,4.33524702658857,1,The Hague,NL
Rotterdam,Rotterdam_T1,02:00:00:70:46:bc,2026-08-14 13:37:38,29.3,52.108804,4.339823,5,Wassenaar,NL
Rotterdam,Rotterdam_T1,02:00:00:53:49:e8,2026-08-14 13:33:04,35.2,52.1093510610785,4.37356660986006,0,Wassenaar,NL
Rotterdam,Rotterdam_T1,02:00:00:84:17:0a,2026-08-14 13:35:45,37.1,52.10114,4.395529,0,Leidschendam,NL
Rotterdam,Rotterdam_T1,02:00:00:b2:b5:0e,2026-08-14 13:37:15,32.4,52.095997,4.414338,0,Leidschendam,NL
Rotterdam,Rotterdam_T1,02:00:00:7f:9c:26,2026-08-14 13:37:23,31.0,52.102006,4.407729,1,Leidschendam,NL
Rotterdam,Rotterdam_T1,02:00:00:02:a2:7a,2026-08-14 13:32:49,29.2,52.111383,4.282798,16,The Hague,NL
Rotterdam,Rotterdam_T1,02:00:00:ab:ee:62,2026-08-14 13:36:45,29.9,52.1106910705566,4.28558301925659,9,The Hague,NL
Rotterdam,Rotterdam_T1,02:00:00:33:fd:7c,2026-08-14 13:40:06,32.7,52.111572,4.372817,3,Wassenaar,NL
Rotterdam,Rotterdam_T1,02:00:00:a4:5c:34,2026-08-14 13:35:00,35.1,52.111214,4.436711,0,Voorschoten,NL
Rotterdam,Rotterdam_T1,02:00:00:73:be:68,2026-08-14 13:36:18,35.5,52.117177,4.443719,0,Voorschoten,NL
Rotterdam,Rotterdam_T1,02:00:00:63:35:52,2026-08-14 13:39:15,37.0,52.11392,4.444889,0,Voorschoten,NL
Rotterdam,Rotterdam_T1,02:00:00:3b:ff:70,2026-08-14 13:38:36,31.6,52.1277061891672,4.36202768103674,6,Wassenaar,NL
Rotterdam,Rotterdam_T1,02:00:00:a4:47:d4,2026-08-14 13:34:54,34.1,52.12634,4.384166,2,Wassenaar,NL
Rotterdam,Rotterdam_T1,02:00:00:7a:6c:b0,2026-08-14 13:34:48,33.3,52.12483,4.4367504,1,Voorschoten,NL
Rotterdam,Rotterdam_T1,02:00:00:70:45:0e,2026-08-14 13:32:59,33.0,52.126899,4.437364,0,Voorschoten,NL
Rotterdam,Rotterdam_T1,02:00:00:19:3e:fc,2026-08-14 13:39:56,31.5,52.125274,4.442024,2,Voorschoten,NL
Rotterdam,Rotterdam_T1,02:00:00:04:77:ec,2026-08-14 13:38:09,37.9,52.137813,4.466427,0,Voorschoten,NL
Rotterdam,Rotterdam_T1,02:00:00:13:48:f2,2026-08-14 13:38:29,33.6,52.1383267055258,4.46930246147369,4,Leiden,NL
Rotterdam,Rotterdam_T1,02:00:00:7f:98:b0,2026-08-14 13:31:56,35.9,51.793851,4.277562,0,Goudswaard,NL
Rotterdam,Rotterdam_T1,02:00:00:84:01:f4,2026-08-14 13:36:19,37.0,51.795956,4.316063,0,Piershil,NL
Rotterdam,Rotterdam_T1,02:00:00:a4:53:38,2026-08-14 13:31:37,35.9,51.8061561584473,4.34367895126343,0,Nieuw-Beijerland,NL
Rotterdam,Rotterdam_T1,02:00:00:2e:c2:56,2026-08-14 13:36:53,32.4,51.803969,4.38881000000001,0,Hoeksche Waard,NL
Rotterdam,Rotterdam_T1,02:00:00:70:24:c0,2026-08-14 13:33:42,36.9,51.79538,4.47853999999995,0,Hoeksche Waard,NL
Rotterdam,Rotterdam_T1,02:00:00:8d:cf:32,2026-08-14 13:30:21,34.7,51.7989258,4.48003469999999,1,Mijnsheerenland,NL
Rotterdam,Rotterdam_T1,02:00:00:17:f3:8c,2026-08-14 13:33:03,36.4,51.813893,4.338688,0,Hoeksche Waard,NL
Rotterdam,Rotterdam_T1,02:00:00:12:63:46,2026-08-14 13:31:27,36.1,51.816084,4.404314,0,Oud-Beijerland,NL
Rotterdam,Rotterdam_T1,02:00:00:7f:ca:72,2026-08-14 13:39:28,36.5,51.819852,4.403548,1,Oud-Beijerland,NL
Rotterdam,Rotterdam_T1,02:00:00:19:32:0a,2026-08-14 13:33:23,37.7,51.8201,4.4265,0,Oud-Beijerland,NL
Rotterdam,Rotterdam_T1,02:00:00:a9:d0:4e,2026-08-14 13:32:10,34.9,51.816875,4.432654,0,Oud-Beijerland,NL
Rotterdam,Rotterdam_T1,02:00:00:b0:a7:c6,2026-08-14 13:40:13,37.1,51.8194923400879,4.42992401123047,0,Oud-Beijerland,NL
Rotterdam,Rotterdam_T1,02:00:00:2e:d0:d0,2026-08-14 13:37:13,39.6,51.819656,4.43884,0,Oud-Beijerland,NL
Rotterdam,Rotterdam_T1,02:00:00:52:d6:1c,2026-08-14 13:36:54,33.5,51.8273166908673,4.24860230421604,0,Nissewaard,NL
Rotterdam,Rotterdam_T1,02:00:00:7b:02:ea,2026-08-14 13:36:33,35.8,51.8268,4.24961,0,Zuidland,NL
Rotterdam,Rotterdam_T1,02:00:00:63:0e:9a,2026-08-14 13:38:16,35.2,51.8228896113569,4.25690523338619,0,Nissewaard,NL
Rotterdam,Rotterdam_T1,02:00:00:12:ed:2e,2026-08-14 13:37:30,35.7,51.832122,4.281581,0,Simonshaven,NL
Rotterdam,Rotterdam_T1,02:00:00:bc:cb:30,2026-08-14 13:36:47,36.3,51.833767,4.297901,0,Simonshaven,NL
Rotterdam,Rotterdam_T1,02:00:00:2e:be:70,2026-08-14 13:38:05,37.4,51.828405,4.320218,0,Nissewaard,NL
Rotterdam,Rotterdam_T1,02:00:00:83:80:70,2026-08-14 13:31:32,39.8,51.828982,4.321931,0,Spijkenisse,NL
Rotterdam,Rotterdam_T1,02:00:00:be:05:9e,2026-08-14 13:36:16,37.2,51.8345406,4.3320414,0,Spijkenisse,NL
Rotterdam,Rotterdam_T1,02:00:00:1c:5d:d8,2026-08-14 13:39:55,39.1,51.831596,4.34732,0,Spijkenisse,NL
Rotterdam,Rotterdam_T1,02:00:00:74:30:f8,2026-08-14 13:32:38,37.6,51.83397,4.33733000000001,0,Spijkenisse,NL
Rotterdam,Rotterdam_T1,02:00:00:33:d1:48,2026-08-14 13:32:01,38.0,51.835362,4.340818,0,Spijkenisse,NL
Rotterdam,Rotterdam_T1,02:00:00:a2:45:50,2026-08-14 13:36:45,35.1,51.833564,4.369612,0,Spijkenisse,NL
Rotterdam,Rotterdam_T1,02:00:00:8d:ce:38,2026-08-14 13:31:29,32.5,51.833848,4.370394,0,Spijkenisse,NL
Rotterdam,Rotterdam_T1,02:00:00:74:51:54,2026-08-14 13:34:15,38.1,51.822471,4.422299,0,Oud-Beijerland,NL
Rotterdam,Rotterdam_T1,02:00:00:b9:1f:9e,2026-08-14 13:32:37,36.5,51.826743,4.418683,2,Oud-Beijerland,NL
Rotterdam,Rotterdam_T1,02:00:00:2f:24:b0,2026-08-14 13:34:25,35.3,51.82603,4.423475,1,Oud-Beijerland,NL
Rotterdam,Rotterdam_T1,02:00:00:b0:92:a0,2026-08-14 13:33:23,39.8,51.825342,4.484375,0,Heinenoord,NL
Rotterdam,Rotterdam_T1,02:00:00:13:7c:72,2026-08-14 13:31:38,35.2,51.8485857,4.30565690000003,0,Nissewaard,NL
Rotterdam,Rotterdam_T1,02:00:00:00:c4:a2,2026-08-14 13:31:28,33.7,51.835934,4.315718,0,Spijkenisse,NL
Rotterdam,Rotterdam_T1,02:00:00:90:af:46,2026-08-14 13:38:23,34.2,51.83904,4.319577,0,Spijkenisse,NL
Rotterdam,Rotterdam_T1,02:00:00:65:34:82,2026-08-14 13:32:50,38.2,51.8423805236816,4.31939363479614,0,Spijkenisse,NL
Rotterdam,Rotterdam_T1,02:00:00:7f:c0:78,2026-08-14 13:38:11,35.7,51.84996,4.3388395,0,Spijkenisse,NL
Rotterdam,Rotterdam_T1,02:00:00:a4:28:8e,2026-08-14 13:37:33,37.4,51.8376655578613,4.34094619750977,1,Spijkenisse,NL
Rotterdam,Rotterdam_T1,02:00:00:7a:77:68,2026-08-14 13:31:10,34.8,51.846795,4.341356,1,Spijkenisse,NL
Rotterdam,Rotterdam_T1,02:00:00:2a:ee:60,2026-08-14 13:34:45,37.2,51.836635,4.368071,0,Nissewaard,NL
Rotterdam,Rotterdam_T1,02:00:00:8d:ca:84,2026-08-14 13:36:23,33.4,51.836617,4.371667,0,Spijkenisse,NL
Rotterdam,Rotterdam_T1,02:00:00:12:fb:d2,2026-08-14 13:32:00,38.5,51.8374458439446,4.37149661379999,1,Nissewaard,NL
Rotterdam,Rotterdam_T1,02:00:00:13:6b:d6,2026-08-14 13:35:38,34.9,51.848988,4.417614,0,Poortugaal,NL
Rotterdam,Rotterdam_T1,02:00:00:b5:35:7a,2026-08-14 13:37:11,34.7,51.8507194519043,4.32065153121948,0,Spijkenisse,NL
Rotterdam,Rotterdam_T1,02:00:00:b5:0b:cc,2026-08-14 13:34:27,39.7,51.857194,4.316324,0,Spijkenisse,NL
Rotterdam,Rotterdam_T1,02:00:00:a2:46:e2,2026-08-14 13:33:16,39.5,51.857365,4.316291,0,Spijkenisse,NL
Rotterdam,Rotterdam_T1,02:00:00:6b:34:e8,2026-08-14 13:34:27,34.8,51.853658,4.341445,9,Spijkenisse,NL
Rotterdam,Rotterdam_T1,02:00:00:96:c1:f0,2026-08-14 13:30:23,34.6,51.8526191711426,4.34237861633301,5,Spijkenisse,NL
Rotterdam,Rotterdam_T1,02:00:00:17:5c:2a,2026-08-14 13:38:33,37.1,51.852885,4.342628,5,Spijkenisse,NL
Rotterdam,Rotterdam_T1,02:00:00:5f:22:3e,2026-08-14 13:38:08,34.8,51.8544044494629,4.3646936416626,0,Rotterdam,NL
Rotterdam,Rotterdam_T1,02:00:00:83:df:7c,2026-08-14 13:33:38,35.4,51.852008,4.377223,1,Hoogvliet,NL
Rotterdam,Rotterdam_T1,02:00:00:bc:d0:3e,2026-08-14 13:38:27,36.1,51.858581,4.392577,0,Poortugaal,NL
Rotterdam,Rotterdam_T1,02:00:00:bc:e1:0c,2026-08-14 13:36:39,37.0,51.8635694,4.39623120000001,0,Poortugaal,NL
Rotterdam,Rotterdam_T1,02:00:00:b5:46:a0,2026-08-14 13:40:38,33.6,51.8617095947266,4.39914417266846,1,Poortugaal,NL
Rotterdam,Rotterdam_T1,02:00:00:01:05:d0,2026-08-14 13:39:49,35.3,51.851921,4.423444,0,Rhoon,NL
Rotterdam,Rotterdam_T1,02:00:00:84:84:1e,2026-08-14 13:37:42,36.9,51.858887,4.421957,0,Rhoon,NL
Rotterdam,Rotterdam_T1,02:00:00:a2:5c:12,2026-08-14 13:39:22,37.7,51.8594623479853,4.42698154071272,0,Rhoon,NL
Rotterdam,Rotterdam_T1,02:00:00:a2:32:24,2026-08-14 13:36:59,41.1,51.857958,4.432325,0,Rhoon,NL
Rotterdam,Rotterdam_T1,02:00:00:63:0e:a4,2026-08-14 13:32:14,35.9,51.8575608827219,4.47265219690053,0,Albrandswaard,NL
Rotterdam,Rotterdam_T1,02:00:00:2e:ff:9e,2026-08-14 13:32:59,35.0,51.8538824575246,4.48517918586731,0,Barendrecht,NL
Rotterdam,Rotterdam_T1,02:00:00:03:74:d0,2026-08-14 13:36:14,36.3,51.8517608642578,4.49835109710693,0,Barendrecht,NL
Rotterdam,Rotterdam_T1,02:00:00:2a:d4:c8,2026-08-14 13:32:33,35.6,51.8570636,4.48758950000001,0,Barendrecht,NL
Rotterdam,Rotterdam_T1,02:00:00:bd:e9:04,2026-08-14 13:34:15,33.1,51.866558,4.375568,0,Hoogvliet,NL
Rotterdam,Rotterdam_T1,02:00:00:01:01:b4,2026-08-14 13:32:30,36.2,51.8652629979766,4.39664993821385,0,Albrandswaard,NL
Rotterdam,Rotterdam_T1,02:00:00:a2:60:fc,2026-08-14 13:32:22,33.3,51.874794,4.466563,0,Rotterdam,NL
Rotterdam,Rotterdam_T1,02:00:00:1c:87:14,2026-08-14 13:34:50,39.4,51.874054,4.483835,0,Rotterdam,NL
Rotterdam,Rotterdam_T1,02:00:00:73:c0:3a,2026-08-14 13:38:01,39.5,51.887171,4.383392,0,Pernis,NL
Rotterdam,Rotterdam_T1,02:00:00:32:e7:f8,2026-08-14 13:35:28,34.1,51.892172,4.386614,3,Pernis,NL
Rotterdam,Rotterdam_T1,02:00:00:1f:7e:90,2026-08-14 13:35:23,37.2,51.8847667,4.4695263,0,Rotterdam,NL
Rotterdam,Rotterdam_T1,02:00:00:12:73:96,2026-08-14 13:40:10,35.2,51.890287,4.477402,2,Rotterdam,NL
Rotterdam,Rotterdam_T1,02:00:00:c3:9b:aa,2026-08-14 13:38:23,35.7,51.888355255127,4.49187803268433,6,Rotterdam,NL
Rotterdam,Rotterdam_T1,02:00:00:02:d9:74,2026-08-14 13:34:58,33.8,51.9018321151561,4.23758983612055,2,Rozenburg,NL
Rotterdam,Rotterdam_T1,02:00:00:27:7d:68,2026-08-14 13:32:16,32.3,51.902208,4.248835,4,Rozenburg,NL
Rotterdam,Rotterdam_T1,02:00:00:37:27:ba,2026-08-14 13:38:13,35.5,51.906634,4.321553,0,Vlaardingen,NL
Rotterdam,Rotterdam_T1,02:00:00:63:17:f6,2026-08-14 13:34:08,34.2,51.902018,4.342717,3,Vlaardingen,NL
Rotterdam,Rotterdam_T1,02:00:00:74:32:c6,2026-08-14 13:33:20,34.4,51.904912,4.345329,3,Vlaardingen,NL
Rotterdam,Rotterdam_T1,02:00:00:c2:45:d6,2026-08-14 13:39:57,37.2,51.905582,4.405567,0,Schiedam,NL
Rotterdam,Rotterdam_T1,02:00:00:53:3b:14,2026-08-14 13:32:38,35.8,51.902036,4.457739,3,Rotterdam,NL
Rotterdam,Rotterdam_T1,02:00:00:74:01:48,2026-08-14 13:37:27,37.9,51.8981435405119,4.48277876129779,1,Rotterdam,NL
Rotterdam,Rotterdam_T1,02:00:00:1f:6b:c0,2026-08-14 13:35:55,36.8,51.8992767333984,4.48442125320435,2,Rotterdam,NL
Rotterdam,Rotterdam_T1,02:00:00:2e:d8:56,2026-08-14 13:31:15,39.6,51.8945090023125,4.49689548713718,3,Rotterdam,NL
Rotterdam,Rotterdam_T1,02:00:00:83:d5:b2,2026-08-14 13:34:30,33.5,51.9090338875657,4.23565328121185,0,Rozenburg,NL
Rotterdam,Rotterdam_T1,02:00:00:63:45:86,2026-08-14 13:32:25,33.7,51.909344,4.23864,1,Rozenburg,NL
Rotterdam,Rotterdam_T1,02:00:00:3c:fa:c8,2026-08-14 13:31:06,32.2,51.911378,4.236979,2,Rotterdam,NL
Rotterdam,Rotterdam_T1,02:00:00:83:ef:60,2026-08-14 13:36:55,37.4,51.909076,4.242459,3,Rozenburg,NL
Rotterdam,Rotterdam_T1,02:00:00:a9:4f:c2,2026-08-14 13:39:59,34.7,51.916124,4.24886000000006,3,Maassluis,NL
Rotterdam,Rotterdam_T1,02:00:00:1c:83:b4,2026-08-14 13:40:50,38.0,51.917847,4.260043,1,Maassluis,NL
Rotterdam,Rotterdam_T1,02:00:00:b9:43:b0,2026-08-14 13:39:54,40.5,51.908927,4.313466,0,Vlaardingen,NL
Rotterdam,Rotterdam_T1,02:00:00:74:5d:08,2026-08-14 13:38:11,33.5,51.912452208961,4.3338788262849,0,Vlaardingen,NL
Rotterdam,Rotterdam_T1,02:00:00:74:4a:40,2026-08-14 13:33:31,33.7,51.914186,4.332811,0,Vlaardingen,NL
Rotterdam,Rotterdam_T1,02:00:00:2b:20:2a,2026-08-14 13:39:47,33.7,51.9141002514251,4.33724462985993,1,Vlaardingen,NL
Rotterdam,Rotterdam_T1,02:00:00:bd:0a:46,2026-08-14 13:35:29,33.6,51.909511,4.348642,4,Vlaardingen,NL
Rotterdam,Rotterdam_T1,02:00:00:04:5f:98,2026-08-14 13:37:26,33.8,51.9108,4.3483,2,Vlaardingen,NL
Rotterdam,Rotterdam_T1,02:00:00:58:c6:ce,2026-08-14 13:38:37,36.8,51.9178282,4.3598377,1,Vlaardingen,NL
Rotterdam,Rotterdam_T1,02:00:00:7f:be:10,2026-08-14 13:31:42,37.3,51.91672,4.3632045,2,Vlaardingen,NL
Rotterdam,Rotterdam_T1,02:00:00:53:5b:da,2026-08-14 13:35:27,34.9,51.908555,4.401612,2,Schiedam,NL
Rotterdam,Rotterdam_T1,02:00:00:7f:b3:02,2026-08-14 13:40:17,32.9,51.91247,4.4030027,4,Schiedam,NL
Rotterdam,Rotterdam_T1,02:00:00:34:0c:22,2026-08-14 13:40:06,39.6,51.921128016101,4.40852165222168,2,Schiedam,NL
Rotterdam,Rotterdam_T1,02:00:00:2a:f8:5e,2026-08-14 13:32:45,36.9,51.915024,4.4355793,9,Rotterdam,NL
Rotterdam,Rotterdam_T1,02:00:00:b5:80:32,2026-08-14 13:34:45,35.4,51.918558,4.449248,4,Rotterdam,NL
Rotterdam,Rotterdam_T1,02:00:00:ab:ed:0a,2026-08-14 13:32:06,37.9,51.91357,4.450989,4,Rotterdam,NL
Rotterdam,Rotterdam_T1,02:00:00:84:0b:f4,2026-08-14 13:32:55,36.1,51.910764,4.459764,4,Rotterdam,NL
Rotterdam,Rotterdam_T1,02:00:00:33:2f:18,2026-08-14 13:32:24,35.7,51.911367,4.460016,4,Rotterdam,NL
Rotterdam,Rotterdam_T1,02:00:00:9d:0a:02,2026-08-14 13:36:14,33.6,51.9204927831634,4.47252988815308,4,Rotterdam,NL
Rotterdam,Rotterdam_T1,02:00:00:7f:8b:fa,2026-08-14 13:38:37,37.6,51.9101171296848,4.48145787979085,11,Rotterdam,NL
Rotterdam,Rotterdam_T1,02:00:00:b5:93:7c,2026-08-14 13:34:01,35.0,51.913771,4.481875,4,Rotterdam,NL
Rotterdam,Rotterdam_T1,02:00:00:17:b3:54,2026-08-14 13:38:41,35.1,51.916415,4.480851,7,Rotterdam,NL
Rotterdam,Rotterdam_T1,02:00:00:8d:d1:ba,2026-08-14 13:32:58,31.5,51.9320212,4.2264977,3,Maassluis,NL
Rotterdam,Rotterdam_T1,02:00:00:52:d3:56,2026-08-14 13:39:35,33.3,51.929916,4.232157,4,Maassluis,NL
Rotterdam,Rotterdam_T1,02:00:00:af:2a:92,2026-08-14 13:38:59,38.9,51.932949,4.239521,0,Maassluis,NL
Rotterdam,Rotterdam_T1,02:00:00:65:4b:40,2026-08-14 13:38:25,37.2,51.927105,4.254623,0,Maassluis,NL
Rotterdam,Rotterdam_T1,02:00:00:01:cf:56,2026-08-14 13:39:14,39.1,51.9234903998484,4.25831994624131,0,Maassluis,NL
Rotterdam,Rotterdam_T1,02:00:00:7f:94:b0,2026-08-14 13:35:36,34.3,51.931354,4.269027,0,Maasland,NL
Rotterdam,Rotterdam_T1,02:00:00:29:09:70,2026-08-14 13:34:24,35.3,51.932986,4.267365,1,Maasland,NL
Rotterdam,Rotterdam_T1,02:00:00:b5:74:1c,2026-08-14 13:40:25,34.4,51.93374,4.26775999999999,0,Maasland,NL
Rotterdam,Rotterdam_T1,02:00:00:63:06:60,2026-08-14 13:38:16,40.3,51.934327,4.334653,0,Vlaardingen,NL
Rotterdam,Rotterdam_T1,02:00:00:74:5b:ca,2026-08-14 13:37:57,33.9,51.926291,4.345459,3,Vlaardingen,NL
Rotterdam,Rotterdam_T1,02:00:00:b5:a0:52,2026-08-14 13:40:31,31.8,51.927282,4.347004,0,Vlaardingen,NL
Rotterdam,Rotterdam_T1,02:00:00:36:d7:e4,2026-08-14 13:32:48,33.9,51.9296493530273,4.34874200820923,0,Vlaardingen,NL
Rotterdam,Rotterdam_T1,02:00:00:64:20:80,2026-08-14 13:38:39,37.6,51.9364242553711,4.36015510559082,0,Vlaardingen,NL
Rotterdam,Rotterdam_T1,02:00:00:bc:d1:1c,2026-08-14 13:35:57,37.8,51.9350965,4.36687449999998,2,Schiedam,NL
Rotterdam,Rotterdam_T1,02:00:00:c6:23:6c,2026-08-14 13:32:34,39.2,51.934768,4.381632,0,Schiedam,NL
Rotterdam,Rotterdam_T1,02:00:00:96:ea:9e,2026-08-14 13:36:08,30.8,51.925392,4.39834,2,Schiedam,NL
Rotterdam,Rotterdam_T1,02:00:00:ab:cb:62,2026-08-14 13:38:36,36.3,51.930617,4.445321,0,Rotterdam,NL
Rotterdam,Rotterdam_T1,02:00:00:74:09:f2,2026-08-14 13:40:10,40.4,51.92814,4.456759,1,Rotterdam,NL
Rotterdam,Rotterdam_T1,02:00:00:28:6f:3e,2026-08-14 13:31:32,37.6,51.9340316,4.4594037,5,Rotterdam,NL
Rotterdam,Rotterdam_T1,02:00:00:02:c6:84,2026-08-14 13:36:16,38.2,51.926464,4.470126,3,Rotterdam,NL
Rotterdam,Rotterdam_T1,02:00:00:a9:49:dc,2026-08-14 13:31:26,33.8,51.9230452,4.48168170000002,3,Rotterdam,NL
Rotterdam,Rotterdam_T1,02:00:00:90:b7:5e,2026-08-14 13:30:59,38.7,51.92631,4.480658,2,Rotterdam,NL
Rotterdam,Rotterdam_T1,02:00:00:a9:b5:2e,2026-08-14 13:40:01,35.9,51.92486,4.48449200000008,2,Rotterdam,NL
Rotterdam,Rotterdam_T1,02:00:00:b9:1f:48,2026-08-14 13:32:57,35.8,51.939256,4.230721,1,Maassluis,NL
Rotterdam,Rotterdam_T1,02:00:00:84:0e:9e,2026-08-14 13:31:19,33.9,51.939707,4.230973,0,Maassluis,NL
Rotterdam,Rotterdam_T1,02:00:00:12:fb:ba,2026-08-14 13:39:31,34.8,51.941607,4.230965,2,Maassluis,NL
Rotterdam,Rotterdam_T1,02:00:00:b5:53:1c,2026-08-14 13:38:37,35.3,51.949414,4.270392,0,Maasland,NL
Rotterdam,Rotterdam_T1,02:00:00:c5:33:20,2026-08-14 13:39:48,36.3,51.940538,4.34364800000001,0,Vlaardingen,NL
Rotterdam,Rotterdam_T1,02:00:00:70:4d:76,2026-08-14 13:40:22,37.2,51.940698,4.344899,0,Vlaardingen,NL
Rotterdam,Rotterdam_T1,02:00:00:7f:d3:b4,2026-08-14 13:35:54,34.0,51.937524,4.359107,1,,NL
Rotterdam,Rotterdam_T1,02:00:00:bd:fb:70,2026-08-14 13:37:52,31.8,51.945864,4.366965,0,Schiedam,NL
Rotterdam,Rotterdam_T1,02:00:00:3a:10:aa,2026-08-14 13:34:41,34.0,51.943986,4.367671,0,Schiedam,NL
Rotterdam,Rotterdam_T1,02:00:00:6b:9d:20,2026-08-14 13:33:42,32.9,51.9450485260452,4.36975411053672,1,Schiedam,NL
Rotterdam,Rotterdam_T1,02:00:00:65:38:b0,2026-08-14 13:36:24,33.7,51.942,4.38433999999999,0,Schiedam,NL
Rotterdam,Rotterdam_T1,02:00:00:04:6f:aa,2026-08-14 13:38:30,37.4,51.9441,4.3839,0,Schiedam,NL
Rotterdam,Rotterdam_T1,02:00:00:9c:d6:c8,2026-08-14 13:38:45,37.6,51.9391683837513,4.42066682686317,4,Rotterdam,NL
Rotterdam,Rotterdam_T1,02:00:00:90:8a:8e,2026-08-14 13:33:54,34.4,51.9372746579483,4.4418073394422,2,Rotterdam,NL
Rotterdam,Rotterdam_T1,02:00:00:7f:93:30,2026-08-14 13:40:37,33.6,51.937051,4.442832,0,Rotterdam,NL
Rotterdam,Rotterdam_T1,02:00:00:2b:02:62,2026-08-14 13:33:20,33.9,51.939917,4.448351,0,Rotterdam,NL
Rotterdam,Rotterdam_T1,02:00:00:bd:e0:c8,2026-08-14 13:32:33,36.7,51.946104,4.46737,0,Rotterdam,NL
Rotterdam,Rotterdam_T1,02:00:00:af:8b:58,2026-08-14 13:33:35,41.7,51.9460220336914,4.47492647171021,0,Rotterdam,NL
Rotterdam,Rotterdam_T1,02:00:00:bd:de:c6,2026-08-14 13:37:23,36.8,51.937429,4.495607,0,Rotterdam,NL
Rotterdam,Rotterdam_T1,02:00:00:17:e0:1e,2026-08-14 13:33:28,35.9,51.955246,4.314398,0,Maasland,NL
Rotterdam,Rotterdam_T1,02:00:00:a4:41:88,2026-08-14 13:38:33,34.4,51.955283,4.314406,0,Maasland,NL
Rotterdam,Rotterdam_T1,02:00:00:65:28:6e,2026-08-14 13:40:32,39.0,51.95247,4.46971,0,Rotterdam,NL
Rotterdam,Rotterdam_T1,02:00:00:83:f8:50,2026-08-14 13:38:30,37.0,51.962386,4.475915,0,Rotterdam,NL
Rotterdam,Rotterdam_T1,02:00:00:19:c2:10,2026-08-14 13:34:04,37.8,51.96346,4.48096700000011,0,Rotterdam,NL
Rotterdam,Rotterdam_T1,02:00:00:3f:0a:1a,2026-08-14 13:32:24,34.5,51.962139,4.484953,0,Rotterdam,NL
Rotterdam,Rotterdam_T1,02:00:00:65:85:b0,2026-08-14 13:32:59,35.0,51.958444,4.499749,-2,Hillegersberg,NL
Rotterdam,Rotterdam_T2,02:00:00:7a:b4:28,2026-08-14 13:39:07,33.1,51.96598,4.53458360000002,0,Rotterdam,NL
Rotterdam,Rotterdam_T2,02:00:00:a4:6d:fc,2026-08-14 13:35:21,34.1,51.968663,4.534782,0,Bergschenhoek,NL
Rotterdam,Rotterdam_T2,02:00:00:90:bb:50,2026-08-14 13:39:21,32.8,51.971506,4.548025,0,Rotterdam,NL
Rotterdam,Rotterdam_T2,02:00:00:b5:af:36,2026-08-14 13:32:01,35.8,51.9659630844747,4.55859189999416,0,Rotterdam,NL
Rotterdam,Rotterdam_T2,02:00:00:34:08:04,2026-08-14 13:38:26,35.5,51.968827,4.568496,0,Rotterdam,NL
Rotterdam,Rotterdam_T2,02:00:00:5f:42:fa,2026-08-14 13:36:53,39.3,51.97819,4.591346,0,Rotterdam,NL
Rotterdam,Rotterdam_T2,02:00:00:34:0b:82,2026-08-14 13:39:57,36.5,51.968129,4.614646,0,Zuidplas,NL
Rotterdam,Rotterdam_T2,02:00:00:a9:6a:c2,2026-08-14 13:37:35,37.3,51.9733238220215,4.61480712890625,0,Nieuwerkerk aan den IJssel,NL
Rotterdam,Rotterdam_T2,02:00:00:58:e8:9e,2026-08-14 13:33:34,35.5,51.974,4.622654,0,Zuidplas,NL
Rotterdam,Rotterdam_T2,02:00:00:65:3b:ba,2026-08-14 13:31:32,39.8,51.991788,4.502828,0,Bergschenhoek,NL
Rotterdam,Rotterdam_T2,02:00:00:00:d6:ce,2026-08-14 13:33:56,37.6,51.993816,4.501591,0,Bergschenhoek,NL
Rotterdam,Rotterdam_T2,02:00:00:70:50:30,2026-08-14 13:37:32,37.4,51.994061,4.502311,0,Bergschenhoek,NL
Rotterdam,Rotterdam_T2,02:00:00:02:8c:ea,2026-08-14 13:34:41,32.4,51.983132,4.581831,0,Rotterdam,NL
Rotterdam,Rotterdam_T2,02:00:00:02:4d:c2,2026-08-14 13:38:05,32.2,51.9870928392994,4.58234685650748,0,Rotterdam,NL
Rotterdam,Rotterdam_T2,02:00:00:2e:db:da,2026-08-14 13:34:27,38.4,51.983974,4.593346,0,Rotterdam,NL
Rotterdam,Rotterdam_T2,02:00:00:bd:d1:ea,2026-08-14 13:38:59,34.4,51.987328174681,4.65701222419739,0,Zuidplas,NL
Rotterdam,Rotterdam_T2,02:00:00:6b:41:d4,2026-08-14 13:35:52,38.2,51.98762,4.657338,0,Moordrecht,NL
Rotterdam,Rotterdam_T2,02:00:00:04:65:f8,2026-08-14 13:31:13,36.6,51.9878843834894,4.66050112362697,0,Zuidplas,NL
Rotterdam,Rotterdam_T2,02:00:00:70:3b:14,2026-08-14 13:39:43,35.4,51.986498,4.665578,0,Moordrecht,NL
Rotterdam,Rotterdam_T2,02:00:00:2b:42:2c,2026-08-14 13:36:57,39.7,51.986927,4.668121,0,Moordrecht,NL
Rotterdam,Rotterdam_T2,02:00:00:2c:fe:70,2026-08-14 13:34:49,34.2,51.986725,4.670155,0,Zuidplas,NL
Rotterdam,Rotterdam_T2,02:00:00:3c:2d:48,2026-08-14 13:36:22,35.3,51.995835,4.50290500000009,0,Bergschenhoek,NL
Rotterdam,Rotterdam_T2,02:00:00:9b:60:fa,2026-08-14 13:33:05,37.0,51.996239,4.504227,0,Bergschenhoek,NL
Rotterdam,Rotterdam_T2,02:00:00:b9:1c:80,2026-08-14 13:35:15,37.9,51.9998264,4.5002523,0,Bergschenhoek,NL
Rotterdam,Rotterdam_T2,02:00:00:1f:44:ec,2026-08-14 13:39:55,39.4,52.006668,4.527489,0,Bleiswijk,NL
Rotterdam,Rotterdam_T2,02:00:00:36:92:fa,2026-08-14 13:35:36,39.6,52.0066446232641,4.54385520232486,0,Lansingerland,NL
Rotterdam,Rotterdam_T2,02:00:00:b9:1e:62,2026-08-14 13:32:08,33.1,52.008555,4.578151,0,Zevenhuizen,NL
Rotterdam,Rotterdam_T2,02:00:00:31:b1:ee,2026-08-14 13:33:51,36.5,52.0053634643555,4.67185115814209,0,Gouda,NL
Rotterdam,Rotterdam_T2,02:00:00:1c:81:14,2026-08-14 13:40:40,33.4,52.006253,4.676457,0,Gouda,NL
Rotterdam,Rotterdam_T2,02:00:00:65:0c:ea,2026-08-14 13:38:27,40.1,51.9963035768543,4.68214752149594,0,Moordrecht,NL
Rotterdam,Rotterdam_T2,02:00:00:c3:82:74,2026-08-14 13:33:53,37.2,52.0050621032715,4.69740343093872,0,Gouda,NL
Rotterdam,Rotterdam_T2,02:00:00:9c:fc:34,2026-08-14 13:38:22,35.2,52.006517,4.697587,0,Gouda,NL
Rotterdam,Rotterdam_T2,02:00:00:01:82:4c,2026-08-14 13:31:42,36.0,52.0091504,4.74227189999999,-2,Gouda,NL
Rotterdam,Rotterdam_T2,02:00:00:36:8e:42,2026-08-14 13:37:07,35.0,52.0073224100963,4.75079980474109,1,Gouda,NL
Rotterdam,Rotterdam_T2,02:00:00:bd:fd:30,2026-08-14 13:37:10,33.0,52.005627,4.752615,0,Gouda,NL
Rotterdam,Rotterdam_T2,02:00:00:2e:af:ec,2026-08-14 13:33:46,34.0,51.998085,4.775884,0,Haastrecht,NL
Rotterdam,Rotterdam_T2,02:00:00:74:4f:9a,2026-08-14 13:35:23,38.7,51.995649,4.777255,0,Haastrecht,NL
Rotterdam,Rotterdam_T2,02:00:00:01:d0:28,2026-08-14 13:40:39,37.8,52.0096,4.5349,0,Bleiswijk,NL
Rotterdam,Rotterdam_T2,02:00:00:a4:5a:94,2026-08-14 13:39:56,39.3,52.01218,4.544645,0,Bleiswijk,NL
Rotterdam,Rotterdam_T2,02:00:00:a2:0c:c8,2026-08-14 13:40:34,35.6,52.01384,4.5461583,0,Bleiswijk,NL
Rotterdam,Rotterdam_T2,02:00:00:83:c5:b2,2026-08-14 13:36:53,41.6,52.009809,4.563587,0,Zevenhuizen,NL
Rotterdam,Rotterdam_T2,02:00:00:32:e0:86,2026-08-14 13:37:16,33.8,52.0115203857422,4.58011436462402,0,Zuidplas,NL
Rotterdam,Rotterdam_T2,02:00:00:a9:bb:04,2026-08-14 13:32:21,34.4,52.009836,4.596351,0,Zevenhuizen,NL
Rotterdam,Rotterdam_T2,02:00:00:02:df:22,2026-08-14 13:32:05,37.6,52.0099768804583,4.6926795618518,0,Gouda,NL
Rotterdam,Rotterdam_T2,02:00:00:c3:9b:4c,2026-08-14 13:35:55,34.8,52.01994,4.696581,0,Gouda,NL
Rotterdam,Rotterdam_T2,02:00:00:02:85:3e,2026-08-14 13:37:01,37.9,52.0104046509489,4.69863632638643,0,Gouda,NL
Rotterdam,Rotterdam_T2,02:00:00:53:2e:98,2026-08-14 13:36:12,36.3,52.012756,4.712701,1,Gouda,NL
Rotterdam,Rotterdam_T2,02:00:00:36:e7:7e,2026-08-14 13:34:09,36.4,52.0144178,4.71279070000003,2,Gouda,NL
Rotterdam,Rotterdam_T2,02:00:00:6b:8d:52,2026-08-14 13:31:03,35.2,52.015969,4.71499099999998,0,Gouda,NL
Rotterdam,Rotterdam_T2,02:00:00:b5:a6:64,2026-08-14 13:30:46,37.0,52.011536,4.750849,0,Gouda,NL
Rotterdam,Rotterdam_T2,02:00:00:9c:d8:7c,2026-08-14 13:38:30,35.6,52.0128973458094,4.7490119934082,0,Gouda,NL
Rotterdam,Rotterdam_T2,02:00:00:5f:34:26,2026-08-14 13:34:38,36.5,52.027057,4.500283,0,Berkel en Rodenrijs,NL
Rotterdam,Rotterdam_T2,02:00:00:1f:6b:70,2026-08-14 13:30:52,33.4,52.025452425129,4.53097119354237,0,Bleiswijk,NL
Rotterdam,Rotterdam_T2,02:00:00:bd:e3:d4,2026-08-14 13:39:14,35.2,52.027363,4.6115017,0,,NL
Rotterdam,Rotterdam_T2,02:00:00:3e:e6:86,2026-08-14 13:38:16,25.4,52.031473,4.63716199999994,0,Waddinxveen,NL
Rotterdam,Rotterdam_T2,02:00:00:a4:7a:ce,2026-08-14 13:31:31,26.4,52.02744,4.64476000000001,0,Waddinxveen,NL
Rotterdam,Rotterdam_T2,02:00:00:3f:57:ca,2026-08-14 13:32:27,35.7,52.025922,4.647242,0,Waddinxveen,NL
Rotterdam,Rotterdam_T2,02:00:00:63:21:dc,2026-08-14 13:37:02,39.1,52.0359605024959,4.6485589000001,0,Waddinxveen,NL
Rotterdam,Rotterdam_T2,02:00:00:90:d2:dc,2026-08-14 13:32:46,34.3,52.024118,4.709983,0,Gouda,NL
Rotterdam,Rotterdam_T2,02:00:00:a4:27:b6,2026-08-14 13:41:02,36.5,52.031474,4.693968,0,Gouda,NL
Rotterdam,Rotterdam_T2,02:00:00:83:b5:e4,2026-08-14 13:36:19,33.4,52.031819,4.694159,0,Gouda,NL
Rotterdam,Rotterdam_T2,02:00:00:3f:09:64,2026-08-14 13:36:48,33.3,52.030553,4.710979,1,Gouda,NL
Rotterdam,Rotterdam_T2,02:00:00:9b:51:44,2026-08-14 13:32:13,33.2,52.0347719,4.77213269999993,-2,Reeuwijk,NL
Rotterdam,Rotterdam_T2,02:00:00:28:69:d6,2026-08-14 13:30:57,33.2,52.051635,4.54056,0,Zoetermeer,NL
Rotterdam,Rotterdam_T2,02:00:00:bd:d6:d4,2026-08-14 13:31:13,35.8,52.0429039001465,4.56850099563599,0,Moerkapelle,NL
Rotterdam,Rotterdam_T2,02:00:00:6b:54:0e,2026-08-14 13:39:12,35.9,52.0469036,4.5818362,0,Zuidplas,NL
Rotterdam,Rotterdam_T2,02:00:00:a9:50:60,2026-08-14 13:40:40,35.1,52.0481010029608,4.58891205763108,0,Moerkapelle,NL
Rotterdam,Rotterdam_T2,02:00:00:63:42:d2,2026-08-14 13:32:10,36.0,52.04942,4.643239,0,Waddinxveen,NL
Rotterdam,Rotterdam_T2,02:00:00:c6:2c:4e,2026-08-14 13:38:36,38.1,52.0423368,4.647712,0,Waddinxveen,NL
Rotterdam,Rotterdam_T2,02:00:00:a4:2b:5a,2026-08-14 13:36:26,40.1,52.0508003234863,4.65340995788574,0,Waddinxveen,NL
Rotterdam,Rotterdam_T2,02:00:00:12:d1:de,2026-08-14 13:34:26,29.8,52.0387736455856,4.71039086580277,0,Gouda,NL
Rotterdam,Rotterdam_T2,02:00:00:b5:72:78,2026-08-14 13:39:17,32.6,52.0436531490395,4.71938564955323,0,Reeuwijk,NL
Rotterdam,Rotterdam_T2,02:00:00:7f:b7:2e,2026-08-14 13:34:57,34.0,52.049067,4.721525,0,Reeuwijk,NL
Rotterdam,Rotterdam_T2,02:00:00:b0:96:c0,2026-08-14 13:40:06,39.4,52.046334,4.729393,0,Reeuwijk,NL
Rotterdam,Rotterdam_T2,02:00:00:02:5d:e0,2026-08-14 13:37:05,29.5,52.0632066192764,4.50779879272784,0,Zoetermeer,NL
Rotterdam,Rotterdam_T2,02:00:00:03:61:0c,2026-08-14 13:32:44,37.4,52.055621,4.513738,0,Zoetermeer,NL
Rotterdam,Rotterdam_T2,02:00:00:70:51:3a,2026-08-14 13:31:40,33.6,52.05975,4.51295999999997,0,Zoetermeer,NL
Rotterdam,Rotterdam_T2,02:00:00:c2:8a:cc,2026-08-14 13:35:58,34.3,52.0567817687988,4.52878952026367,0,Zoetermeer,NL
Rotterdam,Rotterdam_T2,02:00:00:32:b4:ac,2026-08-14 13:36:26,34.6,52.06072,4.53268999999997,0,Zoetermeer,NL
Rotterdam,Rotterdam_T2,02:00:00:04:91:0a,2026-08-14 13:33:18,35.0,52.0533061258613,4.54335304137247,0,Zoetermeer,NL
Rotterdam,Rotterdam_T2,02:00:00:33:c1:9a,2026-08-14 13:34:27,32.7,52.0661990481085,4.54725722028999,0,Zoetermeer,NL
Rotterdam,Rotterdam_T2,02:00:00:03:5d:56,2026-08-14 13:37:32,37.8,52.059434,4.549038,0,Zoetermeer,NL
Rotterdam,Rotterdam_T2,02:00:00:3b:e2:3c,2026-08-14 13:40:59,33.5,52.065163,4.6415434,0,Boskoop,NL
Rotterdam,Rotterdam_T2,02:00:00:37:22:e6,2026-08-14 13:40:56,38.4,52.05424,4.654806,0,Waddinxveen,NL
Rotterdam,Rotterdam_T2,02:00:00:53:4c:30,2026-08-14 13:37:50,34.4,52.067288,4.503179,0,Zoetermeer,NL
Rotterdam,Rotterdam_T2,02:00:00:7f:c3:e4,2026-08-14 13:30:31,31.7,52.069017,4.512417,0,Zoetermeer,NL
Rotterdam,Rotterdam_T2,02:00:00:b2:c2:38,2026-08-14 13:35:45,35.8,52.072649,4.514713,0,Zoetermeer,NL
Rotterdam,Rotterdam_T2,02:00:00:84:8e:ae,2026-08-14 13:31:13,35.1,52.074368,4.5254664,0,Zoetermeer,NL
Rotterdam,Rotterdam_T2,02:00:00:bc:d8:d8,2026-08-14 13:37:07,40.6,52.078945,4.5282216,0,Zoetermeer,NL
Rotterdam,Rotterdam_T2,02:00:00:c2:84:b0,2026-08-14 13:31:51,33.7,52.077968,4.554994,0,Benthuizen,NL
Rotterdam,Rotterdam_T2,02:00:00:a4:5c:8c,2026-08-14 13:37:55,34.4,52.077966,4.634319,0,Boskoop,NL
Rotterdam,Rotterdam_T2,02:00:00:9d:24:ac,2026-08-14 13:35:21,36.6,52.071222,4.654495,0,Boskoop,NL
Rotterdam,Rotterdam_T2,02:00:00:13:26:f8,2026-08-14 13:30:46,37.6,52.077742,4.648628,0,Boskoop,NL
Rotterdam,Rotterdam_T2,02:00:00:58:eb:b4,2026-08-14 13:34:56,33.1,52.078497,4.647538,0,Boskoop,NL
Rotterdam,Rotterdam_T2,02:00:00:01:97:de,2026-08-14 13:39:00,34.3,52.075744200514,4.66876566410065,0,Boskoop,NL
Rotterdam,Rotterdam_T2,02:00:00:83:fc:34,2026-08-14 13:40:14,33.4,52.068561,4.737938,0,Bodegraven,NL
Rotterdam,Rotterdam_T2,02:00:00:14:6b:1c,2026-08-14 13:31:22,33.4,52.0701836,4.7547272,0,Bodegraven,NL
Rotterdam,Rotterdam_T2,02:00:00:27:5f:b6,2026-08-14 13:32:04,35.0,52.0735674,4.7571882,0,Bodegraven,NL
Rotterdam,Rotterdam_T2,02:00:00:84:3d:ca,2026-08-14 13:36:45,34.5,52.0727483,4.75790339999998,0,Bodegraven,NL
Rotterdam,Rotterdam_T2,02:00:00:90:a4:f6,2026-08-14 13:37:58,38.8,52.076245,4.762831,0,Bodegraven,NL
Rotterdam,Rotterdam_T2,02:00:00:05:5e:c8,2026-08-14 13:32:13,31.9,52.093931,4.58023799999999,0,Hazerswoude-Dorp,NL
Rotterdam,Rotterdam_T2,02:00:00:65:62:ec,2026-08-14 13:37:37,36.5,52.094814,4.592195,0,Alphen aan den Rijn,NL
Rotterdam,Rotterdam_T2,02:00:00:3a:1c:f0,2026-08-14 13:32:25,33.5,52.0854873657227,4.67949485778809,0,Alphen aan den Rijn,NL
Rotterdam,Rotterdam_T2,02:00:00:c3:d1:8e,2026-08-14 13:37:50,32.5,52.081401,4.74397,0,Bodegraven,NL
Rotterdam,Rotterdam_T2,02:00:00:52:f3:dc,2026-08-14 13:38:20,35.8,52.0846323547526,4.75519414437641,0,Bodegraven,NL
Rotterdam,Rotterdam_T2,02:00:00:02:93:84,2026-08-14 13:37:38,33.6,52.1065561,4.72730620000004,2,Zwammerdam,NL
Rotterdam,Rotterdam_T2,02:00:00:b8:f3:62,2026-08-14 13:34:01,36.7,52.105595,4.728231,2,Zwammerdam,NL
Rotterdam,Rotterdam_T2,02:00:00:b9:15:1e,2026-08-14 13:32:22,32.4,52.107336,4.728494,0,Zwammerdam,NL
Rotterdam,Rotterdam_T2,02:00:00:b9:66:72,2026-08-14 13:35:11,31.6,52.11797,4.63812000000001,0,Alphen aan den Rijn,NL
Rotterdam,Rotterdam_T2,02:00:00:a9:98:16,2026-08-14 13:39:11,35.6,52.114834,4.641565,0,Alphen aan den Rijn,NL
Rotterdam,Rotterdam_T2,02:00:00:b5:10:00,2026-08-14 13:37:38,32.3,52.113394,4.643815,0,Alphen aan den Rijn,NL
Rotterdam,Rotterdam_T2,02:00:00:b9:53:6c,2026-08-14 13:31:36,31.5,52.118332,4.646001,0,Alphen aan den Rijn,NL
Rotterdam,Rotterdam_T2,02:00:00:01:91:4a,2026-08-14 13:31:33,36.0,52.121572,4.670743,0,Alphen aan den Rijn,NL
Rotterdam,Rotterdam_T2,02:00:00:3f:15:be,2026-08-14 13:32:14,37.1,52.1287078622217,4.58709000000001,0,Hazerswoude-Rijndijk,NL
Rotterdam,Rotterdam_T2,02:00:00:9d:1a:9e,2026-08-14 13:39:52,36.1,52.1290793345485,4.5915552598997,1,Hazerswoude-Rijndijk,NL
Rotterdam,Rotterdam_T2,02:00:00:28:b5:10,2026-08-14 13:38:35,37.5,52.131385,4.591423,0,Hazerswoude-Rijndijk,NL
Rotterdam,Rotterdam_T2,02:00:00:90:b0:c2,2026-08-14 13:40:01,38.9,52.129492,4.597735,0,Hazerswoude-Rijndijk,NL
Rotterdam,Rotterdam_T2,02:00:00:b5:2b:60,2026-08-14 13:32:05,35.6,52.1318893432617,4.59803009033203,2,Koudekerk aan den Rijn,NL
Rotterdam,Rotterdam_T2,02:00:00:53:21:ae,2026-08-14 13:34:20,34.9,52.130777,4.606432,1,Koudekerk aan den Rijn,NL
Rotterdam,Rotterdam_T2,02:00:00:37:28:62,2026-08-14 13:40:02,34.7,52.1297193981244,4.65222171507776,0,Alphen aan den Rijn,NL
Rotterdam,Rotterdam_T2,02:00:00:6b:4b:3a,2026-08-14 13:31:16,34.2,52.1320819895829,4.64971125125885,0,Alphen aan den Rijn,NL
Rotterdam,Rotterdam_T2,02:00:00:9c:f8:96,2026-08-14 13:34:10,34.9,52.133517,4.650877,0,Alphen aan den Rijn,NL
Rotterdam,Rotterdam_T2,02:00:00:84:04:58,2026-08-14 13:37:26,34.6,52.1262489,4.6650439,1,Alphen aan den Rijn,NL
Rotterdam,Rotterdam_T2,02:00:00:74:38:e4,2026-08-14 13:39:07,33.9,52.130098,4.66785,1,Alphen aan den Rijn,NL
Rotterdam,Rotterdam_T2,02:00:00:b2:ad:62,2026-08-14 13:35:58,36.6,52.13117,4.66671000000003,2,Alphen aan den Rijn,NL
Rotterdam,Rotterdam_T2,02:00:00:c2:34:94,2026-08-14 13:37:20,35.5,51.799317,4.558534,0,Puttershoek,NL
Rotterdam,Rotterdam_T2,02:00:00:12:80:42,2026-08-14 13:37:01,37.2,51.8035,4.5663,1,Puttershoek,NL
Rotterdam,Rotterdam_T2,02:00:00:bd:01:b0,2026-08-14 13:39:47,37.9,51.800308,4.578861,0,Puttershoek,NL
Rotterdam,Rotterdam_T2,02:00:00:70:37:fe,2026-08-14 13:35:08,34.6,51.801144,4.652298,1,Dordrecht,NL
Rotterdam,Rotterdam_T2,02:00:00:c3:74:de,2026-08-14 13:39:02,33.6,51.79714,4.65988000000005,1,Dordrecht,NL
Rotterdam,Rotterdam_T2,02:00:00:12:cf:60,2026-08-14 13:33:45,31.7,51.798983,4.666386,0,Dordrecht,NL
Rotterdam,Rotterdam_T2,02:00:00:7f:98:ba,2026-08-14 13:39:21,36.1,51.799884,4.678947,1,Dordrecht,NL
Rotterdam,Rotterdam_T2,02:00:00:af:9c:0e,2026-08-14 13:33:16,35.5,51.8053158988865,4.67433844855924,1,Dordrecht,NL
Rotterdam,Rotterdam_T2,02:00:00:a2:59:34,2026-08-14 13:41:07,33.7,51.794101,4.694167,0,Dordrecht,NL
Rotterdam,Rotterdam_T2,02:00:00:05:ff:a0,2026-08-14 13:32:27,36.9,51.7949564,4.70649070000002,0,Dordrecht,NL
Rotterdam,Rotterdam_T2,02:00:00:32:fe:68,2026-08-14 13:35:05,36.2,51.795482,4.705023,0,Dordrecht,NL
Rotterdam,Rotterdam_T2,02:00:00:2e:98:c2,2026-08-14 13:40:12,31.1,51.8027000427246,4.72160005569458,0,Dordrecht,NL
Rotterdam,Rotterdam_T2,02:00:00:ab:e3:7e,2026-08-14 13:35:19,34.4,51.7951201232099,4.73186731338501,1,Dordrecht,NL
Rotterdam,Rotterdam_T2,02:00:00:2f:25:48,2026-08-14 13:39:27,32.0,51.8022,4.7264,0,Dordrecht,NL
Rotterdam,Rotterdam_T2,02:00:00:83:fd:8e,2026-08-14 13:39:19,35.1,51.8074509,4.57323399999998,0,Puttershoek,NL
Rotterdam,Rotterdam_T2,02:00:00:03:5d:90,2026-08-14 13:34:51,34.3,51.8145148947276,4.61673617362976,0,Zwijndrecht,NL
Rotterdam,Rotterdam_T2,02:00:00:a4:87:ca,2026-08-14 13:40:18,36.8,51.8068809509277,4.63342380523682,1,Zwijndrecht,NL
Rotterdam,Rotterdam_T2,02:00:00:06:79:9e,2026-08-14 13:33:19,35.7,51.8092263212837,4.63623495422598,0,Zwijndrecht,NL
Rotterdam,Rotterdam_T2,02:00:00:c3:73:86,2026-08-14 13:37:13,38.0,51.8150071,4.6373981,0,Zwijndrecht,NL
Rotterdam,Rotterdam_T2,02:00:00:31:e5:26,2026-08-14 13:31:13,40.4,51.8192398,4.6432847,1,Zwijndrecht,NL
Rotterdam,Rotterdam_T2,02:00:00:2d:0a:22,2026-08-14 13:33:29,37.7,51.820895,4.643838,0,Zwijndrecht,NL
Rotterdam,Rotterdam_T2,02:00:00:7f:a4:62,2026-08-14 13:31:29,35.8,51.819806,4.652466,0,Zwijndrecht,NL
Rotterdam,Rotterdam_T2,02:00:00:90:71:d0,2026-08-14 13:40:59,33.5,51.8089773,4.6692312,1,Dordrecht,NL
Rotterdam,Rotterdam_T2,02:00:00:53:19:f2,2026-08-14 13:35:05,36.7,51.81028,4.67508,2,Dordrecht,NL
Rotterdam,Rotterdam_T2,02:00:00:34:0a:40,2026-08-14 13:34:22,35.5,51.807678,4.678876,1,Dordrecht,NL
Rotterdam,Rotterdam_T2,02:00:00:02:f9:c0,2026-08-14 13:40:52,32.8,51.8075686,4.68831999999998,2,Dordrecht,NL
Rotterdam,Rotterdam_T2,02:00:00:33:e7:ec,2026-08-14 13:39:31,32.6,51.8094,4.6923,0,Dordrecht,NL
Rotterdam,Rotterdam_T2,02:00:00:b5:47:56,2026-08-14 13:39:23,36.8,51.818188,4.696665,0,Dordrecht,NL
Rotterdam,Rotterdam_T2,02:00:00:74:52:96,2026-08-14 13:34:14,36.2,51.808978,4.712347,1,Dordrecht,NL
Rotterdam,Rotterdam_T2,02:00:00:73:e7:5e,2026-08-14 13:38:28,33.9,51.812169,4.721084,3,Dordrecht,NL
Rotterdam,Rotterdam_T2,02:00:00:03:08:c4,2026-08-14 13:33:07,36.8,51.8260290881141,4.63469352136255,0,Zwijndrecht,NL
Rotterdam,Rotterdam_T2,02:00:00:b5:04:f6,2026-08-14 13:30:49,38.2,51.83483,4.63553300000004,0,Hendrik-Ido-Ambacht,NL
Rotterdam,Rotterdam_T2,02:00:00:3e:ee:6e,2026-08-14 13:33:32,36.9,51.833789,4.638192,0,Hendrik-Ido-Ambacht,NL
Rotterdam,Rotterdam_T2,02:00:00:96:ed:3c,2026-08-14 13:37:37,39.3,51.82454,4.641504,1,Zwijndrecht,NL
Rotterdam,Rotterdam_T2,02:00:00:ab:be:ca,2026-08-14 13:33:33,38.0,51.831313,4.650972,0,Hendrik-Ido-Ambacht,NL
Rotterdam,Rotterdam_T2,02:00:00:90:5e:02,2026-08-14 13:39:26,36.5,51.8328687987182,4.65461719960314,0,Hendrik-Ido-Ambacht,NL
Rotterdam,Rotterdam_T2,02:00:00:3f:04:fa,2026-08-14 13:38:38,31.8,51.830445,4.684899,0,Papendrecht,NL
Rotterdam,Rotterdam_T2,02:00:00:2e:f5:66,2026-08-14 13:33:39,37.0,51.8246479517936,4.69556886943296,3,Papendrecht,NL
Rotterdam,Rotterdam_T2,02:00:00:02:f8:d2,2026-08-14 13:31:51,36.3,51.830784,4.693737,0,Papendrecht,NL
Rotterdam,Rotterdam_T2,02:00:00:05:3a:d4,2026-08-14 13:33:28,34.8,51.835116,4.699154,0,Papendrecht,NL
Rotterdam,Rotterdam_T2,02:00:00:a4:2f:a0,2026-08-14 13:37:04,36.6,51.834282,4.725904,0,Papendrecht,NL
Rotterdam,Rotterdam_T2,02:00:00:2f:14:6c,2026-08-14 13:37:44,31.5,51.827919,4.736224,0,Sliedrecht,NL
Rotterdam,Rotterdam_T2,02:00:00:7a:f4:24,2026-08-14 13:39:47,37.9,51.83135,4.73932,0,Sliedrecht,NL
Rotterdam,Rotterdam_T2,02:00:00:90:63:78,2026-08-14 13:32:04,33.1,51.829632,4.741648,0,Sliedrecht,NL
Rotterdam,Rotterdam_T2,02:00:00:2e:a2:60,2026-08-14 13:38:58,38.8,51.823319,4.769529,2,Sliedrecht,NL
Rotterdam,Rotterdam_T2,02:00:00:b9:51:62,2026-08-14 13:31:45,40.1,51.826993,4.768938,0,Sliedrecht,NL
Rotterdam,Rotterdam_T2,02:00:00:58:e7:dc,2026-08-14 13:37:00,37.9,51.82893,4.7746744,0,Sliedrecht,NL
Rotterdam,Rotterdam_T2,02:00:00:9c:e3:aa,2026-08-14 13:40:33,37.9,51.84917,4.527803,0,Barendrecht,NL
Rotterdam,Rotterdam_T2,02:00:00:c3:9b:62,2026-08-14 13:32:09,38.6,51.849767,4.528578,0,Barendrecht,NL
Rotterdam,Rotterdam_T2,02:00:00:13:6d:1e,2026-08-14 13:30:47,36.1,51.8457068299844,4.53018609416509,0,Barendrecht,NL
Rotterdam,Rotterdam_T2,02:00:00:bd:ca:ee,2026-08-14 13:38:26,34.6,51.837578,4.56538,0,Zwijndrecht,NL
Rotterdam,Rotterdam_T2,02:00:00:53:51:ca,2026-08-14 13:36:04,34.5,51.8461,4.6222,0,Hendrik-Ido-Ambacht,NL
Rotterdam,Rotterdam_T2,02:00:00:a4:32:cc,2026-08-14 13:33:32,35.6,51.837101,4.62578,0,Hendrik-Ido-Ambacht,NL
Rotterdam,Rotterdam_T2,02:00:00:29:5c:dc,2026-08-14 13:38:04,34.6,51.847227,4.627278,0,Hendrik-Ido-Ambacht,NL
Rotterdam,Rotterdam_T2,02:00:00:bd:fd:d2,2026-08-14 13:38:31,34.4,51.8412863280112,4.64518904685974,0,Hendrik-Ido-Ambacht,NL
Rotterdam,Rotterdam_T2,02:00:00:1e:2a:48,2026-08-14 13:34:44,38.2,51.846038,4.644288,0,Hendrik-Ido-Ambacht,NL
Rotterdam,Rotterdam_T2,02:00:00:70:1d:3c,2026-08-14 13:32:48,33.2,51.8370724059415,4.64836530243054,0,Hendrik-Ido-Ambacht,NL
Rotterdam,Rotterdam_T2,02:00:00:13:43:fc,2026-08-14 13:37:05,35.2,51.838594,4.687114,0,Papendrecht,NL
Rotterdam,Rotterdam_T2,02:00:00:05:4f:b4,2026-08-14 13:36:39,35.2,51.837783,4.6947,0,Papendrecht,NL
Rotterdam,Rotterdam_T2,02:00:00:52:ce:60,2026-08-14 13:32:03,34.7,51.837197,4.695891,0,Papendrecht,NL
Rotterdam,Rotterdam_T2,02:00:00:5f:4f:d4,2026-08-14 13:38:23,33.2,51.839607,4.695527,0,Papendrecht,NL
Rotterdam,Rotterdam_T2,02:00:00:58:d4:88,2026-08-14 13:40:27,35.2,51.845867,4.767669,0,Wijngaarden,NL
Rotterdam,Rotterdam_T2,02:00:00:34:01:5c,2026-08-14 13:32:24,39.0,51.851647,4.50759,0,Barendrecht,NL
Rotterdam,Rotterdam_T2,02:00:00:7f:a4:46,2026-08-14 13:36:07,36.3,51.851529,4.522241,0,Barendrecht,NL
Rotterdam,Rotterdam_T2,02:00:00:02:82:f2,2026-08-14 13:37:07,37.6,51.8602367464072,4.50501659125155,0,Barendrecht,NL
Rotterdam,Rotterdam_T2,02:00:00:c3:b2:18,2026-08-14 13:36:14,37.6,51.8521,4.5326,0,Barendrecht,NL
Rotterdam,Rotterdam_T2,02:00:00:c6:1e:9c,2026-08-14 13:32:17,34.7,51.8512913,4.5388609,0,Barendrecht,NL
Rotterdam,Rotterdam_T2,02:00:00:12:da:32,2026-08-14 13:35:14,34.5,51.852342,4.53911900000002,0,Barendrecht,NL
Rotterdam,Rotterdam_T2,02:00:00:b2:c8:82,2026-08-14 13:38:15,33.3,51.851793,4.551932,0,Barendrecht,NL
Rotterdam,Rotterdam_T2,02:00:00:1e:20:3a,2026-08-14 13:31:27,33.2,51.863885,4.618079,2,Ridderkerk,NL
Rotterdam,Rotterdam_T2,02:00:00:c2:3e:26,2026-08-14 13:30:52,38.2,51.8606071472168,4.62559986114502,0,Ridderkerk,NL
Rotterdam,Rotterdam_T2,02:00:00:74:08:42,2026-08-14 13:38:55,35.9,51.8638061815087,4.66653974298046,0,Alblasserdam,NL
Rotterdam,Rotterdam_T2,02:00:00:9d:2a:ae,2026-08-14 13:38:20,34.2,51.8615989685059,4.67215013504028,0,Alblasserdam,NL
Rotterdam,Rotterdam_T2,02:00:00:b2:b0:7e,2026-08-14 13:35:59,32.8,51.863446,4.676466,0,Alblasserdam,NL
Rotterdam,Rotterdam_T2,02:00:00:52:df:62,2026-08-14 13:38:24,34.2,51.873433,4.51783,0,Rotterdam,NL
Rotterdam,Rotterdam_T2,02:00:00:5e:ff:d4,2026-08-14 13:31:23,33.0,51.8771436,4.5560899,0,Rotterdam,NL
Rotterdam,Rotterdam_T2,02:00:00:1c:85:22,2026-08-14 13:33:02,32.2,51.870378,4.58902600000004,0,Ridderkerk,NL
Rotterdam,Rotterdam_T2,02:00:00:00:63:40,2026-08-14 13:30:32,33.9,51.8693408421565,4.5906463265419,0,Ridderkerk,NL
Rotterdam,Rotterdam_T2,02:00:00:04:6c:20,2026-08-14 13:40:04,35.2,51.870793,4.599033,1,Ridderkerk,NL
Rotterdam,Rotterdam_T2,02:00:00:7f:aa:16,2026-08-14 13:30:32,39.5,51.86648,4.60157,1,Ridderkerk,NL
Rotterdam,Rotterdam_T2,02:00:00:2b:1a:52,2026-08-14 13:38:10,37.3,51.867130128204,4.61134004556698,0,Ridderkerk,NL
Rotterdam,Rotterdam_T2,02:00:00:7b:03:7e,2026-08-14 13:38:49,34.1,51.865452,4.621353,0,Ridderkerk,NL
Rotterdam,Rotterdam_T2,02:00:00:1e:29:ba,2026-08-14 13:39:44,35.5,51.8652853599595,4.62251235910136,0,Ridderkerk,NL
Rotterdam,Rotterdam_T2,02:00:00:37:16:28,2026-08-14 13:35:10,34.6,51.872911,4.635849,2,Alblasserdam,NL
Rotterdam,Rotterdam_T2,02:00:00:a4:67:54,2026-08-14 13:38:43,37.2,51.8689765781368,4.65696570119653,0,Alblasserdam,NL
Rotterdam,Rotterdam_T2,02:00:00:a9:93:ca,2026-08-14 13:37:42,33.3,51.8696937561035,4.65859460830688,0,Alblasserdam,NL
Rotterdam,Rotterdam_T2,02:00:00:1e:29:cc,2026-08-14 13:30:42,33.3,51.86924,4.6605825,0,Alblasserdam,NL
Rotterdam,Rotterdam_T2,02:00:00:9d:2a:32,2026-08-14 13:39:05,35.5,51.869708,4.664244,0,Alblasserdam,NL
Rotterdam,Rotterdam_T2,02:00:00:9c:d9:88,2026-08-14 13:31:48,32.7,51.865708,4.672487,0,Alblasserdam,NL
Rotterdam,Rotterdam_T2,02:00:00:a4:89:38,2026-08-14 13:36:38,38.1,51.8930892944336,4.50360250473022,0,Rotterdam,NL
Rotterdam,Rotterdam_T2,02:00:00:c2:2f:c0,2026-08-14 13:39:04,34.2,51.889758,4.545007,1,Rotterdam,NL
Rotterdam,Rotterdam_T2,02:00:00:8d:e1:c2,2026-08-14 13:40:39,32.9,51.8884899381623,4.54850133742931,0,Rotterdam,NL
Rotterdam,Rotterdam_T2,02:00:00:84:0b:be,2026-08-14 13:32:53,39.0,51.889212,4.579173,0,Ridderkerk,NL
Rotterdam,Rotterdam_T2,02:00:00:58:db:7c,2026-08-14 13:36:47,36.9,51.890317,4.584484,0,Ridderkerk,NL
Rotterdam,Rotterdam_T2,02:00:00:a4:31:1c,2026-08-14 13:35:45,37.7,51.879825592041,4.59871816635132,0,Ridderkerk,NL
Rotterdam,Rotterdam_T2,02:00:00:b5:1e:34,2026-08-14 13:31:52,35.7,51.8856163024902,4.63144016265869,0,Kinderdijk,NL
Rotterdam,Rotterdam_T2,02:00:00:52:d7:a6,2026-08-14 13:37:49,37.5,51.8914709229222,4.62865591049194,1,Krimpenerwaard,NL
Rotterdam,Rotterdam_T2,02:00:00:2e:ef:ca,2026-08-14 13:38:43,32.8,51.884896,4.675329,0,Nieuw-Lekkerland,NL
Rotterdam,Rotterdam_T2,02:00:00:6b:33:b2,2026-08-14 13:32:57,35.4,51.88994,4.6878767,1,Nieuw-Lekkerland,NL
Rotterdam,Rotterdam_T2,02:00:00:bd:03:12,2026-08-14 13:38:02,36.7,51.883711,4.713311,0,Nieuw-Lekkerland,NL
Rotterdam,Rotterdam_T2,02:00:00:58:de:d6,2026-08-14 13:24:19,36.5,51.8943,4.5082,0,Rotterdam,NL
Rotterdam,Rotterdam_T2,02:00:00:b5:52:44,2026-08-14 13:32:21,32.1,51.897498,4.521842,3,Rotterdam,NL
Rotterdam,Rotterdam_T2,02:00:00:90:7f:7a,2026-08-14 13:35:05,33.9,51.898163,4.583361,2,Ridderkerk,NL
Rotterdam,Rotterdam_T2,02:00:00:a4:1d:76,2026-08-14 13:36:34,36.7,51.8956518077123,4.58617498801652,2,Ridderkerk,NL
Rotterdam,Rotterdam_T2,02:00:00:02:d1:3e,2026-08-14 13:35:04,39.1,51.8949535894151,4.63425776535564,5,Krimpenerwaard,NL
Rotterdam,Rotterdam_T2,02:00:00:90:f8:1a,2026-08-14 13:33:41,37.1,51.90005,4.74020999999998,0,Streefkerk,NL
Rotterdam,Rotterdam_T2,02:00:00:70:58:6c,2026-08-14 13:30:43,37.5,51.898848,4.7463,0,Streefkerk,NL
Rotterdam,Rotterdam_T2,02:00:00:31:b2:be,2026-08-14 13:40:29,34.3,51.912961,4.502522,0,Rotterdam,NL
Rotterdam,Rotterdam_T2,02:00:00:21:1a:8c,2026-08-14 13:39:22,32.8,51.920843,4.512827,6,Rotterdam,NL
Rotterdam,Rotterdam_T2,02:00:00:00:e9:aa,2026-08-14 13:34:45,37.4,51.916282,4.516513,16,Rotterdam,NL
Rotterdam,Rotterdam_T2,02:00:00:bd:0d:c0,2026-08-14 13:32:08,35.4,51.912598,4.5591,0,Capelle aan den IJssel,NL
Rotterdam,Rotterdam_T2,02:00:00:52:cb:e6,2026-08-14 13:37:02,33.6,51.9176414235296,4.55918770730171,2,Capelle aan den IJssel,NL
Rotterdam,Rotterdam_T2,02:00:00:8d:cf:a6,2026-08-14 13:35:14,34.3,51.912861,4.56011,0,Capelle aan den IJssel,NL
Rotterdam,Rotterdam_T2,02:00:00:6b:2a:74,2026-08-14 13:35:40,31.4,51.910033,4.590531,0,Krimpen aan den IJssel,NL
Rotterdam,Rotterdam_T2,02:00:00:74:33:ba,2026-08-14 13:34:03,38.6,51.917253,4.581886,2,Krimpen aan den IJssel,NL
Rotterdam,Rotterdam_T2,02:00:00:64:24:32,2026-08-14 13:34:19,36.5,51.921873,4.57045,0,Capelle aan den IJssel,NL
Rotterdam,Rotterdam_T2,02:00:00:03:dd:5e,2026-08-14 13:37:14,33.1,51.9143534,4.59623250000004,0,Krimpen aan den IJssel,NL
Rotterdam,Rotterdam_T2,02:00:00:3d:24:60,2026-08-14 13:37:07,34.2,51.9092152187443,4.60752285502784,0,Krimpen aan den IJssel,NL
Rotterdam,Rotterdam_T2,02:00:00:af:7d:d6,2026-08-14 13:34:31,35.6,51.910542,4.610582,0,Krimpen aan den IJssel,NL
Rotterdam,Rotterdam_T2,02:00:00:63:44:d2,2026-08-14 13:31:07,31.4,51.91956969428,4.6570497751236,0,Ouderkerk aan den IJssel,NL
Rotterdam,Rotterdam_T2,02:00:00:34:04:94,2026-08-14 13:35:36,36.5,51.9094901,4.68375689999993,0,Krimpenerwaard,NL
Rotterdam,Rotterdam_T2,02:00:00:03:5d:4c,2026-08-14 13:37:28,34.6,51.92282,4.518588,1,Rotterdam,NL
Rotterdam,Rotterdam_T2,02:00:00:c3:80:a6,2026-08-14 13:34:25,37.5,51.931264,4.550389,0,Rotterdam,NL
Rotterdam,Rotterdam_T2,02:00:00:3c:00:22,2026-08-14 13:39:23,39.5,51.93424,4.553542,0,Rotterdam,NL
Rotterdam,Rotterdam_T2,02:00:00:1c:81:2e,2026-08-14 13:36:02,37.0,51.924802,4.565114,0,Rotterdam,NL
Rotterdam,Rotterdam_T2,02:00:00:28:97:a6,2026-08-14 13:35:36,34.3,51.931049,4.584571,0,Capelle aan den IJssel,NL
Rotterdam,Rotterdam_T2,02:00:00:63:42:f8,2026-08-14 13:40:58,34.9,51.9293733342703,4.59409007318868,0,Capelle aan den IJssel,NL
Rotterdam,Rotterdam_T2,02:00:00:83:d0:98,2026-08-14 13:40:45,31.8,51.929055,4.61168,0,Capelle aan den IJssel,NL
Rotterdam,Rotterdam_T2,02:00:00:c5:38:c2,2026-08-14 13:38:58,33.3,51.93312,4.604641,0,Capelle aan den IJssel,NL
Rotterdam,Rotterdam_T2,02:00:00:5f:3b:64,2026-08-14 13:35:29,30.7,51.934994,4.73829,0,Krimpenerwaard,NL
Rotterdam,Rotterdam_T2,02:00:00:27:89:3a,2026-08-14 13:31:03,40.3,51.949039,4.503576,0,Rotterdam,NL
Rotterdam,Rotterdam_T2,02:00:00:65:4e:e0,2026-08-14 13:36:41,31.6,51.945285,4.535755,0,Rotterdam,NL
Rotterdam,Rotterdam_T2,02:00:00:01:28:b8,2026-08-14 13:34:32,35.9,51.9411495701722,4.56710300000004,0,Capelle aan den IJssel,NL
Rotterdam,Rotterdam_T2,02:00:00:b5:01:6e,2026-08-14 13:38:18,36.2,51.947535,4.577741,0,Capelle aan den IJssel,NL
Rotterdam,Rotterdam_T2,02:00:00:36:d9:ea,2026-08-14 13:33:25,36.7,51.937104,4.611066,0,Capelle aan den IJssel,NL
Rotterdam,Rotterdam_T2,02:00:00:90:c6:f6,2026-08-14 13:40:05,37.1,51.9442388535085,4.70877000000014,0,Berkenwoude,NL
Rotterdam,Rotterdam_T2,02:00:00:13:85:7e,2026-08-14 13:35:23,34.5,51.956141511216,4.50468333618164,0,Rotterdam,NL
Rotterdam,Rotterdam_T2,02:00:00:27:94:a4,2026-08-14 13:35:06,39.7,51.952491,4.51569,0,Rotterdam,NL
Rotterdam,Rotterdam_T2,02:00:00:2f:0f:2e,2026-08-14 13:33:58,32.8,51.9536204,4.5346555,0,Rotterdam,NL
Rotterdam,Rotterdam_T2,02:00:00:90:b5:0c,2026-08-14 13:39:19,31.4,51.954033,4.534729,0,Rotterdam,NL
Rotterdam,Rotterdam_T2,02:00:00:a9:a6:c2,2026-08-14 13:40:41,35.6,51.9637222290039,4.52992153167725,0,Rotterdam,NL
Rotterdam,Rotterdam_T2,02:00:00:03:cb:de,2026-08-14 13:33:13,38.5,51.9617,4.5476,0,Rotterdam,NL
Rotterdam,Rotterdam_T2,02:00:00:bc:ab:08,2026-08-14 13:31:20,36.4,51.955691,4.5518,0,Rotterdam,NL
Rotterdam,Rotterdam_T2,02:00:00:2e:a5:98,2026-08-14 13:33:37,39.2,51.964966611571,4.57781134581205,0,Rotterdam,NL
Rotterdam,Rotterdam_T2,02:00:00:13:43:b2,2026-08-14 13:40:02,36.7,51.9569458952657,4.58524636924699,0,Capelle aan den IJssel,NL
Rotterdam,Rotterdam_T2,02:00:00:3d:14:fc,2026-08-14 13:33:34,35.5,51.955158,4.5867,0,Capelle aan den IJssel,NL
Rotterdam,Rotterdam_T2,02:00:00:52:e9:96,2026-08-14 13:37:24,36.6,51.9518241882324,4.59466314315796,0,Capelle aan den IJssel,NL
Rotterdam,Rotterdam_T2,02:00:00:c2:37:e4,2026-08-14 13:35:09,35.6,51.964299,4.598212,0,Nieuwerkerk aan den IJssel,NL
Rotterdam,Rotterdam_T2,02:00:00:05:7d:2c,2026-08-14 13:36:46,36.4,51.963498,4.61159800000003,0,Nieuwerkerk aan den IJssel,NL
Rotterdam,Rotterdam_T3,02:00:00:63:1a:22,2026-08-14 13:34:11,37.1,51.6236701089152,4.34694113409063,0,Steenbergen,NL
Rotterdam,Rotterdam_T3,02:00:00:c6:2c:46,2026-08-14 13:31:17,37.5,51.631416,4.372295,0,Dinteloord,NL
Rotterdam,Rotterdam_T3,02:00:00:3c:e7:94,2026-08-14 13:32:31,32.3,51.635177,4.37774,0,Dinteloord,NL
Rotterdam,Rotterdam_T3,02:00:00:20:b9:22,2026-08-14 13:36:47,35.8,51.6701335,4.4339254,0,Moerdijk,NL
Rotterdam,Rotterdam_T3,02:00:00:03:c6:e6,2026-08-14 13:34:29,37.3,51.67676,4.280786,1,Achthuizen,NL
Rotterdam,Rotterdam_T3,02:00:00:b4:fb:38,2026-08-14 13:38:12,41.7,51.681307,4.348927,0,Ooltgensplaat,NL
Rotterdam,Rotterdam_T3,02:00:00:27:a4:b8,2026-08-14 13:35:57,36.0,51.6812508926277,4.35058694333247,1,Goeree-Overflakkee,NL
Rotterdam,Rotterdam_T3,02:00:00:b5:8b:d6,2026-08-14 13:31:09,31.3,51.6838863515784,4.44104789634028,0,Moerdijk,NL
Rotterdam,Rotterdam_T3,02:00:00:9c:f8:e2,2026-08-14 13:38:32,33.1,51.68679,4.445939,0,Helwijk,NL
Rotterdam,Rotterdam_T3,02:00:00:a9:e2:48,2026-08-14 13:34:02,34.6,51.701777,4.25903699999997,0,Den Bommel,NL
Rotterdam,Rotterdam_T3,02:00:00:7a:f8:86,2026-08-14 13:40:02,34.0,51.715689,4.281123,0,Den Bommel,NL
Rotterdam,Rotterdam_T3,02:00:00:a4:47:94,2026-08-14 13:36:56,37.7,51.728052,4.43449,0,Numansdorp,NL
Rotterdam,Rotterdam_T3,02:00:00:84:04:a0,2026-08-14 13:37:49,36.5,51.729639,4.443646,0,Numansdorp,NL
Rotterdam,Rotterdam_T3,02:00:00:ab:c1:52,2026-08-14 13:30:59,36.2,51.7272605895996,4.44469356536865,0,Numansdorp,NL
Rotterdam,Rotterdam_T3,02:00:00:a4:79:32,2026-08-14 13:37:01,38.0,51.7287788391113,4.4539942741394,0,Numansdorp,NL
Rotterdam,Rotterdam_T3,02:00:00:2f:24:58,2026-08-14 13:32:57,34.3,51.7388602,4.23624810000001,0,Goeree-Overflakkee,NL
Rotterdam,Rotterdam_T3,02:00:00:a2:1f:5c,2026-08-14 13:35:34,34.1,51.740426,4.44279,0,Numansdorp,NL
Rotterdam,Rotterdam_T3,02:00:00:64:1b:1e,2026-08-14 13:31:17,33.1,51.757112,4.343231,0,Zuid-Beijerland,NL
Rotterdam,Rotterdam_T3,02:00:00:7f:ba:0e,2026-08-14 13:36:27,36.7,51.753811,4.373477,0,Zuid-Beijerland,NL
Rotterdam,Rotterdam_T3,02:00:00:90:98:0e,2026-08-14 13:32:15,37.4,51.751613,4.374019,0,Zuid-Beijerland,NL
Rotterdam,Rotterdam_T3,02:00:00:84:8d:94,2026-08-14 13:36:22,33.6,51.776696,4.324838,0,Zuid-Beijerland,NL
Rotterdam,Rotterdam_T3,02:00:00:bd:1c:46,2026-08-14 13:34:46,37.3,51.767225,4.471495,0,Klaaswaal,NL
Rotterdam,Rotterdam_T3,02:00:00:74:37:3c,2026-08-14 13:34:31,39.9,51.777489,4.487307,0,Strijen,NL
Rotterdam,Rotterdam_T3,02:00:00:3f:02:c2,2026-08-14 13:40:19,34.4,51.7791628378921,4.35718958692851,0,Nieuw-Beijerland,NL
Rotterdam,Rotterdam_T3,02:00:00:ab:e4:a6,2026-08-14 13:34:24,36.6,51.781329,4.365849,0,Hoeksche Waard,NL
Rotterdam,Rotterdam_T3,02:00:00:c3:a9:14,2026-08-14 13:34:48,38.8,51.7901851790411,4.47175113435905,0,Westmaas,NL
Rotterdam,Rotterdam_T3,02:00:00:a9:ac:00,2026-08-14 13:37:06,38.9,51.788327,4.478044,0,Westmaas,NL
