city_area,tile_id,device_id,timestamp_amsterdam,temperature_c,latitude,longitude,altitude_m,location_name,country
Utrecht,Utrecht_T1,02:00:00:a9:7a:0e,2026-08-06 13:47:52,24.2,52.140232,5.0987544,0,Tienhoven,NL
Utrecht,Utrecht_T1,02:00:00:37:12:66,2026-08-06 13:42:10,21.1,52.179145,5.068822,0,Breukeleveen,NL
Utrecht,Utrecht_T1,02:00:00:02:f6:0e,2026-08-06 13:41:01,22.3,52.197652,5.132777,2,Loosdrecht,NL
Utrecht,Utrecht_T1,02:00:00:b0:a9:90,2026-08-06 13:43:41,22.3,52.200455,5.136932,3,Loosdrecht,NL
Utrecht,Utrecht_T1,02:00:00:01:ad:e6,2026-08-06 13:46:17,25.8,52.2024453567653,5.13724302708387,4,Loosdrecht,NL
Utrecht,Utrecht_T1,02:00:00:5f:5a:3c,2026-08-06 13:48:18,24.7,52.203813,5.065594,0,Wijdemeren,NL
Utrecht,Utrecht_T1,02:00:00:64:1b:94,2026-08-06 13:49:37,24.5,52.20692,5.09326999999999,1,Loosdrecht,NL
Utrecht,Utrecht_T1,02:00:00:7a:8e:26,2026-08-06 13:43:41,25.5,52.205303,5.096588,0,Loosdrecht,NL
Utrecht,Utrecht_T1,02:00:00:00:10:50,2026-08-06 13:48:43,23.4,52.2050161837691,5.12837827205658,3,Loosdrecht,NL
Utrecht,Utrecht_T1,02:00:00:7b:01:10,2026-08-06 13:42:23,25.7,52.205692,5.131749,1,Loosdrecht,NL
Utrecht,Utrecht_T1,02:00:00:3c:ed:a2,2026-08-06 13:40:13,22.7,52.204017,5.140781,2,Loosdrecht,NL
Utrecht,Utrecht_T1,02:00:00:b9:7b:2e,2026-08-06 13:46:05,20.7,52.204017,5.140781,2,Loosdrecht,NL
Utrecht,Utrecht_T1,02:00:00:bd:fd:a6,2026-08-06 13:39:19,26.6,52.2087615,5.16269899999998,13,Hilversum,NL
Utrecht,Utrecht_T1,02:00:00:27:70:80,2026-08-06 13:47:07,28.5,52.209459,5.167922,18,Hilversum,NL
Utrecht,Utrecht_T1,02:00:00:b5:4f:02,2026-08-06 13:44:42,23.5,52.2167510750697,5.15140235424042,4,Hilversum,NL
Utrecht,Utrecht_T1,02:00:00:c3:82:e2,2026-08-06 13:47:55,22.9,52.212936,5.157038,6,Hilversum,NL
Utrecht,Utrecht_T1,02:00:00:b9:77:1e,2026-08-06 13:48:18,24.6,52.216747,5.156587,6,Hilversum,NL
Utrecht,Utrecht_T1,02:00:00:01:3a:f2,2026-08-06 13:42:13,23.4,52.2149722583813,5.16004279666198,7,Hilversum,NL
Utrecht,Utrecht_T1,02:00:00:27:9d:5e,2026-08-06 13:46:11,28.4,52.2139047447403,5.17507553100586,15,Hilversum,NL
Utrecht,Utrecht_T1,02:00:00:2c:c0:f8,2026-08-06 13:42:37,23.3,52.215289,5.191587,6,Hilversum,NL
Utrecht,Utrecht_T1,02:00:00:a9:99:4e,2026-08-06 13:45:27,23.0,52.217244,5.19999860000001,6,Hilversum,NL
Utrecht,Utrecht_T1,02:00:00:53:5a:42,2026-08-06 13:44:37,24.0,52.218062,5.125525,1,Hilversum,NL
Utrecht,Utrecht_T1,02:00:00:bc:cd:8a,2026-08-06 13:42:56,27.6,52.2181299999999,5.12974530000001,1,Hilversum,NL
Utrecht,Utrecht_T1,02:00:00:32:e1:fc,2026-08-06 13:46:38,22.1,52.21986,5.138679,0,Hilversum,NL
Utrecht,Utrecht_T1,02:00:00:9c:fe:ea,2026-08-06 13:45:47,22.0,52.221093,5.142468,4,Hilversum,NL
Utrecht,Utrecht_T1,02:00:00:27:41:20,2026-08-06 13:46:31,22.0,52.221503317108,5.17643809318542,7,Hilversum,NL
Utrecht,Utrecht_T1,02:00:00:7f:c0:96,2026-08-06 13:39:48,24.0,52.22016524,5.18491051,8,Hilversum,NL
Utrecht,Utrecht_T1,02:00:00:9b:49:56,2026-08-06 13:47:11,24.1,52.0555172581761,5.07246375001336,1,Nieuwegein,NL
Utrecht,Utrecht_T1,02:00:00:a4:2e:9e,2026-08-06 13:40:16,22.9,52.057163,5.071938,1,Nieuwegein,NL
Utrecht,Utrecht_T1,02:00:00:a9:c0:b8,2026-08-06 13:45:33,22.3,52.058835,5.135174,4,Utrecht,NL
Utrecht,Utrecht_T1,02:00:00:bd:cd:b0,2026-08-06 13:45:25,23.1,52.061641,5.128472,3,Utrecht,NL
Utrecht,Utrecht_T1,02:00:00:bd:dc:c4,2026-08-06 13:40:29,23.0,52.0630189775525,5.12959063053131,4,Utrecht,NL
Utrecht,Utrecht_T1,02:00:00:27:58:00,2026-08-06 13:43:15,22.2,52.06631,5.128964,4,Utrecht,NL
Utrecht,Utrecht_T1,02:00:00:2e:c2:fe,2026-08-06 13:41:38,23.1,52.060052,5.134025,4,Utrecht,NL
Utrecht,Utrecht_T1,02:00:00:3e:ec:de,2026-08-06 13:43:40,25.0,52.0628885050208,5.13711911594507,4,Utrecht,NL
Utrecht,Utrecht_T1,02:00:00:28:ec:80,2026-08-06 13:41:03,22.7,52.065526,5.200063,5,Bunnik,NL
Utrecht,Utrecht_T1,02:00:00:63:34:44,2026-08-06 13:39:36,22.8,52.0706,5.0769,0,Utrecht,NL
Utrecht,Utrecht_T1,02:00:00:02:f3:b2,2026-08-06 13:41:27,23.3,52.0684013366699,5.10129976272583,4,Utrecht,NL
Utrecht,Utrecht_T1,02:00:00:c2:89:3a,2026-08-06 13:46:07,23.1,52.069,5.1024,4,Utrecht,NL
Utrecht,Utrecht_T1,02:00:00:29:08:ec,2026-08-06 13:43:14,24.0,52.072575,5.120578,2,Utrecht,NL
Utrecht,Utrecht_T1,02:00:00:b5:00:ce,2026-08-06 13:41:42,23.5,52.069854,5.12234250000003,4,Utrecht,NL
Utrecht,Utrecht_T1,02:00:00:1e:2a:90,2026-08-06 13:39:04,23.9,52.070201,5.125238,4,Utrecht,NL
Utrecht,Utrecht_T1,02:00:00:a9:bd:4a,2026-08-06 13:41:09,24.9,52.070733,5.127336,4,Utrecht,NL
Utrecht,Utrecht_T1,02:00:00:65:70:6e,2026-08-06 13:41:32,24.5,52.069762,5.187772,3,Bunnik,NL
Utrecht,Utrecht_T1,02:00:00:1b:06:58,2026-08-06 13:40:39,23.8,52.0673070316701,5.19202797330763,5,Bunnik,NL
Utrecht,Utrecht_T1,02:00:00:83:ec:80,2026-08-06 13:47:49,22.5,52.077263,5.0638604,0,Utrecht,NL
Utrecht,Utrecht_T1,02:00:00:90:d2:70,2026-08-06 13:44:46,24.3,52.081236,5.086788,3,Utrecht,NL
Utrecht,Utrecht_T1,02:00:00:12:41:90,2026-08-06 13:31:59,24.9,52.079908,5.110408,3,Utrecht,NL
Utrecht,Utrecht_T1,02:00:00:00:ec:e0,2026-08-06 13:44:22,24.5,52.0783359526579,5.11196332515445,6,Utrecht,NL
Utrecht,Utrecht_T1,02:00:00:a9:6f:60,2026-08-06 13:46:26,23.7,52.079962,5.114904,2,Utrecht,NL
Utrecht,Utrecht_T1,02:00:00:2f:04:02,2026-08-06 13:39:37,25.5,52.08055,5.122316,6,Utrecht,NL
Utrecht,Utrecht_T1,02:00:00:53:25:54,2026-08-06 13:42:17,23.9,52.081985,5.087011,2,Utrecht,NL
Utrecht,Utrecht_T1,02:00:00:2f:06:e0,2026-08-06 13:42:41,24.3,52.085492,5.089611,4,Utrecht,NL
Utrecht,Utrecht_T1,02:00:00:01:04:a2,2026-08-06 13:42:27,22.8,52.086276,5.08958300000004,8,Utrecht,NL
Utrecht,Utrecht_T1,02:00:00:5f:20:4a,2026-08-06 13:44:04,25.3,52.0821,5.108,1,Utrecht,NL
Utrecht,Utrecht_T1,02:00:00:b5:08:94,2026-08-06 13:42:40,24.9,52.0842805951218,5.12355080298444,8,Utrecht,NL
Utrecht,Utrecht_T1,02:00:00:02:9c:e4,2026-08-06 13:43:01,23.7,52.088481,5.143561,2,Utrecht,NL
Utrecht,Utrecht_T1,02:00:00:5f:0e:c2,2026-08-06 13:40:52,25.9,52.085453,5.1514635,1,Utrecht,NL
Utrecht,Utrecht_T1,02:00:00:58:71:a0,2026-08-06 13:41:38,26.0,52.0910855835456,5.06979963657994,0,Utrecht,NL
Utrecht,Utrecht_T1,02:00:00:8d:c3:0e,2026-08-06 13:40:53,25.0,52.09396,5.067146,1,Utrecht,NL
Utrecht,Utrecht_T1,02:00:00:02:ab:72,2026-08-06 13:40:15,22.3,52.089195,5.089759,4,Utrecht,NL
Utrecht,Utrecht_T1,02:00:00:70:58:26,2026-08-06 13:43:51,24.4,52.093772,5.087235,3,Utrecht,NL
Utrecht,Utrecht_T1,02:00:00:b5:3c:02,2026-08-06 13:42:58,22.8,52.0945,5.09406000000001,4,Utrecht,NL
Utrecht,Utrecht_T1,02:00:00:b9:42:72,2026-08-06 13:40:58,22.6,52.0899963378906,5.09774255752563,4,Utrecht,NL
Utrecht,Utrecht_T1,02:00:00:7a:ee:e8,2026-08-06 13:41:32,28.4,52.094554901123,5.10336303710938,4,Utrecht,NL
Utrecht,Utrecht_T1,02:00:00:3c:db:f4,2026-08-06 13:45:37,25.8,52.092422,5.120636,12,Utrecht,NL
Utrecht,Utrecht_T1,02:00:00:bd:cf:26,2026-08-06 13:46:34,23.7,52.0907374,5.12142010000002,18,Utrecht,NL
Utrecht,Utrecht_T1,02:00:00:27:49:d0,2026-08-06 13:46:53,22.2,52.091476,5.122634,10,Utrecht,NL
Utrecht,Utrecht_T1,02:00:00:5f:23:9a,2026-08-06 13:46:14,22.9,52.0947967203465,5.12172407991812,9,Utrecht,NL
Utrecht,Utrecht_T1,02:00:00:5e:ef:2e,2026-08-06 13:39:49,23.4,52.09442,5.134765,6,Utrecht,NL
Utrecht,Utrecht_T1,02:00:00:5f:20:04,2026-08-06 13:47:08,23.1,52.0938845651776,5.13856323934985,6,Utrecht,NL
Utrecht,Utrecht_T1,02:00:00:c3:a6:ae,2026-08-06 13:41:22,24.6,52.0966653034839,5.07333587462335,0,Utrecht,NL
Utrecht,Utrecht_T1,02:00:00:bd:c5:ea,2026-08-06 13:44:11,22.1,52.1026685527433,5.09375521405393,1,Utrecht,NL
Utrecht,Utrecht_T1,02:00:00:02:bd:78,2026-08-06 13:43:29,23.6,52.1013615,5.09969620000004,3,Utrecht,NL
Utrecht,Utrecht_T1,02:00:00:52:d7:a4,2026-08-06 13:48:57,22.9,52.101415,5.10791,5,Utrecht,NL
Utrecht,Utrecht_T1,02:00:00:28:df:e8,2026-08-06 13:49:16,23.8,52.09981,5.11318999999998,4,Utrecht,NL
Utrecht,Utrecht_T1,02:00:00:b5:97:f6,2026-08-06 13:45:51,24.8,52.100982,5.113231,4,Utrecht,NL
Utrecht,Utrecht_T1,02:00:00:3c:f5:5e,2026-08-06 13:47:50,22.8,52.095871,5.131864,3,Utrecht,NL
Utrecht,Utrecht_T1,02:00:00:a4:41:f0,2026-08-06 13:47:06,24.5,52.10156,5.1217494,3,Utrecht,NL
Utrecht,Utrecht_T1,02:00:00:84:71:14,2026-08-06 13:46:34,22.1,52.09809,5.1227045,4,Utrecht,NL
Utrecht,Utrecht_T1,02:00:00:29:5e:d2,2026-08-06 13:47:33,23.2,52.097858,5.137552,1,Utrecht,NL
Utrecht,Utrecht_T1,02:00:00:2c:9c:64,2026-08-06 13:48:41,24.6,52.098562,5.141,4,Utrecht,NL
Utrecht,Utrecht_T1,02:00:00:01:91:12,2026-08-06 13:48:43,24.7,52.096668,5.141989,6,Utrecht,NL
Utrecht,Utrecht_T1,02:00:00:28:cf:22,2026-08-06 13:48:18,22.5,52.107056,5.121125,2,Utrecht,NL
Utrecht,Utrecht_T1,02:00:00:03:ca:56,2026-08-06 13:45:45,21.9,52.106408,5.125732,3,Utrecht,NL
Utrecht,Utrecht_T1,02:00:00:ab:f3:a4,2026-08-06 13:43:35,21.9,52.110018,5.128991,2,Utrecht,NL
Utrecht,Utrecht_T1,02:00:00:02:a5:b6,2026-08-06 13:43:22,24.8,52.104958,5.13533300000003,4,Utrecht,NL
Utrecht,Utrecht_T1,02:00:00:b5:0b:b6,2026-08-06 13:41:24,24.3,52.1083564758301,5.13924789428711,2,Utrecht,NL
Utrecht,Utrecht_T1,02:00:00:7f:c5:ac,2026-08-06 13:46:01,21.9,52.106043,5.143182,5,Utrecht,NL
Utrecht,Utrecht_T1,02:00:00:58:d2:58,2026-08-06 13:42:42,24.1,52.104095,5.144752,0,Utrecht,NL
Utrecht,Utrecht_T1,02:00:00:14:60:ec,2026-08-06 13:45:21,25.8,52.106249,5.171551,3,De Bilt,NL
Utrecht,Utrecht_T1,02:00:00:a2:02:8a,2026-08-06 13:46:44,24.7,52.106261,5.177714,5,De Bilt,NL
Utrecht,Utrecht_T1,02:00:00:a2:38:90,2026-08-06 13:45:46,25.5,52.107,5.1878,6,De Bilt,NL
Utrecht,Utrecht_T1,02:00:00:70:4e:ba,2026-08-06 13:39:33,23.8,52.112316,5.090597,1,Utrecht,NL
Utrecht,Utrecht_T1,02:00:00:a4:15:94,2026-08-06 13:44:06,23.1,52.116599,5.10793100000013,4,Utrecht,NL
Utrecht,Utrecht_T1,02:00:00:01:d1:6c,2026-08-06 13:40:25,24.7,52.1147232055664,5.11503601074219,7,Utrecht,NL
Utrecht,Utrecht_T1,02:00:00:a9:a9:ac,2026-08-06 13:40:28,24.2,52.11504,5.11446000000007,4,Utrecht,NL
Utrecht,Utrecht_T1,02:00:00:33:fc:c2,2026-08-06 13:45:23,22.1,52.112909,5.143128,1,Utrecht,NL
Utrecht,Utrecht_T1,02:00:00:a2:28:d4,2026-08-06 13:39:25,24.6,52.11298,5.176283,3,De Bilt,NL
Utrecht,Utrecht_T1,02:00:00:74:4f:c6,2026-08-06 13:45:55,24.0,52.114273,5.1778874,5,De Bilt,NL
Utrecht,Utrecht_T1,02:00:00:37:16:9a,2026-08-06 13:46:59,22.2,52.1209042,5.0716415,1,Utrecht,NL
Utrecht,Utrecht_T1,02:00:00:b5:07:da,2026-08-06 13:49:18,23.9,52.1185,5.0885,0,Utrecht,NL
Utrecht,Utrecht_T1,02:00:00:9d:2a:ee,2026-08-06 13:48:35,25.2,52.1226012257881,5.09323120411752,2,Utrecht,NL
Utrecht,Utrecht_T1,02:00:00:a9:78:64,2026-08-06 13:43:13,25.6,52.12185,5.114306,4,Utrecht,NL
Utrecht,Utrecht_T1,02:00:00:af:6f:c0,2026-08-06 13:46:17,25.2,52.1203433,5.1160012,4,Utrecht,NL
Utrecht,Utrecht_T1,02:00:00:63:2e:78,2026-08-06 13:40:33,24.5,52.124311,5.149015,3,Groenekan,NL
Utrecht,Utrecht_T1,02:00:00:74:0c:be,2026-08-06 13:45:27,22.7,52.118581,5.18077,3,Bilthoven,NL
Utrecht,Utrecht_T1,02:00:00:2e:bd:ce,2026-08-06 13:42:24,23.0,52.122233,5.200776,10,Bilthoven,NL
Utrecht,Utrecht_T1,02:00:00:a4:87:ec,2026-08-06 13:49:51,22.8,52.1316666043838,5.09194861301635,0,Utrecht,NL
Utrecht,Utrecht_T1,02:00:00:7f:b2:0e,2026-08-06 13:45:35,21.9,52.127119,5.100939,4,Utrecht,NL
Utrecht,Utrecht_T1,02:00:00:b5:6e:3a,2026-08-06 13:40:07,22.2,52.124991,5.158267,4,De Bilt,NL
Utrecht,Utrecht_T1,02:00:00:a2:45:c2,2026-08-06 13:42:41,28.2,52.130604,5.188466,5,Bilthoven,NL
Utrecht,Utrecht_T1,02:00:00:33:2d:6a,2026-08-06 13:40:52,24.1,52.1263389,5.1944393,6,De Bilt,NL
Utrecht,Utrecht_T1,02:00:00:c3:99:f6,2026-08-06 13:43:38,22.5,52.125972,5.199792,6,Bilthoven,NL
Utrecht,Utrecht_T1,02:00:00:36:a3:68,2026-08-06 13:39:02,23.5,52.12822,5.20124999999999,8,Bilthoven,NL
Utrecht,Utrecht_T1,02:00:00:7a:ff:64,2026-08-06 13:39:54,23.6,52.132211,5.197475,3,Bilthoven,NL
Utrecht,Utrecht_T1,02:00:00:2c:9c:48,2026-08-06 13:47:20,22.6,52.140412,5.009436,0,Stichtse Vecht,NL
Utrecht,Utrecht_T1,02:00:00:01:50:b6,2026-08-06 13:47:45,25.7,52.1411799412661,5.01502234507166,0,Maarssen,NL
Utrecht,Utrecht_T1,02:00:00:13:51:2c,2026-08-06 13:39:45,21.8,52.1396417101006,5.0186761524582,0,Maarssen,NL
Utrecht,Utrecht_T1,02:00:00:9c:f9:4a,2026-08-06 13:47:35,21.7,52.1400375366211,5.04170799255371,2,Maarssen,NL
Utrecht,Utrecht_T1,02:00:00:00:f7:a2,2026-08-06 13:40:19,21.7,52.1404276175265,5.04727728441715,2,Stichtse Vecht,NL
Utrecht,Utrecht_T1,02:00:00:1c:40:12,2026-08-06 13:42:04,21.4,52.145925,5.043263,0,Maarssen,NL
Utrecht,Utrecht_T1,02:00:00:2c:b8:78,2026-08-06 13:49:10,24.9,52.1517178597221,4.94924400000001,0,Kockengen,NL
Utrecht,Utrecht_T1,02:00:00:9d:25:4e,2026-08-06 13:39:16,22.1,52.15058,4.95477000000003,0,Kockengen,NL
Utrecht,Utrecht_T1,02:00:00:05:38:88,2026-08-06 13:45:43,24.1,52.1500807019266,5.03824532032017,0,Maarssen,NL
Utrecht,Utrecht_T1,02:00:00:27:6f:7e,2026-08-06 13:39:46,24.9,52.150683,5.039803,0,Stichtse Vecht,NL
Utrecht,Utrecht_T1,02:00:00:9b:60:ca,2026-08-06 13:44:32,24.0,52.1661071777344,4.99944877624512,0,Stichtse Vecht,NL
Utrecht,Utrecht_T1,02:00:00:31:b2:30,2026-08-06 13:42:50,24.4,52.179563,5.020723,0,Breukelen,NL
Utrecht,Utrecht_T1,02:00:00:27:a6:98,2026-08-06 13:41:43,24.8,52.177905,5.023052,0,Breukelen,NL
Utrecht,Utrecht_T1,02:00:00:9b:59:44,2026-08-06 13:41:11,21.8,52.175474,5.027806,0,Breukelen,NL
Utrecht,Utrecht_T1,02:00:00:3f:28:4e,2026-08-06 13:42:41,25.2,52.1885295082791,4.98983681201935,0,Nieuwer Ter Aa,NL
Utrecht,Utrecht_T1,02:00:00:37:28:66,2026-08-06 13:40:07,23.7,52.208307,4.923314,0,Vinkeveen,NL
Utrecht,Utrecht_T1,02:00:00:1f:7e:84,2026-08-06 13:40:36,21.9,52.208085,5.015193,0,Loenen aan de Vecht,NL
Utrecht,Utrecht_T1,02:00:00:5e:f1:70,2026-08-06 13:39:24,22.2,52.209506,5.015637,0,Loenen aan de Vecht,NL
Utrecht,Utrecht_T1,02:00:00:bc:d2:3a,2026-08-06 13:44:57,25.8,52.2071006719862,5.01808721691921,0,Loenen aan de Vecht,NL
Utrecht,Utrecht_T1,02:00:00:70:39:30,2026-08-06 13:44:54,21.7,52.2132735899086,4.92226205035142,0,Vinkeveen,NL
Utrecht,Utrecht_T1,02:00:00:14:48:30,2026-08-06 13:46:10,24.7,52.214024,5.026552,0,Loenen aan de Vecht,NL
Utrecht,Utrecht_T1,02:00:00:2b:23:dc,2026-08-06 13:39:00,24.0,52.052497,4.955131,1,Montfoort,NL
Utrecht,Utrecht_T1,02:00:00:b4:f2:26,2026-08-06 13:41:36,25.7,52.0714492797852,5.05338478088379,0,Utrecht,NL
Utrecht,Utrecht_T1,02:00:00:c2:4e:14,2026-08-06 13:47:00,21.9,52.080025,5.00642199999999,0,Utrecht,NL
Utrecht,Utrecht_T1,02:00:00:c2:8a:9a,2026-08-06 13:44:39,22.7,52.078398,5.01515069999999,0,Utrecht,NL
Utrecht,Utrecht_T1,02:00:00:64:15:e6,2026-08-06 13:42:51,23.1,52.07943,5.0167677,0,Utrecht,NL
Utrecht,Utrecht_T1,02:00:00:27:5f:76,2026-08-06 13:47:44,23.5,52.077418,5.020574,0,Utrecht,NL
Utrecht,Utrecht_T1,02:00:00:29:3e:f6,2026-08-06 13:39:32,21.7,52.078198,5.020616,0,Utrecht,NL
Utrecht,Utrecht_T1,02:00:00:a4:3e:00,2026-08-06 13:42:13,24.7,52.0758920140845,5.0307848067002,0,Utrecht,NL
Utrecht,Utrecht_T1,02:00:00:2b:5f:7e,2026-08-06 13:43:27,22.5,52.079872,5.030363,1,Utrecht,NL
Utrecht,Utrecht_T1,02:00:00:17:7b:70,2026-08-06 13:48:49,22.0,52.0873338,4.9699941,1,Woerden,NL
Utrecht,Utrecht_T1,02:00:00:32:e1:b0,2026-08-06 13:47:54,21.6,52.085795,5.014428,0,Utrecht,NL
Utrecht,Utrecht_T1,02:00:00:63:4a:60,2026-08-06 13:43:45,22.2,52.08632,5.026208,1,Utrecht,NL
Utrecht,Utrecht_T1,02:00:00:5f:5e:f6,2026-08-06 13:39:50,24.3,52.082204,5.032968,3,Utrecht,NL
Utrecht,Utrecht_T1,02:00:00:a4:6c:14,2026-08-06 13:41:08,25.1,52.082503,5.035357,2,Utrecht,NL
Utrecht,Utrecht_T1,02:00:00:84:0d:58,2026-08-06 13:47:03,22.8,52.083796,5.042289,0,Utrecht,NL
Utrecht,Utrecht_T1,02:00:00:2e:9f:46,2026-08-06 13:47:03,24.4,52.0872737363844,5.0397069563345,1,Utrecht,NL
Utrecht,Utrecht_T1,02:00:00:a9:91:b2,2026-08-06 13:47:23,21.8,52.0840520546178,5.0466138124466,0,Utrecht,NL
Utrecht,Utrecht_T1,02:00:00:63:1e:24,2026-08-06 13:43:00,23.6,52.0841807,5.0583297,1,Utrecht,NL
Utrecht,Utrecht_T1,02:00:00:c2:3c:a4,2026-08-06 13:46:56,21.4,52.088304,5.055145,0,Utrecht,NL
Utrecht,Utrecht_T1,02:00:00:a2:64:3a,2026-08-06 13:44:12,24.5,52.08912,4.955397,1,Woerden,NL
Utrecht,Utrecht_T1,02:00:00:04:6b:b2,2026-08-06 13:40:47,21.7,52.0890216,4.95978960000002,2,Woerden,NL
Utrecht,Utrecht_T1,02:00:00:27:67:9e,2026-08-06 13:46:14,23.0,52.0939775908876,4.95844790679508,1,Woerden,NL
Utrecht,Utrecht_T1,02:00:00:7f:a0:a8,2026-08-06 13:45:23,22.9,52.0889488341052,4.96163483170568,0,Woerden,NL
Utrecht,Utrecht_T1,02:00:00:1c:5a:c4,2026-08-06 13:39:00,22.4,52.091265,4.999434,0,Utrecht,NL
Utrecht,Utrecht_T1,02:00:00:b2:b3:4e,2026-08-06 13:41:14,21.3,52.094791,5.001589,0,Utrecht,NL
Utrecht,Utrecht_T1,02:00:00:b5:b1:bc,2026-08-06 13:49:17,21.8,52.095,5.0099,0,Utrecht,NL
Utrecht,Utrecht_T1,02:00:00:83:ba:de,2026-08-06 13:40:14,21.6,52.092913,5.013408,0,Utrecht,NL
Utrecht,Utrecht_T1,02:00:00:34:05:ae,2026-08-06 13:40:23,25.2,52.091745,5.01907,1,Utrecht,NL
Utrecht,Utrecht_T1,02:00:00:c2:47:80,2026-08-06 13:42:23,22.1,52.0893016,5.03434910000001,0,Utrecht,NL
Utrecht,Utrecht_T1,02:00:00:64:2b:54,2026-08-06 13:41:53,23.6,52.0939815413722,5.04236700868549,0,Utrecht,NL
Utrecht,Utrecht_T1,02:00:00:2b:42:7a,2026-08-06 13:46:52,23.9,52.0941,5.0504,2,Utrecht,NL
Utrecht,Utrecht_T1,02:00:00:84:a8:4e,2026-08-06 13:41:54,23.7,52.093351,5.054574,0,Utrecht,NL
Utrecht,Utrecht_T1,02:00:00:70:38:92,2026-08-06 13:42:34,22.0,52.099754,4.997049,0,Utrecht,NL
Utrecht,Utrecht_T1,02:00:00:22:ad:c6,2026-08-06 13:43:12,23.7,52.102223,5.009766,0,Utrecht,NL
Utrecht,Utrecht_T1,02:00:00:5e:e2:2e,2026-08-06 13:46:23,22.8,52.0987673336394,5.01320895590376,0,Utrecht,NL
Utrecht,Utrecht_T1,02:00:00:bd:d9:bc,2026-08-06 13:46:44,22.7,52.1012649536133,5.01841592788696,1,Utrecht,NL
Utrecht,Utrecht_T1,02:00:00:a9:50:38,2026-08-06 13:40:07,22.1,52.098376,5.039789,0,Utrecht,NL
Utrecht,Utrecht_T1,02:00:00:01:86:10,2026-08-06 13:42:10,22.3,52.09855,5.039822,0,Utrecht,NL
Utrecht,Utrecht_T1,02:00:00:bd:c9:2c,2026-08-06 13:44:48,21.5,52.099041,5.042377,0,Utrecht,NL
Utrecht,Utrecht_T1,02:00:00:73:be:5a,2026-08-06 13:49:01,22.6,52.097817,5.051997,3,Utrecht,NL
Utrecht,Utrecht_T1,02:00:00:01:a1:ee,2026-08-06 13:39:55,23.1,52.0960000139971,5.0595535031938,0,Utrecht,NL
Utrecht,Utrecht_T1,02:00:00:3e:ec:2c,2026-08-06 13:42:16,24.8,52.0968945722032,5.05947500118808,0,Utrecht,NL
Utrecht,Utrecht_T1,02:00:00:2c:f6:ae,2026-08-06 13:42:52,23.0,52.106163,4.981696,0,Utrecht,NL
Utrecht,Utrecht_T1,02:00:00:84:78:2c,2026-08-06 13:41:31,24.4,52.1067630675542,5.02126398724257,1,Utrecht,NL
Utrecht,Utrecht_T1,02:00:00:31:cb:18,2026-08-06 13:48:58,24.4,52.1073892613559,5.02463787381133,0,Utrecht,NL
Utrecht,Utrecht_T1,02:00:00:84:24:48,2026-08-06 13:45:20,22.3,52.1050731,5.0346819,1,Utrecht,NL
Utrecht,Utrecht_T1,02:00:00:32:ed:e0,2026-08-06 13:46:35,21.9,52.1070404052734,5.03613185882568,0,Utrecht,NL
Utrecht,Utrecht_T1,02:00:00:64:3e:bc,2026-08-06 13:42:54,24.3,52.115205,5.007731,0,Utrecht,NL
Utrecht,Utrecht_T1,02:00:00:84:79:a0,2026-08-06 13:41:00,23.9,52.114201,5.01126,0,Utrecht,NL
Utrecht,Utrecht_T1,02:00:00:a9:4b:60,2026-08-06 13:43:20,23.5,52.119961,4.99775200000006,3,Utrecht,NL
Utrecht,Utrecht_T1,02:00:00:1c:6e:60,2026-08-06 13:41:17,24.8,52.121309,5.030174,0,Maarssen,NL
Utrecht,Utrecht_T1,02:00:00:5f:44:54,2026-08-06 13:46:59,23.5,52.12292,5.031376,0,Maarssen,NL
Utrecht,Utrecht_T1,02:00:00:22:a9:96,2026-08-06 13:48:28,26.3,52.122375,5.033245,0,Stichtse Vecht,NL
Utrecht,Utrecht_T1,02:00:00:3d:25:42,2026-08-06 13:46:01,21.3,52.135743,5.016961,0,Maarssen,NL
Utrecht,Utrecht_T1,02:00:00:29:08:b2,2026-08-06 13:46:12,23.5,52.138664,5.0182734,0,Maarssen,NL
Utrecht,Utrecht_T1,02:00:00:05:4f:28,2026-08-06 13:45:38,22.1,52.133111,5.035686,0,Stichtse Vecht,NL
Utrecht,Utrecht_T1,02:00:00:a9:65:bc,2026-08-06 13:49:05,25.5,52.1340026855469,5.04215478897095,1,Maarssen,NL
Utrecht,Utrecht_T1,02:00:00:2c:75:f4,2026-08-06 13:43:42,21.9,52.1375923156738,5.05607128143311,1,Stichtse Vecht,NL
Utrecht,Utrecht_T2,02:00:00:74:07:28,2026-08-06 13:47:43,23.1,52.145235,5.210172,10,Bilthoven,NL
Utrecht,Utrecht_T2,02:00:00:c2:35:ac,2026-08-06 13:41:01,22.9,52.1459370151422,5.21551547366956,7,Bilthoven,NL
Utrecht,Utrecht_T2,02:00:00:7f:c4:6a,2026-08-06 13:40:09,22.9,52.1425225952839,5.23391006287104,10,Zeist,NL
Utrecht,Utrecht_T2,02:00:00:74:64:38,2026-08-06 13:40:55,29.6,52.1411243623068,5.23903367633706,11,Zeist,NL
Utrecht,Utrecht_T2,02:00:00:b5:78:d6,2026-08-06 13:43:47,24.2,52.146778,5.237025,10,Zeist,NL
Utrecht,Utrecht_T2,02:00:00:5f:15:c0,2026-08-06 13:46:53,25.0,52.16024,5.215069,6,Bilthoven,NL
Utrecht,Utrecht_T2,02:00:00:a2:74:3e,2026-08-06 13:47:53,25.5,52.1600980139711,5.28715847486947,6,Soest,NL
Utrecht,Utrecht_T2,02:00:00:a2:74:d8,2026-08-06 13:44:33,23.7,52.159536,5.30479100000001,8,Soest,NL
Utrecht,Utrecht_T2,02:00:00:a4:1a:b8,2026-08-06 13:45:33,24.2,52.15949,5.305391,9,Soest,NL
Utrecht,Utrecht_T2,02:00:00:5e:f9:a8,2026-08-06 13:40:42,22.8,52.1556,5.3078,17,Soest,NL
Utrecht,Utrecht_T2,02:00:00:00:4a:16,2026-08-06 13:40:21,22.3,52.158649,5.33553899999997,6,Soest,NL
Utrecht,Utrecht_T2,02:00:00:7a:8f:48,2026-08-06 13:39:36,23.7,52.161646,5.287263,6,Soest,NL
Utrecht,Utrecht_T2,02:00:00:31:ea:a8,2026-08-06 13:41:31,25.2,52.166694,5.293944,4,Soest,NL
Utrecht,Utrecht_T2,02:00:00:2f:27:36,2026-08-06 13:39:42,23.3,52.1619163569313,5.29985212608884,7,Soest,NL
Utrecht,Utrecht_T2,02:00:00:03:b6:1e,2026-08-06 13:40:43,25.5,52.160626,5.3011,7,Soest,NL
Utrecht,Utrecht_T2,02:00:00:b9:6e:74,2026-08-06 13:46:08,23.7,52.162275,5.303515,5,Soest,NL
Utrecht,Utrecht_T2,02:00:00:70:4e:b4,2026-08-06 13:40:34,23.4,52.1610313078006,5.31033632946336,7,Soest,NL
Utrecht,Utrecht_T2,02:00:00:27:55:54,2026-08-06 13:45:31,24.0,52.161317,5.311697,10,Soest,NL
Utrecht,Utrecht_T2,02:00:00:3f:6d:36,2026-08-06 13:46:05,25.9,52.1615414,5.3120704,10,Soest,NL
Utrecht,Utrecht_T2,02:00:00:9d:12:d6,2026-08-06 13:43:55,21.3,52.173973,5.267367,3,Soest,NL
Utrecht,Utrecht_T2,02:00:00:83:cc:cc,2026-08-06 13:42:56,23.5,52.1690789466029,5.27412414550781,2,Soest,NL
Utrecht,Utrecht_T2,02:00:00:3c:17:5e,2026-08-06 13:40:29,25.6,52.174072,5.286707,4,Soest,NL
Utrecht,Utrecht_T2,02:00:00:ab:f5:36,2026-08-06 13:47:01,22.4,52.167732,5.294024,6,Soest,NL
Utrecht,Utrecht_T2,02:00:00:6b:39:c6,2026-08-06 13:45:13,23.2,52.174175,5.287441,4,Soest,NL
Utrecht,Utrecht_T2,02:00:00:1e:02:2c,2026-08-06 13:48:26,24.2,52.1752333,5.2742121,3,Soest,NL
Utrecht,Utrecht_T2,02:00:00:a9:e6:ca,2026-08-06 13:45:19,23.4,52.1806831359863,5.27848291397095,7,Soest,NL
Utrecht,Utrecht_T2,02:00:00:c2:40:46,2026-08-06 13:41:06,22.5,52.1801791426243,5.30147091530403,12,Soest,NL
Utrecht,Utrecht_T2,02:00:00:c3:a7:7e,2026-08-06 13:45:39,22.6,52.1838930347472,5.27600772213758,5,Soest,NL
Utrecht,Utrecht_T2,02:00:00:b4:e8:ee,2026-08-06 13:44:47,23.9,52.185532,5.296697,9,Soest,NL
Utrecht,Utrecht_T2,02:00:00:b2:be:4a,2026-08-06 13:42:21,23.4,52.182134,5.302085,8,Soest,NL
Utrecht,Utrecht_T2,02:00:00:7a:b5:60,2026-08-06 13:49:09,22.9,52.189513,5.28451299999998,7,Soest,NL
Utrecht,Utrecht_T2,02:00:00:1d:ec:aa,2026-08-06 13:46:51,24.7,52.190209,5.284914,3,Soest,NL
Utrecht,Utrecht_T2,02:00:00:6b:5e:00,2026-08-06 13:47:23,23.5,52.18958,5.285416,3,Soest,NL
Utrecht,Utrecht_T2,02:00:00:5e:fd:72,2026-08-06 13:41:18,24.3,52.1916211079577,5.29531314838943,2,Baarn,NL
Utrecht,Utrecht_T2,02:00:00:74:36:ec,2026-08-06 13:44:44,26.6,52.1987916,5.29681810000006,0,Baarn,NL
Utrecht,Utrecht_T2,02:00:00:b5:a7:2e,2026-08-06 13:43:25,24.3,52.204551,5.29403400000005,4,Baarn,NL
Utrecht,Utrecht_T2,02:00:00:05:5e:4c,2026-08-06 13:46:07,23.4,52.208508,5.285955,8,Baarn,NL
Utrecht,Utrecht_T2,02:00:00:5e:da:38,2026-08-06 13:42:34,23.0,52.20741,5.289788,8,Baarn,NL
Utrecht,Utrecht_T2,02:00:00:5e:ff:d6,2026-08-06 13:46:33,21.6,52.2067815282989,5.29985652570758,2,Baarn,NL
Utrecht,Utrecht_T2,02:00:00:03:a5:92,2026-08-06 13:43:47,23.2,52.205826,5.303774,1,Baarn,NL
Utrecht,Utrecht_T2,02:00:00:6b:4e:c2,2026-08-06 13:42:17,24.8,52.205954,5.303684,1,Baarn,NL
Utrecht,Utrecht_T2,02:00:00:9b:5d:8c,2026-08-06 13:44:28,23.9,52.2144057,5.2672261,15,Baarn,NL
Utrecht,Utrecht_T2,02:00:00:53:56:18,2026-08-06 13:43:10,22.1,52.216041,5.267333,13,Baarn,NL
Utrecht,Utrecht_T2,02:00:00:73:a9:6a,2026-08-06 13:45:35,23.1,52.211376,5.2808995,14,Baarn,NL
Utrecht,Utrecht_T2,02:00:00:b5:a6:f4,2026-08-06 13:46:31,21.6,52.2157187,5.28150870000002,6,Baarn,NL
Utrecht,Utrecht_T2,02:00:00:1e:21:48,2026-08-06 13:46:20,21.6,52.215519,5.288773,6,Baarn,NL
Utrecht,Utrecht_T2,02:00:00:b2:ca:86,2026-08-06 13:43:48,23.8,52.211498260498,5.29220008850098,8,Baarn,NL
Utrecht,Utrecht_T2,02:00:00:90:7d:3c,2026-08-06 13:44:22,25.1,52.214039,5.301358,4,Baarn,NL
Utrecht,Utrecht_T2,02:00:00:64:24:30,2026-08-06 13:45:38,23.2,52.2223117937543,5.20657381176758,7,Hilversum,NL
Utrecht,Utrecht_T2,02:00:00:5e:d4:3c,2026-08-06 13:48:35,22.2,52.2219,5.2869,0,Kortenhoef,NL
Utrecht,Utrecht_T2,02:00:00:3f:5b:90,2026-08-06 13:44:33,23.6,52.2184876,5.2895261,3,Baarn,NL
Utrecht,Utrecht_T2,02:00:00:7f:da:5c,2026-08-06 13:43:38,23.5,52.0531304369579,5.22815108299255,4,Odijk,NL
Utrecht,Utrecht_T2,02:00:00:6b:5c:40,2026-08-06 13:39:03,23.2,52.054557,5.231227,4,Odijk,NL
Utrecht,Utrecht_T2,02:00:00:6b:66:fe,2026-08-06 13:43:36,22.9,52.054769,5.232745,4,Bunnik,NL
Utrecht,Utrecht_T2,02:00:00:83:93:78,2026-08-06 13:46:10,24.4,52.055734,5.266538,4,Driebergen-Rijsenburg,NL
Utrecht,Utrecht_T2,02:00:00:6b:48:fa,2026-08-06 13:48:48,22.8,52.054625,5.268526,6,Driebergen-Rijsenburg,NL
Utrecht,Utrecht_T2,02:00:00:c2:2d:da,2026-08-06 13:46:11,21.7,52.058667,5.280097,10,Driebergen-Rijsenburg,NL
Utrecht,Utrecht_T2,02:00:00:b2:c5:82,2026-08-06 13:35:42,21.7,52.053513,5.28343899999996,7,Driebergen-Rijsenburg,NL
Utrecht,Utrecht_T2,02:00:00:05:4c:fe,2026-08-06 13:45:17,22.2,52.05599,5.302302,8,Driebergen-Rijsenburg,NL
Utrecht,Utrecht_T2,02:00:00:53:4b:f6,2026-08-06 13:44:50,24.0,52.0663334077756,5.27181981444309,7,Utrechtse Heuvelrug,NL
Utrecht,Utrecht_T2,02:00:00:5f:31:da,2026-08-06 13:49:26,22.3,52.060634,5.303621,9,Driebergen-Rijsenburg,NL
Utrecht,Utrecht_T2,02:00:00:69:2d:ce,2026-08-06 13:39:48,24.0,52.0776864965393,5.21996678862774,2,Zeist,NL
Utrecht,Utrecht_T2,02:00:00:2c:8c:8e,2026-08-06 13:41:05,24.6,52.076028,5.223584,3,Zeist,NL
Utrecht,Utrecht_T2,02:00:00:b5:95:b6,2026-08-06 13:47:38,24.8,52.076054,5.2236304,3,Zeist,NL
Utrecht,Utrecht_T2,02:00:00:1e:2b:70,2026-08-06 13:41:09,24.0,52.077486,5.262767,7,Zeist,NL
Utrecht,Utrecht_T2,02:00:00:22:e9:30,2026-08-06 13:46:57,23.5,52.0765091878968,5.26901300000007,11,Zeist,NL
Utrecht,Utrecht_T2,02:00:00:6b:50:1c,2026-08-06 13:47:44,25.6,52.0831358136488,5.20810304846899,3,Zeist,NL
Utrecht,Utrecht_T2,02:00:00:b5:a7:22,2026-08-06 13:39:04,24.0,52.086941,5.225881,3,Zeist,NL
Utrecht,Utrecht_T2,02:00:00:04:96:34,2026-08-06 13:47:46,23.0,52.0873,5.2297,5,Zeist,NL
Utrecht,Utrecht_T2,02:00:00:71:2a:b6,2026-08-06 13:42:44,25.4,52.0859,5.251713,8,Zeist,NL
Utrecht,Utrecht_T2,02:00:00:b9:52:00,2026-08-06 13:43:24,23.7,52.0816383361816,5.2666335105896,8,Zeist,NL
Utrecht,Utrecht_T2,02:00:00:2b:15:76,2026-08-06 13:47:12,24.8,52.081371,5.269217,9,Zeist,NL
Utrecht,Utrecht_T2,02:00:00:c3:d4:02,2026-08-06 13:46:40,23.3,52.081804,5.271518,9,Zeist,NL
Utrecht,Utrecht_T2,02:00:00:2b:1b:b8,2026-08-06 13:48:19,23.2,52.0832,5.3114,16,Zeist,NL
Utrecht,Utrecht_T2,02:00:00:b5:6c:22,2026-08-06 13:43:29,22.7,52.091126,5.216452,3,Zeist,NL
Utrecht,Utrecht_T2,02:00:00:7a:a0:86,2026-08-06 13:47:28,21.9,52.088594,5.220721,5,Zeist,NL
Utrecht,Utrecht_T2,02:00:00:90:64:1a,2026-08-06 13:45:30,24.1,52.095281,5.224389,6,Zeist,NL
Utrecht,Utrecht_T2,02:00:00:be:08:80,2026-08-06 13:48:54,24.8,52.08921,5.23415,4,Zeist,NL
Utrecht,Utrecht_T2,02:00:00:a9:76:24,2026-08-06 13:46:24,26.3,52.0949630737305,5.24057006835938,6,Zeist,NL
Utrecht,Utrecht_T2,02:00:00:3c:dc:8c,2026-08-06 13:48:12,25.0,52.089476,5.247395,8,Zeist,NL
Utrecht,Utrecht_T2,02:00:00:9b:53:2c,2026-08-06 13:47:22,23.5,52.0996245440849,5.21469090660867,4,Zeist,NL
Utrecht,Utrecht_T2,02:00:00:7a:86:6c,2026-08-06 13:39:46,25.9,52.096791,5.223656,6,Zeist,NL
Utrecht,Utrecht_T2,02:00:00:1b:26:ca,2026-08-06 13:46:39,26.6,52.100902557373,5.22507286071777,11,Zeist,NL
Utrecht,Utrecht_T2,02:00:00:04:8d:d4,2026-08-06 13:40:11,24.0,52.0991028774139,5.24481058252604,6,Zeist,NL
Utrecht,Utrecht_T2,02:00:00:04:78:82,2026-08-06 13:44:11,25.5,52.1007772460734,5.24760032682437,9,Zeist,NL
Utrecht,Utrecht_T2,02:00:00:c3:89:70,2026-08-06 13:43:10,24.3,52.09627,5.25480000000008,10,Zeist,NL
Utrecht,Utrecht_T2,02:00:00:b5:7f:6e,2026-08-06 13:42:34,22.6,52.096116,5.275819,16,Zeist,NL
Utrecht,Utrecht_T2,02:00:00:1e:22:fc,2026-08-06 13:42:22,22.4,52.1147665420416,5.23625329385042,10,Zeist,NL
Utrecht,Utrecht_T2,02:00:00:00:cf:e2,2026-08-06 13:44:15,23.3,52.1165564224102,5.27588927533017,26,Zeist,NL
Utrecht,Utrecht_T2,02:00:00:32:d5:b4,2026-08-06 13:40:59,23.8,52.120705,5.242738,11,Zeist,NL
Utrecht,Utrecht_T2,02:00:00:2e:f1:88,2026-08-06 13:45:18,24.8,52.118117,5.282257,18,Soest,NL
Utrecht,Utrecht_T2,02:00:00:58:d1:7c,2026-08-06 13:41:25,25.3,52.1175345595035,5.29194567397049,21,Soest,NL
Utrecht,Utrecht_T2,02:00:00:c3:8d:d4,2026-08-06 13:41:53,25.5,52.122499,5.2877,20,Soest,NL
Utrecht,Utrecht_T2,02:00:00:2f:2e:d6,2026-08-06 13:48:50,25.5,52.1253540626594,5.20409166812897,8,Bilthoven,NL
Utrecht,Utrecht_T2,02:00:00:19:a7:d8,2026-08-06 13:42:13,24.3,52.1270529486221,5.20968830477742,9,De Bilt,NL
Utrecht,Utrecht_T2,02:00:00:1c:70:32,2026-08-06 13:48:11,22.4,52.1276989082711,5.20827054977417,6,Bilthoven,NL
Utrecht,Utrecht_T2,02:00:00:83:f8:ea,2026-08-06 13:45:57,23.9,52.130348,5.321519,28,Soest,NL
Utrecht,Utrecht_T2,02:00:00:64:3a:06,2026-08-06 13:46:47,22.6,52.135639,5.211466,8,Bilthoven,NL
Utrecht,Utrecht_T2,02:00:00:b2:c4:4c,2026-08-06 13:35:02,22.2,52.137758,5.221579,12,Bilthoven,NL
Utrecht,Utrecht_T2,02:00:00:33:d9:9a,2026-08-06 13:39:24,22.4,52.134636,5.224104,9,Bilthoven,NL
Utrecht,Utrecht_T2,02:00:00:84:6f:f6,2026-08-06 13:43:42,21.9,52.138655,5.227653,12,Bilthoven,NL
Utrecht,Utrecht_T3,02:00:00:7a:fc:c0,2026-08-06 13:42:57,23.5,51.985681,5.077175,5,Vianen,NL
Utrecht,Utrecht_T3,02:00:00:bc:e5:5a,2026-08-06 13:45:56,24.4,51.985033,5.080696,3,Vianen,NL
Utrecht,Utrecht_T3,02:00:00:af:80:9e,2026-08-06 13:46:23,23.9,51.984738,5.086291,2,Vianen,NL
Utrecht,Utrecht_T3,02:00:00:31:ed:ec,2026-08-06 13:43:25,23.6,51.983323,5.093653,2,Vianen,NL
Utrecht,Utrecht_T3,02:00:00:7f:8d:c4,2026-08-06 13:43:15,24.0,51.9830332883009,5.12328207492826,3,Hagestein,NL
Utrecht,Utrecht_T3,02:00:00:b2:b1:fc,2026-08-06 13:43:55,25.8,51.9884779,5.07393630000002,2,Vianen,NL
Utrecht,Utrecht_T3,02:00:00:b9:1e:ca,2026-08-06 13:46:26,23.0,51.9914952649266,5.10561422229253,2,Vianen,NL
Utrecht,Utrecht_T3,02:00:00:52:ed:28,2026-08-06 13:43:52,25.1,51.993881,5.120075,3,Hoef en Haag,NL
Utrecht,Utrecht_T3,02:00:00:a9:87:e4,2026-08-06 13:48:40,25.6,51.9912528991699,5.12258720397949,0,Hoef en Haag,NL
Utrecht,Utrecht_T3,02:00:00:28:d9:60,2026-08-06 13:40:54,23.6,52.008254895269,5.07912755012512,1,Nieuwegein,NL
Utrecht,Utrecht_T3,02:00:00:ab:df:d2,2026-08-06 13:44:13,24.5,52.0028160778323,5.0815361738205,8,Nieuwegein,NL
Utrecht,Utrecht_T3,02:00:00:06:71:46,2026-08-06 13:48:19,25.6,52.0032156734361,5.08314549922943,8,Nieuwegein,NL
Utrecht,Utrecht_T3,02:00:00:c6:28:f6,2026-08-06 13:49:26,25.9,52.006166,5.089671,2,Nieuwegein,NL
Utrecht,Utrecht_T3,02:00:00:05:88:3e,2026-08-06 13:44:15,22.5,52.0059471130371,5.09136486053467,0,Nieuwegein,NL
Utrecht,Utrecht_T3,02:00:00:28:f1:f2,2026-08-06 13:44:07,23.7,52.004566,5.0946593,5,Nieuwegein,NL
Utrecht,Utrecht_T3,02:00:00:af:32:52,2026-08-06 13:48:03,23.3,52.0100655920947,5.07965231726042,3,Nieuwegein,NL
Utrecht,Utrecht_T3,02:00:00:58:b3:02,2026-08-06 13:36:24,23.6,52.010572,5.08619999999997,1,Nieuwegein,NL
Utrecht,Utrecht_T3,02:00:00:37:29:34,2026-08-06 13:44:39,27.5,52.0121,5.0976,0,Nieuwegein,NL
Utrecht,Utrecht_T3,02:00:00:c3:96:50,2026-08-06 13:41:17,28.4,52.0121,5.0976,0,Nieuwegein,NL
Utrecht,Utrecht_T3,02:00:00:bc:aa:ca,2026-08-06 13:43:28,24.5,52.0104637145996,5.09828901290894,1,Nieuwegein,NL
Utrecht,Utrecht_T3,02:00:00:31:f0:4e,2026-08-06 13:46:39,26.7,52.010011,5.102632,4,Nieuwegein,NL
Utrecht,Utrecht_T3,02:00:00:12:63:b8,2026-08-06 13:44:33,22.2,52.0151322,5.16602090000003,0,Houten,NL
Utrecht,Utrecht_T3,02:00:00:2e:9a:ba,2026-08-06 13:43:20,24.1,52.015831,5.165842,0,Houten,NL
Utrecht,Utrecht_T3,02:00:00:33:c8:80,2026-08-06 13:44:49,22.1,52.012465,5.168464,0,Houten,NL
Utrecht,Utrecht_T3,02:00:00:70:21:c2,2026-08-06 13:44:19,23.4,52.013998,5.17295,0,Houten,NL
Utrecht,Utrecht_T3,02:00:00:a2:03:fe,2026-08-06 13:45:52,24.9,52.013622,5.186657,3,Houten,NL
Utrecht,Utrecht_T3,02:00:00:33:c3:4a,2026-08-06 13:48:26,23.3,52.014978,5.187588,1,Houten,NL
Utrecht,Utrecht_T3,02:00:00:b2:a5:e2,2026-08-06 13:46:27,21.9,52.0213043701897,5.0796202400924,2,Nieuwegein,NL
Utrecht,Utrecht_T3,02:00:00:84:0a:b8,2026-08-06 13:42:13,21.5,52.0213096,5.1495568,0,Houten,NL
Utrecht,Utrecht_T3,02:00:00:1e:1f:c2,2026-08-06 13:49:03,25.4,52.0217800772731,5.16331951003446,0,Houten,NL
Utrecht,Utrecht_T3,02:00:00:b5:8f:e6,2026-08-06 13:46:00,24.6,52.018731,5.165264,1,Houten,NL
Utrecht,Utrecht_T3,02:00:00:c5:35:18,2026-08-06 13:40:14,24.9,52.0215,5.1638,0,Houten,NL
Utrecht,Utrecht_T3,02:00:00:12:cb:34,2026-08-06 13:44:27,25.0,52.019136,5.170292,2,Houten,NL
Utrecht,Utrecht_T3,02:00:00:c2:84:82,2026-08-06 13:40:39,22.9,52.019263,5.17283,2,Houten,NL
Utrecht,Utrecht_T3,02:00:00:58:e4:24,2026-08-06 13:45:27,26.9,52.016465,5.1768259,2,Houten,NL
Utrecht,Utrecht_T3,02:00:00:65:4f:8c,2026-08-06 13:46:38,24.9,52.0177737114648,5.18543422222138,2,Houten,NL
Utrecht,Utrecht_T3,02:00:00:74:3b:36,2026-08-06 13:44:09,23.3,52.0223,5.1895,0,Houten,NL
Utrecht,Utrecht_T3,02:00:00:bd:f9:48,2026-08-06 13:48:56,26.0,52.0223,5.1895,0,Houten,NL
Utrecht,Utrecht_T3,02:00:00:04:93:06,2026-08-06 13:36:15,23.2,52.0289905,5.07187920000001,4,Nieuwegein,NL
Utrecht,Utrecht_T3,02:00:00:a4:88:28,2026-08-06 13:40:19,23.8,52.0269966125488,5.08844327926636,1,Nieuwegein,NL
Utrecht,Utrecht_T3,02:00:00:05:4b:50,2026-08-06 13:42:32,28.7,52.0289077758789,5.09456300735474,2,Nieuwegein,NL
Utrecht,Utrecht_T3,02:00:00:01:06:72,2026-08-06 13:45:37,23.9,52.028621673584,5.15482234954834,2,Houten,NL
Utrecht,Utrecht_T3,02:00:00:33:19:c6,2026-08-06 13:47:54,25.4,52.0243587320194,5.18782782552989,4,Houten,NL
Utrecht,Utrecht_T3,02:00:00:a2:16:ca,2026-08-06 13:47:01,23.9,52.0239254,5.1937902,4,Houten,NL
Utrecht,Utrecht_T3,02:00:00:58:f8:20,2026-08-06 13:43:08,24.1,52.026073,5.1916294,2,Houten,NL
Utrecht,Utrecht_T3,02:00:00:2b:24:a4,2026-08-06 13:34:11,24.1,52.031801,5.068737,2,Nieuwegein,NL
Utrecht,Utrecht_T3,02:00:00:12:f7:00,2026-08-06 13:40:16,26.7,52.033787,5.08994400000002,2,Nieuwegein,NL
Utrecht,Utrecht_T3,02:00:00:33:32:f2,2026-08-06 13:42:27,27.1,52.033787,5.08994400000002,2,Nieuwegein,NL
Utrecht,Utrecht_T3,02:00:00:70:44:b6,2026-08-06 13:45:11,24.3,52.031138,5.153576,3,Houten,NL
Utrecht,Utrecht_T3,02:00:00:a4:45:fc,2026-08-06 13:47:18,22.9,52.036554,5.148482,3,Houten,NL
Utrecht,Utrecht_T3,02:00:00:74:59:5e,2026-08-06 13:47:21,23.6,52.032651,5.150862,2,Houten,NL
Utrecht,Utrecht_T3,02:00:00:ab:dd:0a,2026-08-06 13:42:57,22.2,52.0323257446289,5.16029739379883,3,Houten,NL
Utrecht,Utrecht_T3,02:00:00:6b:2a:78,2026-08-06 13:41:26,23.4,52.0377721438269,5.16268372535706,3,Houten,NL
Utrecht,Utrecht_T3,02:00:00:b5:88:ca,2026-08-06 13:42:36,22.5,52.0330682,5.1643068,2,Houten,NL
Utrecht,Utrecht_T3,02:00:00:5f:4f:c8,2026-08-06 13:44:14,22.7,52.035129,5.182718,4,Houten,NL
Utrecht,Utrecht_T3,02:00:00:28:c7:0c,2026-08-06 13:41:58,21.8,52.037256,5.182483,2,Houten,NL
Utrecht,Utrecht_T3,02:00:00:12:64:3c,2026-08-06 13:43:04,23.6,52.042369,5.07917,3,Nieuwegein,NL
Utrecht,Utrecht_T3,02:00:00:53:1e:a0,2026-08-06 13:45:51,25.3,52.0402059772848,5.10207018160772,3,Nieuwegein,NL
Utrecht,Utrecht_T3,02:00:00:63:0f:fc,2026-08-06 13:44:16,25.1,52.043643951416,5.09791469573975,3,Nieuwegein,NL
Utrecht,Utrecht_T3,02:00:00:3f:0f:d8,2026-08-06 13:42:11,24.6,52.0384495763292,5.15799684264228,3,Houten,NL
Utrecht,Utrecht_T3,02:00:00:70:3c:28,2026-08-06 13:49:11,21.8,52.0407289705737,5.167678504783,4,Houten,NL
Utrecht,Utrecht_T3,02:00:00:02:95:d6,2026-08-06 13:44:50,22.8,52.0402984619141,5.17449998855591,2,Houten,NL
Utrecht,Utrecht_T3,02:00:00:69:27:06,2026-08-06 13:39:38,23.4,52.040443,5.176922,4,Houten,NL
Utrecht,Utrecht_T3,02:00:00:b5:93:ca,2026-08-06 13:42:36,24.3,52.0392990112305,5.18340015411377,5,Houten,NL
Utrecht,Utrecht_T3,02:00:00:3f:58:86,2026-08-06 13:42:42,23.7,52.0481972904497,5.06761884202619,1,Nieuwegein,NL
Utrecht,Utrecht_T3,02:00:00:5f:01:94,2026-08-06 13:40:35,23.8,52.0484008789062,5.06870937347412,1,Nieuwegein,NL
Utrecht,Utrecht_T3,02:00:00:13:5c:94,2026-08-06 13:49:26,24.8,52.0519569,5.0726927,1,Nieuwegein,NL
Utrecht,Utrecht_T3,02:00:00:a2:79:5e,2026-08-06 13:43:27,25.5,52.0471801757812,5.09753036499023,1,Nieuwegein,NL
Utrecht,Utrecht_T3,02:00:00:02:81:ca,2026-08-06 13:40:06,24.4,52.051337,5.095642,5,Nieuwegein,NL
Utrecht,Utrecht_T3,02:00:00:2f:25:be,2026-08-06 13:49:13,24.1,51.972489,4.936167,0,Lopik,NL
Utrecht,Utrecht_T3,02:00:00:b5:39:c0,2026-08-06 13:48:13,26.2,51.9745063781738,4.95626163482666,0,Lopik,NL
Utrecht,Utrecht_T3,02:00:00:63:1c:34,2026-08-06 13:44:40,22.6,52.0063413154935,4.96732978016446,0,Benschop,NL
Utrecht,Utrecht_T3,02:00:00:5e:dd:b6,2026-08-06 13:41:46,23.2,52.005729,4.980607,0,Benschop,NL
Utrecht,Utrecht_T3,02:00:00:9b:49:f4,2026-08-06 13:44:49,23.8,52.0064039,4.98390829999994,0,Lopik,NL
Utrecht,Utrecht_T3,02:00:00:12:46:62,2026-08-06 13:43:18,24.7,52.0157017,5.0266633,3,IJsselstein,NL
Utrecht,Utrecht_T3,02:00:00:5f:5f:a6,2026-08-06 13:13:12,22.0,52.015138,5.030313,0,IJsselstein,NL
Utrecht,Utrecht_T3,02:00:00:29:68:c4,2026-08-06 13:48:32,21.6,52.013960485049,5.03387331962586,0,IJsselstein,NL
Utrecht,Utrecht_T3,02:00:00:06:0a:a0,2026-08-06 13:46:46,22.2,52.020902,5.03721599999998,2,IJsselstein,NL
Utrecht,Utrecht_T3,02:00:00:04:ab:0c,2026-08-06 13:40:00,23.7,52.023339,5.044573,0,IJsselstein,NL
Utrecht,Utrecht_T3,02:00:00:27:6e:f4,2026-08-06 13:40:55,22.3,52.0231,5.0448,1,IJsselstein,NL
Utrecht,Utrecht_T3,02:00:00:65:75:7c,2026-08-06 13:42:23,23.0,52.02251,5.0480266,2,IJsselstein,NL
Utrecht,Utrecht_T3,02:00:00:a9:49:d8,2026-08-06 13:48:47,23.4,52.0178530526017,5.05878868242119,3,IJsselstein,NL
Utrecht,Utrecht_T3,02:00:00:84:4d:fa,2026-08-06 13:49:02,22.1,52.023834,5.0222745,1,IJsselstein,NL
Utrecht,Utrecht_T3,02:00:00:c2:2d:ba,2026-08-06 13:45:16,24.5,52.024674,5.043599,2,IJsselstein,NL
Utrecht,Utrecht_T3,02:00:00:8d:d7:b8,2026-08-06 13:49:05,21.5,52.0267105102539,5.05500793457031,3,IJsselstein,NL
Utrecht,Utrecht_T3,02:00:00:af:35:f4,2026-08-06 13:40:57,27.0,52.042610168457,5.0585732460022,0,Utrecht,NL
Utrecht,Utrecht_T3,02:00:00:9d:0a:64,2026-08-06 13:43:11,22.7,52.046832,4.955603,2,Montfoort,NL
Amsterdam,Amsterdam_T1,02:00:00:1b:0b:da,2026-08-06 13:45:08,23.4,52.49417,4.78894000000004,2,Wormerveer,NL
Amsterdam,Amsterdam_T1,02:00:00:12:61:86,2026-08-06 13:43:03,24.5,52.4917057073896,4.80021612200147,2,Wormer,NL
Amsterdam,Amsterdam_T1,02:00:00:c2:84:0a,2026-08-06 13:40:51,22.9,52.4948445773121,4.79308347650687,2,Wormerveer,NL
Amsterdam,Amsterdam_T1,02:00:00:65:83:02,2026-08-06 13:44:33,25.2,52.4834613,4.80601730000005,1,Wormerveer,NL
Amsterdam,Amsterdam_T1,02:00:00:a4:18:7c,2026-08-06 13:47:05,24.9,52.493057,4.807123,0,Wormer,NL
Amsterdam,Amsterdam_T1,02:00:00:03:c7:82,2026-08-06 13:49:30,22.9,52.488343,4.938001,0,Purmerend,NL
Amsterdam,Amsterdam_T1,02:00:00:53:1f:08,2026-08-06 13:44:29,24.6,52.49503,4.92957000000003,0,Purmerend,NL
Amsterdam,Amsterdam_T1,02:00:00:58:f7:dc,2026-08-06 13:49:00,23.0,52.496575,4.927704,0,Purmerend,NL
Amsterdam,Amsterdam_T1,02:00:00:9c:d8:1a,2026-08-06 13:41:06,22.9,52.4915202,4.96165890000017,0,Purmerend,NL
Amsterdam,Amsterdam_T1,02:00:00:c3:93:f6,2026-08-06 13:44:52,21.4,52.49484,4.946418,0,Purmerend,NL
Amsterdam,Amsterdam_T1,02:00:00:74:30:70,2026-08-06 13:48:16,23.0,52.495717,4.951841,0,Purmerend,NL
Amsterdam,Amsterdam_T1,02:00:00:c6:15:e2,2026-08-06 13:47:51,23.8,52.488234762816,4.97100975471119,0,Purmerend,NL
Amsterdam,Amsterdam_T1,02:00:00:36:99:3e,2026-08-06 13:47:39,24.3,52.4873166828203,4.97366015893508,0,Purmerend,NL
Amsterdam,Amsterdam_T1,02:00:00:33:e1:40,2026-08-06 13:48:45,22.6,52.488644,4.9737200000001,0,Purmerend,NL
Amsterdam,Amsterdam_T1,02:00:00:27:50:a8,2026-08-06 13:43:36,23.1,52.493988,5.047598,0,Volendam,NL
Amsterdam,Amsterdam_T1,02:00:00:02:f5:96,2026-08-06 13:41:06,22.7,52.496988,5.050034,0,Volendam,NL
Amsterdam,Amsterdam_T1,02:00:00:13:0f:6c,2026-08-06 13:38:04,24.4,52.500239,4.816214,0,Wormer,NL
Amsterdam,Amsterdam_T1,02:00:00:70:52:6c,2026-08-06 13:42:07,22.6,52.509555,4.84741,0,Jisp,NL
Amsterdam,Amsterdam_T1,02:00:00:b5:b8:40,2026-08-06 13:39:53,21.9,52.5068085021421,4.91711662457473,0,Neck,NL
Amsterdam,Amsterdam_T1,02:00:00:9d:13:34,2026-08-06 13:46:27,24.1,52.498358,4.94377,0,Purmerend,NL
Amsterdam,Amsterdam_T1,02:00:00:b5:86:1a,2026-08-06 13:47:54,22.8,52.499132,4.950515,0,Purmerend,NL
Amsterdam,Amsterdam_T1,02:00:00:1d:eb:96,2026-08-06 13:39:52,23.0,52.505266,4.949082,1,Purmerend,NL
Amsterdam,Amsterdam_T1,02:00:00:7f:cd:5a,2026-08-06 13:41:00,22.4,52.499632,4.954935,0,Purmerend,NL
Amsterdam,Amsterdam_T1,02:00:00:01:fd:6c,2026-08-06 13:44:20,25.4,52.5106950810046,4.97425221656761,0,Purmerend,NL
Amsterdam,Amsterdam_T1,02:00:00:28:ba:8e,2026-08-06 13:45:25,23.7,52.49846,4.985919,0,Purmerend,NL
Amsterdam,Amsterdam_T1,02:00:00:01:cb:8a,2026-08-06 13:42:38,23.3,52.500789,4.986087,0,Purmerend,NL
Amsterdam,Amsterdam_T1,02:00:00:7a:ea:00,2026-08-06 13:43:57,23.9,52.510647,4.9936514,0,Purmerend,NL
Amsterdam,Amsterdam_T1,02:00:00:b5:47:24,2026-08-06 13:42:02,22.1,52.510277,5.041457,0,Edam,NL
Amsterdam,Amsterdam_T1,02:00:00:1f:3e:84,2026-08-06 13:40:49,22.9,52.504946,5.05026,0,Edam-Volendam,NL
Amsterdam,Amsterdam_T1,02:00:00:6b:56:92,2026-08-06 13:44:31,24.3,52.5107399131418,5.05132626109,2,Edam,NL
Amsterdam,Amsterdam_T1,02:00:00:70:1b:98,2026-08-06 13:47:36,22.4,52.518831,4.948998,0,Zuidoostbeemster,NL
Amsterdam,Amsterdam_T1,02:00:00:14:48:40,2026-08-06 13:42:12,24.4,52.514999,4.952826,0,Purmerend,NL
Amsterdam,Amsterdam_T1,02:00:00:c5:3a:c0,2026-08-06 13:44:38,19.6,52.524065,4.956779,1,Purmerend,NL
Amsterdam,Amsterdam_T1,02:00:00:2e:ec:0a,2026-08-06 13:43:06,21.7,52.513165,4.985127,0,Purmerend,NL
Amsterdam,Amsterdam_T1,02:00:00:7a:a3:b2,2026-08-06 13:46:30,21.9,52.52057,4.9764185,0,Purmerend,NL
Amsterdam,Amsterdam_T1,02:00:00:a4:43:5c,2026-08-06 13:41:29,24.6,52.51412,5.05999,1,Edam,NL
Amsterdam,Amsterdam_T1,02:00:00:5f:01:22,2026-08-06 13:45:42,24.0,52.526959,4.887042,0,Beemster,NL
Amsterdam,Amsterdam_T1,02:00:00:2b:22:ba,2026-08-06 13:45:14,22.2,52.528348,4.978256,1,Kwadijk,NL
Amsterdam,Amsterdam_T1,02:00:00:2f:2a:40,2026-08-06 13:45:59,20.6,52.54467,4.81628,0,Alkmaar,NL
Amsterdam,Amsterdam_T1,02:00:00:a2:13:1c,2026-08-06 13:43:49,28.8,52.558278,4.84079299999996,0,De Rijp,NL
Amsterdam,Amsterdam_T1,02:00:00:c3:cf:e8,2026-08-06 13:47:54,25.5,52.55496,4.848112,0,De Rijp,NL
Amsterdam,Amsterdam_T1,02:00:00:5e:d1:f0,2026-08-06 13:45:49,22.8,52.557323,4.95315,0,Middenbeemster,NL
Amsterdam,Amsterdam_T1,02:00:00:8d:d2:a6,2026-08-06 13:47:19,20.2,52.5748079414121,4.9975723028183,1,Oosthuizen,NL
Amsterdam,Amsterdam_T1,02:00:00:bd:cf:d4,2026-08-06 13:40:48,23.2,52.583034,4.850177,1,Grootschermer,NL
Amsterdam,Amsterdam_T1,02:00:00:18:fe:32,2026-08-06 13:40:25,31.5,52.589092,4.889988,0,Noordbeemster,NL
Amsterdam,Amsterdam_T1,02:00:00:5e:e2:a2,2026-08-06 13:44:44,22.2,52.590799,4.99267889999998,0,Beets,NL
Amsterdam,Amsterdam_T1,02:00:00:a9:e7:3e,2026-08-06 13:45:30,19.5,52.5977249145508,4.80700254440308,0,Zuidschermer,NL
Amsterdam,Amsterdam_T1,02:00:00:a9:9a:0e,2026-08-06 13:41:15,20.9,52.60907,4.82852,0,Stompetoren,NL
Amsterdam,Amsterdam_T1,02:00:00:a4:1f:24,2026-08-06 13:42:33,24.5,52.601368,4.895885,0,Schermerhorn,NL
Amsterdam,Amsterdam_T1,02:00:00:00:5c:fe,2026-08-06 13:43:59,21.2,52.611835,4.819923,0,Stompetoren,NL
Amsterdam,Amsterdam_T1,02:00:00:a2:05:f0,2026-08-06 13:48:14,23.2,52.61378,4.8226314,0,Stompetoren,NL
Amsterdam,Amsterdam_T1,02:00:00:b5:9f:ce,2026-08-06 13:41:55,23.6,52.616386,4.82743400000004,0,Stompetoren,NL
Amsterdam,Amsterdam_T1,02:00:00:3c:f7:c6,2026-08-06 13:48:42,21.4,52.617355,4.951664,0,Avenhorn,NL
Amsterdam,Amsterdam_T1,02:00:00:6b:31:7e,2026-08-06 13:45:37,21.4,52.634415,4.8763695,0,Rustenburg,NL
Amsterdam,Amsterdam_T1,02:00:00:36:d3:84,2026-08-06 13:41:11,23.7,52.636567,4.911496,0,Ursem,NL
Amsterdam,Amsterdam_T1,02:00:00:05:f7:7a,2026-08-06 13:40:58,26.7,52.6322945249135,4.94891703128815,0,De Goorn,NL
Amsterdam,Amsterdam_T1,02:00:00:9d:00:22,2026-08-06 13:40:41,22.7,52.6390495300293,4.98681020736694,0,Berkhout,NL
Amsterdam,Amsterdam_T1,02:00:00:58:dd:3c,2026-08-06 13:44:43,23.7,52.6367146407962,5.02217284801564,0,Hoorn,NL
Amsterdam,Amsterdam_T1,02:00:00:7f:aa:9a,2026-08-06 13:39:47,23.7,52.6374130249023,5.03559350967407,0,Hoorn,NL
Amsterdam,Amsterdam_T1,02:00:00:70:4e:d8,2026-08-06 13:35:04,29.2,52.635018,5.055994,2,Hoorn,NL
Amsterdam,Amsterdam_T1,02:00:00:12:5a:d0,2026-08-06 13:42:06,22.9,52.6491675042269,4.78180266103391,0,Alkmaar,NL
Amsterdam,Amsterdam_T1,02:00:00:70:24:48,2026-08-06 13:48:56,24.9,52.643764,4.811346,0,Heerhugowaard,NL
Amsterdam,Amsterdam_T1,02:00:00:8d:c8:3e,2026-08-06 13:46:11,21.6,52.6458,4.8165,0,Heerhugowaard,NL
Amsterdam,Amsterdam_T1,02:00:00:70:45:b4,2026-08-06 13:44:45,21.3,52.6408805482461,4.82286089912765,0,Heerhugowaard,NL
Amsterdam,Amsterdam_T1,02:00:00:73:a4:18,2026-08-06 13:41:40,24.3,52.651179,4.836669,0,Heerhugowaard,NL
Amsterdam,Amsterdam_T1,02:00:00:c3:e3:ec,2026-08-06 13:47:33,21.7,52.651959,4.836277,0,Heerhugowaard,NL
Amsterdam,Amsterdam_T1,02:00:00:84:a4:8a,2026-08-06 13:41:08,21.4,52.65307,4.842089,0,Heerhugowaard,NL
Amsterdam,Amsterdam_T1,02:00:00:12:ae:72,2026-08-06 13:44:25,24.2,52.642342,5.006524,-2,Koggenland,NL
Amsterdam,Amsterdam_T1,02:00:00:ab:e2:60,2026-08-06 13:46:48,25.4,52.6533337948181,5.00276838610966,0,Berkhout,NL
Amsterdam,Amsterdam_T1,02:00:00:9c:d8:4c,2026-08-06 13:41:34,24.3,52.6397171020508,5.02440643310547,0,Hoorn,NL
Amsterdam,Amsterdam_T1,02:00:00:1d:fd:b8,2026-08-06 13:41:12,22.4,52.6441,5.051928,0,Haarlemmermeer,NL
Amsterdam,Amsterdam_T1,02:00:00:1f:4d:3c,2026-08-06 13:46:10,23.8,52.640192,5.056347,2,Hoorn,NL
Amsterdam,Amsterdam_T1,02:00:00:a2:62:b0,2026-08-06 13:40:13,21.1,52.644273,5.058899,0,Hoorn,NL
Amsterdam,Amsterdam_T1,02:00:00:6b:8c:40,2026-08-06 13:49:24,22.8,52.314831,4.863595,0,Amstelveen,NL
Amsterdam,Amsterdam_T1,02:00:00:05:4b:44,2026-08-06 13:44:27,21.6,52.311724,4.866482,0,Amstelveen,NL
Amsterdam,Amsterdam_T1,02:00:00:3d:0e:66,2026-08-06 13:41:38,23.3,52.3116821436819,4.86693327521717,0,Amstelveen,NL
Amsterdam,Amsterdam_T1,02:00:00:2f:24:f4,2026-08-06 13:42:09,26.7,52.3131760328984,4.9050662899177,0,Amstelveen,NL
Amsterdam,Amsterdam_T1,02:00:00:90:ba:a6,2026-08-06 13:49:16,23.9,52.3243254,4.945702,1,Amsterdam,NL
Amsterdam,Amsterdam_T1,02:00:00:64:f4:40,2026-08-06 13:46:36,25.3,52.323489,4.949922,0,Amsterdam,NL
Amsterdam,Amsterdam_T1,02:00:00:a9:c7:92,2026-08-06 13:44:54,25.5,52.3181934768859,4.99123257230989,0,Amsterdam,NL
Amsterdam,Amsterdam_T1,02:00:00:b9:52:60,2026-08-06 13:43:25,20.9,52.3166694641113,5.02612543106079,0,Weesp,NL
Amsterdam,Amsterdam_T1,02:00:00:73:a6:c6,2026-08-06 13:45:31,21.1,52.314064,5.0302644,4,Weesp,NL
Amsterdam,Amsterdam_T1,02:00:00:52:d8:ce,2026-08-06 13:44:41,23.4,52.3187292818219,5.03482381473692,0,Weesp,NL
Amsterdam,Amsterdam_T1,02:00:00:9c:e0:8c,2026-08-06 13:42:01,28.1,52.31591,5.04735999999998,0,Weesp,NL
Amsterdam,Amsterdam_T1,02:00:00:1e:02:e4,2026-08-06 13:43:18,23.8,52.317602,5.04012000000006,0,Weesp,NL
Amsterdam,Amsterdam_T1,02:00:00:a2:21:4c,2026-08-06 13:44:42,22.5,52.3212356567383,5.04339694976807,0,Weesp,NL
Amsterdam,Amsterdam_T1,02:00:00:8d:e3:a0,2026-08-06 13:45:51,23.5,52.333433,4.791664,0,Badhoevedorp,NL
Amsterdam,Amsterdam_T1,02:00:00:8d:d6:dc,2026-08-06 13:46:39,21.4,52.337084,4.79042,0,Badhoevedorp,NL
Amsterdam,Amsterdam_T1,02:00:00:a4:21:fc,2026-08-06 13:40:02,19.4,52.3272787,4.86810710000012,0,Amsterdam,NL
Amsterdam,Amsterdam_T1,02:00:00:53:18:1c,2026-08-06 13:40:51,21.9,52.3359671746926,4.87311174029132,0,Amsterdam,NL
Amsterdam,Amsterdam_T1,02:00:00:6b:54:3c,2026-08-06 13:43:55,23.6,52.3274342242951,4.87812453825795,4,Amsterdam,NL
Amsterdam,Amsterdam_T1,02:00:00:bd:1d:3e,2026-08-06 13:42:43,22.0,52.331773,4.888536,4,Amsterdam,NL
Amsterdam,Amsterdam_T1,02:00:00:70:4c:80,2026-08-06 13:43:38,26.9,52.3385,4.9168,3,Amsterdam,NL
Amsterdam,Amsterdam_T1,02:00:00:9c:da:94,2026-08-06 13:44:31,22.3,52.332847,4.936642,4,Duivendrecht,NL
Amsterdam,Amsterdam_T1,02:00:00:64:2a:2a,2026-08-06 13:47:06,23.1,52.332953,4.959029,0,Diemen,NL
Amsterdam,Amsterdam_T1,02:00:00:9d:0c:d8,2026-08-06 13:43:43,23.1,52.32961,4.961911,2,Diemen,NL
Amsterdam,Amsterdam_T1,02:00:00:27:76:38,2026-08-06 13:40:29,26.5,52.3363586,4.9621297,0,Diemen,NL
Amsterdam,Amsterdam_T1,02:00:00:18:f9:e8,2026-08-06 13:41:53,23.3,52.325482,4.97447,3,Amsterdam,NL
Amsterdam,Amsterdam_T1,02:00:00:37:27:a2,2026-08-06 13:42:55,23.3,52.325691,4.975271,4,Amsterdam,NL
Amsterdam,Amsterdam_T1,02:00:00:83:90:6a,2026-08-06 13:48:13,23.8,52.327777,4.979477,0,Amsterdam,NL
Amsterdam,Amsterdam_T1,02:00:00:83:bf:80,2026-08-06 13:40:36,22.8,52.333599,5.061164,2,Muiden,NL
Amsterdam,Amsterdam_T1,02:00:00:01:6c:5e,2026-08-06 13:46:10,24.0,52.3446448698127,4.79225000001364,0,Amsterdam,NL
Amsterdam,Amsterdam_T1,02:00:00:63:45:58,2026-08-06 13:47:25,21.9,52.3414578220111,4.79799399999996,1,Amsterdam,NL
Amsterdam,Amsterdam_T1,02:00:00:00:c9:c8,2026-08-06 13:43:17,31.1,52.3535947951943,4.79096345471049,2,Amsterdam,NL
Amsterdam,Amsterdam_T1,02:00:00:14:47:bc,2026-08-06 13:41:16,22.8,52.3527607864368,4.80871260166168,1,Amsterdam,NL
Amsterdam,Amsterdam_T1,02:00:00:27:63:7e,2026-08-06 13:44:16,22.4,52.349896,4.810742,0,Amsterdam,NL
Amsterdam,Amsterdam_T1,02:00:00:84:73:aa,2026-08-06 13:40:33,25.2,52.342971,4.825803,0,Amsterdam,NL
Amsterdam,Amsterdam_T1,02:00:00:a4:1c:84,2026-08-06 13:46:40,30.5,52.3488056,4.83703399999993,2,Amsterdam,NL
Amsterdam,Amsterdam_T1,02:00:00:65:84:16,2026-08-06 13:43:38,24.7,52.34792,4.846243,4,Amsterdam,NL
Amsterdam,Amsterdam_T1,02:00:00:84:4c:e4,2026-08-06 13:40:28,24.3,52.349351,4.845073,1,Amsterdam,NL
Amsterdam,Amsterdam_T1,02:00:00:5f:1f:26,2026-08-06 13:48:55,23.9,52.3457181372478,4.86503304724545,2,Amsterdam,NL
Amsterdam,Amsterdam_T1,02:00:00:29:77:f8,2026-08-06 13:40:23,28.4,52.352721,4.860868,4,Amsterdam,NL
Amsterdam,Amsterdam_T1,02:00:00:ab:da:ba,2026-08-06 13:46:23,21.0,52.34847,4.870878,7,Amsterdam,NL
Amsterdam,Amsterdam_T1,02:00:00:74:60:90,2026-08-06 13:41:38,21.5,52.343761,4.875174,3,Amsterdam,NL
Amsterdam,Amsterdam_T1,02:00:00:01:ca:e6,2026-08-06 13:47:10,20.8,52.34572,4.876628,4,Amsterdam,NL
Amsterdam,Amsterdam_T1,02:00:00:a4:37:d4,2026-08-06 13:46:17,25.0,52.3475151062012,4.87605476379395,5,Amsterdam,NL
Amsterdam,Amsterdam_T1,02:00:00:32:e5:36,2026-08-06 13:42:51,23.9,52.342399597168,4.90369987487793,1,Amsterdam,NL
Amsterdam,Amsterdam_T1,02:00:00:22:e1:1a,2026-08-06 13:47:16,22.9,52.343674,4.907335,5,Amsterdam,NL
Amsterdam,Amsterdam_T1,02:00:00:83:ef:18,2026-08-06 13:42:32,22.7,52.34854,4.90630999999996,5,Amsterdam,NL
Amsterdam,Amsterdam_T1,02:00:00:b9:59:14,2026-08-06 13:40:26,22.3,52.352879,4.928205,0,Amsterdam,NL
Amsterdam,Amsterdam_T1,02:00:00:2a:db:3c,2026-08-06 13:46:44,21.5,52.347729,4.941162,0,Amsterdam,NL
Amsterdam,Amsterdam_T1,02:00:00:2c:f1:9a,2026-08-06 13:45:07,21.5,52.34402,4.952192,0,Amsterdam,NL
Amsterdam,Amsterdam_T1,02:00:00:13:3c:4c,2026-08-06 13:43:47,24.5,52.3399512086528,4.96276274283001,2,Diemen,NL
Amsterdam,Amsterdam_T1,02:00:00:1f:79:96,2026-08-06 13:40:36,21.9,52.3467706,4.983125,0,Diemen,NL
Amsterdam,Amsterdam_T1,02:00:00:5f:2d:ec,2026-08-06 13:40:37,23.4,52.350554,5.003617,0,Amsterdam,NL
Amsterdam,Amsterdam_T1,02:00:00:53:21:30,2026-08-06 13:44:22,25.4,52.355412,4.787642,0,Amsterdam,NL
Amsterdam,Amsterdam_T1,02:00:00:5e:f9:38,2026-08-06 13:43:30,23.2,52.354861,4.832611,0,Amsterdam,NL
Amsterdam,Amsterdam_T1,02:00:00:84:0b:ca,2026-08-06 13:46:16,27.2,52.367164,4.83112,0,Amsterdam,NL
Amsterdam,Amsterdam_T1,02:00:00:04:69:08,2026-08-06 13:42:47,24.2,52.356992,4.849782,5,Amsterdam,NL
Amsterdam,Amsterdam_T1,02:00:00:63:33:0c,2026-08-06 13:44:51,22.8,52.365672,4.85523999999998,1,Amsterdam,NL
Amsterdam,Amsterdam_T1,02:00:00:a4:1b:60,2026-08-06 13:47:30,23.3,52.354291,4.861925,4,Amsterdam,NL
Amsterdam,Amsterdam_T1,02:00:00:5f:10:56,2026-08-06 13:40:57,21.4,52.3575455,4.8667305,4,Amsterdam,NL
Amsterdam,Amsterdam_T1,02:00:00:7a:85:20,2026-08-06 13:46:02,22.7,52.354887,4.876879,4,Amsterdam,NL
Amsterdam,Amsterdam_T1,02:00:00:84:70:f8,2026-08-06 13:44:50,21.3,52.359384,4.876766,8,Amsterdam,NL
Amsterdam,Amsterdam_T1,02:00:00:b5:54:dc,2026-08-06 13:41:42,22.8,52.3564,4.8802,2,Amsterdam,NL
Amsterdam,Amsterdam_T1,02:00:00:02:b1:be,2026-08-06 13:42:57,22.1,52.3573648188524,4.89851619487149,4,Amsterdam,NL
Amsterdam,Amsterdam_T1,02:00:00:70:42:62,2026-08-06 13:46:46,25.3,52.356221,4.909817,3,Amsterdam,NL
Amsterdam,Amsterdam_T1,02:00:00:c2:89:be,2026-08-06 13:49:22,24.6,52.3598411999999,4.91065000000002,3,Amsterdam,NL
Amsterdam,Amsterdam_T1,02:00:00:04:a6:8a,2026-08-06 13:43:20,22.6,52.3607,4.9243,1,Amsterdam,NL
Amsterdam,Amsterdam_T1,02:00:00:b2:b2:58,2026-08-06 13:44:52,21.4,52.357371,4.926031,3,Amsterdam,NL
Amsterdam,Amsterdam_T1,02:00:00:b5:3b:42,2026-08-06 13:44:10,21.1,52.3554232097861,4.93370711764691,0,Amsterdam,NL
Amsterdam,Amsterdam_T1,02:00:00:3f:6a:62,2026-08-06 13:40:28,22.8,52.363079,4.979751,0,Amsterdam,NL
Amsterdam,Amsterdam_T1,02:00:00:b2:c1:1a,2026-08-06 13:48:54,22.4,52.359813,4.995219,0,Amsterdam,NL
Amsterdam,Amsterdam_T1,02:00:00:c6:24:60,2026-08-06 13:43:46,24.2,52.3561316,5.0025093,0,Amsterdam,NL
Amsterdam,Amsterdam_T1,02:00:00:83:d1:bc,2026-08-06 13:40:19,24.7,52.373107,4.810869,0,Amsterdam,NL
Amsterdam,Amsterdam_T1,02:00:00:83:eb:6a,2026-08-06 13:46:02,22.9,52.3771819548297,4.818619891921,1,Amsterdam,NL
Amsterdam,Amsterdam_T1,02:00:00:1b:1b:36,2026-08-06 13:48:24,21.9,52.374821,4.822411,3,Amsterdam,NL
Amsterdam,Amsterdam_T1,02:00:00:53:50:72,2026-08-06 13:41:19,23.0,52.375709,4.83394,1,Amsterdam,NL
Amsterdam,Amsterdam_T1,02:00:00:af:8c:48,2026-08-06 13:41:10,23.5,52.379386,4.839399,2,Amsterdam,NL
Amsterdam,Amsterdam_T1,02:00:00:7a:7d:7c,2026-08-06 13:45:31,22.3,52.376183,4.8480215,3,Amsterdam,NL
Amsterdam,Amsterdam_T1,02:00:00:01:3a:a4,2026-08-06 13:48:40,23.7,52.3690986633301,4.85776948928833,2,Amsterdam,NL
Amsterdam,Amsterdam_T1,02:00:00:2b:49:82,2026-08-06 13:45:38,23.8,52.3727766,4.8646089,4,Amsterdam,NL
Amsterdam,Amsterdam_T1,02:00:00:6b:32:8c,2026-08-06 13:44:53,22.9,52.370501,4.874214,6,Amsterdam,NL
Amsterdam,Amsterdam_T1,02:00:00:71:1d:7e,2026-08-06 13:49:43,28.7,52.3796,4.8778,1,Amsterdam,NL
Amsterdam,Amsterdam_T1,02:00:00:af:9a:18,2026-08-06 13:42:47,21.0,52.371666,4.881638,9,Amsterdam,NL
Amsterdam,Amsterdam_T1,02:00:00:b8:e7:f0,2026-08-06 13:44:58,22.4,52.371671,4.887671,9,Amsterdam,NL
Amsterdam,Amsterdam_T1,02:00:00:00:83:86,2026-08-06 13:46:36,25.9,52.3824005126953,4.89949989318848,1,Amsterdam,NL
Amsterdam,Amsterdam_T1,02:00:00:6b:3b:94,2026-08-06 13:46:02,21.3,52.3824,4.8995,5,Amsterdam,NL
Amsterdam,Amsterdam_T1,02:00:00:27:4a:1c,2026-08-06 13:42:14,24.0,52.3824,4.8995,5,Amsterdam,NL
Amsterdam,Amsterdam_T1,02:00:00:9b:59:de,2026-08-06 13:46:50,22.8,52.369161,4.9326972000001,4,Amsterdam,NL
Amsterdam,Amsterdam_T1,02:00:00:65:41:06,2026-08-06 13:43:50,23.2,52.379093,4.927459,4,Amsterdam,NL
Amsterdam,Amsterdam_T1,02:00:00:bd:cc:1e,2026-08-06 13:42:41,22.6,52.3702855954748,4.93464179431612,3,Amsterdam,NL
Amsterdam,Amsterdam_T1,02:00:00:28:9a:9a,2026-08-06 13:48:32,20.6,52.369183,4.95507,0,Amsterdam,NL
Amsterdam,Amsterdam_T1,02:00:00:c6:26:24,2026-08-06 13:46:05,20.6,52.3731658712137,4.96877610683441,1,Amsterdam,NL
Amsterdam,Amsterdam_T1,02:00:00:ab:e3:52,2026-08-06 13:42:56,21.7,52.3907,4.86369999999998,4,Amsterdam,NL
Amsterdam,Amsterdam_T1,02:00:00:36:9f:fe,2026-08-06 13:43:02,22.2,52.383123,4.874172,6,Amsterdam,NL
Amsterdam,Amsterdam_T1,02:00:00:84:46:e2,2026-08-06 13:47:26,22.4,52.3929199123918,4.88645911216736,0,Amsterdam,NL
Amsterdam,Amsterdam_T1,02:00:00:af:30:44,2026-08-06 13:49:13,22.1,52.385656,4.891618,0,Amsterdam,NL
Amsterdam,Amsterdam_T1,02:00:00:9d:1b:ac,2026-08-06 13:45:16,22.4,52.386736,4.900561,4,Amsterdam,NL
Amsterdam,Amsterdam_T1,02:00:00:7f:be:6c,2026-08-06 13:42:37,20.6,52.385614,4.901338,2,Amsterdam,NL
Amsterdam,Amsterdam_T1,02:00:00:1c:5a:de,2026-08-06 13:47:51,22.3,52.3861524614255,4.90178911562291,1,Amsterdam,NL
Amsterdam,Amsterdam_T1,02:00:00:2a:d6:c6,2026-08-06 13:43:03,21.2,52.3936767578125,4.9279146194458,0,Amsterdam,NL
Amsterdam,Amsterdam_T1,02:00:00:58:da:86,2026-08-06 13:44:50,21.7,52.3937631533699,4.93177643254458,1,Amsterdam,NL
Amsterdam,Amsterdam_T1,02:00:00:b2:ad:ea,2026-08-06 13:42:21,24.6,52.396946,4.937041,0,Amsterdam,NL
Amsterdam,Amsterdam_T1,02:00:00:53:1a:1a,2026-08-06 13:48:30,30.3,52.4043956578345,4.88842248916626,1,Amsterdam,NL
Amsterdam,Amsterdam_T1,02:00:00:00:f7:8e,2026-08-06 13:43:01,26.2,52.4091,4.8896,0,Amsterdam,NL
Amsterdam,Amsterdam_T1,02:00:00:65:70:14,2026-08-06 13:42:12,26.2,52.406578,4.898823,3,Amsterdam,NL
Amsterdam,Amsterdam_T1,02:00:00:b5:76:26,2026-08-06 13:47:49,21.8,52.403811,4.914876,2,Amsterdam,NL
Amsterdam,Amsterdam_T1,02:00:00:9b:5a:46,2026-08-06 13:48:54,26.2,52.4092,4.911,1,Amsterdam,NL
Amsterdam,Amsterdam_T1,02:00:00:7f:d5:6c,2026-08-06 13:42:25,21.6,52.407289,4.935319,0,Amsterdam,NL
Amsterdam,Amsterdam_T1,02:00:00:63:2c:2a,2026-08-06 13:39:49,22.2,52.402984,4.945694,2,Amsterdam,NL
Amsterdam,Amsterdam_T1,02:00:00:63:32:ca,2026-08-06 13:45:22,22.2,52.400011,4.948339,0,Amsterdam,NL
Amsterdam,Amsterdam_T1,02:00:00:7f:c1:54,2026-08-06 13:46:52,21.6,52.3997152224585,4.95156731297681,0,Amsterdam,NL
Amsterdam,Amsterdam_T1,02:00:00:74:33:d4,2026-08-06 13:48:47,26.6,52.417055,4.825916,2,Amsterdam,NL
Amsterdam,Amsterdam_T1,02:00:00:84:a0:80,2026-08-06 13:48:31,23.4,52.414189,4.871251,1,Amsterdam,NL
Amsterdam,Amsterdam_T1,02:00:00:70:5a:82,2026-08-06 13:42:43,20.6,52.420749,4.893155,0,Amsterdam,NL
Amsterdam,Amsterdam_T1,02:00:00:bd:d6:68,2026-08-06 13:47:49,26.5,52.4134732394671,5.02463681500691,0,Amsterdam,NL
Amsterdam,Amsterdam_T1,02:00:00:84:7f:c4,2026-08-06 13:40:42,22.9,52.4315445597503,4.8274827003479,2,Zaandam,NL
Amsterdam,Amsterdam_T1,02:00:00:c3:9d:f2,2026-08-06 13:43:44,21.2,52.432236,4.828755,2,Zaandam,NL
Amsterdam,Amsterdam_T1,02:00:00:63:1e:a2,2026-08-06 13:48:13,23.9,52.432955,4.829382,3,Zaandam,NL
Amsterdam,Amsterdam_T1,02:00:00:a4:5d:e2,2026-08-06 13:43:19,21.9,52.429596,4.834617,2,Zaandam,NL
Amsterdam,Amsterdam_T1,02:00:00:04:60:50,2026-08-06 13:47:22,20.8,52.4362386996961,4.8581631145293,0,Oostzaan,NL
Amsterdam,Amsterdam_T1,02:00:00:01:16:2a,2026-08-06 13:41:37,23.4,52.434544,4.873619,0,Oostzaan,NL
Amsterdam,Amsterdam_T1,02:00:00:a2:0e:c0,2026-08-06 13:41:09,24.8,52.4381484985352,4.87386560440063,1,Oostzaan,NL
Amsterdam,Amsterdam_T1,02:00:00:b5:05:fe,2026-08-06 13:45:27,22.5,52.43446,4.876556,0,Oostzaan,NL
Amsterdam,Amsterdam_T1,02:00:00:b8:ec:c0,2026-08-06 13:48:49,20.8,52.434645,4.88352290000002,0,Oostzaan,NL
Amsterdam,Amsterdam_T1,02:00:00:a4:16:16,2026-08-06 13:49:51,21.4,52.437968,4.884335,1,Oostzaan,NL
Amsterdam,Amsterdam_T1,02:00:00:2c:81:ba,2026-08-06 13:44:52,21.3,52.42855131,4.90767144000006,0,Landsmeer,NL
Amsterdam,Amsterdam_T1,02:00:00:84:97:78,2026-08-06 13:49:10,22.4,52.4303782,4.9118837,0,Landsmeer,NL
Amsterdam,Amsterdam_T1,02:00:00:7f:8e:40,2026-08-06 13:48:40,20.8,52.4295166584759,4.91431653499603,1,Landsmeer,NL
Amsterdam,Amsterdam_T1,02:00:00:19:9f:a0,2026-08-06 13:43:04,22.0,52.42952,4.922538,2,Landsmeer,NL
Amsterdam,Amsterdam_T1,02:00:00:84:5b:ba,2026-08-06 13:49:24,23.1,52.425954,4.955471,0,Watergang,NL
Amsterdam,Amsterdam_T1,02:00:00:b2:a8:40,2026-08-06 13:48:49,20.0,52.4277367607842,4.97108750037114,0,Watergang,NL
Amsterdam,Amsterdam_T1,02:00:00:03:66:0a,2026-08-06 13:41:41,22.3,52.435455,4.998643,0,Waterland,NL
Amsterdam,Amsterdam_T1,02:00:00:c5:39:e6,2026-08-06 13:41:49,22.0,52.4318871,5.00355289999993,0,Waterland,NL
Amsterdam,Amsterdam_T1,02:00:00:74:2f:bc,2026-08-06 13:47:41,20.7,52.441813,4.800982,2,Zaandam,NL
Amsterdam,Amsterdam_T1,02:00:00:28:b4:66,2026-08-06 13:48:53,20.1,52.44171,4.801541,2,Zaandam,NL
Amsterdam,Amsterdam_T1,02:00:00:90:6d:84,2026-08-06 13:42:19,22.9,52.451797,4.81541440000003,0,Zaandam,NL
Amsterdam,Amsterdam_T1,02:00:00:84:6d:0c,2026-08-06 13:48:40,21.4,52.451021,4.819376,0,Zaandam,NL
Amsterdam,Amsterdam_T1,02:00:00:70:51:98,2026-08-06 13:41:12,21.9,52.449376,4.873678,0,Oostzaan,NL
Amsterdam,Amsterdam_T1,02:00:00:8d:e0:2e,2026-08-06 13:46:55,28.2,52.453716,5.033896,1,Monnickendam,NL
Amsterdam,Amsterdam_T1,02:00:00:74:38:ae,2026-08-06 13:43:16,24.0,52.448765,5.040629,0,Monnickendam,NL
Amsterdam,Amsterdam_T1,02:00:00:65:7b:60,2026-08-06 13:39:47,21.8,52.45517,4.796338,0,Koog aan de Zaan,NL
Amsterdam,Amsterdam_T1,02:00:00:65:85:14,2026-08-06 13:45:16,23.2,52.460911,4.798072,0,Koog aan de Zaan,NL
Amsterdam,Amsterdam_T1,02:00:00:28:6b:b2,2026-08-06 13:46:03,23.4,52.4682998657227,4.80089998245239,0,Zaanstad,NL
Amsterdam,Amsterdam_T1,02:00:00:b2:a4:56,2026-08-06 13:44:04,23.4,52.458013,4.806933,1,Koog aan de Zaan,NL
Amsterdam,Amsterdam_T1,02:00:00:12:55:1a,2026-08-06 13:48:31,22.8,52.4596497323282,4.81831419827456,3,Zaanstad,NL
Amsterdam,Amsterdam_T1,02:00:00:83:c1:36,2026-08-06 13:39:40,22.9,52.46779,4.833544,2,Zaandam,NL
Amsterdam,Amsterdam_T1,02:00:00:a9:c1:1c,2026-08-06 13:44:30,25.1,52.4684745,4.8413454,2,Zaandam,NL
Amsterdam,Amsterdam_T1,02:00:00:65:59:44,2026-08-06 13:42:35,20.8,52.46492,4.947995,0,Landsmeer,NL
Amsterdam,Amsterdam_T1,02:00:00:36:b5:10,2026-08-06 13:44:18,24.5,52.4607855,5.0354233,5,Waterland,NL
Amsterdam,Amsterdam_T1,02:00:00:74:32:a4,2026-08-06 13:49:19,20.4,52.4731842031282,4.79222238063812,0,Zaandijk,NL
Amsterdam,Amsterdam_T1,02:00:00:83:fe:54,2026-08-06 13:42:24,23.5,52.473273,4.792316,1,Zaandijk,NL
Amsterdam,Amsterdam_T1,02:00:00:b9:41:ba,2026-08-06 13:42:04,22.7,52.468595,4.827322,2,Zaandam,NL
Amsterdam,Amsterdam_T1,02:00:00:af:6e:4c,2026-08-06 13:45:27,23.7,52.472511,4.809806,1,Zaandijk,NL
Amsterdam,Amsterdam_T1,02:00:00:14:3f:f0,2026-08-06 13:41:40,23.3,52.478533,4.808805,0,Zaandijk,NL
Amsterdam,Amsterdam_T1,02:00:00:ab:f0:04,2026-08-06 13:45:36,23.8,52.4732402,4.82852159999997,1,Zaanstad,NL
Amsterdam,Amsterdam_T1,02:00:00:bd:20:42,2026-08-06 13:40:44,28.4,52.490773,4.590405,13,Wijk aan Zee,NL
Amsterdam,Amsterdam_T1,02:00:00:a2:61:20,2026-08-06 13:43:49,25.6,52.4932975227619,4.60278952387853,8,Wijk aan Zee,NL
Amsterdam,Amsterdam_T1,02:00:00:b5:31:48,2026-08-06 13:46:56,22.3,52.48672,4.649581,3,Beverwijk,NL
Amsterdam,Amsterdam_T1,02:00:00:03:9e:56,2026-08-06 13:42:33,22.0,52.4833850346124,4.65639000000004,2,Beverwijk,NL
Amsterdam,Amsterdam_T1,02:00:00:a4:41:2c,2026-08-06 13:46:32,21.1,52.493777,4.651065,3,Beverwijk,NL
Amsterdam,Amsterdam_T1,02:00:00:1f:75:1e,2026-08-06 13:44:26,23.8,52.495347,4.671976,3,Beverwijk,NL
Amsterdam,Amsterdam_T1,02:00:00:63:48:12,2026-08-06 13:45:54,21.9,52.4925710517851,4.68104579285944,0,Beverwijk,NL
Amsterdam,Amsterdam_T1,02:00:00:70:4d:7a,2026-08-06 13:45:07,21.6,52.4936408996582,4.68717861175537,0,Heemskerk,NL
Amsterdam,Amsterdam_T1,02:00:00:b9:29:a2,2026-08-06 13:45:43,21.2,52.48681,4.689331,0,Beverwijk,NL
Amsterdam,Amsterdam_T1,02:00:00:c2:3f:1a,2026-08-06 13:40:11,19.7,52.494114652513,4.69021010199475,0,Heemskerk,NL
Amsterdam,Amsterdam_T1,02:00:00:b9:2d:62,2026-08-06 13:48:02,22.5,52.487002,4.745845,0,Assendelft,NL
Amsterdam,Amsterdam_T1,02:00:00:74:2b:b0,2026-08-06 13:45:03,23.5,52.491181,4.741493,0,Assendelft,NL
Amsterdam,Amsterdam_T1,02:00:00:bd:ca:8e,2026-08-06 13:48:23,20.6,52.486042,4.749684,0,Assendelft,NL
Amsterdam,Amsterdam_T1,02:00:00:64:00:98,2026-08-06 13:40:27,21.4,52.487216,4.759611,0,Assendelft,NL
Amsterdam,Amsterdam_T1,02:00:00:c3:9b:7c,2026-08-06 13:43:06,22.5,52.508597,4.657421,1,Heemskerk,NL
Amsterdam,Amsterdam_T1,02:00:00:64:29:c8,2026-08-06 13:45:45,21.7,52.509686,4.657991,3,Heemskerk,NL
Amsterdam,Amsterdam_T1,02:00:00:28:d9:68,2026-08-06 13:38:20,23.7,52.505043,4.663006,3,Heemskerk,NL
Amsterdam,Amsterdam_T1,02:00:00:5f:27:32,2026-08-06 13:44:09,21.1,52.507020773057,4.66796492578298,2,Heemskerk,NL
Amsterdam,Amsterdam_T1,02:00:00:8d:c6:84,2026-08-06 13:46:03,26.5,52.49849,4.670613,4,Heemskerk,NL
Amsterdam,Amsterdam_T1,02:00:00:83:fd:bc,2026-08-06 13:41:31,22.4,52.5056967,4.67361610000001,4,Heemskerk,NL
Amsterdam,Amsterdam_T1,02:00:00:73:f5:76,2026-08-06 13:44:48,21.4,52.499622,4.6940675,0,Heemskerk,NL
Amsterdam,Amsterdam_T1,02:00:00:1a:fe:50,2026-08-06 13:45:20,22.4,52.5053081762322,4.75592475261492,1,Krommenie,NL
Amsterdam,Amsterdam_T1,02:00:00:bd:f4:02,2026-08-06 13:46:42,22.5,52.4973426347924,4.76018432436422,0,Zaanstad,NL
Amsterdam,Amsterdam_T1,02:00:00:14:48:26,2026-08-06 13:39:51,24.3,52.502025,4.767892,0,Krommenie,NL
Amsterdam,Amsterdam_T1,02:00:00:2c:be:d2,2026-08-06 13:39:54,21.1,52.512672,4.666764,1,Heemskerk,NL
Amsterdam,Amsterdam_T1,02:00:00:74:32:2e,2026-08-06 13:49:53,20.6,52.512731,4.670313,3,Heemskerk,NL
Amsterdam,Amsterdam_T1,02:00:00:58:bd:d0,2026-08-06 13:46:48,21.1,52.517194,4.672498,0,Heemskerk,NL
Amsterdam,Amsterdam_T1,02:00:00:b4:f1:96,2026-08-06 13:47:29,21.1,52.5120620727539,4.68826818466187,1,Heemskerk,NL
Amsterdam,Amsterdam_T1,02:00:00:19:33:4e,2026-08-06 13:46:42,23.0,52.5206,4.6901,0,Heemskerk,NL
Amsterdam,Amsterdam_T1,02:00:00:bd:0d:f2,2026-08-06 13:43:11,22.7,52.5209953,4.70019589999997,0,Uitgeest,NL
Amsterdam,Amsterdam_T1,02:00:00:63:34:a0,2026-08-06 13:40:25,20.1,52.5164485389808,4.7633657697163,0,Zaanstad,NL
Amsterdam,Amsterdam_T1,02:00:00:63:24:da,2026-08-06 13:47:09,21.3,52.5267021414972,4.70168518277734,0,Uitgeest,NL
Amsterdam,Amsterdam_T1,02:00:00:63:2d:f0,2026-08-06 13:47:47,22.5,52.533104,4.712557,0,Uitgeest,NL
Amsterdam,Amsterdam_T1,02:00:00:b5:8b:c2,2026-08-06 13:44:37,21.6,52.529381,4.713874,2,Uitgeest,NL
Amsterdam,Amsterdam_T1,02:00:00:b5:a6:8a,2026-08-06 13:48:16,23.2,52.530517,4.778969,0,Markenbinnen,NL
Amsterdam,Amsterdam_T1,02:00:00:b9:52:2e,2026-08-06 13:40:24,25.5,52.543081,4.660629,1,Castricum,NL
Amsterdam,Amsterdam_T1,02:00:00:b2:a8:d0,2026-08-06 13:46:21,24.2,52.5532143015102,4.66275751590729,2,Castricum,NL
Amsterdam,Amsterdam_T1,02:00:00:2b:20:f8,2026-08-06 13:49:15,24.9,52.552362718395,4.66431157696726,4,Castricum,NL
Amsterdam,Amsterdam_T1,02:00:00:a4:41:be,2026-08-06 13:40:29,25.9,52.5500106811523,4.66659545898438,1,Castricum,NL
Amsterdam,Amsterdam_T1,02:00:00:00:f7:ea,2026-08-06 13:40:44,22.9,52.552456056786,4.66874740076037,2,Castricum,NL
Amsterdam,Amsterdam_T1,02:00:00:27:2c:12,2026-08-06 13:44:48,23.1,52.5579643249512,4.65175914764404,11,Castricum,NL
Amsterdam,Amsterdam_T1,02:00:00:00:56:b0,2026-08-06 13:42:43,22.1,52.559481,4.645325,8,Castricum,NL
Amsterdam,Amsterdam_T1,02:00:00:36:a3:a2,2026-08-06 13:42:27,21.1,52.561176,4.647979,12,Castricum,NL
Amsterdam,Amsterdam_T1,02:00:00:c3:74:74,2026-08-06 13:49:00,24.5,52.556907,4.668744,1,Castricum,NL
Amsterdam,Amsterdam_T1,02:00:00:bd:e4:0a,2026-08-06 13:45:50,22.4,52.557114,4.6693296,0,Castricum,NL
Amsterdam,Amsterdam_T1,02:00:00:bd:db:96,2026-08-06 13:45:54,21.0,52.5677,4.688097,2,Castricum,NL
Amsterdam,Amsterdam_T1,02:00:00:83:f9:38,2026-08-06 13:48:54,25.0,52.5667610168457,4.69240951538086,4,Castricum,NL
Amsterdam,Amsterdam_T1,02:00:00:bd:d4:66,2026-08-06 13:47:34,23.4,52.5567058594671,4.72576493881832,0,Castricum,NL
Amsterdam,Amsterdam_T1,02:00:00:b0:a9:ae,2026-08-06 13:42:44,22.2,52.556932,4.728066,0,Castricum,NL
Amsterdam,Amsterdam_T1,02:00:00:2c:f9:46,2026-08-06 13:45:51,22.0,52.5711657,4.69811320000005,2,Castricum,NL
Amsterdam,Amsterdam_T1,02:00:00:3f:6f:6c,2026-08-06 13:41:44,22.7,52.5698,4.7014,2,Castricum,NL
Amsterdam,Amsterdam_T1,02:00:00:7f:ca:86,2026-08-06 13:39:58,21.6,52.575198,4.701347,2,Castricum,NL
Amsterdam,Amsterdam_T1,02:00:00:83:b0:d6,2026-08-06 13:47:55,20.6,52.592226,4.690301,0,Heiloo,NL
Amsterdam,Amsterdam_T1,02:00:00:b5:77:5a,2026-08-06 13:44:49,21.9,52.589641,4.701077,1,Heiloo,NL
Amsterdam,Amsterdam_T1,02:00:00:5f:28:b6,2026-08-06 13:42:42,22.9,52.593292,4.713329,0,Heiloo,NL
Amsterdam,Amsterdam_T1,02:00:00:13:81:dc,2026-08-06 13:43:53,22.2,52.5917217300149,4.71660864874474,1,Heiloo,NL
Amsterdam,Amsterdam_T1,02:00:00:14:4a:16,2026-08-06 13:43:57,21.8,52.5979706,4.68623639999998,2,Heiloo,NL
Amsterdam,Amsterdam_T1,02:00:00:27:49:96,2026-08-06 13:44:16,21.6,52.596877,4.700662,2,Heiloo,NL
Amsterdam,Amsterdam_T1,02:00:00:b2:c5:8e,2026-08-06 13:41:19,22.1,52.607205,4.694133,1,Heiloo,NL
Amsterdam,Amsterdam_T1,02:00:00:bd:0d:f4,2026-08-06 13:48:57,22.0,52.608246,4.707137,1,Heiloo,NL
Amsterdam,Amsterdam_T1,02:00:00:a9:f1:36,2026-08-06 13:46:22,21.5,52.6009402517112,4.7194606130876,4,Heiloo,NL
Amsterdam,Amsterdam_T1,02:00:00:15:dc:9e,2026-08-06 13:45:20,22.8,52.607723,4.716598,6,Heiloo,NL
Amsterdam,Amsterdam_T1,02:00:00:64:09:44,2026-08-06 13:47:23,22.1,52.602954864502,4.7196626663208,2,Heiloo,NL
Amsterdam,Amsterdam_T1,02:00:00:02:63:54,2026-08-06 13:46:27,18.8,52.6134354354965,4.62090881276794,20,Bergen,NL
Amsterdam,Amsterdam_T1,02:00:00:00:da:fe,2026-08-06 13:49:08,24.2,52.62333,4.630068,11,Bergen,NL
Amsterdam,Amsterdam_T1,02:00:00:31:ea:ec,2026-08-06 13:48:48,20.1,52.6170874425851,4.65225869437614,1,Bergen (NH),NL
Amsterdam,Amsterdam_T1,02:00:00:64:29:b6,2026-08-06 13:44:36,22.0,52.6201341308608,4.6524031553414,3,Bergen (NH),NL
Amsterdam,Amsterdam_T1,02:00:00:b2:a7:60,2026-08-06 13:42:15,21.2,52.617767,4.735231,3,Alkmaar,NL
Amsterdam,Amsterdam_T1,02:00:00:2f:07:0e,2026-08-06 13:39:46,22.1,52.619869,4.74062129999993,2,Alkmaar,NL
Amsterdam,Amsterdam_T1,02:00:00:b9:2a:8c,2026-08-06 13:43:54,21.7,52.6220359802246,4.74117708206177,3,Alkmaar,NL
Amsterdam,Amsterdam_T1,02:00:00:64:41:c4,2026-08-06 13:46:44,21.6,52.6182297305515,4.76174610319983,1,Alkmaar,NL
Amsterdam,Amsterdam_T1,02:00:00:c2:7c:c6,2026-08-06 13:45:43,24.3,52.625301,4.656129,4,Bergen,NL
Amsterdam,Amsterdam_T1,02:00:00:63:41:1a,2026-08-06 13:40:44,22.7,52.6295856026728,4.71791982650757,2,Alkmaar,NL
Amsterdam,Amsterdam_T1,02:00:00:01:aa:12,2026-08-06 13:40:42,21.9,52.633442,4.7215387,2,Alkmaar,NL
Amsterdam,Amsterdam_T1,02:00:00:ab:c4:e2,2026-08-06 13:45:49,25.0,52.6328430175781,4.72380399703979,2,Alkmaar,NL
Amsterdam,Amsterdam_T1,02:00:00:9b:4e:12,2026-08-06 13:45:00,23.2,52.6366402163491,4.74007593934657,3,Alkmaar,NL
Amsterdam,Amsterdam_T1,02:00:00:31:bd:b4,2026-08-06 13:47:57,22.1,52.634031,4.750493,5,Alkmaar,NL
Amsterdam,Amsterdam_T1,02:00:00:5f:4f:d6,2026-08-06 13:44:49,20.8,52.626419,4.754315,2,Alkmaar,NL
Amsterdam,Amsterdam_T1,02:00:00:c2:2e:b6,2026-08-06 13:46:44,21.2,52.633771,4.75851099999995,2,Alkmaar,NL
Amsterdam,Amsterdam_T1,02:00:00:64:01:d0,2026-08-06 13:42:38,22.6,52.634199,4.759869,6,Alkmaar,NL
Amsterdam,Amsterdam_T1,02:00:00:63:37:be,2026-08-06 13:49:26,20.1,52.633652,4.765127,1,Alkmaar,NL
Amsterdam,Amsterdam_T1,02:00:00:ab:df:8c,2026-08-06 13:48:52,20.0,52.641745,4.756303,1,Alkmaar,NL
Amsterdam,Amsterdam_T1,02:00:00:c2:38:70,2026-08-06 13:40:42,21.3,52.64382,4.75634999999998,2,Alkmaar,NL
Amsterdam,Amsterdam_T1,02:00:00:58:bc:d2,2026-08-06 13:41:46,20.7,52.6466445922852,4.75525665283203,1,Alkmaar,NL
Amsterdam,Amsterdam_T1,02:00:00:12:7e:c4,2026-08-06 13:47:35,20.9,52.6525888583169,4.76428381045071,1,Alkmaar,NL
Amsterdam,Amsterdam_T1,02:00:00:83:c1:72,2026-08-06 13:46:52,20.4,52.651228,4.779918,1,Sint Pancras,NL
Amsterdam,Amsterdam_T1,02:00:00:29:28:d6,2026-08-06 13:47:36,24.0,52.6496216,4.7809262,0,Alkmaar,NL
Amsterdam,Amsterdam_T1,02:00:00:a9:5f:3c,2026-08-06 13:40:35,21.8,52.3233565620573,4.58888893347402,2,Bennebroek,NL
Amsterdam,Amsterdam_T1,02:00:00:74:30:a2,2026-08-06 13:39:48,23.6,52.31667,4.601682,2,Bennebroek,NL
Amsterdam,Amsterdam_T1,02:00:00:52:ff:4a,2026-08-06 13:41:17,22.0,52.316234,4.613678,0,Zwaanshoek,NL
Amsterdam,Amsterdam_T1,02:00:00:04:e0:62,2026-08-06 13:41:40,21.3,52.3190344282112,4.59699478325753,2,Bennebroek,NL
Amsterdam,Amsterdam_T1,02:00:00:58:dc:8e,2026-08-06 13:48:07,21.2,52.314828,4.626092,0,Zwaanshoek,NL
Amsterdam,Amsterdam_T1,02:00:00:34:0d:20,2026-08-06 13:42:36,23.2,52.314469,4.637147,0,Haarlemmermeer,NL
Amsterdam,Amsterdam_T1,02:00:00:8d:cc:36,2026-08-06 13:41:11,22.5,52.3125,4.6445,0,Hoofddorp,NL
Amsterdam,Amsterdam_T1,02:00:00:06:02:ae,2026-08-06 13:45:13,21.3,52.313344,4.652007,0,Haarlemmermeer,NL
Amsterdam,Amsterdam_T1,02:00:00:00:d2:c8,2026-08-06 13:45:44,20.8,52.3246564313998,4.64318761619814,0,Haarlemmermeer,NL
Amsterdam,Amsterdam_T1,02:00:00:2b:51:7c,2026-08-06 13:43:47,21.7,52.314801,4.664166,0,Hoofddorp,NL
Amsterdam,Amsterdam_T1,02:00:00:12:6f:32,2026-08-06 13:39:48,22.4,52.318731,4.675906,0,Hoofddorp,NL
Amsterdam,Amsterdam_T1,02:00:00:04:a8:18,2026-08-06 13:48:09,24.8,52.3118591308594,4.69132137298584,0,Haarlemmermeer,NL
Amsterdam,Amsterdam_T1,02:00:00:04:5c:16,2026-08-06 13:42:36,27.3,52.325924,4.593691,3,Bennebroek,NL
Amsterdam,Amsterdam_T1,02:00:00:8d:d6:b0,2026-08-06 13:40:46,20.6,52.335645,4.632993,0,Cruquius,NL
Amsterdam,Amsterdam_T1,02:00:00:be:07:f0,2026-08-06 13:48:59,20.0,52.3348065616568,4.64470551369772,0,Cruquius,NL
Amsterdam,Amsterdam_T1,02:00:00:c2:49:e6,2026-08-06 13:44:36,20.4,52.336126,4.644912,0,Cruquius,NL
Amsterdam,Amsterdam_T1,02:00:00:b5:9e:1e,2026-08-06 13:40:29,20.4,52.3426322937012,4.60296392440796,3,Heemstede,NL
Amsterdam,Amsterdam_T1,02:00:00:bd:c0:ba,2026-08-06 13:49:43,21.4,52.3423288406971,4.60312933229977,2,Heemstede,NL
Amsterdam,Amsterdam_T1,02:00:00:b4:f1:9a,2026-08-06 13:40:46,23.8,52.3455882986117,4.6028138830537,3,Heemstede,NL
Amsterdam,Amsterdam_T1,02:00:00:8d:e0:c8,2026-08-06 13:47:44,21.4,52.342843,4.623263,3,Heemstede,NL
Amsterdam,Amsterdam_T1,02:00:00:b5:4a:8a,2026-08-06 13:47:48,20.6,52.346112,4.624803,2,Heemstede,NL
Amsterdam,Amsterdam_T1,02:00:00:b2:b9:40,2026-08-06 13:48:50,22.3,52.3414526,4.6261209,3,Heemstede,NL
Amsterdam,Amsterdam_T1,02:00:00:74:5c:56,2026-08-06 13:40:35,22.9,52.350723,4.644351,0,Haarlem,NL
Amsterdam,Amsterdam_T1,02:00:00:02:9b:e4,2026-08-06 13:49:41,22.1,52.347191,4.652659,1,Haarlem,NL
Amsterdam,Amsterdam_T1,02:00:00:b5:52:ca,2026-08-06 13:47:24,21.0,52.3431975,4.67456669,0,Vijfhuizen,NL
Amsterdam,Amsterdam_T1,02:00:00:3a:25:94,2026-08-06 13:41:36,22.3,52.34347,4.674454,0,Vijfhuizen,NL
Amsterdam,Amsterdam_T1,02:00:00:ab:ea:fc,2026-08-06 13:46:40,23.5,52.343516,4.674352,0,Vijfhuizen,NL
Amsterdam,Amsterdam_T1,02:00:00:19:41:f0,2026-08-06 13:49:11,21.3,52.34581,4.772238,0,Badhoevedorp,NL
Amsterdam,Amsterdam_T1,02:00:00:bd:de:aa,2026-08-06 13:46:48,22.4,52.35104,4.773909,0,Amsterdam,NL
Amsterdam,Amsterdam_T1,02:00:00:ab:db:e0,2026-08-06 13:41:42,24.8,52.364787,4.52086100000004,14,Zandvoort,NL
Amsterdam,Amsterdam_T1,02:00:00:a9:8b:b6,2026-08-06 13:40:00,20.8,52.3675,4.5304,6,Zandvoort,NL
Amsterdam,Amsterdam_T1,02:00:00:3c:ed:32,2026-08-06 13:47:52,21.9,52.3671946,4.54155539999998,6,Zandvoort,NL
Amsterdam,Amsterdam_T1,02:00:00:b0:97:dc,2026-08-06 13:43:16,25.3,52.367772,4.606125,2,Haarlem,NL
Amsterdam,Amsterdam_T1,02:00:00:02:ea:00,2026-08-06 13:47:54,24.9,52.3632352276022,4.61015882569882,4,Haarlem,NL
Amsterdam,Amsterdam_T1,02:00:00:8d:db:c6,2026-08-06 13:44:39,23.0,52.36765,4.61563000000001,1,Haarlem,NL
Amsterdam,Amsterdam_T1,02:00:00:31:c4:74,2026-08-06 13:46:42,24.7,52.356443,4.618759,2,Heemstede,NL
Amsterdam,Amsterdam_T1,02:00:00:9d:10:06,2026-08-06 13:46:33,27.4,52.354224,4.625271,2,Heemstede,NL
Amsterdam,Amsterdam_T1,02:00:00:b2:b2:54,2026-08-06 13:40:52,24.6,52.357489,4.625746,4,Heemstede,NL
Amsterdam,Amsterdam_T1,02:00:00:03:9c:a2,2026-08-06 13:48:37,23.5,52.3547002557013,4.64688848693248,0,Haarlem,NL
Amsterdam,Amsterdam_T1,02:00:00:3d:18:c6,2026-08-06 13:40:58,24.4,52.3615,4.6419,2,Haarlem,NL
Amsterdam,Amsterdam_T1,02:00:00:1c:64:0e,2026-08-06 13:42:26,23.7,52.355164,4.663513,2,Haarlem,NL
Amsterdam,Amsterdam_T1,02:00:00:7f:9a:24,2026-08-06 13:44:16,21.1,52.3591853224633,4.66554760934741,1,Haarlem,NL
Amsterdam,Amsterdam_T1,02:00:00:29:66:d8,2026-08-06 13:44:54,22.7,52.354517,4.779536,0,Amsterdam,NL
Amsterdam,Amsterdam_T1,02:00:00:1c:57:72,2026-08-06 13:44:06,22.2,52.3705376377954,4.53681784129898,5,Zandvoort,NL
Amsterdam,Amsterdam_T1,02:00:00:3f:4c:f4,2026-08-06 13:40:59,20.3,52.372587,4.530564,6,Zandvoort,NL
Amsterdam,Amsterdam_T1,02:00:00:12:41:12,2026-08-06 13:40:14,23.3,52.374049,4.5339304,6,Zandvoort,NL
Amsterdam,Amsterdam_T1,02:00:00:c2:32:aa,2026-08-06 13:41:51,22.9,52.372037,4.59458,8,Aerdenhout,NL
Amsterdam,Amsterdam_T1,02:00:00:c3:ec:bc,2026-08-06 13:42:20,23.0,52.3714478705273,4.62272452350821,1,Haarlem,NL
Amsterdam,Amsterdam_T1,02:00:00:bd:fb:06,2026-08-06 13:45:29,24.1,52.3736267089844,4.61951780319214,0,Haarlem,NL
Amsterdam,Amsterdam_T1,02:00:00:3a:2a:c8,2026-08-06 13:45:38,22.3,52.37427,4.6192017,1,Haarlem,NL
Amsterdam,Amsterdam_T1,02:00:00:33:d2:64,2026-08-06 13:40:46,22.8,52.3809272917764,4.64569719847814,1,Haarlem,NL
Amsterdam,Amsterdam_T1,02:00:00:12:93:68,2026-08-06 13:39:05,22.1,52.3707324317005,4.64776396751404,5,Haarlem,NL
Amsterdam,Amsterdam_T1,02:00:00:01:f3:f8,2026-08-06 13:39:54,21.7,52.375507,4.65622430000004,3,Haarlem,NL
Amsterdam,Amsterdam_T1,02:00:00:1f:3b:4a,2026-08-06 13:39:38,20.7,52.37831,4.669574,1,Haarlem,NL
Amsterdam,Amsterdam_T1,02:00:00:bd:02:30,2026-08-06 13:43:21,21.4,52.378145,4.670558,1,Haarlem,NL
Amsterdam,Amsterdam_T1,02:00:00:a9:82:9a,2026-08-06 13:47:46,21.0,52.378145,4.670558,1,Haarlem,NL
Amsterdam,Amsterdam_T1,02:00:00:27:b4:36,2026-08-06 13:49:25,25.5,52.3779792785645,4.7358570098877,0,Haarlemmermeer,NL
Amsterdam,Amsterdam_T1,02:00:00:27:4b:10,2026-08-06 13:40:16,26.0,52.37942,4.744301,0,Haarlemmermeer,NL
Amsterdam,Amsterdam_T1,02:00:00:1e:21:d8,2026-08-06 13:40:41,23.1,52.3836936950684,4.60500431060791,3,Haarlem,NL
Amsterdam,Amsterdam_T1,02:00:00:3f:4b:00,2026-08-06 13:44:47,25.5,52.3919181,4.6090654,10,Bloemendaal,NL
Amsterdam,Amsterdam_T1,02:00:00:90:90:54,2026-08-06 13:49:05,22.0,52.3920090859054,4.61050858570127,4,Overveen,NL
Amsterdam,Amsterdam_T1,02:00:00:ab:e0:5c,2026-08-06 13:45:05,21.6,52.382743416844,4.62757179341502,3,Haarlem,NL
Amsterdam,Amsterdam_T1,02:00:00:36:97:c0,2026-08-06 13:41:20,21.2,52.384901,4.618702,2,Haarlem,NL
Amsterdam,Amsterdam_T1,02:00:00:bd:fd:1a,2026-08-06 13:42:11,21.3,52.3856228,4.62560090000005,2,Haarlem,NL
Amsterdam,Amsterdam_T1,02:00:00:a4:29:1a,2026-08-06 13:48:47,24.9,52.39233,4.64477999999999,2,Haarlem,NL
Amsterdam,Amsterdam_T1,02:00:00:19:12:9e,2026-08-06 13:46:58,22.0,52.395697,4.646471,2,Haarlem,NL
Amsterdam,Amsterdam_T1,02:00:00:29:68:b8,2026-08-06 13:46:50,22.0,52.396323,4.647771,1,Haarlem,NL
Amsterdam,Amsterdam_T1,02:00:00:03:70:e8,2026-08-06 13:40:03,21.4,52.383225,4.726661,0,Zwanenburg,NL
Amsterdam,Amsterdam_T1,02:00:00:33:d0:b6,2026-08-06 13:48:57,26.3,52.387142,4.757172,1,Halfweg,NL
Amsterdam,Amsterdam_T1,02:00:00:13:52:76,2026-08-06 13:46:44,21.6,52.3991470336914,4.62305593490601,2,Bloemendaal,NL
Amsterdam,Amsterdam_T1,02:00:00:83:f0:02,2026-08-06 13:43:24,22.1,52.405965,4.631168,2,Haarlem,NL
Amsterdam,Amsterdam_T1,02:00:00:65:6b:94,2026-08-06 13:42:08,22.4,52.406331,4.652223,0,Haarlem,NL
Amsterdam,Amsterdam_T1,02:00:00:7f:be:68,2026-08-06 13:40:40,27.5,52.424201965332,4.62889003753662,9,Velsen,NL
Amsterdam,Amsterdam_T1,02:00:00:2f:2c:10,2026-08-06 13:41:13,23.0,52.4139580938156,4.64802011595694,0,Haarlem,NL
Amsterdam,Amsterdam_T1,02:00:00:a2:0a:b0,2026-08-06 13:41:09,22.6,52.418751,4.6510605,1,Haarlem,NL
Amsterdam,Amsterdam_T1,02:00:00:be:06:98,2026-08-06 13:46:54,21.8,52.4134979248047,4.68100881576538,0,Haarlem,NL
Amsterdam,Amsterdam_T1,02:00:00:90:b7:14,2026-08-06 13:48:23,20.6,52.41832,4.681472,0,Velserbroek,NL
Amsterdam,Amsterdam_T1,02:00:00:a2:25:f2,2026-08-06 13:46:27,22.2,52.430885,4.633629,5,Santpoort-Noord,NL
Amsterdam,Amsterdam_T1,02:00:00:6b:54:fc,2026-08-06 13:43:55,22.8,52.43138,4.637592,7,Santpoort-Noord,NL
Amsterdam,Amsterdam_T1,02:00:00:52:cd:ec,2026-08-06 13:44:50,23.5,52.435427,4.639712,7,Santpoort-Noord,NL
Amsterdam,Amsterdam_T1,02:00:00:b5:b6:ae,2026-08-06 13:47:15,23.7,52.4339768,4.6563109,1,Velsen,NL
Amsterdam,Amsterdam_T1,02:00:00:36:ec:46,2026-08-06 13:45:03,21.9,52.4389800296369,4.65587516850894,0,Velsen,NL
Amsterdam,Amsterdam_T1,02:00:00:64:29:b8,2026-08-06 13:45:41,22.3,52.438749,4.657498,1,Velsen,NL
Amsterdam,Amsterdam_T1,02:00:00:bd:ec:92,2026-08-06 13:49:20,24.2,52.4288634,4.67031360000004,0,Velserbroek,NL
Amsterdam,Amsterdam_T1,02:00:00:b5:4b:32,2026-08-06 13:45:34,23.7,52.4319432,4.78043320000006,0,Westzaan,NL
Amsterdam,Amsterdam_T1,02:00:00:bc:b6:d4,2026-08-06 13:42:07,23.3,52.4456,4.5918,11,IJmuiden,NL
Amsterdam,Amsterdam_T1,02:00:00:b2:aa:ac,2026-08-06 13:42:49,22.7,52.448609,4.590747,10,IJmuiden,NL
Amsterdam,Amsterdam_T1,02:00:00:7f:98:e4,2026-08-06 13:44:04,26.2,52.4443464,4.6335944,7,Driehuis NH,NL
Amsterdam,Amsterdam_T1,02:00:00:a9:65:06,2026-08-06 13:49:56,24.3,52.4453624156696,4.63662952934719,6,Driehuis NH,NL
Amsterdam,Amsterdam_T1,02:00:00:27:13:90,2026-08-06 13:46:42,22.5,52.44252,4.65480000000011,2,Velserbroek,NL
Amsterdam,Amsterdam_T1,02:00:00:9c:fa:06,2026-08-06 13:47:35,26.9,52.4489951330939,4.64108121865961,6,Driehuis NH,NL
Amsterdam,Amsterdam_T1,02:00:00:37:27:c4,2026-08-06 13:48:12,22.6,52.462665,4.602491,9,IJmuiden,NL
Amsterdam,Amsterdam_T1,02:00:00:6b:9c:56,2026-08-06 13:46:44,24.2,52.4615355374391,4.62213646156055,7,IJmuiden,NL
Amsterdam,Amsterdam_T1,02:00:00:33:ff:50,2026-08-06 13:47:52,25.9,52.47222,4.64417,3,Velsen-Noord,NL
Amsterdam,Amsterdam_T1,02:00:00:73:c3:3e,2026-08-06 13:42:39,21.3,52.469413,4.748364,0,Assendelft,NL
Amsterdam,Amsterdam_T1,02:00:00:a2:60:a8,2026-08-06 13:46:05,22.4,52.4727440027025,4.74969940572919,0,Assendelft,NL
Amsterdam,Amsterdam_T1,02:00:00:9d:10:20,2026-08-06 13:41:33,21.2,52.4824444122797,4.75732270451103,0,Assendelft,NL
Rotterdam,Rotterdam_T1,02:00:00:9b:4c:a4,2026-08-06 13:44:15,23.8,51.9777136658191,4.23938155174255,2,De Lier,NL
Rotterdam,Rotterdam_T1,02:00:00:9b:5b:c6,2026-08-06 13:44:24,22.4,51.977076,4.253869,0,De Lier,NL
Rotterdam,Rotterdam_T1,02:00:00:12:3f:7e,2026-08-06 13:43:36,22.0,51.9777984619141,4.25448846817017,0,Westland,NL
Rotterdam,Rotterdam_T1,02:00:00:69:27:02,2026-08-06 13:42:22,20.6,51.9722182620618,4.31247174739838,0,Midden-Delfland,NL
Rotterdam,Rotterdam_T1,02:00:00:80:15:88,2026-08-06 13:41:57,20.5,51.972873,4.316429,0,Schipluiden,NL
Rotterdam,Rotterdam_T1,02:00:00:31:bb:04,2026-08-06 13:42:09,21.3,51.9756235520416,4.31817887889974,0,Midden-Delfland,NL
Rotterdam,Rotterdam_T1,02:00:00:c2:41:46,2026-08-06 13:48:27,21.6,51.975427,4.318863,0,Schipluiden,NL
Rotterdam,Rotterdam_T1,02:00:00:36:d0:7c,2026-08-06 13:43:10,24.7,51.979279,4.462594,0,Berkel en Rodenrijs,NL
Rotterdam,Rotterdam_T1,02:00:00:a9:76:1c,2026-08-06 13:40:44,23.2,51.981891,4.2977,0,De Lier,NL
Rotterdam,Rotterdam_T1,02:00:00:ab:ec:9e,2026-08-06 13:36:09,20.3,51.9851341247559,4.3366641998291,0,Delft,NL
Rotterdam,Rotterdam_T1,02:00:00:1b:0b:86,2026-08-06 13:45:29,21.2,51.986908,4.33956,1,Delft,NL
Rotterdam,Rotterdam_T1,02:00:00:00:d0:0c,2026-08-06 13:41:03,21.8,51.9839945165902,4.34705013511854,0,Delft,NL
Rotterdam,Rotterdam_T1,02:00:00:ab:ef:78,2026-08-06 13:43:51,26.2,51.983687,4.36361,0,Delft,NL
Rotterdam,Rotterdam_T1,02:00:00:03:d9:e6,2026-08-06 13:43:07,24.2,51.9828491210938,4.36704349517822,1,Delft,NL
Rotterdam,Rotterdam_T1,02:00:00:29:47:04,2026-08-06 13:40:31,24.5,51.981086,4.464655,0,Berkel en Rodenrijs,NL
Rotterdam,Rotterdam_T1,02:00:00:9c:f8:c8,2026-08-06 13:49:47,24.1,51.985931,4.466015,0,Berkel en Rodenrijs,NL
Rotterdam,Rotterdam_T1,02:00:00:00:2c:a4,2026-08-06 13:44:36,21.8,51.986022,4.472455,0,Lansingerland,NL
Rotterdam,Rotterdam_T1,02:00:00:00:e7:18,2026-08-06 13:46:36,22.8,51.9865055199817,4.49336396638479,0,Bergschenhoek,NL
Rotterdam,Rotterdam_T1,02:00:00:96:b6:04,2026-08-06 13:46:47,23.1,51.99125,4.4877768,0,Bergschenhoek,NL
Rotterdam,Rotterdam_T1,02:00:00:2e:bb:3e,2026-08-06 13:41:49,24.5,51.9890286,4.48875720000001,0,Lansingerland,NL
Rotterdam,Rotterdam_T1,02:00:00:27:41:d4,2026-08-06 13:45:37,21.6,52.000913,4.326118,0,Den Hoorn,NL
Rotterdam,Rotterdam_T1,02:00:00:58:d1:1c,2026-08-06 13:41:20,23.7,51.9999732971191,4.3280463218689,0,Midden-Delfland,NL
Rotterdam,Rotterdam_T1,02:00:00:12:f0:a2,2026-08-06 13:46:12,22.7,52.0028117,4.32654669999999,0,Midden-Delfland,NL
Rotterdam,Rotterdam_T1,02:00:00:9c:db:ea,2026-08-06 13:40:40,21.7,52.000331,4.336122,0,Den Hoorn,NL
Rotterdam,Rotterdam_T1,02:00:00:63:3c:0e,2026-08-06 13:48:36,22.6,52.0024395,4.33742328571429,2,Midden-Delfland,NL
Rotterdam,Rotterdam_T1,02:00:00:3f:20:18,2026-08-06 13:42:43,24.3,52.0031479623561,4.33911877594167,0,Midden-Delfland,NL
Rotterdam,Rotterdam_T1,02:00:00:a2:66:92,2026-08-06 13:45:45,25.4,51.9975,4.3604,1,Delft,NL
Rotterdam,Rotterdam_T1,02:00:00:b2:c1:72,2026-08-06 13:47:12,23.1,52.0013046264648,4.36315441131592,1,Delft,NL
Rotterdam,Rotterdam_T1,02:00:00:a4:2d:d6,2026-08-06 13:44:40,25.1,52.00095,4.365714,1,Delft,NL
Rotterdam,Rotterdam_T1,02:00:00:a9:61:9a,2026-08-06 13:49:57,24.4,52.0009155273438,4.38462448120117,0,Delft,NL
Rotterdam,Rotterdam_T1,02:00:00:36:b9:26,2026-08-06 13:43:33,22.3,52.002996,4.390715,0,Pijnacker-Nootdorp,NL
Rotterdam,Rotterdam_T1,02:00:00:02:d4:ca,2026-08-06 13:40:52,20.7,52.006451,4.393051,0,Delfgauw,NL
Rotterdam,Rotterdam_T1,02:00:00:a9:6d:0c,2026-08-06 13:46:29,23.6,52.00874,4.427,0,Pijnacker,NL
Rotterdam,Rotterdam_T1,02:00:00:13:13:f4,2026-08-06 13:41:31,23.9,52.0072021484375,4.43953990936279,0,Pijnacker-Nootdorp,NL
Rotterdam,Rotterdam_T1,02:00:00:b2:af:52,2026-08-06 13:48:47,21.4,52.004138,4.448223,0,Pijnacker-Nootdorp,NL
Rotterdam,Rotterdam_T1,02:00:00:84:30:de,2026-08-06 13:48:00,23.5,52.00262,4.4501376,0,Pijnacker,NL
Rotterdam,Rotterdam_T1,02:00:00:73:f9:b6,2026-08-06 13:47:17,26.3,51.996857,4.482029,0,Berkel en Rodenrijs,NL
Rotterdam,Rotterdam_T1,02:00:00:21:10:32,2026-08-06 13:44:13,25.7,52.005954,4.494528,0,Berkel en Rodenrijs,NL
Rotterdam,Rotterdam_T1,02:00:00:33:39:0e,2026-08-06 13:45:36,21.9,52.0094959,4.22577910000002,1,Honselersdijk,NL
Rotterdam,Rotterdam_T1,02:00:00:29:2a:c0,2026-08-06 13:45:29,21.2,52.02337,4.220457,2,Westland,NL
Rotterdam,Rotterdam_T1,02:00:00:b5:8c:34,2026-08-06 13:48:31,20.7,52.010731,4.231847,0,Honselersdijk,NL
Rotterdam,Rotterdam_T1,02:00:00:b5:87:84,2026-08-06 13:49:17,24.1,52.017124,4.2579894,0,Kwintsheul,NL
Rotterdam,Rotterdam_T1,02:00:00:28:75:9e,2026-08-06 13:45:43,21.6,52.019287,4.27351,0,Wateringen,NL
Rotterdam,Rotterdam_T1,02:00:00:bd:d9:7e,2026-08-06 13:48:47,23.4,52.020915,4.274324,0,Wateringen,NL
Rotterdam,Rotterdam_T1,02:00:00:70:1a:06,2026-08-06 13:43:37,21.1,52.021371,4.27976599999998,0,Wateringen,NL
Rotterdam,Rotterdam_T1,02:00:00:83:e8:12,2026-08-06 13:44:32,22.0,52.023422,4.29397600000003,0,The Hague,NL
Rotterdam,Rotterdam_T1,02:00:00:19:17:0e,2026-08-06 13:42:51,22.3,52.018548,4.295847,0,The Hague,NL
Rotterdam,Rotterdam_T1,02:00:00:71:5c:e6,2026-08-06 13:44:16,22.1,52.01805,4.302916,0,The Hague,NL
Rotterdam,Rotterdam_T1,02:00:00:22:d7:70,2026-08-06 13:43:17,20.5,52.00943,4.317615,0,Den Hoorn,NL
Rotterdam,Rotterdam_T1,02:00:00:b5:8a:c6,2026-08-06 13:44:37,22.1,52.0131973542606,4.32965307036136,0,Delft,NL
Rotterdam,Rotterdam_T1,02:00:00:65:56:f6,2026-08-06 13:42:01,23.0,52.016088,4.329436,0,Rijswijk,NL
Rotterdam,Rotterdam_T1,02:00:00:c6:15:f6,2026-08-06 13:47:54,22.5,52.009809,4.337796,0,Delft,NL
Rotterdam,Rotterdam_T1,02:00:00:13:04:c2,2026-08-06 13:40:38,23.1,52.01145,4.342701,1,Delft,NL
Rotterdam,Rotterdam_T1,02:00:00:01:1a:be,2026-08-06 13:42:53,26.8,52.01425,4.346293,1,Delft,NL
Rotterdam,Rotterdam_T1,02:00:00:b5:6b:10,2026-08-06 13:43:00,24.9,52.009232,4.365134,1,Delft,NL
Rotterdam,Rotterdam_T1,02:00:00:03:03:36,2026-08-06 13:46:56,24.6,52.013937,4.35952,2,Delft,NL
Rotterdam,Rotterdam_T1,02:00:00:63:07:0a,2026-08-06 13:42:42,23.0,52.0161250297335,4.35983148643825,2,Delft,NL
Rotterdam,Rotterdam_T1,02:00:00:7f:be:72,2026-08-06 13:44:18,21.9,52.010014,4.396196,0,Delfgauw,NL
Rotterdam,Rotterdam_T1,02:00:00:b2:bc:36,2026-08-06 13:40:54,22.6,52.0110044,4.39716220000005,0,Delfgauw,NL
Rotterdam,Rotterdam_T1,02:00:00:28:c6:a0,2026-08-06 13:41:28,22.3,52.017348,4.430074,0,Pijnacker,NL
Rotterdam,Rotterdam_T1,02:00:00:00:de:d2,2026-08-06 13:40:58,22.4,52.0194,4.433978,0,Pijnacker,NL
Rotterdam,Rotterdam_T1,02:00:00:12:50:a2,2026-08-06 13:49:01,23.3,52.017736,4.437464,0,Pijnacker,NL
Rotterdam,Rotterdam_T1,02:00:00:70:57:a6,2026-08-06 13:48:03,23.6,52.032335,4.226106,0,Poeldijk,NL
Rotterdam,Rotterdam_T1,02:00:00:05:5e:6c,2026-08-06 13:43:06,19.8,52.025398,4.250405,0,Kwintsheul,NL
Rotterdam,Rotterdam_T1,02:00:00:70:54:ae,2026-08-06 13:44:47,22.1,52.0250261772123,4.27339867029308,1,Westland,NL
Rotterdam,Rotterdam_T1,02:00:00:05:48:58,2026-08-06 13:43:56,25.2,52.027597,4.271085,1,Wateringen,NL
Rotterdam,Rotterdam_T1,02:00:00:3c:1f:38,2026-08-06 13:47:57,25.5,52.029608,4.280568,0,Westland,NL
Rotterdam,Rotterdam_T1,02:00:00:28:a6:bc,2026-08-06 13:47:13,20.2,52.0282,4.2894,0,The Hague,NL
Rotterdam,Rotterdam_T1,02:00:00:b5:ab:2a,2026-08-06 13:42:19,23.9,52.0282,4.2894,0,The Hague,NL
Rotterdam,Rotterdam_T1,02:00:00:8d:db:56,2026-08-06 13:40:11,21.6,52.028558,4.290961,0,The Hague,NL
Rotterdam,Rotterdam_T1,02:00:00:53:21:c0,2026-08-06 13:43:08,23.8,52.026369,4.315001,5,Rijswijk,NL
Rotterdam,Rotterdam_T1,02:00:00:02:b3:4e,2026-08-06 13:42:53,18.6,52.0342742560364,4.31400057155358,5,Rijswijk,NL
Rotterdam,Rotterdam_T1,02:00:00:a9:80:40,2026-08-06 13:44:27,20.2,52.0342742560364,4.31400057155358,5,Rijswijk,NL
Rotterdam,Rotterdam_T1,02:00:00:b5:12:ea,2026-08-06 13:10:29,23.8,52.026608,4.338886,0,Rijswijk,NL
Rotterdam,Rotterdam_T1,02:00:00:31:d6:92,2026-08-06 13:48:36,21.4,52.02583,4.35241999999998,1,Rijswijk,NL
Rotterdam,Rotterdam_T1,02:00:00:7a:8c:d8,2026-08-06 13:45:41,23.4,52.03445,4.3570523,0,The Hague,NL
Rotterdam,Rotterdam_T1,02:00:00:01:57:92,2026-08-06 13:44:32,23.9,52.031365,4.377341,0,The Hague,NL
Rotterdam,Rotterdam_T1,02:00:00:53:4a:56,2026-08-06 13:44:27,23.5,52.035291667487,4.37625124421041,0,The Hague,NL
Rotterdam,Rotterdam_T1,02:00:00:a9:4a:ba,2026-08-06 13:44:55,22.6,52.0350194,4.3863817,0,The Hague,NL
Rotterdam,Rotterdam_T1,02:00:00:a9:7d:2a,2026-08-06 13:49:13,21.7,52.0370407104492,4.387122631073,0,The Hague,NL
Rotterdam,Rotterdam_T1,02:00:00:a4:16:6e,2026-08-06 13:44:09,21.1,52.0251917647022,4.42625571616408,0,Pijnacker,NL
Rotterdam,Rotterdam_T1,02:00:00:03:5e:4a,2026-08-06 13:47:23,20.9,52.0296166,4.455603,0,Pijnacker-Nootdorp,NL
Rotterdam,Rotterdam_T1,02:00:00:14:3f:68,2026-08-06 13:43:35,24.1,52.0245126066557,4.47967126733552,0,Berkel en Rodenrijs,NL
Rotterdam,Rotterdam_T1,02:00:00:9d:26:d2,2026-08-06 13:49:26,24.4,52.033127,4.481348,0,Zoetermeer,NL
Rotterdam,Rotterdam_T1,02:00:00:b0:a4:94,2026-08-06 13:44:27,24.1,52.0349044799805,4.49338150024414,0,Zoetermeer,NL
Rotterdam,Rotterdam_T1,02:00:00:05:53:60,2026-08-06 13:49:15,22.1,52.041561,4.223035,0,The Hague,NL
Rotterdam,Rotterdam_T1,02:00:00:b5:81:58,2026-08-06 13:48:28,20.2,52.04823,4.21922900000002,1,The Hague,NL
Rotterdam,Rotterdam_T1,02:00:00:af:52:5c,2026-08-06 13:43:56,23.4,52.04308,4.226301,0,The Hague,NL
Rotterdam,Rotterdam_T1,02:00:00:63:20:26,2026-08-06 13:46:38,22.1,52.05232,4.251573,1,The Hague,NL
Rotterdam,Rotterdam_T1,02:00:00:33:c3:b6,2026-08-06 13:42:01,23.0,52.041359,4.261745,2,The Hague,NL
Rotterdam,Rotterdam_T1,02:00:00:3d:1d:84,2026-08-06 13:40:13,23.8,52.0434,4.2591,0,The Hague,NL
Rotterdam,Rotterdam_T1,02:00:00:1b:1c:14,2026-08-06 13:49:41,23.1,52.039697,4.2956717,1,Rijswijk,NL
Rotterdam,Rotterdam_T1,02:00:00:af:80:9a,2026-08-06 13:48:16,25.1,52.0515206687929,4.30651038776614,5,The Hague,NL
Rotterdam,Rotterdam_T1,02:00:00:b5:80:d2,2026-08-06 13:45:04,26.2,52.0440782777029,4.33701086525241,6,Rijswijk,NL
Rotterdam,Rotterdam_T1,02:00:00:c5:35:a4,2026-08-06 13:46:28,24.5,52.045882,4.346406,1,Rijswijk,NL
Rotterdam,Rotterdam_T1,02:00:00:34:0c:86,2026-08-06 13:37:18,24.5,52.05229,4.3472,0,Rijswijk,NL
Rotterdam,Rotterdam_T1,02:00:00:9c:d7:78,2026-08-06 13:47:02,20.7,52.040264,4.362028,0,The Hague,NL
Rotterdam,Rotterdam_T1,02:00:00:1c:7e:ae,2026-08-06 13:48:49,21.1,52.038915,4.366131,0,The Hague,NL
Rotterdam,Rotterdam_T1,02:00:00:33:d0:1a,2026-08-06 13:44:05,21.0,52.04705,4.3624587,0,The Hague,NL
Rotterdam,Rotterdam_T1,02:00:00:7f:a7:ea,2026-08-06 13:48:24,21.2,52.0380073,4.38669640000001,-2,Den Haag,NL
Rotterdam,Rotterdam_T1,02:00:00:7f:cc:34,2026-08-06 13:39:58,21.6,52.04027,4.386554,0,Nootdorp,NL
Rotterdam,Rotterdam_T1,02:00:00:06:8c:cc,2026-08-06 13:43:15,23.2,52.0447799567677,4.38894145915774,0,Nootdorp,NL
Rotterdam,Rotterdam_T1,02:00:00:04:95:2e,2026-08-06 13:42:23,31.7,52.051678,4.459339,0,Zoetermeer,NL
Rotterdam,Rotterdam_T1,02:00:00:70:19:8e,2026-08-06 13:42:05,25.1,52.0391425410585,4.47068751201742,0,Pijnacker,NL
Rotterdam,Rotterdam_T1,02:00:00:74:37:f0,2026-08-06 13:44:31,26.3,52.042642,4.461883,0,Zoetermeer,NL
Rotterdam,Rotterdam_T1,02:00:00:64:2f:10,2026-08-06 13:47:58,24.5,52.0396681479356,4.47937465183982,0,Zoetermeer,NL
Rotterdam,Rotterdam_T1,02:00:00:84:71:4e,2026-08-06 13:41:05,23.0,52.04283,4.481998,0,Zoetermeer,NL
Rotterdam,Rotterdam_T1,02:00:00:9d:26:50,2026-08-06 13:45:27,21.4,52.0430906,4.4821536,0,Zoetermeer,NL
Rotterdam,Rotterdam_T1,02:00:00:70:28:12,2026-08-06 13:41:08,20.4,52.05711,4.232334,7,The Hague,NL
Rotterdam,Rotterdam_T1,02:00:00:7f:a4:9a,2026-08-06 13:40:44,21.7,52.059046,4.233398,2,The Hague,NL
Rotterdam,Rotterdam_T1,02:00:00:ab:f3:1e,2026-08-06 13:45:22,20.7,52.059284,4.233403,2,The Hague,NL
Rotterdam,Rotterdam_T1,02:00:00:af:4e:6a,2026-08-06 13:40:59,21.8,52.0585479736328,4.26001405715942,1,The Hague,NL
Rotterdam,Rotterdam_T1,02:00:00:b2:b9:f8,2026-08-06 13:46:58,24.3,52.053307,4.264459,2,The Hague,NL
Rotterdam,Rotterdam_T1,02:00:00:1c:6a:60,2026-08-06 13:40:23,23.5,52.0528657,4.27534449999996,3,The Hague,NL
Rotterdam,Rotterdam_T1,02:00:00:a9:f2:30,2026-08-06 13:45:25,19.8,52.0575,4.2698,1,The Hague,NL
Rotterdam,Rotterdam_T1,02:00:00:90:b2:b8,2026-08-06 13:40:51,19.7,52.061347,4.271548,0,The Hague,NL
Rotterdam,Rotterdam_T1,02:00:00:84:5b:7a,2026-08-06 13:40:14,22.9,52.058479,4.307849,1,The Hague,NL
Rotterdam,Rotterdam_T1,02:00:00:36:e5:24,2026-08-06 13:46:21,25.2,52.0534941858492,4.31175827980042,0,The Hague,NL
Rotterdam,Rotterdam_T1,02:00:00:29:2d:00,2026-08-06 13:45:28,22.1,52.0573602189514,4.31402668796871,3,The Hague,NL
Rotterdam,Rotterdam_T1,02:00:00:c5:33:8e,2026-08-06 13:43:48,22.1,52.0541152954102,4.31790542602539,2,The Hague,NL
Rotterdam,Rotterdam_T1,02:00:00:6b:31:84,2026-08-06 13:44:47,21.1,52.0592533,4.3277548,2,The Hague,NL
Rotterdam,Rotterdam_T1,02:00:00:6b:28:e4,2026-08-06 13:41:57,22.9,52.054781,4.338274,1,Rijswijk,NL
Rotterdam,Rotterdam_T1,02:00:00:bd:cb:3e,2026-08-06 13:45:10,20.1,52.056893,4.338716,3,Rijswijk,NL
Rotterdam,Rotterdam_T1,02:00:00:a4:49:04,2026-08-06 13:45:58,20.2,52.0556912815337,4.34021632718826,3,Rijswijk,NL
Rotterdam,Rotterdam_T1,02:00:00:64:42:52,2026-08-06 13:43:55,22.7,52.061137,4.388927,0,The Hague,NL
Rotterdam,Rotterdam_T1,02:00:00:90:7d:2a,2026-08-06 13:41:50,22.1,52.058655,4.3924623,0,The Hague,NL
Rotterdam,Rotterdam_T1,02:00:00:9d:20:ca,2026-08-06 13:47:45,21.9,52.0615272521973,4.39315223693848,0,The Hague,NL
Rotterdam,Rotterdam_T1,02:00:00:12:a3:f4,2026-08-06 13:41:48,21.4,52.059226,4.411559,0,The Hague,NL
Rotterdam,Rotterdam_T1,02:00:00:5f:25:a2,2026-08-06 13:43:01,20.8,52.063211,4.411913,0,The Hague,NL
Rotterdam,Rotterdam_T1,02:00:00:bd:f9:68,2026-08-06 13:48:01,19.9,52.0638475603448,4.41756284853375,0,The Hague,NL
Rotterdam,Rotterdam_T1,02:00:00:5e:fb:6e,2026-08-06 13:43:03,24.2,52.054639612905,4.4578184056046,0,Zoetermeer,NL
Rotterdam,Rotterdam_T1,02:00:00:b5:b8:f8,2026-08-06 13:50:00,22.1,52.058436,4.45896010000001,0,Zoetermeer,NL
Rotterdam,Rotterdam_T1,02:00:00:a9:90:82,2026-08-06 13:49:08,24.9,52.0591506958008,4.45773935317993,0,Zoetermeer,NL
Rotterdam,Rotterdam_T1,02:00:00:90:e0:c8,2026-08-06 13:43:51,20.5,52.056016,4.482655,1,Zoetermeer,NL
Rotterdam,Rotterdam_T1,02:00:00:01:91:08,2026-08-06 13:42:22,23.7,52.064108,4.491769,0,Zoetermeer,NL
Rotterdam,Rotterdam_T1,02:00:00:13:3c:52,2026-08-06 13:48:52,23.1,52.0642433166504,4.48782014846802,0,Zoetermeer,NL
Rotterdam,Rotterdam_T1,02:00:00:bd:ed:76,2026-08-06 13:45:47,18.6,52.069173,4.220754,12,The Hague,NL
Rotterdam,Rotterdam_T1,02:00:00:bd:20:46,2026-08-06 13:41:59,21.9,52.0684852600098,4.22791767120361,4,The Hague,NL
Rotterdam,Rotterdam_T1,02:00:00:13:4e:18,2026-08-06 13:43:25,21.7,52.070105,4.23797,5,The Hague,NL
Rotterdam,Rotterdam_T1,02:00:00:1c:7f:64,2026-08-06 13:44:41,22.9,52.0743044529233,4.2459826422213,4,The Hague,NL
Rotterdam,Rotterdam_T1,02:00:00:af:67:ca,2026-08-06 13:45:50,21.3,52.0680697978153,4.25281722806606,3,The Hague,NL
Rotterdam,Rotterdam_T1,02:00:00:33:dc:9c,2026-08-06 13:42:52,22.9,52.0689815,4.25234909999999,0,The Hague,NL
Rotterdam,Rotterdam_T1,02:00:00:b5:07:b6,2026-08-06 13:48:54,21.4,52.073517,4.267079,4,The Hague,NL
Rotterdam,Rotterdam_T1,02:00:00:36:b2:42,2026-08-06 13:41:08,20.3,52.067452,4.281116,4,The Hague,NL
Rotterdam,Rotterdam_T1,02:00:00:a9:50:6a,2026-08-06 13:41:49,19.8,52.0777282714844,4.2766900062561,4,The Hague,NL
Rotterdam,Rotterdam_T1,02:00:00:65:54:d0,2026-08-06 13:41:16,19.9,52.0732832781559,4.29107268344232,2,The Hague,NL
Rotterdam,Rotterdam_T1,02:00:00:8d:d5:d2,2026-08-06 13:47:32,23.8,52.071887,4.300635,4,The Hague,NL
Rotterdam,Rotterdam_T1,02:00:00:02:7a:f6,2026-08-06 13:43:48,20.2,52.0689179,4.3058197,2,The Hague,NL
Rotterdam,Rotterdam_T1,02:00:00:64:fc:02,2026-08-06 13:44:46,24.2,52.072267,4.320268,5,The Hague,NL
Rotterdam,Rotterdam_T1,02:00:00:3f:48:00,2026-08-06 13:40:56,23.2,52.0710033960706,4.32261879386951,4,The Hague,NL
Rotterdam,Rotterdam_T1,02:00:00:27:57:8e,2026-08-06 13:40:35,22.6,52.0758551732259,4.31446773580824,5,The Hague,NL
Rotterdam,Rotterdam_T1,02:00:00:73:bf:68,2026-08-06 13:40:49,20.9,52.07701,4.3427534,1,Voorburg,NL
Rotterdam,Rotterdam_T1,02:00:00:65:6f:8c,2026-08-06 13:43:33,22.7,52.070291,4.352665,0,Voorburg,NL
Rotterdam,Rotterdam_T1,02:00:00:02:c5:da,2026-08-06 13:45:01,24.0,52.0708223,4.3574454,3,Voorburg,NL
Rotterdam,Rotterdam_T1,02:00:00:5e:d3:e0,2026-08-06 13:49:24,24.2,52.0747919334922,4.3629991169802,3,Voorburg,NL
Rotterdam,Rotterdam_T1,02:00:00:83:fd:6c,2026-08-06 13:41:28,22.5,52.075134,4.376925,1,Voorburg,NL
Rotterdam,Rotterdam_T1,02:00:00:c2:39:a2,2026-08-06 13:44:00,21.7,52.078158485511,4.36312457261596,2,Leidschendam-Voorburg,NL
Rotterdam,Rotterdam_T1,02:00:00:5f:58:86,2026-08-06 13:50:01,21.6,52.078355,4.3865255,0,Leidschendam-Voorburg,NL
Rotterdam,Rotterdam_T1,02:00:00:39:f8:c2,2026-08-06 13:49:55,20.2,52.078976,4.387728,0,Voorburg,NL
Rotterdam,Rotterdam_T1,02:00:00:bd:ca:72,2026-08-06 13:40:35,21.3,52.080704,4.394138,1,Leidschendam,NL
Rotterdam,Rotterdam_T1,02:00:00:8d:c5:a2,2026-08-06 13:36:39,21.3,52.071539,4.408314,0,The Hague,NL
Rotterdam,Rotterdam_T1,02:00:00:a4:45:56,2026-08-06 13:40:16,25.3,52.0678863525391,4.47134017944336,0,Zoetermeer,NL
Rotterdam,Rotterdam_T1,02:00:00:b5:a3:4e,2026-08-06 13:40:01,21.4,52.068919,4.475778,0,Zoetermeer,NL
Rotterdam,Rotterdam_T1,02:00:00:28:a6:32,2026-08-06 13:43:49,22.1,52.0709019617043,4.49143366943841,0,Zoetermeer,NL
Rotterdam,Rotterdam_T1,02:00:00:a2:61:66,2026-08-06 13:40:01,19.9,52.074524,4.491278,0,Zoetermeer,NL
Rotterdam,Rotterdam_T1,02:00:00:7f:9c:76,2026-08-06 13:49:19,21.5,52.069807,4.494429,0,Zoetermeer,NL
Rotterdam,Rotterdam_T1,02:00:00:33:e4:42,2026-08-06 13:39:58,23.1,52.093006,4.260304,9,The Hague,NL
Rotterdam,Rotterdam_T1,02:00:00:70:38:f4,2026-08-06 13:42:47,23.7,52.093477,4.262971,6,The Hague,NL
Rotterdam,Rotterdam_T1,02:00:00:3c:f5:1e,2026-08-06 13:44:47,24.0,52.084589,4.265981,5,The Hague,NL
Rotterdam,Rotterdam_T1,02:00:00:b5:95:58,2026-08-06 13:47:13,19.6,52.082624,4.273059,6,The Hague,NL
Rotterdam,Rotterdam_T1,02:00:00:63:3d:96,2026-08-06 13:45:12,24.8,52.091522,4.27206509999998,10,The Hague,NL
Rotterdam,Rotterdam_T1,02:00:00:12:79:22,2026-08-06 13:44:00,22.4,52.081968,4.293328,5,The Hague,NL
Rotterdam,Rotterdam_T1,02:00:00:6b:3a:8a,2026-08-06 13:41:19,21.0,52.084518,4.294358,5,The Hague,NL
Rotterdam,Rotterdam_T1,02:00:00:a9:77:26,2026-08-06 13:45:16,22.9,52.0821505100445,4.29846047548087,5,The Hague,NL
Rotterdam,Rotterdam_T1,02:00:00:12:4f:d6,2026-08-06 13:40:23,23.0,52.0854341645785,4.31251781803931,6,The Hague,NL
Rotterdam,Rotterdam_T1,02:00:00:b5:a4:2c,2026-08-06 13:46:07,23.5,52.085269,4.312957,5,The Hague,NL
Rotterdam,Rotterdam_T1,02:00:00:a9:8e:1e,2026-08-06 13:39:58,25.2,52.083939,4.313536,7,The Hague,NL
Rotterdam,Rotterdam_T1,02:00:00:33:06:e6,2026-08-06 13:44:30,21.6,52.0825767,4.33901500000003,5,The Hague,NL
Rotterdam,Rotterdam_T1,02:00:00:7f:9f:dc,2026-08-06 13:46:25,22.2,52.087727,4.338226,4,The Hague,NL
Rotterdam,Rotterdam_T1,02:00:00:70:53:1a,2026-08-06 13:43:02,20.8,52.0839525958057,4.34141420312182,2,The Hague,NL
Rotterdam,Rotterdam_T1,02:00:00:9d:0b:76,2026-08-06 13:43:52,23.1,52.08924,4.360338,1,The Hague,NL
Rotterdam,Rotterdam_T1,02:00:00:8d:e6:d2,2026-08-06 13:47:51,22.8,52.08936,4.371075,2,Voorburg,NL
Rotterdam,Rotterdam_T1,02:00:00:65:62:38,2026-08-06 13:48:42,22.6,52.082578,4.3727,0,Voorburg,NL
Rotterdam,Rotterdam_T1,02:00:00:2b:23:24,2026-08-06 13:36:24,20.5,52.0822677612305,4.38621425628662,3,Leidschendam-Voorburg,NL
Rotterdam,Rotterdam_T1,02:00:00:b5:4f:c8,2026-08-06 13:48:35,21.5,52.083479,4.387075,2,Leidschendam,NL
Rotterdam,Rotterdam_T1,02:00:00:7f:b9:18,2026-08-06 13:47:23,21.8,52.08124,4.39291000000004,3,Leidschendam,NL
Rotterdam,Rotterdam_T1,02:00:00:6b:50:c6,2026-08-06 13:48:18,21.5,52.0912310197558,4.40687429507307,3,Leidschendam,NL
Rotterdam,Rotterdam_T1,02:00:00:2b:14:b6,2026-08-06 13:43:36,22.8,52.093886,4.470451,0,Leidschendam-Voorburg,NL
Rotterdam,Rotterdam_T1,02:00:00:28:a0:ca,2026-08-06 13:42:32,22.7,52.0942794,4.47121889999994,0,Leidschendam-Voorburg,NL
Rotterdam,Rotterdam_T1,02:00:00:00:c7:da,2026-08-06 13:41:58,28.3,52.096483,4.276179,9,The Hague,NL
Rotterdam,Rotterdam_T1,02:00:00:c2:46:e6,2026-08-06 13:40:05,21.7,52.1023684600997,4.26914454981171,9,The Hague,NL
Rotterdam,Rotterdam_T1,02:00:00:a2:47:68,2026-08-06 13:42:07,23.6,52.101233,4.270174,9,The Hague,NL
Rotterdam,Rotterdam_T1,02:00:00:bd:dc:50,2026-08-06 13:39:48,20.8,52.100603,4.300766,7,The Hague,NL
Rotterdam,Rotterdam_T1,02:00:00:2b:5c:e4,2026-08-06 13:49:01,21.0,52.1022,4.30135000000003,9,The Hague,NL
Rotterdam,Rotterdam_T1,02:00:00:13:4f:12,2026-08-06 13:47:11,21.7,52.0992527419219,4.31103944778442,4,The Hague,NL
Rotterdam,Rotterdam_T1,02:00:00:58:dd:f2,2026-08-06 13:45:24,24.7,52.0988402769097,4.31640163798878,4,The Hague,NL
Rotterdam,Rotterdam_T1,02:00:00:02:d6:b2,2026-08-06 13:41:30,29.0,52.10552,4.32258000000006,6,The Hague,NL
Rotterdam,Rotterdam_T1,02:00:00:64:35:f0,2026-08-06 13:46:21,21.1,52.0971897757407,4.33524702658857,1,The Hague,NL
Rotterdam,Rotterdam_T1,02:00:00:70:46:bc,2026-08-06 13:43:13,19.4,52.108804,4.339823,5,Wassenaar,NL
Rotterdam,Rotterdam_T1,02:00:00:53:49:e8,2026-08-06 13:48:12,22.7,52.1093510610785,4.37356660986006,0,Wassenaar,NL
Rotterdam,Rotterdam_T1,02:00:00:22:e3:b6,2026-08-06 13:48:33,25.2,52.100779,4.39522,0,Leidschendam,NL
Rotterdam,Rotterdam_T1,02:00:00:84:17:0a,2026-08-06 13:41:56,25.8,52.10114,4.395529,0,Leidschendam,NL
Rotterdam,Rotterdam_T1,02:00:00:ab:ee:62,2026-08-06 13:40:34,21.5,52.1106910705566,4.28558301925659,9,The Hague,NL
Rotterdam,Rotterdam_T1,02:00:00:a4:6d:5a,2026-08-06 13:42:46,21.0,52.1107146213087,4.28671707760065,8,The Hague,NL
Rotterdam,Rotterdam_T1,02:00:00:5f:43:7e,2026-08-06 13:41:14,20.5,52.1113357801228,4.28575292326501,10,The Hague,NL
Rotterdam,Rotterdam_T1,02:00:00:33:fd:7c,2026-08-06 13:48:47,22.5,52.111572,4.372817,3,Wassenaar,NL
Rotterdam,Rotterdam_T1,02:00:00:a4:5c:34,2026-08-06 13:48:14,20.2,52.111214,4.436711,0,Voorschoten,NL
Rotterdam,Rotterdam_T1,02:00:00:73:be:68,2026-08-06 13:46:52,22.7,52.117177,4.443719,0,Voorschoten,NL
Rotterdam,Rotterdam_T1,02:00:00:c5:37:c4,2026-08-06 13:44:18,20.8,52.114344,4.444795,0,Voorschoten,NL
Rotterdam,Rotterdam_T1,02:00:00:3b:ff:70,2026-08-06 13:46:57,21.6,52.1277061891672,4.36202768103674,6,Wassenaar,NL
Rotterdam,Rotterdam_T1,02:00:00:a4:47:d4,2026-08-06 13:39:44,21.7,52.12634,4.384166,2,Wassenaar,NL
Rotterdam,Rotterdam_T1,02:00:00:7a:6c:b0,2026-08-06 13:36:51,21.3,52.12483,4.4367504,1,Voorschoten,NL
Rotterdam,Rotterdam_T1,02:00:00:70:45:0e,2026-08-06 13:44:46,26.4,52.126899,4.437364,0,Voorschoten,NL
Rotterdam,Rotterdam_T1,02:00:00:19:3e:fc,2026-08-06 13:41:49,22.5,52.125274,4.442024,2,Voorschoten,NL
Rotterdam,Rotterdam_T1,02:00:00:00:41:f2,2026-08-06 13:48:40,20.9,52.128907,4.458177,0,Voorschoten,NL
Rotterdam,Rotterdam_T1,02:00:00:bd:d9:62,2026-08-06 13:44:52,23.8,52.130948,4.456233,0,Voorschoten,NL
Rotterdam,Rotterdam_T1,02:00:00:04:77:ec,2026-08-06 13:43:02,23.5,52.137813,4.466427,0,Voorschoten,NL
Rotterdam,Rotterdam_T1,02:00:00:84:01:f4,2026-08-06 13:42:30,24.8,51.795956,4.316063,0,Piershil,NL
Rotterdam,Rotterdam_T1,02:00:00:a4:53:38,2026-08-06 13:47:57,22.8,51.8061561584473,4.34367895126343,0,Nieuw-Beijerland,NL
Rotterdam,Rotterdam_T1,02:00:00:2e:c2:56,2026-08-06 13:41:55,20.9,51.803969,4.38881000000001,0,Hoeksche Waard,NL
Rotterdam,Rotterdam_T1,02:00:00:02:38:06,2026-08-06 13:43:01,24.9,51.79439,4.48133000000004,0,Hoeksche Waard,NL
Rotterdam,Rotterdam_T1,02:00:00:70:24:c0,2026-08-06 13:42:54,25.1,51.79538,4.47853999999995,0,Hoeksche Waard,NL
Rotterdam,Rotterdam_T1,02:00:00:8d:cf:32,2026-08-06 13:44:43,23.8,51.7989258,4.48003469999999,1,Mijnsheerenland,NL
Rotterdam,Rotterdam_T1,02:00:00:9d:1a:da,2026-08-06 13:41:59,23.6,51.8196411132812,4.26557016372681,0,Zuidland,NL
Rotterdam,Rotterdam_T1,02:00:00:17:f3:8c,2026-08-06 13:48:27,24.3,51.813893,4.338688,0,Hoeksche Waard,NL
Rotterdam,Rotterdam_T1,02:00:00:12:63:46,2026-08-06 13:44:58,22.6,51.816084,4.404314,0,Oud-Beijerland,NL
Rotterdam,Rotterdam_T1,02:00:00:7f:ca:72,2026-08-06 13:42:29,23.1,51.819852,4.403548,1,Oud-Beijerland,NL
Rotterdam,Rotterdam_T1,02:00:00:19:32:0a,2026-08-06 13:46:05,24.4,51.8201,4.4265,0,Oud-Beijerland,NL
Rotterdam,Rotterdam_T1,02:00:00:a9:d0:4e,2026-08-06 13:49:45,22.5,51.816875,4.432654,0,Oud-Beijerland,NL
Rotterdam,Rotterdam_T1,02:00:00:b0:a7:c6,2026-08-06 13:32:50,23.9,51.8194923400879,4.42992401123047,0,Oud-Beijerland,NL
Rotterdam,Rotterdam_T1,02:00:00:2e:d0:d0,2026-08-06 13:42:52,24.4,51.819656,4.43884,0,Oud-Beijerland,NL
Rotterdam,Rotterdam_T1,02:00:00:52:d6:1c,2026-08-06 13:45:52,21.5,51.8273166908673,4.24860230421604,0,Nissewaard,NL
Rotterdam,Rotterdam_T1,02:00:00:7b:02:ea,2026-08-06 13:44:24,23.5,51.8268,4.24961,0,Zuidland,NL
Rotterdam,Rotterdam_T1,02:00:00:c6:18:06,2026-08-06 13:41:41,24.3,51.82763,4.25183,0,Zuidland,NL
Rotterdam,Rotterdam_T1,02:00:00:12:ed:2e,2026-08-06 13:46:08,22.3,51.832122,4.281581,0,Simonshaven,NL
Rotterdam,Rotterdam_T1,02:00:00:2e:be:70,2026-08-06 13:47:18,23.5,51.828405,4.320218,0,Nissewaard,NL
Rotterdam,Rotterdam_T1,02:00:00:83:80:70,2026-08-06 13:41:42,27.5,51.828982,4.321931,0,Spijkenisse,NL
Rotterdam,Rotterdam_T1,02:00:00:53:4a:06,2026-08-06 13:46:00,27.2,51.8337911377233,4.31269107774341,0,Spijkenisse,NL
Rotterdam,Rotterdam_T1,02:00:00:1c:5d:d8,2026-08-06 13:46:47,26.2,51.831596,4.34732,0,Spijkenisse,NL
Rotterdam,Rotterdam_T1,02:00:00:33:d1:48,2026-08-06 13:45:31,24.5,51.835362,4.340818,0,Spijkenisse,NL
Rotterdam,Rotterdam_T1,02:00:00:bd:f6:10,2026-08-06 13:42:00,24.5,51.8291723616001,4.35085593059094,0,Hekelingen,NL
Rotterdam,Rotterdam_T1,02:00:00:a2:45:50,2026-08-06 13:42:25,23.0,51.833564,4.369612,0,Spijkenisse,NL
Rotterdam,Rotterdam_T1,02:00:00:8d:ce:38,2026-08-06 13:49:03,21.6,51.833848,4.370394,0,Spijkenisse,NL
Rotterdam,Rotterdam_T1,02:00:00:74:51:54,2026-08-06 13:42:19,24.7,51.822471,4.422299,0,Oud-Beijerland,NL
Rotterdam,Rotterdam_T1,02:00:00:b9:1f:9e,2026-08-06 13:45:03,23.3,51.826743,4.418683,2,Oud-Beijerland,NL
Rotterdam,Rotterdam_T1,02:00:00:2f:24:b0,2026-08-06 13:39:59,23.2,51.82603,4.423475,1,Oud-Beijerland,NL
Rotterdam,Rotterdam_T1,02:00:00:a9:8c:2e,2026-08-06 13:42:09,23.8,51.826426,4.459057,0,Heinenoord,NL
Rotterdam,Rotterdam_T1,02:00:00:2f:24:0e,2026-08-06 13:44:35,29.4,51.8277587,4.47300369999995,1,Heinenoord,NL
Rotterdam,Rotterdam_T1,02:00:00:b0:92:a0,2026-08-06 13:46:53,28.2,51.825342,4.484375,0,Heinenoord,NL
Rotterdam,Rotterdam_T1,02:00:00:13:7c:72,2026-08-06 13:41:53,24.1,51.8485857,4.30565690000003,0,Nissewaard,NL
Rotterdam,Rotterdam_T1,02:00:00:b9:2d:18,2026-08-06 13:46:57,26.5,51.836025,4.3121552,0,Nissewaard,NL
Rotterdam,Rotterdam_T1,02:00:00:90:af:46,2026-08-06 13:44:29,23.0,51.83904,4.319577,0,Spijkenisse,NL
Rotterdam,Rotterdam_T1,02:00:00:65:34:82,2026-08-06 13:43:26,26.0,51.8423805236816,4.31939363479614,0,Spijkenisse,NL
Rotterdam,Rotterdam_T1,02:00:00:2f:0c:2c,2026-08-06 13:42:18,23.7,51.8368207320863,4.32338314086051,0,Spijkenisse,NL
Rotterdam,Rotterdam_T1,02:00:00:7f:c0:78,2026-08-06 13:48:59,22.4,51.84996,4.3388395,0,Spijkenisse,NL
Rotterdam,Rotterdam_T1,02:00:00:a4:28:8e,2026-08-06 13:41:07,24.1,51.8376655578613,4.34094619750977,1,Spijkenisse,NL
Rotterdam,Rotterdam_T1,02:00:00:7a:77:68,2026-08-06 13:49:24,22.4,51.846795,4.341356,1,Spijkenisse,NL
Rotterdam,Rotterdam_T1,02:00:00:2a:ee:60,2026-08-06 13:44:09,24.3,51.836635,4.368071,0,Nissewaard,NL
Rotterdam,Rotterdam_T1,02:00:00:8d:ca:84,2026-08-06 13:42:53,21.6,51.836617,4.371667,0,Spijkenisse,NL
Rotterdam,Rotterdam_T1,02:00:00:12:fb:d2,2026-08-06 13:41:51,25.4,51.8374458439446,4.37149661379999,1,Nissewaard,NL
Rotterdam,Rotterdam_T1,02:00:00:13:6b:d6,2026-08-06 13:42:27,23.0,51.848988,4.417614,0,Poortugaal,NL
Rotterdam,Rotterdam_T1,02:00:00:b5:35:7a,2026-08-06 13:46:07,22.7,51.8507194519043,4.32065153121948,0,Spijkenisse,NL
Rotterdam,Rotterdam_T1,02:00:00:b5:0b:cc,2026-08-06 13:49:25,25.7,51.857194,4.316324,0,Spijkenisse,NL
Rotterdam,Rotterdam_T1,02:00:00:a2:46:e2,2026-08-06 13:45:01,27.0,51.857365,4.316291,0,Spijkenisse,NL
Rotterdam,Rotterdam_T1,02:00:00:6b:34:e8,2026-08-06 13:45:48,21.7,51.853658,4.341445,9,Spijkenisse,NL
Rotterdam,Rotterdam_T1,02:00:00:96:c1:f0,2026-08-06 13:42:38,22.8,51.8526191711426,4.34237861633301,5,Spijkenisse,NL
Rotterdam,Rotterdam_T1,02:00:00:17:5c:2a,2026-08-06 13:43:45,23.2,51.852885,4.342628,5,Spijkenisse,NL
Rotterdam,Rotterdam_T1,02:00:00:5f:22:3e,2026-08-06 13:46:25,23.5,51.8544044494629,4.3646936416626,0,Rotterdam,NL
Rotterdam,Rotterdam_T1,02:00:00:b2:be:60,2026-08-06 13:40:30,26.6,51.857295,4.394365,1,Poortugaal,NL
Rotterdam,Rotterdam_T1,02:00:00:7f:c7:60,2026-08-06 13:41:30,25.6,51.85831,4.3942885,3,Poortugaal,NL
Rotterdam,Rotterdam_T1,02:00:00:bc:e1:0c,2026-08-06 13:48:17,25.1,51.8635694,4.39623120000001,0,Poortugaal,NL
Rotterdam,Rotterdam_T1,02:00:00:01:05:d0,2026-08-06 13:40:34,23.2,51.851921,4.423444,0,Rhoon,NL
Rotterdam,Rotterdam_T1,02:00:00:02:74:06,2026-08-06 13:39:21,23.4,51.858646,4.4091473,0,Poortugaal,NL
Rotterdam,Rotterdam_T1,02:00:00:84:84:1e,2026-08-06 13:40:35,24.2,51.858887,4.421957,0,Rhoon,NL
Rotterdam,Rotterdam_T1,02:00:00:be:05:6e,2026-08-06 13:45:27,22.3,51.8548644,4.436762,0,Rhoon,NL
Rotterdam,Rotterdam_T1,02:00:00:5f:34:da,2026-08-06 13:49:49,27.9,51.8547049,4.47099120000005,0,Rhoon,NL
Rotterdam,Rotterdam_T1,02:00:00:63:0e:a4,2026-08-06 13:45:57,25.1,51.8575608827219,4.47265219690053,0,Albrandswaard,NL
Rotterdam,Rotterdam_T1,02:00:00:b5:a9:6a,2026-08-06 13:43:54,24.5,51.851735,4.484146,0,Albrandswaard,NL
Rotterdam,Rotterdam_T1,02:00:00:2e:ff:9e,2026-08-06 13:42:55,22.6,51.8538824575246,4.48517918586731,0,Barendrecht,NL
Rotterdam,Rotterdam_T1,02:00:00:03:74:d0,2026-08-06 13:45:44,23.8,51.8517608642578,4.49835109710693,0,Barendrecht,NL
Rotterdam,Rotterdam_T1,02:00:00:bd:e9:04,2026-08-06 13:38:03,24.3,51.866558,4.375568,0,Hoogvliet,NL
Rotterdam,Rotterdam_T1,02:00:00:2b:21:e6,2026-08-06 13:42:36,24.9,51.866558,4.375568,0,Hoogvliet,NL
Rotterdam,Rotterdam_T1,02:00:00:01:01:b4,2026-08-06 13:49:14,22.0,51.8652629979766,4.39664993821385,0,Albrandswaard,NL
Rotterdam,Rotterdam_T1,02:00:00:a2:60:fc,2026-08-06 13:47:56,21.4,51.874794,4.466563,0,Rotterdam,NL
Rotterdam,Rotterdam_T1,02:00:00:3f:61:10,2026-08-06 13:43:28,22.3,51.8779278321971,4.49603729871197,6,Rotterdam,NL
Rotterdam,Rotterdam_T1,02:00:00:73:c0:3a,2026-08-06 13:49:32,24.2,51.887171,4.383392,0,Pernis,NL
Rotterdam,Rotterdam_T1,02:00:00:32:e7:f8,2026-08-06 13:46:20,21.6,51.892172,4.386614,3,Pernis,NL
Rotterdam,Rotterdam_T1,02:00:00:1f:7e:90,2026-08-06 13:49:18,21.5,51.8847667,4.4695263,0,Rotterdam,NL
Rotterdam,Rotterdam_T1,02:00:00:12:73:96,2026-08-06 13:48:56,21.8,51.890287,4.477402,2,Rotterdam,NL
Rotterdam,Rotterdam_T1,02:00:00:c2:33:4e,2026-08-06 13:41:27,22.2,51.907263,4.232915,1,Rozenburg,NL
Rotterdam,Rotterdam_T1,02:00:00:02:d9:74,2026-08-06 13:37:53,21.2,51.9018321151561,4.23758983612055,2,Rozenburg,NL
Rotterdam,Rotterdam_T1,02:00:00:27:7d:68,2026-08-06 13:49:41,22.0,51.902208,4.248835,4,Rozenburg,NL
Rotterdam,Rotterdam_T1,02:00:00:05:59:f0,2026-08-06 13:42:15,24.2,51.904754,4.345775,2,Vlaardingen,NL
Rotterdam,Rotterdam_T1,02:00:00:a9:ce:0a,2026-08-06 13:48:51,21.3,51.907543182373,4.35149145126343,2,Vlaardingen,NL
Rotterdam,Rotterdam_T1,02:00:00:c2:45:d6,2026-08-06 13:41:12,24.0,51.905582,4.405567,0,Schiedam,NL
Rotterdam,Rotterdam_T1,02:00:00:53:3b:14,2026-08-06 13:46:57,22.2,51.902036,4.457739,3,Rotterdam,NL
Rotterdam,Rotterdam_T1,02:00:00:2f:1e:fc,2026-08-06 13:40:59,25.1,51.904843,4.463923,2,Rotterdam,NL
Rotterdam,Rotterdam_T1,02:00:00:1f:6b:c0,2026-08-06 13:45:18,21.7,51.8992767333984,4.48442125320435,2,Rotterdam,NL
Rotterdam,Rotterdam_T1,02:00:00:2e:d8:56,2026-08-06 13:43:03,23.6,51.8945090023125,4.49689548713718,3,Rotterdam,NL
Rotterdam,Rotterdam_T1,02:00:00:3c:f6:d6,2026-08-06 13:46:36,21.5,51.907451,4.499961,5,Rotterdam,NL
Rotterdam,Rotterdam_T1,02:00:00:83:d5:b2,2026-08-06 13:46:24,23.5,51.9090338875657,4.23565328121185,0,Rozenburg,NL
Rotterdam,Rotterdam_T1,02:00:00:63:45:86,2026-08-06 13:41:05,25.1,51.909344,4.23864,1,Rozenburg,NL
Rotterdam,Rotterdam_T1,02:00:00:3c:fa:c8,2026-08-06 13:45:11,23.2,51.911378,4.236979,2,Rotterdam,NL
Rotterdam,Rotterdam_T1,02:00:00:83:ef:60,2026-08-06 13:48:54,24.0,51.909076,4.242459,3,Rozenburg,NL
Rotterdam,Rotterdam_T1,02:00:00:a9:4f:c2,2026-08-06 13:47:19,22.4,51.916124,4.24886000000006,3,Maassluis,NL
Rotterdam,Rotterdam_T1,02:00:00:1c:83:b4,2026-08-06 13:48:34,24.6,51.917847,4.260043,1,Maassluis,NL
Rotterdam,Rotterdam_T1,02:00:00:b9:43:b0,2026-08-06 13:43:37,26.2,51.908927,4.313466,0,Vlaardingen,NL
Rotterdam,Rotterdam_T1,02:00:00:bc:f6:62,2026-08-06 13:42:05,25.9,51.913163646918,4.31969458235608,0,Vlaardingen,NL
Rotterdam,Rotterdam_T1,02:00:00:12:a4:34,2026-08-06 13:48:19,27.8,51.909151,4.332132,2,Vlaardingen,NL
Rotterdam,Rotterdam_T1,02:00:00:2b:20:2a,2026-08-06 13:43:06,21.7,51.9141002514251,4.33724462985993,1,Vlaardingen,NL
Rotterdam,Rotterdam_T1,02:00:00:02:a2:a6,2026-08-06 13:48:42,22.6,51.9088,4.3444,3,Vlaardingen,NL
Rotterdam,Rotterdam_T1,02:00:00:bd:0a:46,2026-08-06 13:47:54,20.8,51.909511,4.348642,4,Vlaardingen,NL
Rotterdam,Rotterdam_T1,02:00:00:58:c6:ce,2026-08-06 13:41:36,22.8,51.9178282,4.3598377,1,Vlaardingen,NL
Rotterdam,Rotterdam_T1,02:00:00:7f:be:10,2026-08-06 13:46:56,23.0,51.91672,4.3632045,2,Vlaardingen,NL
Rotterdam,Rotterdam_T1,02:00:00:53:40:9c,2026-08-06 13:38:49,22.5,51.9151587373229,4.39174242923392,0,Schiedam,NL
Rotterdam,Rotterdam_T1,02:00:00:53:5b:da,2026-08-06 13:42:06,23.4,51.908555,4.401612,2,Schiedam,NL
Rotterdam,Rotterdam_T1,02:00:00:7f:b3:02,2026-08-06 13:42:54,22.6,51.91247,4.4030027,4,Schiedam,NL
Rotterdam,Rotterdam_T1,02:00:00:34:0c:22,2026-08-06 13:45:58,25.8,51.921128016101,4.40852165222168,2,Schiedam,NL
Rotterdam,Rotterdam_T1,02:00:00:2a:f8:5e,2026-08-06 13:46:11,23.0,51.915024,4.4355793,9,Rotterdam,NL
Rotterdam,Rotterdam_T1,02:00:00:b5:80:32,2026-08-06 13:43:48,21.7,51.918558,4.449248,4,Rotterdam,NL
Rotterdam,Rotterdam_T1,02:00:00:96:ec:a8,2026-08-06 13:41:49,23.4,51.9101295471191,4.44982385635376,3,Rotterdam,NL
Rotterdam,Rotterdam_T1,02:00:00:a9:70:9e,2026-08-06 13:42:58,22.7,51.918565,4.454217,1,Rotterdam,NL
Rotterdam,Rotterdam_T1,02:00:00:84:0b:f4,2026-08-06 13:40:17,24.8,51.910764,4.459764,4,Rotterdam,NL
Rotterdam,Rotterdam_T1,02:00:00:9d:0a:02,2026-08-06 13:44:49,22.6,51.9204927831634,4.47252988815308,4,Rotterdam,NL
Rotterdam,Rotterdam_T1,02:00:00:9b:51:8a,2026-08-06 13:41:32,23.4,51.9145812294122,4.47774262764995,4,Rotterdam,NL
Rotterdam,Rotterdam_T1,02:00:00:17:b3:54,2026-08-06 13:47:18,22.9,51.916415,4.480851,7,Rotterdam,NL
Rotterdam,Rotterdam_T1,02:00:00:03:c6:96,2026-08-06 13:43:38,22.4,51.909569,4.482874,7,Rotterdam,NL
Rotterdam,Rotterdam_T1,02:00:00:b9:51:52,2026-08-06 13:44:56,22.4,51.929904,4.233498,5,Maassluis,NL
Rotterdam,Rotterdam_T1,02:00:00:b9:59:00,2026-08-06 13:49:31,23.9,51.92626,4.237906,4,Maassluis,NL
Rotterdam,Rotterdam_T1,02:00:00:70:2e:b6,2026-08-06 13:46:35,23.2,51.9361856976849,4.23359334468842,5,Maassluis,NL
Rotterdam,Rotterdam_T1,02:00:00:b5:3d:e2,2026-08-06 13:41:02,21.4,51.9271297,4.2515983,1,Maassluis,NL
Rotterdam,Rotterdam_T1,02:00:00:5f:15:be,2026-08-06 13:42:00,21.3,51.930806,4.250148,4,Maassluis,NL
Rotterdam,Rotterdam_T1,02:00:00:05:ee:ae,2026-08-06 13:47:56,21.6,51.9231280630933,4.25827900739023,0,Maassluis,NL
Rotterdam,Rotterdam_T1,02:00:00:7f:94:b0,2026-08-06 13:40:43,21.7,51.931354,4.269027,0,Maasland,NL
Rotterdam,Rotterdam_T1,02:00:00:29:09:70,2026-08-06 13:42:05,24.3,51.932986,4.267365,1,Maasland,NL
Rotterdam,Rotterdam_T1,02:00:00:b5:74:1c,2026-08-06 13:43:07,22.9,51.93374,4.26775999999999,0,Maasland,NL
Rotterdam,Rotterdam_T1,02:00:00:74:5b:ca,2026-08-06 13:50:05,22.1,51.926291,4.345459,3,Vlaardingen,NL
Rotterdam,Rotterdam_T1,02:00:00:b5:a0:52,2026-08-06 13:47:18,22.0,51.927282,4.347004,0,Vlaardingen,NL
Rotterdam,Rotterdam_T1,02:00:00:bd:e2:4c,2026-08-06 13:40:52,22.9,51.935245,4.342573,0,Vlaardingen,NL
Rotterdam,Rotterdam_T1,02:00:00:64:20:80,2026-08-06 13:49:16,22.6,51.9364242553711,4.36015510559082,0,Vlaardingen,NL
Rotterdam,Rotterdam_T1,02:00:00:bc:d1:1c,2026-08-06 13:44:16,22.9,51.9350965,4.36687449999998,2,Schiedam,NL
Rotterdam,Rotterdam_T1,02:00:00:c6:23:6c,2026-08-06 13:46:37,23.6,51.934768,4.381632,0,Schiedam,NL
Rotterdam,Rotterdam_T1,02:00:00:96:ea:9e,2026-08-06 13:41:51,22.7,51.925392,4.39834,2,Schiedam,NL
Rotterdam,Rotterdam_T1,02:00:00:ab:cb:62,2026-08-06 13:49:43,21.6,51.930617,4.445321,0,Rotterdam,NL
Rotterdam,Rotterdam_T1,02:00:00:74:09:f2,2026-08-06 13:48:06,26.3,51.92814,4.456759,1,Rotterdam,NL
Rotterdam,Rotterdam_T1,02:00:00:28:6f:3e,2026-08-06 13:44:51,22.3,51.9340316,4.4594037,5,Rotterdam,NL
Rotterdam,Rotterdam_T1,02:00:00:1f:3b:b6,2026-08-06 13:45:48,22.0,51.9329693,4.4706886,4,Rotterdam,NL
Rotterdam,Rotterdam_T1,02:00:00:a9:49:dc,2026-08-06 13:42:05,22.2,51.9230452,4.48168170000002,3,Rotterdam,NL
Rotterdam,Rotterdam_T1,02:00:00:90:b7:5e,2026-08-06 13:40:08,24.2,51.92631,4.480658,2,Rotterdam,NL
Rotterdam,Rotterdam_T1,02:00:00:59:03:50,2026-08-06 13:42:54,23.5,51.930155,4.480721,3,Rotterdam,NL
Rotterdam,Rotterdam_T1,02:00:00:b9:1f:48,2026-08-06 13:40:06,22.2,51.939256,4.230721,1,Maassluis,NL
Rotterdam,Rotterdam_T1,02:00:00:84:0e:9e,2026-08-06 13:46:40,23.0,51.939707,4.230973,0,Maassluis,NL
Rotterdam,Rotterdam_T1,02:00:00:12:fb:ba,2026-08-06 13:46:52,22.7,51.941607,4.230965,2,Maassluis,NL
Rotterdam,Rotterdam_T1,02:00:00:b5:53:1c,2026-08-06 13:40:32,23.3,51.949414,4.270392,0,Maasland,NL
Rotterdam,Rotterdam_T1,02:00:00:c5:33:20,2026-08-06 13:48:53,23.0,51.940538,4.34364800000001,0,Vlaardingen,NL
Rotterdam,Rotterdam_T1,02:00:00:70:4d:76,2026-08-06 13:40:26,24.5,51.940698,4.344899,0,Vlaardingen,NL
Rotterdam,Rotterdam_T1,02:00:00:7f:d3:b4,2026-08-06 13:47:04,23.0,51.937524,4.359107,1,,NL
Rotterdam,Rotterdam_T1,02:00:00:28:74:22,2026-08-06 13:35:53,21.4,51.939015,4.368109,0,Schiedam,NL
Rotterdam,Rotterdam_T1,02:00:00:b2:c3:a2,2026-08-06 13:46:02,21.8,51.9398735,4.37264590000001,0,Schiedam,NL
Rotterdam,Rotterdam_T1,02:00:00:3a:10:aa,2026-08-06 13:40:35,20.8,51.943986,4.367671,0,Schiedam,NL
Rotterdam,Rotterdam_T1,02:00:00:65:38:b0,2026-08-06 13:42:00,22.9,51.942,4.38433999999999,0,Schiedam,NL
Rotterdam,Rotterdam_T1,02:00:00:04:6f:aa,2026-08-06 13:45:54,27.2,51.9441,4.3839,0,Schiedam,NL
Rotterdam,Rotterdam_T1,02:00:00:9c:d6:c8,2026-08-06 13:41:08,24.1,51.9391683837513,4.42066682686317,4,Rotterdam,NL
Rotterdam,Rotterdam_T1,02:00:00:96:bd:fa,2026-08-06 13:42:13,22.7,51.943919,4.426938,1,Rotterdam,NL
Rotterdam,Rotterdam_T1,02:00:00:90:8a:8e,2026-08-06 13:46:47,21.1,51.9372746579483,4.4418073394422,2,Rotterdam,NL
Rotterdam,Rotterdam_T1,02:00:00:2b:02:62,2026-08-06 13:43:03,21.4,51.939917,4.448351,0,Rotterdam,NL
Rotterdam,Rotterdam_T1,02:00:00:14:4d:a6,2026-08-06 13:43:52,21.9,51.945964,4.448029,0,Rotterdam,NL
Rotterdam,Rotterdam_T1,02:00:00:bd:e0:c8,2026-08-06 13:46:24,21.0,51.946104,4.46737,0,Rotterdam,NL
Rotterdam,Rotterdam_T1,02:00:00:90:71:58,2026-08-06 13:47:48,20.9,51.93707,4.479222,3,Rotterdam,NL
Rotterdam,Rotterdam_T1,02:00:00:bc:e3:ec,2026-08-06 13:47:41,21.2,51.9374587797425,4.49468157586424,2,Rotterdam,NL
Rotterdam,Rotterdam_T1,02:00:00:bd:de:c6,2026-08-06 13:45:06,21.1,51.937429,4.495607,0,Rotterdam,NL
Rotterdam,Rotterdam_T1,02:00:00:17:e0:1e,2026-08-06 13:43:18,23.1,51.955246,4.314398,0,Maasland,NL
Rotterdam,Rotterdam_T1,02:00:00:a4:41:88,2026-08-06 13:45:31,21.3,51.955283,4.314406,0,Maasland,NL
Rotterdam,Rotterdam_T1,02:00:00:3f:16:82,2026-08-06 13:43:45,25.6,51.962066,4.395128,1,Rotterdam,NL
Rotterdam,Rotterdam_T1,02:00:00:65:28:6e,2026-08-06 13:41:51,22.4,51.95247,4.46971,0,Rotterdam,NL
Rotterdam,Rotterdam_T1,02:00:00:7a:6d:be,2026-08-06 13:45:38,22.4,51.96209,4.471111,0,Rotterdam,NL
Rotterdam,Rotterdam_T1,02:00:00:19:c2:10,2026-08-06 13:43:54,25.1,51.96346,4.48096700000011,0,Rotterdam,NL
Rotterdam,Rotterdam_T1,02:00:00:3f:0a:1a,2026-08-06 13:40:39,22.3,51.962139,4.484953,0,Rotterdam,NL
Rotterdam,Rotterdam_T1,02:00:00:65:85:b0,2026-08-06 13:42:45,22.4,51.958444,4.499749,-2,Hillegersberg,NL
Rotterdam,Rotterdam_T2,02:00:00:7a:b4:28,2026-08-06 13:48:46,25.8,51.96598,4.53458360000002,0,Rotterdam,NL
Rotterdam,Rotterdam_T2,02:00:00:a4:6d:fc,2026-08-06 13:42:23,21.8,51.968663,4.534782,0,Bergschenhoek,NL
Rotterdam,Rotterdam_T2,02:00:00:90:bb:50,2026-08-06 13:45:46,21.9,51.971506,4.548025,0,Rotterdam,NL
Rotterdam,Rotterdam_T2,02:00:00:b5:af:36,2026-08-06 13:43:45,21.7,51.9659630844747,4.55859189999416,0,Rotterdam,NL
Rotterdam,Rotterdam_T2,02:00:00:34:08:04,2026-08-06 13:43:38,24.5,51.968827,4.568496,0,Rotterdam,NL
Rotterdam,Rotterdam_T2,02:00:00:a9:d2:8c,2026-08-06 13:41:48,21.1,51.9744304,4.58867879999997,0,Rotterdam,NL
Rotterdam,Rotterdam_T2,02:00:00:2c:ae:7a,2026-08-06 13:41:05,22.2,51.9800400915949,4.5817845161443,0,Rotterdam,NL
Rotterdam,Rotterdam_T2,02:00:00:a9:6a:c2,2026-08-06 13:49:07,23.4,51.9733238220215,4.61480712890625,0,Nieuwerkerk aan den IJssel,NL
Rotterdam,Rotterdam_T2,02:00:00:64:06:f4,2026-08-06 13:47:32,23.5,51.9716796875,4.61985063552856,0,Zuidplas,NL
Rotterdam,Rotterdam_T2,02:00:00:65:3b:ba,2026-08-06 13:48:05,24.8,51.991788,4.502828,0,Bergschenhoek,NL
Rotterdam,Rotterdam_T2,02:00:00:70:50:30,2026-08-06 13:49:15,24.4,51.994061,4.502311,0,Bergschenhoek,NL
Rotterdam,Rotterdam_T2,02:00:00:5e:f0:e0,2026-08-06 13:42:47,23.4,51.9937826355481,4.50664435703899,0,Bergschenhoek,NL
Rotterdam,Rotterdam_T2,02:00:00:02:4d:c2,2026-08-06 13:48:39,23.3,51.9870928392994,4.58234685650748,0,Rotterdam,NL
Rotterdam,Rotterdam_T2,02:00:00:2e:db:da,2026-08-06 13:47:00,22.6,51.983974,4.593346,0,Rotterdam,NL
Rotterdam,Rotterdam_T2,02:00:00:a4:42:3a,2026-08-06 13:47:54,23.4,51.988331,4.591991,0,Rotterdam,NL
Rotterdam,Rotterdam_T2,02:00:00:bd:d1:ea,2026-08-06 13:47:50,21.9,51.987328174681,4.65701222419739,0,Zuidplas,NL
Rotterdam,Rotterdam_T2,02:00:00:04:65:f8,2026-08-06 13:47:14,24.0,51.9878843834894,4.66050112362697,0,Zuidplas,NL
Rotterdam,Rotterdam_T2,02:00:00:70:3b:14,2026-08-06 13:40:09,22.7,51.986498,4.665578,0,Moordrecht,NL
Rotterdam,Rotterdam_T2,02:00:00:2b:42:2c,2026-08-06 13:40:12,24.5,51.986927,4.668121,0,Moordrecht,NL
Rotterdam,Rotterdam_T2,02:00:00:2c:fe:70,2026-08-06 13:40:36,22.7,51.986725,4.670155,0,Zuidplas,NL
Rotterdam,Rotterdam_T2,02:00:00:b9:1c:80,2026-08-06 13:41:30,26.9,51.9998264,4.5002523,0,Bergschenhoek,NL
Rotterdam,Rotterdam_T2,02:00:00:1f:44:ec,2026-08-06 13:42:25,25.3,52.006668,4.527489,0,Bleiswijk,NL
Rotterdam,Rotterdam_T2,02:00:00:b4:ef:50,2026-08-06 13:46:09,25.0,52.005383,4.538822,0,Bleiswijk,NL
Rotterdam,Rotterdam_T2,02:00:00:36:92:fa,2026-08-06 13:40:37,26.5,52.0066446232641,4.54385520232486,0,Lansingerland,NL
Rotterdam,Rotterdam_T2,02:00:00:b9:1e:62,2026-08-06 13:49:20,24.1,52.008555,4.578151,0,Zevenhuizen,NL
Rotterdam,Rotterdam_T2,02:00:00:02:9c:3c,2026-08-06 13:44:59,22.3,52.004082,4.591186,0,Zevenhuizen,NL
Rotterdam,Rotterdam_T2,02:00:00:31:b1:ee,2026-08-06 13:49:32,22.9,52.0053634643555,4.67185115814209,0,Gouda,NL
Rotterdam,Rotterdam_T2,02:00:00:1c:81:14,2026-08-06 13:45:34,22.7,52.006253,4.676457,0,Gouda,NL
Rotterdam,Rotterdam_T2,02:00:00:65:0c:ea,2026-08-06 13:41:58,27.2,51.9963035768543,4.68214752149594,0,Moordrecht,NL
Rotterdam,Rotterdam_T2,02:00:00:c3:82:74,2026-08-06 13:46:40,24.2,52.0050621032715,4.69740343093872,0,Gouda,NL
Rotterdam,Rotterdam_T2,02:00:00:9c:fc:34,2026-08-06 13:46:30,24.2,52.006517,4.697587,0,Gouda,NL
Rotterdam,Rotterdam_T2,02:00:00:01:82:4c,2026-08-06 13:48:14,22.9,52.0091504,4.74227189999999,-2,Gouda,NL
Rotterdam,Rotterdam_T2,02:00:00:70:52:6e,2026-08-06 13:42:05,22.5,52.004837,4.751245,0,Gouda,NL
Rotterdam,Rotterdam_T2,02:00:00:bd:fd:30,2026-08-06 13:42:54,24.7,52.005627,4.752615,0,Gouda,NL
Rotterdam,Rotterdam_T2,02:00:00:2e:af:ec,2026-08-06 13:44:51,24.1,51.998085,4.775884,0,Haastrecht,NL
Rotterdam,Rotterdam_T2,02:00:00:74:4f:9a,2026-08-06 13:45:17,25.7,51.995649,4.777255,0,Haastrecht,NL
Rotterdam,Rotterdam_T2,02:00:00:01:d0:28,2026-08-06 13:47:24,26.5,52.0096,4.5349,0,Bleiswijk,NL
Rotterdam,Rotterdam_T2,02:00:00:a4:5a:94,2026-08-06 13:46:32,27.0,52.01218,4.544645,0,Bleiswijk,NL
Rotterdam,Rotterdam_T2,02:00:00:83:c5:b2,2026-08-06 13:42:08,26.3,52.009809,4.563587,0,Zevenhuizen,NL
Rotterdam,Rotterdam_T2,02:00:00:32:e0:86,2026-08-06 13:47:07,22.4,52.0115203857422,4.58011436462402,0,Zuidplas,NL
Rotterdam,Rotterdam_T2,02:00:00:a9:bb:04,2026-08-06 13:41:44,23.4,52.009836,4.596351,0,Zevenhuizen,NL
Rotterdam,Rotterdam_T2,02:00:00:02:df:22,2026-08-06 13:48:21,22.6,52.0099768804583,4.6926795618518,0,Gouda,NL
Rotterdam,Rotterdam_T2,02:00:00:a9:a1:cc,2026-08-06 13:43:45,26.0,52.0097808837891,4.69422388076782,0,Gouda,NL
Rotterdam,Rotterdam_T2,02:00:00:c3:9b:4c,2026-08-06 13:45:48,25.3,52.01994,4.696581,0,Gouda,NL
Rotterdam,Rotterdam_T2,02:00:00:53:2e:98,2026-08-06 13:41:53,23.7,52.012756,4.712701,1,Gouda,NL
Rotterdam,Rotterdam_T2,02:00:00:36:e7:7e,2026-08-06 13:45:38,23.6,52.0144178,4.71279070000003,2,Gouda,NL
Rotterdam,Rotterdam_T2,02:00:00:6b:8d:52,2026-08-06 13:48:18,23.7,52.015969,4.71499099999998,0,Gouda,NL
Rotterdam,Rotterdam_T2,02:00:00:63:06:c0,2026-08-06 13:46:25,21.3,52.013402,4.73985099999995,0,Gouda,NL
Rotterdam,Rotterdam_T2,02:00:00:05:f2:1e,2026-08-06 13:44:50,24.2,52.0115429,4.7482195,0,Gouda,NL
Rotterdam,Rotterdam_T2,02:00:00:b5:a6:64,2026-08-06 13:41:34,23.0,52.011536,4.750849,0,Gouda,NL
Rotterdam,Rotterdam_T2,02:00:00:bd:e3:d4,2026-08-06 13:44:34,22.9,52.027363,4.6115017,0,,NL
Rotterdam,Rotterdam_T2,02:00:00:a4:7a:ce,2026-08-06 13:47:38,22.2,52.02744,4.64476000000001,0,Waddinxveen,NL
Rotterdam,Rotterdam_T2,02:00:00:3f:57:ca,2026-08-06 13:44:47,22.8,52.025922,4.647242,0,Waddinxveen,NL
Rotterdam,Rotterdam_T2,02:00:00:63:21:dc,2026-08-06 13:41:17,27.2,52.0359605024959,4.6485589000001,0,Waddinxveen,NL
Rotterdam,Rotterdam_T2,02:00:00:90:d2:dc,2026-08-06 13:43:16,24.3,52.024118,4.709983,0,Gouda,NL
Rotterdam,Rotterdam_T2,02:00:00:a4:27:b6,2026-08-06 13:45:01,25.2,52.031474,4.693968,0,Gouda,NL
Rotterdam,Rotterdam_T2,02:00:00:83:b5:e4,2026-08-06 13:44:22,21.8,52.031819,4.694159,0,Gouda,NL
Rotterdam,Rotterdam_T2,02:00:00:3f:09:64,2026-08-06 13:49:28,22.8,52.030553,4.710979,1,Gouda,NL
Rotterdam,Rotterdam_T2,02:00:00:2c:f2:f6,2026-08-06 13:47:20,22.7,52.0341813,4.76989989999997,0,Reeuwijk,NL
Rotterdam,Rotterdam_T2,02:00:00:9b:51:44,2026-08-06 13:48:02,22.3,52.0347719,4.77213269999993,-2,Reeuwijk,NL
Rotterdam,Rotterdam_T2,02:00:00:28:69:d6,2026-08-06 13:46:46,23.8,52.051635,4.54056,0,Zoetermeer,NL
Rotterdam,Rotterdam_T2,02:00:00:bd:d6:d4,2026-08-06 13:47:37,23.1,52.0429039001465,4.56850099563599,0,Moerkapelle,NL
Rotterdam,Rotterdam_T2,02:00:00:12:9c:b6,2026-08-06 13:45:51,26.6,52.047075,4.581155,0,Moerkapelle,NL
Rotterdam,Rotterdam_T2,02:00:00:6b:54:0e,2026-08-06 13:48:04,23.6,52.0469036,4.5818362,0,Zuidplas,NL
Rotterdam,Rotterdam_T2,02:00:00:a9:50:60,2026-08-06 13:45:43,23.2,52.0481010029608,4.58891205763108,0,Moerkapelle,NL
Rotterdam,Rotterdam_T2,02:00:00:63:42:d2,2026-08-06 13:44:29,25.2,52.04942,4.643239,0,Waddinxveen,NL
Rotterdam,Rotterdam_T2,02:00:00:7f:bc:e6,2026-08-06 13:42:36,23.2,52.0509292220829,4.64534578844905,0,Waddinxveen,NL
Rotterdam,Rotterdam_T2,02:00:00:c6:2c:4e,2026-08-06 13:47:44,23.0,52.0423368,4.647712,0,Waddinxveen,NL
Rotterdam,Rotterdam_T2,02:00:00:12:d1:de,2026-08-06 13:48:41,21.1,52.0387736455856,4.71039086580277,0,Gouda,NL
Rotterdam,Rotterdam_T2,02:00:00:b5:72:78,2026-08-06 13:46:20,21.4,52.0436531490395,4.71938564955323,0,Reeuwijk,NL
Rotterdam,Rotterdam_T2,02:00:00:bc:f9:c4,2026-08-06 13:41:31,23.7,52.0450706481934,4.72107648849487,1,Reeuwijk,NL
Rotterdam,Rotterdam_T2,02:00:00:7f:b7:2e,2026-08-06 13:40:41,23.3,52.049067,4.721525,0,Reeuwijk,NL
Rotterdam,Rotterdam_T2,02:00:00:03:61:0c,2026-08-06 13:44:01,24.3,52.055621,4.513738,0,Zoetermeer,NL
Rotterdam,Rotterdam_T2,02:00:00:a4:4c:f6,2026-08-06 13:42:42,25.6,52.058921,4.51239,0,Zoetermeer,NL
Rotterdam,Rotterdam_T2,02:00:00:5f:48:1c,2026-08-06 13:42:31,24.5,52.060585,4.5140386,0,Zoetermeer,NL
Rotterdam,Rotterdam_T2,02:00:00:65:73:e2,2026-08-06 13:42:26,24.8,52.0525163699103,4.53838300704956,0,Zoetermeer,NL
Rotterdam,Rotterdam_T2,02:00:00:c2:8a:cc,2026-08-06 13:42:37,22.1,52.0567817687988,4.52878952026367,0,Zoetermeer,NL
Rotterdam,Rotterdam_T2,02:00:00:32:b4:ac,2026-08-06 13:47:12,20.9,52.06072,4.53268999999997,0,Zoetermeer,NL
Rotterdam,Rotterdam_T2,02:00:00:bd:fe:9e,2026-08-06 13:45:39,23.8,52.0654847,4.5471159,0,Zoetermeer,NL
Rotterdam,Rotterdam_T2,02:00:00:33:c1:9a,2026-08-06 13:40:02,24.2,52.0661990481085,4.54725722028999,0,Zoetermeer,NL
Rotterdam,Rotterdam_T2,02:00:00:03:5d:56,2026-08-06 13:40:49,25.4,52.059434,4.549038,0,Zoetermeer,NL
Rotterdam,Rotterdam_T2,02:00:00:3b:e2:3c,2026-08-06 13:40:18,22.0,52.065163,4.6415434,0,Boskoop,NL
Rotterdam,Rotterdam_T2,02:00:00:37:22:e6,2026-08-06 13:42:23,24.8,52.05424,4.654806,0,Waddinxveen,NL
Rotterdam,Rotterdam_T2,02:00:00:63:45:3e,2026-08-06 13:50:07,21.8,52.0670053,4.50180330000001,1,Zoetermeer,NL
Rotterdam,Rotterdam_T2,02:00:00:53:4c:30,2026-08-06 13:40:56,23.0,52.067288,4.503179,0,Zoetermeer,NL
Rotterdam,Rotterdam_T2,02:00:00:28:76:a0,2026-08-06 13:39:40,24.0,52.0729936,4.50405130000001,0,Zoetermeer,NL
Rotterdam,Rotterdam_T2,02:00:00:84:8e:ae,2026-08-06 13:48:37,23.4,52.074368,4.5254664,0,Zoetermeer,NL
Rotterdam,Rotterdam_T2,02:00:00:7f:a6:a6,2026-08-06 13:43:16,21.6,52.0800912,4.52370059999998,0,Zoetermeer,NL
Rotterdam,Rotterdam_T2,02:00:00:83:b0:90,2026-08-06 13:49:00,24.0,52.067223,4.540446,0,Zoetermeer,NL
Rotterdam,Rotterdam_T2,02:00:00:c2:84:b0,2026-08-06 13:41:33,20.7,52.077968,4.554994,0,Benthuizen,NL
Rotterdam,Rotterdam_T2,02:00:00:a4:5c:8c,2026-08-06 13:40:33,21.5,52.077966,4.634319,0,Boskoop,NL
Rotterdam,Rotterdam_T2,02:00:00:9d:24:ac,2026-08-06 13:44:18,21.4,52.071222,4.654495,0,Boskoop,NL
Rotterdam,Rotterdam_T2,02:00:00:58:eb:b4,2026-08-06 13:48:29,22.5,52.078497,4.647538,0,Boskoop,NL
Rotterdam,Rotterdam_T2,02:00:00:b5:09:28,2026-08-06 13:47:15,23.7,52.0771903991699,4.65694856643677,0,Boskoop,NL
Rotterdam,Rotterdam_T2,02:00:00:01:97:de,2026-08-06 13:40:55,23.3,52.075744200514,4.66876566410065,0,Boskoop,NL
Rotterdam,Rotterdam_T2,02:00:00:83:fc:34,2026-08-06 13:42:52,22.1,52.068561,4.737938,0,Bodegraven,NL
Rotterdam,Rotterdam_T2,02:00:00:14:6b:1c,2026-08-06 13:48:59,20.9,52.0701836,4.7547272,0,Bodegraven,NL
Rotterdam,Rotterdam_T2,02:00:00:27:5f:b6,2026-08-06 13:40:22,23.9,52.0735674,4.7571882,0,Bodegraven,NL
Rotterdam,Rotterdam_T2,02:00:00:84:3d:ca,2026-08-06 13:42:24,20.6,52.0727483,4.75790339999998,0,Bodegraven,NL
Rotterdam,Rotterdam_T2,02:00:00:90:a4:f6,2026-08-06 13:48:10,24.9,52.076245,4.762831,0,Bodegraven,NL
Rotterdam,Rotterdam_T2,02:00:00:05:5e:c8,2026-08-06 13:42:50,21.8,52.093931,4.58023799999999,0,Hazerswoude-Dorp,NL
Rotterdam,Rotterdam_T2,02:00:00:65:62:ec,2026-08-06 13:42:21,25.0,52.094814,4.592195,0,Alphen aan den Rijn,NL
Rotterdam,Rotterdam_T2,02:00:00:3a:1c:f0,2026-08-06 13:45:49,22.8,52.0854873657227,4.67949485778809,0,Alphen aan den Rijn,NL
Rotterdam,Rotterdam_T2,02:00:00:c3:d1:8e,2026-08-06 13:49:51,21.9,52.081401,4.74397,0,Bodegraven,NL
Rotterdam,Rotterdam_T2,02:00:00:3d:21:b2,2026-08-06 13:42:36,23.9,52.0849802,4.7530235,1,Bodegraven,NL
Rotterdam,Rotterdam_T2,02:00:00:27:67:76,2026-08-06 13:47:43,25.9,52.083,4.7549,1,Bodegraven,NL
Rotterdam,Rotterdam_T2,02:00:00:02:93:84,2026-08-06 13:47:34,21.3,52.1065561,4.72730620000004,2,Zwammerdam,NL
Rotterdam,Rotterdam_T2,02:00:00:b8:f3:62,2026-08-06 13:48:08,25.9,52.105595,4.728231,2,Zwammerdam,NL
Rotterdam,Rotterdam_T2,02:00:00:b9:15:1e,2026-08-06 13:42:54,21.9,52.107336,4.728494,0,Zwammerdam,NL
Rotterdam,Rotterdam_T2,02:00:00:b9:66:72,2026-08-06 13:46:46,20.6,52.11797,4.63812000000001,0,Alphen aan den Rijn,NL
Rotterdam,Rotterdam_T2,02:00:00:a9:98:16,2026-08-06 13:42:22,22.5,52.114834,4.641565,0,Alphen aan den Rijn,NL
Rotterdam,Rotterdam_T2,02:00:00:b5:10:00,2026-08-06 13:48:57,20.2,52.113394,4.643815,0,Alphen aan den Rijn,NL
Rotterdam,Rotterdam_T2,02:00:00:b9:53:6c,2026-08-06 13:41:18,21.7,52.118332,4.646001,0,Alphen aan den Rijn,NL
Rotterdam,Rotterdam_T2,02:00:00:3f:15:be,2026-08-06 13:49:48,24.4,52.1287078622217,4.58709000000001,0,Hazerswoude-Rijndijk,NL
Rotterdam,Rotterdam_T2,02:00:00:9d:1a:9e,2026-08-06 13:44:48,23.8,52.1290793345485,4.5915552598997,1,Hazerswoude-Rijndijk,NL
Rotterdam,Rotterdam_T2,02:00:00:28:b5:10,2026-08-06 13:43:36,24.2,52.131385,4.591423,0,Hazerswoude-Rijndijk,NL
Rotterdam,Rotterdam_T2,02:00:00:90:b0:c2,2026-08-06 13:49:01,24.5,52.129492,4.597735,0,Hazerswoude-Rijndijk,NL
Rotterdam,Rotterdam_T2,02:00:00:53:21:ae,2026-08-06 13:43:10,23.9,52.130777,4.606432,1,Koudekerk aan den Rijn,NL
Rotterdam,Rotterdam_T2,02:00:00:a9:c5:e6,2026-08-06 13:41:51,24.5,52.1309028028115,4.60786385586289,0,Koudekerk aan den Rijn,NL
Rotterdam,Rotterdam_T2,02:00:00:37:28:62,2026-08-06 13:41:30,21.6,52.1297193981244,4.65222171507776,0,Alphen aan den Rijn,NL
Rotterdam,Rotterdam_T2,02:00:00:6b:4b:3a,2026-08-06 13:45:37,24.0,52.1320819895829,4.64971125125885,0,Alphen aan den Rijn,NL
Rotterdam,Rotterdam_T2,02:00:00:9c:f8:96,2026-08-06 13:40:05,24.2,52.133517,4.650877,0,Alphen aan den Rijn,NL
Rotterdam,Rotterdam_T2,02:00:00:84:04:58,2026-08-06 13:43:58,22.4,52.1262489,4.6650439,1,Alphen aan den Rijn,NL
Rotterdam,Rotterdam_T2,02:00:00:74:38:e4,2026-08-06 13:49:18,24.3,52.130098,4.66785,1,Alphen aan den Rijn,NL
Rotterdam,Rotterdam_T2,02:00:00:b2:ad:62,2026-08-06 13:45:51,29.2,52.13117,4.66671000000003,2,Alphen aan den Rijn,NL
Rotterdam,Rotterdam_T2,02:00:00:c2:34:94,2026-08-06 13:40:19,23.6,51.799317,4.558534,0,Puttershoek,NL
Rotterdam,Rotterdam_T2,02:00:00:05:86:20,2026-08-06 13:41:53,22.8,51.803765,4.562099,0,Puttershoek,NL
Rotterdam,Rotterdam_T2,02:00:00:bd:01:b0,2026-08-06 13:41:46,22.7,51.800308,4.578861,0,Puttershoek,NL
Rotterdam,Rotterdam_T2,02:00:00:04:5a:0a,2026-08-06 13:48:23,22.2,51.8028144836426,4.57104921340942,0,Hoeksche Waard,NL
Rotterdam,Rotterdam_T2,02:00:00:70:37:fe,2026-08-06 13:45:35,21.7,51.801144,4.652298,1,Dordrecht,NL
Rotterdam,Rotterdam_T2,02:00:00:c3:74:de,2026-08-06 13:41:43,21.9,51.79714,4.65988000000005,1,Dordrecht,NL
Rotterdam,Rotterdam_T2,02:00:00:65:55:2c,2026-08-06 13:44:09,23.4,51.804122,4.669069,0,Dordrecht,NL
Rotterdam,Rotterdam_T2,02:00:00:70:48:8e,2026-08-06 13:49:07,21.9,51.795653,4.671325,2,Dordrecht,NL
Rotterdam,Rotterdam_T2,02:00:00:7f:98:ba,2026-08-06 13:49:18,23.6,51.799884,4.678947,1,Dordrecht,NL
Rotterdam,Rotterdam_T2,02:00:00:a2:59:34,2026-08-06 13:48:56,23.9,51.794101,4.694167,0,Dordrecht,NL
Rotterdam,Rotterdam_T2,02:00:00:05:ff:a0,2026-08-06 13:40:08,25.5,51.7949564,4.70649070000002,0,Dordrecht,NL
Rotterdam,Rotterdam_T2,02:00:00:32:fe:68,2026-08-06 13:40:19,24.4,51.795482,4.705023,0,Dordrecht,NL
Rotterdam,Rotterdam_T2,02:00:00:73:c3:6a,2026-08-06 13:40:40,26.1,51.800587,4.721628,0,Dordrecht,NL
Rotterdam,Rotterdam_T2,02:00:00:ab:e3:7e,2026-08-06 13:48:36,23.9,51.7951201232099,4.73186731338501,1,Dordrecht,NL
Rotterdam,Rotterdam_T2,02:00:00:2f:25:48,2026-08-06 13:42:45,25.9,51.8022,4.7264,0,Dordrecht,NL
Rotterdam,Rotterdam_T2,02:00:00:83:fd:8e,2026-08-06 13:45:48,22.4,51.8074509,4.57323399999998,0,Puttershoek,NL
Rotterdam,Rotterdam_T2,02:00:00:6b:33:f6,2026-08-06 13:45:25,26.1,51.81689,4.6076784,2,Zwijndrecht,NL
Rotterdam,Rotterdam_T2,02:00:00:03:5d:90,2026-08-06 13:41:21,24.5,51.8145148947276,4.61673617362976,0,Zwijndrecht,NL
Rotterdam,Rotterdam_T2,02:00:00:a4:87:ca,2026-08-06 13:46:16,23.8,51.8068809509277,4.63342380523682,1,Zwijndrecht,NL
Rotterdam,Rotterdam_T2,02:00:00:06:79:9e,2026-08-06 13:46:28,22.9,51.8092263212837,4.63623495422598,0,Zwijndrecht,NL
Rotterdam,Rotterdam_T2,02:00:00:58:eb:5a,2026-08-06 13:46:02,23.6,51.811073,4.65763,4,Dordrecht,NL
Rotterdam,Rotterdam_T2,02:00:00:2d:0a:22,2026-08-06 13:47:57,24.1,51.820895,4.643838,0,Zwijndrecht,NL
Rotterdam,Rotterdam_T2,02:00:00:05:5b:2a,2026-08-06 13:46:23,24.9,51.820512,4.646394,1,Zwijndrecht,NL
Rotterdam,Rotterdam_T2,02:00:00:90:71:d0,2026-08-06 13:42:22,22.3,51.8089773,4.6692312,1,Dordrecht,NL
Rotterdam,Rotterdam_T2,02:00:00:2b:45:d6,2026-08-06 13:44:16,24.0,51.8089773,4.6692312,1,Dordrecht,NL
Rotterdam,Rotterdam_T2,02:00:00:53:19:f2,2026-08-06 13:42:54,26.0,51.81028,4.67508,2,Dordrecht,NL
Rotterdam,Rotterdam_T2,02:00:00:33:e7:ec,2026-08-06 13:48:50,27.2,51.8094,4.6923,0,Dordrecht,NL
Rotterdam,Rotterdam_T2,02:00:00:b5:47:56,2026-08-06 13:49:03,23.9,51.818188,4.696665,0,Dordrecht,NL
Rotterdam,Rotterdam_T2,02:00:00:58:e3:da,2026-08-06 13:47:35,23.7,51.8084349724763,4.70842254348099,0,Dordrecht,NL
Rotterdam,Rotterdam_T2,02:00:00:74:52:96,2026-08-06 13:48:38,25.5,51.808978,4.712347,1,Dordrecht,NL
Rotterdam,Rotterdam_T2,02:00:00:73:e7:5e,2026-08-06 13:44:31,22.0,51.812169,4.721084,3,Dordrecht,NL
Rotterdam,Rotterdam_T2,02:00:00:5f:2b:2a,2026-08-06 13:49:41,27.3,51.820938,4.776139,0,Sliedrecht,NL
Rotterdam,Rotterdam_T2,02:00:00:03:08:c4,2026-08-06 13:42:07,26.7,51.8260290881141,4.63469352136255,0,Zwijndrecht,NL
Rotterdam,Rotterdam_T2,02:00:00:3e:ee:6e,2026-08-06 13:39:58,23.9,51.833789,4.638192,0,Hendrik-Ido-Ambacht,NL
Rotterdam,Rotterdam_T2,02:00:00:96:ed:3c,2026-08-06 13:44:29,26.6,51.82454,4.641504,1,Zwijndrecht,NL
Rotterdam,Rotterdam_T2,02:00:00:ab:be:ca,2026-08-06 13:46:58,24.3,51.831313,4.650972,0,Hendrik-Ido-Ambacht,NL
Rotterdam,Rotterdam_T2,02:00:00:90:5e:02,2026-08-06 13:41:56,24.4,51.8328687987182,4.65461719960314,0,Hendrik-Ido-Ambacht,NL
Rotterdam,Rotterdam_T2,02:00:00:3f:04:fa,2026-08-06 13:45:01,23.7,51.830445,4.684899,0,Papendrecht,NL
Rotterdam,Rotterdam_T2,02:00:00:2e:f5:66,2026-08-06 13:42:29,24.2,51.8246479517936,4.69556886943296,3,Papendrecht,NL
Rotterdam,Rotterdam_T2,02:00:00:02:f8:d2,2026-08-06 13:46:41,24.7,51.830784,4.693737,0,Papendrecht,NL
Rotterdam,Rotterdam_T2,02:00:00:05:3a:d4,2026-08-06 13:46:38,23.9,51.835116,4.699154,0,Papendrecht,NL
Rotterdam,Rotterdam_T2,02:00:00:70:34:ce,2026-08-06 13:47:42,22.1,51.831527,4.727391,0,Papendrecht,NL
Rotterdam,Rotterdam_T2,02:00:00:a4:2f:a0,2026-08-06 13:44:33,24.5,51.834282,4.725904,0,Papendrecht,NL
Rotterdam,Rotterdam_T2,02:00:00:2f:14:6c,2026-08-06 13:44:42,22.6,51.827919,4.736224,0,Sliedrecht,NL
Rotterdam,Rotterdam_T2,02:00:00:7a:f4:24,2026-08-06 13:48:35,23.8,51.83135,4.73932,0,Sliedrecht,NL
Rotterdam,Rotterdam_T2,02:00:00:2e:a2:60,2026-08-06 13:42:06,24.0,51.823319,4.769529,2,Sliedrecht,NL
Rotterdam,Rotterdam_T2,02:00:00:b9:51:62,2026-08-06 13:44:10,28.4,51.826993,4.768938,0,Sliedrecht,NL
Rotterdam,Rotterdam_T2,02:00:00:9c:e3:aa,2026-08-06 13:41:28,23.7,51.84917,4.527803,0,Barendrecht,NL
Rotterdam,Rotterdam_T2,02:00:00:c3:9b:62,2026-08-06 13:41:23,25.3,51.849767,4.528578,0,Barendrecht,NL
Rotterdam,Rotterdam_T2,02:00:00:13:6d:1e,2026-08-06 13:47:29,24.4,51.8457068299844,4.53018609416509,0,Barendrecht,NL
Rotterdam,Rotterdam_T2,02:00:00:bd:ca:ee,2026-08-06 13:42:55,22.1,51.837578,4.56538,0,Zwijndrecht,NL
Rotterdam,Rotterdam_T2,02:00:00:53:51:ca,2026-08-06 13:43:05,25.1,51.8461,4.6222,0,Hendrik-Ido-Ambacht,NL
Rotterdam,Rotterdam_T2,02:00:00:a4:32:cc,2026-08-06 13:40:35,22.3,51.837101,4.62578,0,Hendrik-Ido-Ambacht,NL
Rotterdam,Rotterdam_T2,02:00:00:c3:9b:96,2026-08-06 13:43:26,23.9,51.8400840759277,4.62910270690918,0,Hendrik-Ido-Ambacht,NL
Rotterdam,Rotterdam_T2,02:00:00:1e:2a:48,2026-08-06 13:43:18,25.3,51.846038,4.644288,0,Hendrik-Ido-Ambacht,NL
Rotterdam,Rotterdam_T2,02:00:00:70:1d:3c,2026-08-06 13:40:45,23.9,51.8370724059415,4.64836530243054,0,Hendrik-Ido-Ambacht,NL
Rotterdam,Rotterdam_T2,02:00:00:9c:d6:e2,2026-08-06 13:46:11,23.6,51.8484725,4.64770970000002,0,Hendrik-Ido-Ambacht,NL
Rotterdam,Rotterdam_T2,02:00:00:13:43:fc,2026-08-06 13:41:59,22.9,51.838594,4.687114,0,Papendrecht,NL
Rotterdam,Rotterdam_T2,02:00:00:83:fd:4e,2026-08-06 13:45:57,21.4,51.84061,4.6882443,0,Papendrecht,NL
Rotterdam,Rotterdam_T2,02:00:00:05:4f:b4,2026-08-06 13:47:13,23.9,51.837783,4.6947,0,Papendrecht,NL
Rotterdam,Rotterdam_T2,02:00:00:52:ce:60,2026-08-06 13:49:46,22.8,51.837197,4.695891,0,Papendrecht,NL
Rotterdam,Rotterdam_T2,02:00:00:90:bf:70,2026-08-06 13:46:03,24.9,51.845082,4.759073,0,Wijngaarden,NL
Rotterdam,Rotterdam_T2,02:00:00:58:d4:88,2026-08-06 13:48:27,25.8,51.845867,4.767669,0,Wijngaarden,NL
Rotterdam,Rotterdam_T2,02:00:00:34:01:5c,2026-08-06 13:42:05,26.0,51.851647,4.50759,0,Barendrecht,NL
Rotterdam,Rotterdam_T2,02:00:00:7f:a4:46,2026-08-06 13:48:40,23.1,51.851529,4.522241,0,Barendrecht,NL
Rotterdam,Rotterdam_T2,02:00:00:02:82:f2,2026-08-06 13:42:03,24.2,51.8602367464072,4.50501659125155,0,Barendrecht,NL
Rotterdam,Rotterdam_T2,02:00:00:c3:b2:18,2026-08-06 13:44:51,23.7,51.8521,4.5326,0,Barendrecht,NL
Rotterdam,Rotterdam_T2,02:00:00:c6:1e:9c,2026-08-06 13:46:30,21.7,51.8512913,4.5388609,0,Barendrecht,NL
Rotterdam,Rotterdam_T2,02:00:00:a4:78:e8,2026-08-06 13:49:02,20.9,51.850333,4.540042,2,Barendrecht,NL
Rotterdam,Rotterdam_T2,02:00:00:b2:c8:82,2026-08-06 13:49:56,21.9,51.851793,4.551932,0,Barendrecht,NL
Rotterdam,Rotterdam_T2,02:00:00:1e:20:3a,2026-08-06 13:47:01,24.3,51.863885,4.618079,2,Ridderkerk,NL
Rotterdam,Rotterdam_T2,02:00:00:c2:3e:26,2026-08-06 13:46:12,26.4,51.8606071472168,4.62559986114502,0,Ridderkerk,NL
Rotterdam,Rotterdam_T2,02:00:00:65:5f:5e,2026-08-06 13:43:01,24.9,51.861743,4.626069,0,Ridderkerk,NL
Rotterdam,Rotterdam_T2,02:00:00:74:08:42,2026-08-06 13:47:40,24.4,51.8638061815087,4.66653974298046,0,Alblasserdam,NL
Rotterdam,Rotterdam_T2,02:00:00:9d:2a:ae,2026-08-06 13:46:25,23.5,51.8615989685059,4.67215013504028,0,Alblasserdam,NL
Rotterdam,Rotterdam_T2,02:00:00:32:df:04,2026-08-06 13:47:20,26.1,51.863296,4.674894,0,Alblasserdam,NL
Rotterdam,Rotterdam_T2,02:00:00:52:df:62,2026-08-06 13:50:09,22.2,51.873433,4.51783,0,Rotterdam,NL
Rotterdam,Rotterdam_T2,02:00:00:a2:2b:36,2026-08-06 13:49:29,23.2,51.869744,4.528011,0,Rotterdam,NL
Rotterdam,Rotterdam_T2,02:00:00:5e:ff:d4,2026-08-06 13:43:48,23.4,51.8771436,4.5560899,0,Rotterdam,NL
Rotterdam,Rotterdam_T2,02:00:00:1c:85:22,2026-08-06 13:42:15,23.9,51.870378,4.58902600000004,0,Ridderkerk,NL
Rotterdam,Rotterdam_T2,02:00:00:04:6c:20,2026-08-06 13:46:14,22.1,51.870793,4.599033,1,Ridderkerk,NL
Rotterdam,Rotterdam_T2,02:00:00:7f:aa:16,2026-08-06 13:49:48,27.6,51.86648,4.60157,1,Ridderkerk,NL
Rotterdam,Rotterdam_T2,02:00:00:2b:1a:52,2026-08-06 13:46:27,23.2,51.867130128204,4.61134004556698,0,Ridderkerk,NL
Rotterdam,Rotterdam_T2,02:00:00:7b:03:7e,2026-08-06 13:45:56,23.3,51.865452,4.621353,0,Ridderkerk,NL
Rotterdam,Rotterdam_T2,02:00:00:1e:29:ba,2026-08-06 13:46:15,27.0,51.8652853599595,4.62251235910136,0,Ridderkerk,NL
Rotterdam,Rotterdam_T2,02:00:00:37:16:28,2026-08-06 13:44:01,22.3,51.872911,4.635849,2,Alblasserdam,NL
Rotterdam,Rotterdam_T2,02:00:00:a9:93:ca,2026-08-06 13:48:22,24.0,51.8696937561035,4.65859460830688,0,Alblasserdam,NL
Rotterdam,Rotterdam_T2,02:00:00:1e:29:cc,2026-08-06 13:42:21,22.4,51.86924,4.6605825,0,Alblasserdam,NL
Rotterdam,Rotterdam_T2,02:00:00:2b:50:0e,2026-08-06 13:40:22,25.0,51.8712989,4.65991630000008,0,Alblasserdam,NL
Rotterdam,Rotterdam_T2,02:00:00:9d:2a:32,2026-08-06 13:40:21,25.3,51.869708,4.664244,0,Alblasserdam,NL
Rotterdam,Rotterdam_T2,02:00:00:a4:89:38,2026-08-06 13:41:24,24.6,51.8930892944336,4.50360250473022,0,Rotterdam,NL
Rotterdam,Rotterdam_T2,02:00:00:c3:ad:1a,2026-08-06 13:44:54,22.6,51.8807193,4.50595980000008,0,Rotterdam,NL
Rotterdam,Rotterdam_T2,02:00:00:2b:11:06,2026-08-06 13:47:05,21.3,51.884715,4.5213637,1,Rotterdam,NL
Rotterdam,Rotterdam_T2,02:00:00:c2:2f:c0,2026-08-06 13:43:16,21.1,51.889758,4.545007,1,Rotterdam,NL
Rotterdam,Rotterdam_T2,02:00:00:8d:e1:c2,2026-08-06 13:40:35,20.1,51.8884899381623,4.54850133742931,0,Rotterdam,NL
Rotterdam,Rotterdam_T2,02:00:00:84:0b:be,2026-08-06 13:48:41,23.5,51.889212,4.579173,0,Ridderkerk,NL
Rotterdam,Rotterdam_T2,02:00:00:a4:31:1c,2026-08-06 13:41:54,21.9,51.879825592041,4.59871816635132,0,Ridderkerk,NL
Rotterdam,Rotterdam_T2,02:00:00:73:c7:46,2026-08-06 13:48:50,25.3,51.8810577392578,4.62089109420776,2,Ridderkerk,NL
Rotterdam,Rotterdam_T2,02:00:00:b5:1e:34,2026-08-06 13:40:35,25.4,51.8856163024902,4.63144016265869,0,Kinderdijk,NL
Rotterdam,Rotterdam_T2,02:00:00:52:d7:a6,2026-08-06 13:40:19,23.7,51.8914709229222,4.62865591049194,1,Krimpenerwaard,NL
Rotterdam,Rotterdam_T2,02:00:00:2e:ef:ca,2026-08-06 13:41:01,23.3,51.884896,4.675329,0,Nieuw-Lekkerland,NL
Rotterdam,Rotterdam_T2,02:00:00:6b:33:b2,2026-08-06 13:49:31,22.1,51.88994,4.6878767,1,Nieuw-Lekkerland,NL
Rotterdam,Rotterdam_T2,02:00:00:bd:03:12,2026-08-06 13:41:09,22.8,51.883711,4.713311,0,Nieuw-Lekkerland,NL
Rotterdam,Rotterdam_T2,02:00:00:90:7f:7a,2026-08-06 13:44:56,23.1,51.898163,4.583361,2,Ridderkerk,NL
Rotterdam,Rotterdam_T2,02:00:00:a4:1d:76,2026-08-06 13:48:20,22.7,51.8956518077123,4.58617498801652,2,Ridderkerk,NL
Rotterdam,Rotterdam_T2,02:00:00:04:a2:ee,2026-08-06 13:48:41,23.5,51.89378,4.63195999999998,0,Krimpen aan de Lek,NL
Rotterdam,Rotterdam_T2,02:00:00:02:d1:3e,2026-08-06 13:42:13,26.1,51.8949535894151,4.63425776535564,5,Krimpenerwaard,NL
Rotterdam,Rotterdam_T2,02:00:00:90:f8:1a,2026-08-06 13:46:01,29.0,51.90005,4.74020999999998,0,Streefkerk,NL
Rotterdam,Rotterdam_T2,02:00:00:70:58:6c,2026-08-06 13:46:29,26.7,51.898848,4.7463,0,Streefkerk,NL
Rotterdam,Rotterdam_T2,02:00:00:31:b2:be,2026-08-06 13:39:45,22.3,51.912961,4.502522,0,Rotterdam,NL
Rotterdam,Rotterdam_T2,02:00:00:70:58:f6,2026-08-06 13:49:37,22.4,51.919311,4.515519,7,Rotterdam,NL
Rotterdam,Rotterdam_T2,02:00:00:b0:95:16,2026-08-06 13:43:39,23.9,51.921886,4.50751,6,Rotterdam,NL
Rotterdam,Rotterdam_T2,02:00:00:bd:0d:c0,2026-08-06 13:45:25,23.7,51.912598,4.5591,0,Capelle aan den IJssel,NL
Rotterdam,Rotterdam_T2,02:00:00:52:cb:e6,2026-08-06 13:41:54,22.3,51.9176414235296,4.55918770730171,2,Capelle aan den IJssel,NL
Rotterdam,Rotterdam_T2,02:00:00:8d:cf:a6,2026-08-06 13:45:04,23.7,51.912861,4.56011,0,Capelle aan den IJssel,NL
Rotterdam,Rotterdam_T2,02:00:00:9d:13:30,2026-08-06 13:49:02,22.1,51.919235,4.57162120000004,0,Capelle aan den IJssel,NL
Rotterdam,Rotterdam_T2,02:00:00:6b:2a:74,2026-08-06 13:46:26,23.7,51.910033,4.590531,0,Krimpen aan den IJssel,NL
Rotterdam,Rotterdam_T2,02:00:00:74:33:ba,2026-08-06 13:46:28,25.0,51.917253,4.581886,2,Krimpen aan den IJssel,NL
Rotterdam,Rotterdam_T2,02:00:00:03:dd:5e,2026-08-06 13:49:30,24.5,51.9143534,4.59623250000004,0,Krimpen aan den IJssel,NL
Rotterdam,Rotterdam_T2,02:00:00:3d:24:60,2026-08-06 13:42:32,22.7,51.9092152187443,4.60752285502784,0,Krimpen aan den IJssel,NL
Rotterdam,Rotterdam_T2,02:00:00:af:7d:d6,2026-08-06 13:49:01,24.3,51.910542,4.610582,0,Krimpen aan den IJssel,NL
Rotterdam,Rotterdam_T2,02:00:00:34:04:94,2026-08-06 13:49:18,24.1,51.9094901,4.68375689999993,0,Krimpenerwaard,NL
Rotterdam,Rotterdam_T2,02:00:00:03:5d:4c,2026-08-06 13:48:03,23.6,51.92282,4.518588,1,Rotterdam,NL
Rotterdam,Rotterdam_T2,02:00:00:c3:80:a6,2026-08-06 13:44:02,22.6,51.931264,4.550389,0,Rotterdam,NL
Rotterdam,Rotterdam_T2,02:00:00:3c:00:22,2026-08-06 13:41:53,23.0,51.93424,4.553542,0,Rotterdam,NL
Rotterdam,Rotterdam_T2,02:00:00:b5:20:2c,2026-08-06 13:45:12,21.6,51.935394,4.553254,0,Rotterdam,NL
Rotterdam,Rotterdam_T2,02:00:00:28:97:a6,2026-08-06 13:42:16,22.0,51.931049,4.584571,0,Capelle aan den IJssel,NL
Rotterdam,Rotterdam_T2,02:00:00:2f:0c:10,2026-08-06 13:43:11,22.8,51.9344479606926,4.59018536167076,0,Capelle aan den IJssel,NL
Rotterdam,Rotterdam_T2,02:00:00:63:42:f8,2026-08-06 13:45:02,21.8,51.9293733342703,4.59409007318868,0,Capelle aan den IJssel,NL
Rotterdam,Rotterdam_T2,02:00:00:1e:01:bc,2026-08-06 13:46:05,22.7,51.932337,4.606086,0,Capelle aan den IJssel,NL
Rotterdam,Rotterdam_T2,02:00:00:83:d0:98,2026-08-06 13:41:55,21.1,51.929055,4.61168,0,Capelle aan den IJssel,NL
Rotterdam,Rotterdam_T2,02:00:00:af:65:fc,2026-08-06 13:49:10,23.2,51.92348,4.624417,0,Krimpen aan den IJssel,NL
Rotterdam,Rotterdam_T2,02:00:00:5f:3b:64,2026-08-06 13:41:33,20.8,51.934994,4.73829,0,Krimpenerwaard,NL
Rotterdam,Rotterdam_T2,02:00:00:65:4e:e0,2026-08-06 13:49:26,23.7,51.945285,4.535755,0,Rotterdam,NL
Rotterdam,Rotterdam_T2,02:00:00:01:28:b8,2026-08-06 13:38:57,22.3,51.9411495701722,4.56710300000004,0,Capelle aan den IJssel,NL
Rotterdam,Rotterdam_T2,02:00:00:b5:01:6e,2026-08-06 13:45:55,24.1,51.947535,4.577741,0,Capelle aan den IJssel,NL
Rotterdam,Rotterdam_T2,02:00:00:33:f1:dc,2026-08-06 13:40:12,23.5,51.937788,4.6366892,1,Krimpenerwaard,NL
Rotterdam,Rotterdam_T2,02:00:00:90:c6:f6,2026-08-06 13:45:16,24.7,51.9442388535085,4.70877000000014,0,Berkenwoude,NL
Rotterdam,Rotterdam_T2,02:00:00:03:a2:42,2026-08-06 13:40:37,22.6,51.959495,4.500036,0,Rotterdam,NL
Rotterdam,Rotterdam_T2,02:00:00:13:85:7e,2026-08-06 13:41:19,23.4,51.956141511216,4.50468333618164,0,Rotterdam,NL
Rotterdam,Rotterdam_T2,02:00:00:2a:d5:58,2026-08-06 13:42:26,20.5,51.9642850413781,4.50498007983016,0,Rotterdam,NL
Rotterdam,Rotterdam_T2,02:00:00:2f:0f:2e,2026-08-06 13:40:38,22.4,51.9536204,4.5346555,0,Rotterdam,NL
Rotterdam,Rotterdam_T2,02:00:00:a9:a6:c2,2026-08-06 13:48:06,23.8,51.9637222290039,4.52992153167725,0,Rotterdam,NL
Rotterdam,Rotterdam_T2,02:00:00:bc:ab:08,2026-08-06 13:40:43,23.3,51.955691,4.5518,0,Rotterdam,NL
Rotterdam,Rotterdam_T2,02:00:00:36:e3:e0,2026-08-06 13:46:42,21.2,51.9613543477029,4.55115616321564,0,Rotterdam,NL
Rotterdam,Rotterdam_T2,02:00:00:33:c5:7e,2026-08-06 13:43:36,25.9,51.9549659,4.58058359999995,0,Capelle aan den IJssel,NL
Rotterdam,Rotterdam_T2,02:00:00:2e:a5:98,2026-08-06 13:46:39,24.5,51.964966611571,4.57781134581205,0,Rotterdam,NL
Rotterdam,Rotterdam_T2,02:00:00:3d:14:fc,2026-08-06 13:41:46,22.7,51.955158,4.5867,0,Capelle aan den IJssel,NL
Rotterdam,Rotterdam_T2,02:00:00:52:e9:96,2026-08-06 13:40:23,25.4,51.9518241882324,4.59466314315796,0,Capelle aan den IJssel,NL
Rotterdam,Rotterdam_T2,02:00:00:1b:2e:28,2026-08-06 13:42:37,22.8,51.951768,4.597816,0,Capelle aan den IJssel,NL
Rotterdam,Rotterdam_T2,02:00:00:c2:37:e4,2026-08-06 13:50:11,22.6,51.964299,4.598212,0,Nieuwerkerk aan den IJssel,NL
