city_area,tile_id,device_id,timestamp_amsterdam,temperature_c,latitude,longitude,altitude_m,location_name,country
Utrecht,Utrecht_T1,02:00:00:37:12:66,2026-08-10 00:14:44,21.8,52.179145,5.068822,0,Breukeleveen,NL
Utrecht,Utrecht_T1,02:00:00:02:f6:0e,2026-08-10 00:12:57,21.8,52.197652,5.132777,2,Loosdrecht,NL
Utrecht,Utrecht_T1,02:00:00:b0:a9:90,2026-08-10 00:10:28,21.5,52.200455,5.136932,3,Loosdrecht,NL
Utrecht,Utrecht_T1,02:00:00:01:ad:e6,2026-08-10 00:19:13,22.9,52.2024453567653,5.13724302708387,4,Loosdrecht,NL
Utrecht,Utrecht_T1,02:00:00:5f:5a:3c,2026-08-10 00:19:41,23.9,52.203813,5.065594,0,Wijdemeren,NL
Utrecht,Utrecht_T1,02:00:00:64:1b:94,2026-08-10 00:10:50,22.0,52.20692,5.09326999999999,1,Loosdrecht,NL
Utrecht,Utrecht_T1,02:00:00:7a:8e:26,2026-08-10 00:17:15,21.6,52.205303,5.096588,0,Loosdrecht,NL
Utrecht,Utrecht_T1,02:00:00:00:10:50,2026-08-10 00:19:11,22.5,52.2050161837691,5.12837827205658,3,Loosdrecht,NL
Utrecht,Utrecht_T1,02:00:00:7b:01:10,2026-08-10 00:15:09,22.4,52.205692,5.131749,1,Loosdrecht,NL
Utrecht,Utrecht_T1,02:00:00:3c:ed:a2,2026-08-10 00:13:19,21.4,52.204017,5.140781,2,Loosdrecht,NL
Utrecht,Utrecht_T1,02:00:00:bd:fd:a6,2026-08-10 00:18:51,23.2,52.2087615,5.16269899999998,13,Hilversum,NL
Utrecht,Utrecht_T1,02:00:00:27:70:80,2026-08-10 00:18:50,21.7,52.209459,5.167922,18,Hilversum,NL
Utrecht,Utrecht_T1,02:00:00:b5:4f:02,2026-08-10 00:10:35,22.0,52.2167510750697,5.15140235424042,4,Hilversum,NL
Utrecht,Utrecht_T1,02:00:00:c3:82:e2,2026-08-10 00:18:03,21.9,52.212936,5.157038,6,Hilversum,NL
Utrecht,Utrecht_T1,02:00:00:b9:77:1e,2026-08-10 00:12:16,24.6,52.216747,5.156587,6,Hilversum,NL
Utrecht,Utrecht_T1,02:00:00:01:3a:f2,2026-08-10 00:18:28,22.4,52.2149722583813,5.16004279666198,7,Hilversum,NL
Utrecht,Utrecht_T1,02:00:00:27:9d:5e,2026-08-10 00:16:15,23.4,52.2139047447403,5.17507553100586,15,Hilversum,NL
Utrecht,Utrecht_T1,02:00:00:a9:99:4e,2026-08-10 00:14:45,23.3,52.217244,5.19999860000001,6,Hilversum,NL
Utrecht,Utrecht_T1,02:00:00:53:5a:42,2026-08-10 00:19:27,22.8,52.218062,5.125525,1,Hilversum,NL
Utrecht,Utrecht_T1,02:00:00:32:e1:fc,2026-08-10 00:17:32,22.4,52.21986,5.138679,0,Hilversum,NL
Utrecht,Utrecht_T1,02:00:00:9c:fe:ea,2026-08-10 00:20:03,23.4,52.221093,5.142468,4,Hilversum,NL
Utrecht,Utrecht_T1,02:00:00:27:41:20,2026-08-10 00:11:34,21.8,52.221503317108,5.17643809318542,7,Hilversum,NL
Utrecht,Utrecht_T1,02:00:00:7f:c0:96,2026-08-10 00:11:31,24.1,52.22016524,5.18491051,8,Hilversum,NL
Utrecht,Utrecht_T1,02:00:00:64:32:10,2026-08-10 00:17:44,25.4,52.223183,5.198284,5,Hilversum,NL
Utrecht,Utrecht_T1,02:00:00:9b:49:56,2026-08-10 00:13:45,23.1,52.0555172581761,5.07246375001336,1,Nieuwegein,NL
Utrecht,Utrecht_T1,02:00:00:a4:2e:9e,2026-08-10 00:18:06,21.7,52.057163,5.071938,1,Nieuwegein,NL
Utrecht,Utrecht_T1,02:00:00:a9:c0:b8,2026-08-10 00:12:13,23.0,52.058835,5.135174,4,Utrecht,NL
Utrecht,Utrecht_T1,02:00:00:bd:cd:b0,2026-08-10 00:18:06,22.7,52.061641,5.128472,3,Utrecht,NL
Utrecht,Utrecht_T1,02:00:00:bd:dc:c4,2026-08-10 00:14:29,22.4,52.0630189775525,5.12959063053131,4,Utrecht,NL
Utrecht,Utrecht_T1,02:00:00:27:58:00,2026-08-10 00:13:21,21.3,52.06631,5.128964,4,Utrecht,NL
Utrecht,Utrecht_T1,02:00:00:2e:c2:fe,2026-08-10 00:16:37,22.3,52.060052,5.134025,4,Utrecht,NL
Utrecht,Utrecht_T1,02:00:00:3e:ec:de,2026-08-10 00:18:59,23.8,52.0628885050208,5.13711911594507,4,Utrecht,NL
Utrecht,Utrecht_T1,02:00:00:28:ec:80,2026-08-10 00:17:58,20.8,52.065526,5.200063,5,Bunnik,NL
Utrecht,Utrecht_T1,02:00:00:63:34:44,2026-08-10 00:02:50,21.5,52.0706,5.0769,0,Utrecht,NL
Utrecht,Utrecht_T1,02:00:00:02:f3:b2,2026-08-10 00:14:13,22.9,52.0684013366699,5.10129976272583,4,Utrecht,NL
Utrecht,Utrecht_T1,02:00:00:02:26:50,2026-08-10 00:16:32,23.2,52.0673127854311,5.1019960641861,3,Utrecht,NL
Utrecht,Utrecht_T1,02:00:00:29:08:ec,2026-08-10 00:16:43,23.2,52.072575,5.120578,2,Utrecht,NL
Utrecht,Utrecht_T1,02:00:00:b5:00:ce,2026-08-10 00:16:24,23.0,52.069854,5.12234250000003,4,Utrecht,NL
Utrecht,Utrecht_T1,02:00:00:a9:6f:5c,2026-08-10 00:16:49,23.4,52.073802947998,5.12334251403809,5,Utrecht,NL
Utrecht,Utrecht_T1,02:00:00:1e:2a:90,2026-08-10 00:10:18,23.2,52.070201,5.125238,4,Utrecht,NL
Utrecht,Utrecht_T1,02:00:00:1b:06:58,2026-08-10 00:10:38,22.3,52.0673070316701,5.19202797330763,5,Bunnik,NL
Utrecht,Utrecht_T1,02:00:00:83:ec:80,2026-08-10 00:15:17,21.7,52.077263,5.0638604,0,Utrecht,NL
Utrecht,Utrecht_T1,02:00:00:00:ec:e0,2026-08-10 00:17:13,23.7,52.0783359526579,5.11196332515445,6,Utrecht,NL
Utrecht,Utrecht_T1,02:00:00:a9:6f:60,2026-08-10 00:18:15,24.0,52.079962,5.114904,2,Utrecht,NL
Utrecht,Utrecht_T1,02:00:00:2f:04:02,2026-08-10 00:16:27,23.9,52.08055,5.122316,6,Utrecht,NL
Utrecht,Utrecht_T1,02:00:00:9c:fc:b4,2026-08-10 00:13:02,22.2,52.0790023803711,5.13050746917725,2,Utrecht,NL
Utrecht,Utrecht_T1,02:00:00:69:29:62,2026-08-10 00:10:58,22.3,52.0756661902043,5.13833000000005,6,Utrecht,NL
Utrecht,Utrecht_T1,02:00:00:90:79:e6,2026-08-10 00:10:33,23.5,52.07892,5.14051000000002,4,Utrecht,NL
Utrecht,Utrecht_T1,02:00:00:53:25:54,2026-08-10 00:16:23,22.9,52.081985,5.087011,2,Utrecht,NL
Utrecht,Utrecht_T1,02:00:00:b5:08:94,2026-08-10 00:15:35,22.8,52.0842805951218,5.12355080298444,8,Utrecht,NL
Utrecht,Utrecht_T1,02:00:00:a2:3c:08,2026-08-10 00:11:31,22.1,52.081358764963,5.13511598110199,2,Utrecht,NL
Utrecht,Utrecht_T1,02:00:00:63:37:c0,2026-08-10 00:16:20,23.3,52.0846376741441,5.14990675244556,4,Utrecht,NL
Utrecht,Utrecht_T1,02:00:00:5f:0e:c2,2026-08-10 00:16:04,25.0,52.085453,5.1514635,1,Utrecht,NL
Utrecht,Utrecht_T1,02:00:00:5e:f9:3e,2026-08-10 00:18:04,22.9,52.095,5.06790999999997,2,Utrecht,NL
Utrecht,Utrecht_T1,02:00:00:9d:1a:0e,2026-08-10 00:15:03,22.7,52.09533,5.073208,0,Utrecht,NL
Utrecht,Utrecht_T1,02:00:00:b5:8a:96,2026-08-10 00:13:22,22.5,52.0890953545022,5.07631123065949,1,Utrecht,NL
Utrecht,Utrecht_T1,02:00:00:02:ab:72,2026-08-10 00:10:29,23.2,52.089195,5.089759,4,Utrecht,NL
Utrecht,Utrecht_T1,02:00:00:6b:3c:16,2026-08-10 00:15:26,24.3,52.091095,5.0926576,2,Utrecht,NL
Utrecht,Utrecht_T1,02:00:00:b5:3c:02,2026-08-10 00:13:10,23.5,52.0945,5.09406000000001,4,Utrecht,NL
Utrecht,Utrecht_T1,02:00:00:b9:42:72,2026-08-10 00:12:50,24.1,52.0899963378906,5.09774255752563,4,Utrecht,NL
Utrecht,Utrecht_T1,02:00:00:52:c7:3e,2026-08-10 00:18:54,24.3,52.090397,5.101962,3,Utrecht,NL
Utrecht,Utrecht_T1,02:00:00:7a:ee:e8,2026-08-10 00:15:41,23.5,52.094554901123,5.10336303710938,4,Utrecht,NL
Utrecht,Utrecht_T1,02:00:00:3c:db:f4,2026-08-10 00:17:20,24.0,52.092422,5.120636,12,Utrecht,NL
Utrecht,Utrecht_T1,02:00:00:bd:cf:26,2026-08-10 00:10:39,23.8,52.0907374,5.12142010000002,18,Utrecht,NL
Utrecht,Utrecht_T1,02:00:00:27:49:d0,2026-08-10 00:19:28,23.3,52.091476,5.122634,10,Utrecht,NL
Utrecht,Utrecht_T1,02:00:00:5f:23:9a,2026-08-10 00:11:47,24.7,52.0947967203465,5.12172407991812,9,Utrecht,NL
Utrecht,Utrecht_T1,02:00:00:5f:20:04,2026-08-10 00:12:41,22.5,52.0938845651776,5.13856323934985,6,Utrecht,NL
Utrecht,Utrecht_T1,02:00:00:7a:71:9a,2026-08-10 00:12:07,23.2,52.096183,5.065176,1,Utrecht,NL
Utrecht,Utrecht_T1,02:00:00:c3:a6:ae,2026-08-10 00:14:53,23.2,52.0966653034839,5.07333587462335,0,Utrecht,NL
Utrecht,Utrecht_T1,02:00:00:bd:c5:ea,2026-08-10 00:15:53,23.0,52.1026685527433,5.09375521405393,1,Utrecht,NL
Utrecht,Utrecht_T1,02:00:00:52:d7:a4,2026-08-10 00:13:58,23.5,52.101415,5.10791,5,Utrecht,NL
Utrecht,Utrecht_T1,02:00:00:28:df:e8,2026-08-10 00:17:42,22.9,52.09981,5.11318999999998,4,Utrecht,NL
Utrecht,Utrecht_T1,02:00:00:b5:97:f6,2026-08-10 00:10:42,23.7,52.100982,5.113231,4,Utrecht,NL
Utrecht,Utrecht_T1,02:00:00:74:7c:d8,2026-08-10 00:19:18,24.1,52.101892,5.11485,3,Utrecht,NL
Utrecht,Utrecht_T1,02:00:00:3c:f5:5e,2026-08-10 00:16:48,22.8,52.095871,5.131864,3,Utrecht,NL
Utrecht,Utrecht_T1,02:00:00:a4:41:f0,2026-08-10 00:16:59,24.3,52.10156,5.1217494,3,Utrecht,NL
Utrecht,Utrecht_T1,02:00:00:b4:ee:1a,2026-08-10 00:15:24,22.9,52.099659,5.124221,4,Utrecht,NL
Utrecht,Utrecht_T1,02:00:00:29:5e:d2,2026-08-10 00:15:45,21.5,52.097858,5.137552,1,Utrecht,NL
Utrecht,Utrecht_T1,02:00:00:28:cf:22,2026-08-10 00:16:51,22.4,52.107056,5.121125,2,Utrecht,NL
Utrecht,Utrecht_T1,02:00:00:9c:e4:3c,2026-08-10 00:12:20,23.0,52.103779,5.12255,4,Utrecht,NL
Utrecht,Utrecht_T1,02:00:00:03:ca:56,2026-08-10 00:19:24,22.5,52.106408,5.125732,3,Utrecht,NL
Utrecht,Utrecht_T1,02:00:00:b5:0b:b6,2026-08-10 00:12:43,22.3,52.1083564758301,5.13924789428711,2,Utrecht,NL
Utrecht,Utrecht_T1,02:00:00:7f:c5:ac,2026-08-10 00:12:38,22.4,52.106043,5.143182,5,Utrecht,NL
Utrecht,Utrecht_T1,02:00:00:58:d2:58,2026-08-10 00:16:49,23.0,52.104095,5.144752,0,Utrecht,NL
Utrecht,Utrecht_T1,02:00:00:14:60:ec,2026-08-10 00:15:16,23.6,52.106249,5.171551,3,De Bilt,NL
Utrecht,Utrecht_T1,02:00:00:a2:02:8a,2026-08-10 00:11:57,22.7,52.106261,5.177714,5,De Bilt,NL
Utrecht,Utrecht_T1,02:00:00:a2:38:90,2026-08-10 00:17:31,25.2,52.107,5.1878,6,De Bilt,NL
Utrecht,Utrecht_T1,02:00:00:70:4e:ba,2026-08-10 00:10:49,23.3,52.112316,5.090597,1,Utrecht,NL
Utrecht,Utrecht_T1,02:00:00:01:d1:6c,2026-08-10 00:14:55,24.0,52.1147232055664,5.11503601074219,7,Utrecht,NL
Utrecht,Utrecht_T1,02:00:00:a9:a9:ac,2026-08-10 00:14:51,24.6,52.11504,5.11446000000007,4,Utrecht,NL
Utrecht,Utrecht_T1,02:00:00:7b:00:16,2026-08-10 00:15:09,24.3,52.116092,5.116809,5,Utrecht,NL
Utrecht,Utrecht_T1,02:00:00:33:fc:c2,2026-08-10 00:16:32,23.0,52.112909,5.143128,1,Utrecht,NL
Utrecht,Utrecht_T1,02:00:00:3d:0c:b8,2026-08-10 00:11:36,23.4,52.1120604,5.1477574,2,Utrecht,NL
Utrecht,Utrecht_T1,02:00:00:a2:28:d4,2026-08-10 00:12:20,23.0,52.11298,5.176283,3,De Bilt,NL
Utrecht,Utrecht_T1,02:00:00:74:4f:c6,2026-08-10 00:13:01,22.7,52.114273,5.1778874,5,De Bilt,NL
Utrecht,Utrecht_T1,02:00:00:37:16:9a,2026-08-10 00:15:43,24.0,52.1209042,5.0716415,1,Utrecht,NL
Utrecht,Utrecht_T1,02:00:00:9d:2a:ee,2026-08-10 00:12:34,23.2,52.1226012257881,5.09323120411752,2,Utrecht,NL
Utrecht,Utrecht_T1,02:00:00:af:6f:c0,2026-08-10 00:17:27,25.0,52.1203433,5.1160012,4,Utrecht,NL
Utrecht,Utrecht_T1,02:00:00:63:2e:78,2026-08-10 00:10:29,23.0,52.124311,5.149015,3,Groenekan,NL
Utrecht,Utrecht_T1,02:00:00:17:79:98,2026-08-09 23:20:44,23.8,52.1210929,5.18279509999996,4,Bilthoven,NL
Utrecht,Utrecht_T1,02:00:00:2e:bd:ce,2026-08-10 00:15:01,21.5,52.122233,5.200776,10,Bilthoven,NL
Utrecht,Utrecht_T1,02:00:00:a4:87:ec,2026-08-10 00:19:24,22.7,52.1316666043838,5.09194861301635,0,Utrecht,NL
Utrecht,Utrecht_T1,02:00:00:7f:b2:0e,2026-08-10 00:13:00,22.9,52.127119,5.100939,4,Utrecht,NL
Utrecht,Utrecht_T1,02:00:00:a2:45:c2,2026-08-10 00:17:52,21.3,52.130604,5.188466,5,Bilthoven,NL
Utrecht,Utrecht_T1,02:00:00:b5:a7:2c,2026-08-10 00:11:13,21.7,52.12492,5.1931024,5,Bilthoven,NL
Utrecht,Utrecht_T1,02:00:00:33:2d:6a,2026-08-10 00:17:47,21.4,52.1263389,5.1944393,6,De Bilt,NL
Utrecht,Utrecht_T1,02:00:00:c3:99:f6,2026-08-10 00:17:14,22.9,52.125972,5.199792,6,Bilthoven,NL
Utrecht,Utrecht_T1,02:00:00:7a:ff:64,2026-08-10 00:18:13,20.8,52.132211,5.197475,3,Bilthoven,NL
Utrecht,Utrecht_T1,02:00:00:2c:9c:48,2026-08-10 00:18:12,22.6,52.140412,5.009436,0,Stichtse Vecht,NL
Utrecht,Utrecht_T1,02:00:00:01:50:b6,2026-08-10 00:12:05,22.2,52.1411799412661,5.01502234507166,0,Maarssen,NL
Utrecht,Utrecht_T1,02:00:00:9c:f9:4a,2026-08-10 00:09:59,22.7,52.1400375366211,5.04170799255371,2,Maarssen,NL
Utrecht,Utrecht_T1,02:00:00:04:6a:e8,2026-08-10 00:12:03,22.1,52.140233,5.042324,2,Stichtse Vecht,NL
Utrecht,Utrecht_T1,02:00:00:00:f7:a2,2026-08-10 00:17:26,23.3,52.1404276175265,5.04727728441715,2,Stichtse Vecht,NL
Utrecht,Utrecht_T1,02:00:00:2c:b8:78,2026-08-10 00:12:21,23.0,52.1517178597221,4.94924400000001,0,Kockengen,NL
Utrecht,Utrecht_T1,02:00:00:05:38:88,2026-08-10 00:10:50,23.4,52.1500807019266,5.03824532032017,0,Maarssen,NL
Utrecht,Utrecht_T1,02:00:00:a4:59:54,2026-08-10 00:16:51,22.4,52.1487083,5.03985960000006,0,Maarssen,NL
Utrecht,Utrecht_T1,02:00:00:27:6f:7e,2026-08-10 00:11:04,22.8,52.150683,5.039803,0,Stichtse Vecht,NL
Utrecht,Utrecht_T1,02:00:00:9b:60:ca,2026-08-10 00:19:36,21.0,52.1661071777344,4.99944877624512,0,Stichtse Vecht,NL
Utrecht,Utrecht_T1,02:00:00:31:b2:30,2026-08-10 00:12:01,22.1,52.179563,5.020723,0,Breukelen,NL
Utrecht,Utrecht_T1,02:00:00:27:a6:98,2026-08-10 00:16:55,22.4,52.177905,5.023052,0,Breukelen,NL
Utrecht,Utrecht_T1,02:00:00:9b:59:44,2026-08-10 00:16:25,22.0,52.175474,5.027806,0,Breukelen,NL
Utrecht,Utrecht_T1,02:00:00:3f:28:4e,2026-08-10 00:17:07,22.5,52.1885295082791,4.98983681201935,0,Nieuwer Ter Aa,NL
Utrecht,Utrecht_T1,02:00:00:1f:7e:84,2026-08-10 00:14:40,22.2,52.208085,5.015193,0,Loenen aan de Vecht,NL
Utrecht,Utrecht_T1,02:00:00:5e:f1:70,2026-08-10 00:13:49,22.4,52.209506,5.015637,0,Loenen aan de Vecht,NL
Utrecht,Utrecht_T1,02:00:00:bc:d2:3a,2026-08-10 00:18:29,22.4,52.2071006719862,5.01808721691921,0,Loenen aan de Vecht,NL
Utrecht,Utrecht_T1,02:00:00:14:48:30,2026-08-10 00:16:28,22.9,52.214024,5.026552,0,Loenen aan de Vecht,NL
Utrecht,Utrecht_T1,02:00:00:2b:23:dc,2026-08-10 00:12:22,21.4,52.052497,4.955131,1,Montfoort,NL
Utrecht,Utrecht_T1,02:00:00:c2:4e:14,2026-08-10 00:17:07,21.6,52.080025,5.00642199999999,0,Utrecht,NL
Utrecht,Utrecht_T1,02:00:00:c2:8a:9a,2026-08-10 00:13:56,21.0,52.078398,5.01515069999999,0,Utrecht,NL
Utrecht,Utrecht_T1,02:00:00:64:15:e6,2026-08-10 00:15:34,21.5,52.07943,5.0167677,0,Utrecht,NL
Utrecht,Utrecht_T1,02:00:00:27:5f:76,2026-08-10 00:17:21,20.5,52.077418,5.020574,0,Utrecht,NL
Utrecht,Utrecht_T1,02:00:00:29:3e:f6,2026-08-10 00:16:11,22.1,52.078198,5.020616,0,Utrecht,NL
Utrecht,Utrecht_T1,02:00:00:a4:3e:00,2026-08-10 00:18:11,20.6,52.0758920140845,5.0307848067002,0,Utrecht,NL
Utrecht,Utrecht_T1,02:00:00:c3:8d:fe,2026-08-10 00:13:34,23.5,52.0775,5.0599,0,Utrecht,NL
Utrecht,Utrecht_T1,02:00:00:32:e1:b0,2026-08-10 00:14:52,21.6,52.085795,5.014428,0,Utrecht,NL
Utrecht,Utrecht_T1,02:00:00:63:4a:60,2026-08-10 00:12:08,22.0,52.08632,5.026208,1,Utrecht,NL
Utrecht,Utrecht_T1,02:00:00:a4:6c:14,2026-08-10 00:11:04,21.9,52.082503,5.035357,2,Utrecht,NL
Utrecht,Utrecht_T1,02:00:00:84:0d:58,2026-08-10 00:12:00,21.9,52.083796,5.042289,0,Utrecht,NL
Utrecht,Utrecht_T1,02:00:00:a9:91:b2,2026-08-10 00:09:53,21.8,52.0840520546178,5.0466138124466,0,Utrecht,NL
Utrecht,Utrecht_T1,02:00:00:84:4c:be,2026-08-10 00:19:17,22.5,52.085796,5.05175,2,Utrecht,NL
Utrecht,Utrecht_T1,02:00:00:63:1e:24,2026-08-10 00:16:17,22.7,52.0841807,5.0583297,1,Utrecht,NL
Utrecht,Utrecht_T1,02:00:00:c2:3c:a4,2026-08-10 00:13:13,23.3,52.088304,5.055145,0,Utrecht,NL
Utrecht,Utrecht_T1,02:00:00:a2:64:3a,2026-08-10 00:13:28,21.9,52.08912,4.955397,1,Woerden,NL
Utrecht,Utrecht_T1,02:00:00:04:6b:b2,2026-08-10 00:14:35,22.4,52.0890216,4.95978960000002,2,Woerden,NL
Utrecht,Utrecht_T1,02:00:00:7f:a0:a8,2026-08-10 00:10:57,22.8,52.0889488341052,4.96163483170568,0,Woerden,NL
Utrecht,Utrecht_T1,02:00:00:1c:5a:c4,2026-08-10 00:15:49,21.0,52.091265,4.999434,0,Utrecht,NL
Utrecht,Utrecht_T1,02:00:00:b2:b3:4e,2026-08-10 00:11:55,21.7,52.094791,5.001589,0,Utrecht,NL
Utrecht,Utrecht_T1,02:00:00:83:ba:de,2026-08-10 00:17:09,22.8,52.092913,5.013408,0,Utrecht,NL
Utrecht,Utrecht_T1,02:00:00:01:14:58,2026-08-10 00:11:14,21.5,52.089916,5.01991400000001,0,Utrecht,NL
Utrecht,Utrecht_T1,02:00:00:90:90:7e,2026-08-10 00:11:40,22.3,52.09193,5.016591,0,Utrecht,NL
Utrecht,Utrecht_T1,02:00:00:34:05:ae,2026-08-10 00:13:45,22.5,52.091745,5.01907,1,Utrecht,NL
Utrecht,Utrecht_T1,02:00:00:c2:47:80,2026-08-10 00:17:46,22.4,52.0893016,5.03434910000001,0,Utrecht,NL
Utrecht,Utrecht_T1,02:00:00:64:2b:54,2026-08-10 00:18:51,22.6,52.0939815413722,5.04236700868549,0,Utrecht,NL
Utrecht,Utrecht_T1,02:00:00:2b:42:7a,2026-08-10 00:16:57,21.7,52.0941,5.0504,2,Utrecht,NL
Utrecht,Utrecht_T1,02:00:00:84:a8:4e,2026-08-10 00:19:45,21.9,52.093351,5.054574,0,Utrecht,NL
Utrecht,Utrecht_T1,02:00:00:7a:c6:dc,2026-08-10 00:14:46,21.8,52.096533,5.002674,0,Utrecht,NL
Utrecht,Utrecht_T1,02:00:00:70:38:92,2026-08-10 00:11:50,20.3,52.099754,4.997049,0,Utrecht,NL
Utrecht,Utrecht_T1,02:00:00:22:ad:c6,2026-08-10 00:18:56,21.4,52.102223,5.009766,0,Utrecht,NL
Utrecht,Utrecht_T1,02:00:00:5e:e2:2e,2026-08-10 00:13:23,21.4,52.0987673336394,5.01320895590376,0,Utrecht,NL
Utrecht,Utrecht_T1,02:00:00:bd:d9:bc,2026-08-10 00:11:45,22.4,52.1012649536133,5.01841592788696,1,Utrecht,NL
Utrecht,Utrecht_T1,02:00:00:01:86:10,2026-08-10 00:12:31,22.4,52.09855,5.039822,0,Utrecht,NL
Utrecht,Utrecht_T1,02:00:00:bd:c9:2c,2026-08-10 00:15:31,22.9,52.099041,5.042377,0,Utrecht,NL
Utrecht,Utrecht_T1,02:00:00:14:47:d6,2026-08-10 00:11:20,22.2,52.1009393843745,5.04107837233266,0,Utrecht,NL
Utrecht,Utrecht_T1,02:00:00:73:be:5a,2026-08-10 00:14:51,22.4,52.097817,5.051997,3,Utrecht,NL
Utrecht,Utrecht_T1,02:00:00:01:a1:ee,2026-08-10 00:16:20,22.3,52.0960000139971,5.0595535031938,0,Utrecht,NL
Utrecht,Utrecht_T1,02:00:00:3e:ec:2c,2026-08-10 00:18:48,22.1,52.0968945722032,5.05947500118808,0,Utrecht,NL
Utrecht,Utrecht_T1,02:00:00:2c:f6:ae,2026-08-10 00:18:00,19.4,52.106163,4.981696,0,Utrecht,NL
Utrecht,Utrecht_T1,02:00:00:84:78:2c,2026-08-10 00:11:38,23.2,52.1067630675542,5.02126398724257,1,Utrecht,NL
Utrecht,Utrecht_T1,02:00:00:31:cb:18,2026-08-10 00:16:34,22.5,52.1073892613559,5.02463787381133,0,Utrecht,NL
Utrecht,Utrecht_T1,02:00:00:84:24:48,2026-08-10 00:17:10,22.9,52.1050731,5.0346819,1,Utrecht,NL
Utrecht,Utrecht_T1,02:00:00:32:ed:e0,2026-08-10 00:16:42,22.5,52.1070404052734,5.03613185882568,0,Utrecht,NL
Utrecht,Utrecht_T1,02:00:00:39:fb:5e,2026-08-10 00:12:05,22.1,52.1148094074168,5.00760211705581,0,Utrecht,NL
Utrecht,Utrecht_T1,02:00:00:64:3e:bc,2026-08-10 00:19:02,21.6,52.115205,5.007731,0,Utrecht,NL
Utrecht,Utrecht_T1,02:00:00:84:79:a0,2026-08-10 00:19:43,21.7,52.114201,5.01126,0,Utrecht,NL
Utrecht,Utrecht_T1,02:00:00:5f:44:54,2026-08-10 00:17:55,21.9,52.12292,5.031376,0,Maarssen,NL
Utrecht,Utrecht_T1,02:00:00:70:2f:1c,2026-08-10 00:14:34,22.7,52.122375,5.033245,0,Stichtse Vecht,NL
Utrecht,Utrecht_T1,02:00:00:02:9b:72,2026-08-10 00:17:55,22.1,52.124334,5.033408,0,Maarssen,NL
Utrecht,Utrecht_T1,02:00:00:3d:25:42,2026-08-10 00:16:32,22.4,52.135743,5.016961,0,Maarssen,NL
Utrecht,Utrecht_T1,02:00:00:05:4f:28,2026-08-10 00:18:18,22.6,52.133111,5.035686,0,Stichtse Vecht,NL
Utrecht,Utrecht_T1,02:00:00:a9:65:bc,2026-08-10 00:19:43,23.8,52.1340026855469,5.04215478897095,1,Maarssen,NL
Utrecht,Utrecht_T1,02:00:00:af:40:24,2026-08-10 00:14:45,23.6,52.1336212158203,5.04450082778931,2,Maarssen,NL
Utrecht,Utrecht_T3,02:00:00:7a:fc:c0,2026-08-10 00:10:34,21.4,51.985681,5.077175,5,Vianen,NL
Utrecht,Utrecht_T3,02:00:00:af:80:9e,2026-08-10 00:13:09,21.7,51.984738,5.086291,2,Vianen,NL
Utrecht,Utrecht_T3,02:00:00:31:ed:ec,2026-08-10 00:18:39,20.9,51.983323,5.093653,2,Vianen,NL
Utrecht,Utrecht_T3,02:00:00:7f:8d:c4,2026-08-10 00:18:30,22.8,51.9830332883009,5.12328207492826,3,Hagestein,NL
Utrecht,Utrecht_T3,02:00:00:b2:b1:fc,2026-08-10 00:14:01,21.8,51.9884779,5.07393630000002,2,Vianen,NL
Utrecht,Utrecht_T3,02:00:00:b9:1e:ca,2026-08-10 00:17:36,21.7,51.9914952649266,5.10561422229253,2,Vianen,NL
Utrecht,Utrecht_T3,02:00:00:af:60:8a,2026-08-10 00:11:34,23.4,51.991964,5.118164,1,Hoef en Haag,NL
Utrecht,Utrecht_T3,02:00:00:52:ed:28,2026-08-10 00:19:09,22.4,51.993881,5.120075,3,Hoef en Haag,NL
Utrecht,Utrecht_T3,02:00:00:a9:87:e4,2026-08-10 00:12:01,21.8,51.9912528991699,5.12258720397949,0,Hoef en Haag,NL
Utrecht,Utrecht_T3,02:00:00:28:d9:60,2026-08-10 00:18:13,22.4,52.008254895269,5.07912755012512,1,Nieuwegein,NL
Utrecht,Utrecht_T3,02:00:00:06:71:46,2026-08-10 00:14:59,21.8,52.0032156734361,5.08314549922943,8,Nieuwegein,NL
Utrecht,Utrecht_T3,02:00:00:2f:21:6e,2026-08-10 00:18:15,21.7,52.00266,5.08989000000006,7,Nieuwegein,NL
Utrecht,Utrecht_T3,02:00:00:05:88:3e,2026-08-10 00:19:28,21.5,52.0059471130371,5.09136486053467,0,Nieuwegein,NL
Utrecht,Utrecht_T3,02:00:00:28:f1:f2,2026-08-10 00:12:26,22.3,52.004566,5.0946593,5,Nieuwegein,NL
Utrecht,Utrecht_T3,02:00:00:af:32:52,2026-08-10 00:18:13,21.8,52.0100655920947,5.07965231726042,3,Nieuwegein,NL
Utrecht,Utrecht_T3,02:00:00:58:b3:02,2026-08-10 00:17:06,22.6,52.010572,5.08619999999997,1,Nieuwegein,NL
Utrecht,Utrecht_T3,02:00:00:03:58:16,2026-08-10 00:17:09,22.3,52.010896,5.092813,2,Nieuwegein,NL
Utrecht,Utrecht_T3,02:00:00:37:29:34,2026-08-10 00:16:21,23.7,52.0121,5.0976,0,Nieuwegein,NL
Utrecht,Utrecht_T3,02:00:00:bc:aa:ca,2026-08-10 00:14:06,22.6,52.0104637145996,5.09828901290894,1,Nieuwegein,NL
Utrecht,Utrecht_T3,02:00:00:2c:96:ec,2026-08-10 00:16:18,22.4,52.0109091557339,5.09877757132759,0,Nieuwegein,NL
Utrecht,Utrecht_T3,02:00:00:31:f0:4e,2026-08-10 00:18:22,23.7,52.010011,5.102632,4,Nieuwegein,NL
Utrecht,Utrecht_T3,02:00:00:12:63:b8,2026-08-10 00:12:00,21.9,52.0151322,5.16602090000003,0,Houten,NL
Utrecht,Utrecht_T3,02:00:00:2e:9a:ba,2026-08-10 00:17:41,20.4,52.015831,5.165842,0,Houten,NL
Utrecht,Utrecht_T3,02:00:00:33:c8:80,2026-08-10 00:17:41,21.1,52.012465,5.168464,0,Houten,NL
Utrecht,Utrecht_T3,02:00:00:a2:03:fe,2026-08-10 00:18:49,21.3,52.013622,5.186657,3,Houten,NL
Utrecht,Utrecht_T3,02:00:00:33:c3:4a,2026-08-10 00:17:29,22.9,52.014978,5.187588,1,Houten,NL
Utrecht,Utrecht_T3,02:00:00:b2:a5:e2,2026-08-10 00:12:21,21.9,52.0213043701897,5.0796202400924,2,Nieuwegein,NL
Utrecht,Utrecht_T3,02:00:00:84:57:1c,2026-08-10 00:17:01,21.9,52.0224339,5.080256,0,Nieuwegein,NL
Utrecht,Utrecht_T3,02:00:00:c3:d0:08,2026-08-10 00:11:10,21.8,52.02109,5.159084,3,Houten,NL
Utrecht,Utrecht_T3,02:00:00:c5:35:18,2026-08-10 00:13:45,21.5,52.0215,5.1638,0,Houten,NL
Utrecht,Utrecht_T3,02:00:00:12:cb:34,2026-08-10 00:15:10,21.9,52.019136,5.170292,2,Houten,NL
Utrecht,Utrecht_T3,02:00:00:58:e4:24,2026-08-10 00:08:44,21.1,52.016465,5.1768259,2,Houten,NL
Utrecht,Utrecht_T3,02:00:00:c2:33:88,2026-08-10 00:14:51,22.2,52.0217981,5.1755385,1,Houten,NL
Utrecht,Utrecht_T3,02:00:00:65:4f:8c,2026-08-10 00:17:09,21.7,52.0177737114648,5.18543422222138,2,Houten,NL
Utrecht,Utrecht_T3,02:00:00:74:5a:e8,2026-08-10 00:12:14,22.0,52.020733,5.186188,3,Houten,NL
Utrecht,Utrecht_T3,02:00:00:74:3b:36,2026-08-10 00:20:05,21.7,52.0223,5.1895,0,Houten,NL
Utrecht,Utrecht_T3,02:00:00:04:93:06,2026-08-10 00:16:50,23.2,52.0289905,5.07187920000001,4,Nieuwegein,NL
Utrecht,Utrecht_T3,02:00:00:b8:f9:c8,2026-08-10 00:10:05,23.1,52.0287780761719,5.08565378189087,6,Nieuwegein,NL
Utrecht,Utrecht_T3,02:00:00:a4:88:28,2026-08-10 00:12:47,21.4,52.0269966125488,5.08844327926636,1,Nieuwegein,NL
Utrecht,Utrecht_T3,02:00:00:05:4b:50,2026-08-10 00:14:27,23.3,52.0289077758789,5.09456300735474,2,Nieuwegein,NL
Utrecht,Utrecht_T3,02:00:00:32:db:f2,2026-08-10 00:13:08,21.3,52.0269902,5.1541533,3,Houten,NL
Utrecht,Utrecht_T3,02:00:00:01:06:72,2026-08-10 00:16:58,21.4,52.028621673584,5.15482234954834,2,Houten,NL
Utrecht,Utrecht_T3,02:00:00:a2:16:ca,2026-08-10 00:13:33,22.0,52.0239254,5.1937902,4,Houten,NL
Utrecht,Utrecht_T3,02:00:00:58:f8:20,2026-08-10 00:16:42,22.5,52.026073,5.1916294,2,Houten,NL
Utrecht,Utrecht_T3,02:00:00:2b:24:a4,2026-08-10 00:15:17,24.0,52.031801,5.068737,2,Nieuwegein,NL
Utrecht,Utrecht_T3,02:00:00:12:f7:00,2026-08-10 00:17:10,23.1,52.033787,5.08994400000002,2,Nieuwegein,NL
Utrecht,Utrecht_T3,02:00:00:33:32:f2,2026-08-10 00:17:58,24.2,52.033787,5.08994400000002,2,Nieuwegein,NL
Utrecht,Utrecht_T3,02:00:00:70:44:b6,2026-08-10 00:15:17,22.0,52.031138,5.153576,3,Houten,NL
Utrecht,Utrecht_T3,02:00:00:a4:45:fc,2026-08-10 00:15:36,21.7,52.036554,5.148482,3,Houten,NL
Utrecht,Utrecht_T3,02:00:00:74:59:5e,2026-08-10 00:12:23,22.0,52.032651,5.150862,2,Houten,NL
Utrecht,Utrecht_T3,02:00:00:ab:dd:0a,2026-08-10 00:12:41,22.6,52.0323257446289,5.16029739379883,3,Houten,NL
Utrecht,Utrecht_T3,02:00:00:b2:ba:cc,2026-08-10 00:11:08,23.2,52.033281,5.166277,2,Houten,NL
Utrecht,Utrecht_T3,02:00:00:28:c7:0c,2026-08-10 00:18:21,23.4,52.037256,5.182483,2,Houten,NL
Utrecht,Utrecht_T3,02:00:00:12:64:3c,2026-08-10 00:14:49,22.9,52.042369,5.07917,3,Nieuwegein,NL
Utrecht,Utrecht_T3,02:00:00:53:1e:a0,2026-08-10 00:17:43,23.7,52.0402059772848,5.10207018160772,3,Nieuwegein,NL
Utrecht,Utrecht_T3,02:00:00:63:0f:fc,2026-08-10 00:16:08,22.6,52.043643951416,5.09791469573975,3,Nieuwegein,NL
Utrecht,Utrecht_T3,02:00:00:3f:0f:d8,2026-08-10 00:15:46,22.1,52.0384495763292,5.15799684264228,3,Houten,NL
Utrecht,Utrecht_T3,02:00:00:70:3c:28,2026-08-10 00:15:07,22.1,52.0407289705737,5.167678504783,4,Houten,NL
Utrecht,Utrecht_T3,02:00:00:02:95:d6,2026-08-10 00:13:22,23.5,52.0402984619141,5.17449998855591,2,Houten,NL
Utrecht,Utrecht_T3,02:00:00:69:27:06,2026-08-10 00:14:25,22.7,52.040443,5.176922,4,Houten,NL
Utrecht,Utrecht_T3,02:00:00:3f:58:86,2026-08-10 00:11:58,22.0,52.0481972904497,5.06761884202619,1,Nieuwegein,NL
Utrecht,Utrecht_T3,02:00:00:5f:01:94,2026-08-10 00:15:30,22.6,52.0484008789062,5.06870937347412,1,Nieuwegein,NL
Utrecht,Utrecht_T3,02:00:00:70:2b:d4,2026-08-10 00:17:11,22.0,52.045972,5.07087,1,Nieuwegein,NL
Utrecht,Utrecht_T3,02:00:00:a2:79:5e,2026-08-10 00:12:28,22.8,52.0471801757812,5.09753036499023,1,Nieuwegein,NL
Utrecht,Utrecht_T3,02:00:00:7f:c1:6a,2026-08-10 00:13:07,22.8,52.048702,5.096273,1,Nieuwegein,NL
Utrecht,Utrecht_T3,02:00:00:02:81:ca,2026-08-10 00:10:37,22.7,52.051337,5.095642,5,Nieuwegein,NL
Utrecht,Utrecht_T3,02:00:00:2f:25:be,2026-08-10 00:15:52,21.3,51.972489,4.936167,0,Lopik,NL
Utrecht,Utrecht_T3,02:00:00:7f:b5:5c,2026-08-10 00:10:09,21.8,51.974848,4.929508,1,Lopik,NL
Utrecht,Utrecht_T3,02:00:00:b5:39:c0,2026-08-10 00:16:54,22.3,51.9745063781738,4.95626163482666,0,Lopik,NL
Utrecht,Utrecht_T3,02:00:00:63:1c:34,2026-08-10 00:14:57,20.8,52.0063413154935,4.96732978016446,0,Benschop,NL
Utrecht,Utrecht_T3,02:00:00:5e:dd:b6,2026-08-10 00:15:17,21.3,52.005729,4.980607,0,Benschop,NL
Utrecht,Utrecht_T3,02:00:00:9b:49:f4,2026-08-10 00:11:09,20.5,52.0064039,4.98390829999994,0,Lopik,NL
Utrecht,Utrecht_T3,02:00:00:b0:9a:d2,2026-08-10 00:17:37,21.4,52.014820098877,5.01039123535156,0,Benschop,NL
Utrecht,Utrecht_T3,02:00:00:12:46:62,2026-08-10 00:18:21,21.1,52.0157017,5.0266633,3,IJsselstein,NL
Utrecht,Utrecht_T3,02:00:00:5f:5f:a6,2026-08-10 00:15:29,22.6,52.015138,5.030313,0,IJsselstein,NL
Utrecht,Utrecht_T3,02:00:00:29:68:c4,2026-08-10 00:16:04,22.2,52.013960485049,5.03387331962586,0,IJsselstein,NL
Utrecht,Utrecht_T3,02:00:00:3f:06:f0,2026-08-10 00:13:28,21.8,52.0137931,5.0453837,2,IJsselstein,NL
Utrecht,Utrecht_T3,02:00:00:06:0a:a0,2026-08-10 00:10:13,21.0,52.020902,5.03721599999998,2,IJsselstein,NL
Utrecht,Utrecht_T3,02:00:00:27:6e:f4,2026-08-10 00:10:45,20.5,52.0231,5.0448,1,IJsselstein,NL
Utrecht,Utrecht_T3,02:00:00:a9:49:d8,2026-08-10 00:10:17,21.2,52.0178530526017,5.05878868242119,3,IJsselstein,NL
Utrecht,Utrecht_T3,02:00:00:84:4d:fa,2026-08-10 00:12:19,20.0,52.023834,5.0222745,1,IJsselstein,NL
Utrecht,Utrecht_T3,02:00:00:c2:2d:ba,2026-08-10 00:19:11,20.5,52.024674,5.043599,2,IJsselstein,NL
Utrecht,Utrecht_T3,02:00:00:8d:d7:b8,2026-08-10 00:17:52,20.2,52.0267105102539,5.05500793457031,3,IJsselstein,NL
Utrecht,Utrecht_T3,02:00:00:9b:4b:36,2026-08-10 00:11:31,20.9,52.0398213211055,4.94864881038666,0,Montfoort,NL
Utrecht,Utrecht_T3,02:00:00:af:35:f4,2026-08-10 00:18:50,22.2,52.042610168457,5.0585732460022,0,Utrecht,NL
Utrecht,Utrecht_T3,02:00:00:9d:0a:64,2026-08-10 00:14:51,21.5,52.046832,4.955603,2,Montfoort,NL
Utrecht,Utrecht_T4,02:00:00:7f:da:5c,2026-08-10 00:13:44,22.4,52.0531304369579,5.22815108299255,4,Odijk,NL
Utrecht,Utrecht_T4,02:00:00:6b:5c:40,2026-08-10 00:10:48,21.5,52.054557,5.231227,4,Odijk,NL
Utrecht,Utrecht_T4,02:00:00:6b:66:fe,2026-08-10 00:11:11,21.5,52.054769,5.232745,4,Bunnik,NL
Utrecht,Utrecht_T4,02:00:00:83:93:78,2026-08-10 00:19:35,21.1,52.055734,5.266538,4,Driebergen-Rijsenburg,NL
Utrecht,Utrecht_T4,02:00:00:6b:48:fa,2026-08-10 00:17:28,22.5,52.054625,5.268526,6,Driebergen-Rijsenburg,NL
Utrecht,Utrecht_T4,02:00:00:c2:2d:da,2026-08-10 00:14:35,22.1,52.058667,5.280097,10,Driebergen-Rijsenburg,NL
Utrecht,Utrecht_T4,02:00:00:b2:c5:82,2026-08-10 00:14:41,21.1,52.053513,5.28343899999996,7,Driebergen-Rijsenburg,NL
Utrecht,Utrecht_T4,02:00:00:05:4c:fe,2026-08-10 00:16:36,19.1,52.05599,5.302302,8,Driebergen-Rijsenburg,NL
Utrecht,Utrecht_T4,02:00:00:5f:31:da,2026-08-10 00:11:33,21.1,52.060634,5.303621,9,Driebergen-Rijsenburg,NL
Utrecht,Utrecht_T4,02:00:00:12:fa:c2,2026-08-10 00:19:16,22.3,52.0734988364436,5.26520848274231,11,Zeist,NL
Utrecht,Utrecht_T4,02:00:00:69:2d:ce,2026-08-10 00:12:42,21.0,52.0776864965393,5.21996678862774,2,Zeist,NL
Utrecht,Utrecht_T4,02:00:00:2c:8c:8e,2026-08-10 00:11:25,21.7,52.076028,5.223584,3,Zeist,NL
Utrecht,Utrecht_T4,02:00:00:b5:95:b6,2026-08-10 00:15:35,20.6,52.076054,5.2236304,3,Zeist,NL
Utrecht,Utrecht_T4,02:00:00:1e:2b:70,2026-08-10 00:11:13,21.8,52.077486,5.262767,7,Zeist,NL
Utrecht,Utrecht_T4,02:00:00:22:e9:30,2026-08-10 00:14:44,20.9,52.0765091878968,5.26901300000007,11,Zeist,NL
Utrecht,Utrecht_T4,02:00:00:6b:50:1c,2026-08-10 00:15:57,22.9,52.0831358136488,5.20810304846899,3,Zeist,NL
Utrecht,Utrecht_T4,02:00:00:3c:09:22,2026-08-10 00:14:21,22.3,52.08636,5.221066,4,Zeist,NL
Utrecht,Utrecht_T4,02:00:00:63:36:3c,2026-08-10 00:10:49,21.9,52.082337,5.230563,5,Zeist,NL
Utrecht,Utrecht_T4,02:00:00:04:96:34,2026-08-10 00:18:45,22.3,52.0873,5.2297,5,Zeist,NL
Utrecht,Utrecht_T4,02:00:00:b5:78:be,2026-08-10 00:10:56,21.7,52.0856160136376,5.24176729332961,10,Zeist,NL
Utrecht,Utrecht_T4,02:00:00:71:2a:b6,2026-08-10 00:12:39,21.2,52.0859,5.251713,8,Zeist,NL
Utrecht,Utrecht_T4,02:00:00:b9:52:00,2026-08-10 00:13:32,22.2,52.0816383361816,5.2666335105896,8,Zeist,NL
Utrecht,Utrecht_T4,02:00:00:2b:15:76,2026-08-10 00:14:39,20.3,52.081371,5.269217,9,Zeist,NL
Utrecht,Utrecht_T4,02:00:00:c3:d4:02,2026-08-10 00:14:17,20.7,52.081804,5.271518,9,Zeist,NL
Utrecht,Utrecht_T4,02:00:00:2b:1b:b8,2026-08-10 00:10:49,19.7,52.0832,5.3114,16,Zeist,NL
Utrecht,Utrecht_T4,02:00:00:2d:02:84,2026-08-10 00:10:28,22.8,52.0891283153717,5.22022247314453,4,Zeist,NL
Utrecht,Utrecht_T4,02:00:00:90:64:1a,2026-08-10 00:12:08,22.0,52.095281,5.224389,6,Zeist,NL
Utrecht,Utrecht_T4,02:00:00:2b:35:1e,2026-08-10 00:16:33,22.3,52.0952544,5.2250609,7,Zeist,NL
Utrecht,Utrecht_T4,02:00:00:be:08:80,2026-08-10 00:19:57,22.1,52.08921,5.23415,4,Zeist,NL
Utrecht,Utrecht_T4,02:00:00:a9:76:24,2026-08-10 00:11:27,21.3,52.0949630737305,5.24057006835938,6,Zeist,NL
Utrecht,Utrecht_T4,02:00:00:65:5f:98,2026-08-10 00:10:26,24.0,52.092372,5.258088,13,Zeist,NL
Utrecht,Utrecht_T4,02:00:00:53:1f:58,2026-08-10 00:12:29,24.2,52.098804473877,5.21371459960938,6,De Bilt,NL
Utrecht,Utrecht_T4,02:00:00:7a:86:6c,2026-08-10 00:11:41,21.8,52.096791,5.223656,6,Zeist,NL
Utrecht,Utrecht_T4,02:00:00:70:52:12,2026-08-10 00:15:05,23.0,52.0989064,5.2171375,7,Zeist,NL
Utrecht,Utrecht_T4,02:00:00:1b:26:ca,2026-08-10 00:10:38,22.3,52.100902557373,5.22507286071777,11,Zeist,NL
Utrecht,Utrecht_T4,02:00:00:01:97:ee,2026-08-10 00:10:56,22.7,52.095773,5.238273,8,Zeist,NL
Utrecht,Utrecht_T4,02:00:00:04:8d:d4,2026-08-10 00:16:03,22.7,52.0991028774139,5.24481058252604,6,Zeist,NL
Utrecht,Utrecht_T4,02:00:00:04:78:82,2026-08-10 00:19:32,22.2,52.1007772460734,5.24760032682437,9,Zeist,NL
Utrecht,Utrecht_T4,02:00:00:c3:89:70,2026-08-10 00:13:49,22.1,52.09627,5.25480000000008,10,Zeist,NL
Utrecht,Utrecht_T4,02:00:00:b5:7f:6e,2026-08-10 00:14:33,20.1,52.096116,5.275819,16,Zeist,NL
Utrecht,Utrecht_T4,02:00:00:1e:22:fc,2026-08-10 00:10:39,21.2,52.1147665420416,5.23625329385042,10,Zeist,NL
Utrecht,Utrecht_T4,02:00:00:00:cf:e2,2026-08-10 00:12:54,21.5,52.1165564224102,5.27588927533017,26,Zeist,NL
Utrecht,Utrecht_T4,02:00:00:32:d5:b4,2026-08-10 00:17:04,22.0,52.120705,5.242738,11,Zeist,NL
Utrecht,Utrecht_T4,02:00:00:2e:f1:88,2026-08-10 00:17:23,21.8,52.118117,5.282257,18,Soest,NL
Utrecht,Utrecht_T4,02:00:00:bd:cd:7c,2026-08-10 00:10:39,22.2,52.118207,5.289362,19,Soest,NL
Utrecht,Utrecht_T4,02:00:00:58:d1:7c,2026-08-10 00:18:01,22.7,52.1175345595035,5.29194567397049,21,Soest,NL
Utrecht,Utrecht_T4,02:00:00:2f:2e:d6,2026-08-10 00:12:06,22.7,52.1253540626594,5.20409166812897,8,Bilthoven,NL
Utrecht,Utrecht_T4,02:00:00:19:a7:d8,2026-08-10 00:19:03,22.9,52.1270529486221,5.20968830477742,9,De Bilt,NL
Utrecht,Utrecht_T4,02:00:00:1c:70:32,2026-08-10 00:11:45,22.0,52.1276989082711,5.20827054977417,6,Bilthoven,NL
Utrecht,Utrecht_T4,02:00:00:83:f8:ea,2026-08-10 00:17:41,22.2,52.130348,5.321519,28,Soest,NL
Utrecht,Utrecht_T4,02:00:00:64:3a:06,2026-08-10 00:18:11,22.2,52.135639,5.211466,8,Bilthoven,NL
Utrecht,Utrecht_T4,02:00:00:74:61:a4,2026-08-10 00:14:59,22.2,52.136328,5.220487,9,Bilthoven,NL
Utrecht,Utrecht_T4,02:00:00:b2:c4:4c,2026-08-10 00:04:56,21.1,52.137758,5.221579,12,Bilthoven,NL
Utrecht,Utrecht_T4,02:00:00:33:d9:9a,2026-08-10 00:11:03,21.4,52.134636,5.224104,9,Bilthoven,NL
Utrecht,Utrecht_T4,02:00:00:6b:3d:f0,2026-08-10 00:15:19,21.3,51.97041,5.3251667,4,Wijk bij Duurstede,NL
Utrecht,Utrecht_T4,02:00:00:bd:e6:3e,2026-08-10 00:15:07,20.3,51.975275,5.26539600000004,4,Wijk bij Duurstede,NL
Utrecht,Utrecht_T4,02:00:00:b9:7e:bc,2026-08-10 00:12:39,22.1,51.9745712280273,5.32293891906738,4,Wijk bij Duurstede,NL
Utrecht,Utrecht_T4,02:00:00:13:80:bc,2026-08-10 00:14:03,22.3,51.973609,5.3299,8,Wijk bij Duurstede,NL
Utrecht,Utrecht_T4,02:00:00:b2:bf:24,2026-08-10 00:16:12,21.5,51.9741426,5.3303036,7,Wijk bij Duurstede,NL
Utrecht,Utrecht_T4,02:00:00:5f:31:b2,2026-08-10 00:16:52,22.5,51.994175,5.309416,4,Wijk bij Duurstede,NL
Utrecht,Utrecht_T4,02:00:00:36:9b:82,2026-08-10 00:11:01,20.9,51.999313,5.289134,3,Wijk bij Duurstede,NL
Utrecht,Utrecht_T4,02:00:00:7f:9c:a8,2026-08-10 00:18:44,22.8,51.997831,5.305377,3,Wijk bij Duurstede,NL
Utrecht,Utrecht_T4,02:00:00:90:f2:7e,2026-08-10 00:11:24,20.2,51.99773,5.309787,5,Wijk bij Duurstede,NL
Utrecht,Utrecht_T4,02:00:00:a9:e1:5e,2026-08-10 00:17:49,19.6,52.0263927164212,5.24514555931091,5,Werkhoven,NL
Utrecht,Utrecht_T4,02:00:00:7a:eb:c2,2026-08-10 00:12:58,21.3,52.036995,5.3325458,13,Doorn,NL
Utrecht,Utrecht_T4,02:00:00:29:6c:4e,2026-08-10 00:18:34,21.6,52.0390061,5.3007427,10,Doorn,NL
Utrecht,Utrecht_T4,02:00:00:a2:48:d0,2026-08-10 00:16:27,20.7,52.0388313921198,5.32877147197723,13,Doorn,NL
Utrecht,Utrecht_T4,02:00:00:af:5d:be,2026-08-10 00:10:23,21.8,52.0412,5.3359,11,Doorn,NL
Utrecht,Utrecht_T4,02:00:00:36:d9:b6,2026-08-10 00:12:16,20.2,52.048683,5.221462,1,Odijk,NL
Utrecht,Utrecht_T4,02:00:00:70:20:ea,2026-08-10 00:13:54,22.0,52.049884,5.282535,6,Driebergen-Rijsenburg,NL
Amsterdam,Amsterdam_T2,02:00:00:b9:1a:3c,2026-08-10 00:16:24,22.4,52.493042,5.07125,0,Volendam,NL
Amsterdam,Amsterdam_T2,02:00:00:2d:00:08,2026-08-10 00:19:39,23.5,52.510217,5.066857,0,Edam,NL
Amsterdam,Amsterdam_T2,02:00:00:02:84:24,2026-08-10 00:20:00,23.4,52.509309,5.07155,0,Volendam,NL
Amsterdam,Amsterdam_T2,02:00:00:b5:2c:a4,2026-08-10 00:10:53,23.9,52.51078182865,5.07451386307099,0,Volendam,NL
Amsterdam,Amsterdam_T2,02:00:00:84:41:96,2026-08-10 00:14:39,22.5,52.511852,5.075232,0,Volendam,NL
Amsterdam,Amsterdam_T2,02:00:00:84:70:bc,2026-08-10 00:11:12,23.3,52.513283,5.074401,0,Volendam,NL
Amsterdam,Amsterdam_T2,02:00:00:84:70:a2,2026-08-10 00:11:13,23.7,52.515296,5.065298,0,Edam,NL
Amsterdam,Amsterdam_T2,02:00:00:a9:d4:76,2026-08-10 00:16:35,22.0,52.636438,5.157458,0,Wijdenes,NL
Amsterdam,Amsterdam_T2,02:00:00:65:41:36,2026-08-10 00:16:25,22.2,52.640045,5.064139,3,Hoorn,NL
Amsterdam,Amsterdam_T2,02:00:00:3f:02:7a,2026-08-10 00:19:28,22.5,52.646076,5.07353,1,Hoorn,NL
Amsterdam,Amsterdam_T2,02:00:00:2f:35:a2,2026-08-10 00:12:03,22.0,52.6429770416675,5.077702583676,0,Hoorn,NL
Amsterdam,Amsterdam_T2,02:00:00:65:84:72,2026-08-10 00:14:20,23.3,52.6471319,5.0887278,0,Hoorn,NL
Amsterdam,Amsterdam_T2,02:00:00:22:ea:76,2026-08-10 00:11:27,22.9,52.6533,5.0955,0,Hoorn,NL
Amsterdam,Amsterdam_T2,02:00:00:b5:76:28,2026-08-10 00:16:55,22.6,52.652831,5.100056,0,Hoorn,NL
Amsterdam,Amsterdam_T2,02:00:00:90:5f:c4,2026-08-10 00:17:29,23.1,52.321893,5.116822,3,Muiderberg,NL
Amsterdam,Amsterdam_T2,02:00:00:12:fe:e4,2026-08-10 00:12:21,22.4,52.3113794,5.15152499999999,3,Gooise Meren,NL
Amsterdam,Amsterdam_T2,02:00:00:8d:c2:62,2026-08-10 00:11:44,22.3,52.3290573,5.06640220000001,2,Muiden,NL
Amsterdam,Amsterdam_T2,02:00:00:32:d5:be,2026-08-10 00:18:48,22.8,52.329636,5.070703,1,Muiden,NL
Amsterdam,Amsterdam_T2,02:00:00:90:d2:d0,2026-08-10 00:15:10,21.5,52.326425,5.12370000000006,4,Muiderberg,NL
Amsterdam,Amsterdam_T2,02:00:00:2b:04:42,2026-08-10 00:16:41,22.2,52.3372959158816,5.13216555118561,0,Almere,NL
Amsterdam,Amsterdam_T2,02:00:00:36:e2:78,2026-08-10 00:14:48,23.4,52.3371049,5.1901735,0,Almere,NL
Amsterdam,Amsterdam_T2,02:00:00:2b:f1:24,2026-08-10 00:17:57,23.2,52.3379513,5.19054610000001,0,Almere,NL
Amsterdam,Amsterdam_T2,02:00:00:90:ac:fe,2026-08-10 00:16:22,23.5,52.338809,5.200362,0,Almere,NL
Amsterdam,Amsterdam_T2,02:00:00:9d:29:10,2026-08-10 00:16:06,22.6,52.337369,5.21375,0,Almere,NL
Amsterdam,Amsterdam_T2,02:00:00:31:dc:12,2026-08-10 00:16:05,23.6,52.334232157563,5.23541811712221,0,Almere,NL
Amsterdam,Amsterdam_T2,02:00:00:2e:9a:cc,2026-08-10 00:12:58,22.0,52.336882,5.240898,0,Almere,NL
Amsterdam,Amsterdam_T2,02:00:00:53:23:2a,2026-08-10 00:18:59,22.3,52.3393783027795,5.30971791315298,0,Almere,NL
Amsterdam,Amsterdam_T2,02:00:00:19:c1:8c,2026-08-10 00:16:32,25.7,52.339901,5.137316,0,Almere,NL
Amsterdam,Amsterdam_T2,02:00:00:2e:b5:4c,2026-08-10 00:15:47,22.2,52.3430088208381,5.19504211113633,0,Almere,NL
Amsterdam,Amsterdam_T2,02:00:00:b8:f6:48,2026-08-10 00:18:55,22.8,52.3406143188477,5.20010089874268,0,Almere,NL
Amsterdam,Amsterdam_T2,02:00:00:b5:8d:ac,2026-08-10 00:15:10,22.3,52.34163,5.2166333,0,Almere,NL
Amsterdam,Amsterdam_T2,02:00:00:2c:c4:84,2026-08-10 00:16:09,23.1,52.3477676,5.2148857,0,Almere,NL
Amsterdam,Amsterdam_T2,02:00:00:bd:f8:fa,2026-08-10 00:17:28,24.2,52.3424109,5.2190179,0,Almere,NL
Amsterdam,Amsterdam_T2,02:00:00:a9:4b:e8,2026-08-10 00:15:19,23.1,52.341175,5.302236,0,Almere,NL
Amsterdam,Amsterdam_T2,02:00:00:c3:74:e2,2026-08-10 00:17:21,23.3,52.339954,5.30997100000004,0,Almere,NL
Amsterdam,Amsterdam_T2,02:00:00:a2:74:d6,2026-08-10 00:19:34,21.1,52.3410034179688,5.32753562927246,0,Almere,NL
Amsterdam,Amsterdam_T2,02:00:00:c2:7c:f4,2026-08-10 00:20:09,21.3,52.342907,5.329785,0,Almere,NL
Amsterdam,Amsterdam_T2,02:00:00:83:bd:82,2026-08-10 00:11:00,23.5,52.355964,5.150352,0,Almere,NL
Amsterdam,Amsterdam_T2,02:00:00:20:a9:28,2026-08-10 00:20:19,23.3,52.3552207946777,5.15794372558594,0,Almere,NL
Amsterdam,Amsterdam_T2,02:00:00:1f:41:a2,2026-08-10 00:17:10,23.4,52.359159,5.157519,0,Almere,NL
Amsterdam,Amsterdam_T2,02:00:00:bd:f3:22,2026-08-10 00:11:12,24.5,52.3556832426708,5.17759948959218,0,Almere,NL
Amsterdam,Amsterdam_T2,02:00:00:53:27:88,2026-08-10 00:15:59,22.5,52.3599,5.18,0,Almere,NL
Amsterdam,Amsterdam_T2,02:00:00:32:fc:ea,2026-08-10 00:10:46,24.6,52.3599014282227,5.17999982833862,0,Almere,NL
Amsterdam,Amsterdam_T2,02:00:00:7f:8b:a0,2026-08-10 00:10:55,22.3,52.356455,5.190885,0,Almere,NL
Amsterdam,Amsterdam_T2,02:00:00:06:11:d6,2026-08-10 00:14:27,22.1,52.3658206,5.2116575,0,Almere,NL
Amsterdam,Amsterdam_T2,02:00:00:a9:dd:34,2026-08-10 00:18:06,23.0,52.3663002,5.2148177,0,Almere,NL
Amsterdam,Amsterdam_T2,02:00:00:74:2f:a0,2026-08-10 00:16:52,22.6,52.361122,5.240015,0,Almere,NL
Amsterdam,Amsterdam_T2,02:00:00:01:e3:f6,2026-08-10 00:19:17,22.9,52.36436,5.23972999999998,0,Almere,NL
Amsterdam,Amsterdam_T2,02:00:00:33:e0:2c,2026-08-10 00:17:29,22.9,52.36486,5.240825,0,Almere,NL
Amsterdam,Amsterdam_T2,02:00:00:65:51:8c,2026-08-10 00:11:23,23.6,52.361416,5.254412,0,Almere,NL
Amsterdam,Amsterdam_T2,02:00:00:27:5a:b2,2026-08-10 00:16:29,23.6,52.362427,5.25434,0,Almere,NL
Amsterdam,Amsterdam_T2,02:00:00:b5:0c:90,2026-08-10 00:15:50,22.5,52.361835,5.29245499999999,0,Almere,NL
Amsterdam,Amsterdam_T2,02:00:00:b2:a4:f6,2026-08-10 00:15:30,22.5,52.356743,5.305346,0,Almere,NL
Amsterdam,Amsterdam_T2,02:00:00:b9:58:8a,2026-08-10 00:12:42,22.3,52.357433,5.307289,0,Almere,NL
Amsterdam,Amsterdam_T2,02:00:00:5f:42:be,2026-08-10 00:15:54,24.6,52.372133,5.184493,0,Almere,NL
Amsterdam,Amsterdam_T2,02:00:00:bc:b5:26,2026-08-10 00:16:57,22.5,52.370647,5.189115,0,Almere,NL
Amsterdam,Amsterdam_T2,02:00:00:28:aa:08,2026-08-10 00:11:06,23.5,52.3726348876953,5.18710041046143,0,Almere,NL
Amsterdam,Amsterdam_T2,02:00:00:52:d5:9e,2026-08-10 00:16:35,21.9,52.3698,5.213,0,Almere,NL
Amsterdam,Amsterdam_T2,02:00:00:70:55:78,2026-08-10 00:16:47,23.9,52.368492,5.219494,0,Almere,NL
Amsterdam,Amsterdam_T2,02:00:00:a9:eb:4e,2026-08-10 00:12:56,23.9,52.368543,5.233816,0,Almere,NL
Amsterdam,Amsterdam_T2,02:00:00:53:48:18,2026-08-10 00:10:44,23.2,52.37066,5.233283,0,Almere,NL
Amsterdam,Amsterdam_T2,02:00:00:b9:1a:4e,2026-08-10 00:16:46,23.5,52.3704528808594,5.23384428024292,0,Almere,NL
Amsterdam,Amsterdam_T2,02:00:00:63:38:56,2026-08-10 00:13:58,23.3,52.380046,5.256249,0,Almere,NL
Amsterdam,Amsterdam_T2,02:00:00:73:c6:2e,2026-08-10 00:12:37,23.5,52.380726,5.257692,0,Almere,NL
Amsterdam,Amsterdam_T2,02:00:00:58:ca:5e,2026-08-10 00:18:06,23.9,52.3698157642438,5.26489690009311,0,Almere,NL
Amsterdam,Amsterdam_T2,02:00:00:03:7c:78,2026-08-10 00:10:21,22.7,52.391575,5.177948,0,Almere,NL
Amsterdam,Amsterdam_T2,02:00:00:53:5c:9c,2026-08-10 00:14:49,22.9,52.3900854363991,5.20024865531923,0,Almere,NL
Amsterdam,Amsterdam_T2,02:00:00:9b:58:5a,2026-08-10 00:19:37,23.9,52.393024667432,5.2090859413147,0,Almere,NL
Amsterdam,Amsterdam_T2,02:00:00:17:7b:d4,2026-08-10 00:15:47,24.1,52.383191,5.221105,0,Almere,NL
Amsterdam,Amsterdam_T2,02:00:00:84:5a:ae,2026-08-10 00:15:59,23.5,52.3883,5.224379,0,Almere,NL
Amsterdam,Amsterdam_T2,02:00:00:a4:6d:b2,2026-08-10 00:11:32,22.8,52.388077,5.240579,0,Almere,NL
Amsterdam,Amsterdam_T2,02:00:00:b9:5a:5a,2026-08-10 00:13:43,22.7,52.3845863342285,5.24989986419678,0,Almere,NL
Amsterdam,Amsterdam_T2,02:00:00:71:39:5a,2026-08-10 00:15:44,24.0,52.382745,5.266322,0,Almere,NL
Amsterdam,Amsterdam_T2,02:00:00:7f:9e:de,2026-08-10 00:18:52,23.2,52.384025,5.25010500000001,0,Almere,NL
Amsterdam,Amsterdam_T2,02:00:00:58:e1:26,2026-08-10 00:11:30,23.1,52.384533,5.252609,0,Almere,NL
Amsterdam,Amsterdam_T2,02:00:00:b5:81:a0,2026-08-10 00:17:21,24.7,52.384372,5.281699,0,Almere,NL
Amsterdam,Amsterdam_T2,02:00:00:bd:e8:f0,2026-08-10 00:19:49,23.1,52.3959675,5.3090496,0,Almere,NL
Amsterdam,Amsterdam_T2,02:00:00:71:39:50,2026-08-10 00:18:49,23.6,52.39723,5.164732,0,Almere,NL
Amsterdam,Amsterdam_T2,02:00:00:1f:4f:22,2026-08-10 00:10:20,23.8,52.3979296375149,5.16967981825021,0,Almere,NL
Amsterdam,Amsterdam_T2,02:00:00:33:21:aa,2026-08-10 00:08:10,22.7,52.3975487,5.25251060000002,0,Almere,NL
Amsterdam,Amsterdam_T2,02:00:00:83:e8:7e,2026-08-10 00:13:17,23.2,52.397284,5.254051,0,Almere,NL
Amsterdam,Amsterdam_T2,02:00:00:b2:ba:be,2026-08-10 00:18:02,23.9,52.3992347717285,5.2774977684021,0,Almere,NL
Amsterdam,Amsterdam_T2,02:00:00:9c:dc:e4,2026-08-10 00:19:41,23.6,52.400918,5.274714,0,Almere,NL
Amsterdam,Amsterdam_T2,02:00:00:03:cb:e8,2026-08-10 00:15:23,23.5,52.404926,5.287006,0,Almere,NL
Amsterdam,Amsterdam_T2,02:00:00:7a:83:18,2026-08-10 00:14:07,23.6,52.397218,5.30246,0,Almere,NL
Amsterdam,Amsterdam_T2,02:00:00:c2:45:22,2026-08-10 00:16:40,23.6,52.40461,5.301997,0,Almere,NL
Amsterdam,Amsterdam_T2,02:00:00:12:9c:64,2026-08-10 00:19:23,23.2,52.398632,5.308742,0,Almere,NL
Amsterdam,Amsterdam_T2,02:00:00:7f:d3:7a,2026-08-10 00:17:51,22.3,52.3993820578264,5.32481566205385,0,Almere,NL
Amsterdam,Amsterdam_T2,02:00:00:a9:d3:92,2026-08-10 00:12:30,22.7,52.430297,5.077604,0,Uitdam,NL
Amsterdam,Amsterdam_T2,02:00:00:7f:b2:de,2026-08-10 00:14:49,23.2,52.457411,5.102286,1,Marken,NL
Amsterdam,Amsterdam_T2,02:00:00:ab:e9:c0,2026-08-10 00:18:49,22.1,52.456592,5.107932,0,Marken,NL
Amsterdam,Amsterdam_T2,02:00:00:58:e6:76,2026-08-10 00:12:01,23.4,52.460474,5.102583,1,Marken,NL
Amsterdam,Amsterdam_T2,02:00:00:1b:0b:da,2026-08-10 00:16:50,22.8,52.49417,4.78894000000004,2,Wormerveer,NL
Amsterdam,Amsterdam_T2,02:00:00:12:61:86,2026-08-10 00:12:59,23.8,52.4917057073896,4.80021612200147,2,Wormer,NL
Amsterdam,Amsterdam_T2,02:00:00:c2:84:0a,2026-08-10 00:14:26,22.7,52.4948445773121,4.79308347650687,2,Wormerveer,NL
Amsterdam,Amsterdam_T2,02:00:00:a4:18:7c,2026-08-10 00:12:44,23.7,52.493057,4.807123,0,Wormer,NL
Amsterdam,Amsterdam_T2,02:00:00:53:50:2a,2026-08-10 00:12:04,23.4,52.496266,4.819022,1,Wormer,NL
Amsterdam,Amsterdam_T2,02:00:00:8d:d0:7c,2026-08-10 00:19:30,23.5,52.490391116113,4.92924329763459,0,Purmerend,NL
Amsterdam,Amsterdam_T2,02:00:00:03:c7:82,2026-08-10 00:14:35,22.7,52.488343,4.938001,0,Purmerend,NL
Amsterdam,Amsterdam_T2,02:00:00:53:1f:08,2026-08-10 00:18:33,23.1,52.49503,4.92957000000003,0,Purmerend,NL
Amsterdam,Amsterdam_T2,02:00:00:9c:d8:1a,2026-08-10 00:17:55,22.6,52.4915202,4.96165890000017,0,Purmerend,NL
Amsterdam,Amsterdam_T2,02:00:00:c3:93:f6,2026-08-10 00:11:37,23.3,52.49484,4.946418,0,Purmerend,NL
Amsterdam,Amsterdam_T2,02:00:00:74:30:70,2026-08-10 00:15:04,24.1,52.495717,4.951841,0,Purmerend,NL
Amsterdam,Amsterdam_T2,02:00:00:c6:15:e2,2026-08-10 00:12:41,23.9,52.488234762816,4.97100975471119,0,Purmerend,NL
Amsterdam,Amsterdam_T2,02:00:00:36:99:3e,2026-08-10 00:20:01,22.9,52.4873166828203,4.97366015893508,0,Purmerend,NL
Amsterdam,Amsterdam_T2,02:00:00:33:e1:40,2026-08-10 00:18:47,22.0,52.488644,4.9737200000001,0,Purmerend,NL
Amsterdam,Amsterdam_T2,02:00:00:27:50:a8,2026-08-10 00:11:01,24.1,52.493988,5.047598,0,Volendam,NL
Amsterdam,Amsterdam_T2,02:00:00:02:f5:96,2026-08-10 00:14:47,22.5,52.496988,5.050034,0,Volendam,NL
Amsterdam,Amsterdam_T2,02:00:00:13:0f:6c,2026-08-10 00:17:11,23.4,52.500239,4.816214,0,Wormer,NL
Amsterdam,Amsterdam_T2,02:00:00:1c:6d:42,2026-08-10 00:16:30,22.5,52.500429,4.8242,1,Wormer,NL
Amsterdam,Amsterdam_T2,02:00:00:70:52:6c,2026-08-10 00:04:54,23.0,52.509555,4.84741,0,Jisp,NL
Amsterdam,Amsterdam_T2,02:00:00:b5:b8:40,2026-08-10 00:20:07,22.4,52.5068085021421,4.91711662457473,0,Neck,NL
Amsterdam,Amsterdam_T2,02:00:00:02:7e:e2,2026-08-10 00:10:58,24.6,52.50109,4.934905,0,Purmerend,NL
Amsterdam,Amsterdam_T2,02:00:00:9d:13:34,2026-08-10 00:16:38,23.2,52.498358,4.94377,0,Purmerend,NL
Amsterdam,Amsterdam_T2,02:00:00:b5:86:1a,2026-08-10 00:13:51,22.6,52.499132,4.950515,0,Purmerend,NL
Amsterdam,Amsterdam_T2,02:00:00:1d:eb:96,2026-08-10 00:20:03,23.3,52.505266,4.949082,1,Purmerend,NL
Amsterdam,Amsterdam_T2,02:00:00:7f:cd:5a,2026-08-10 00:19:36,23.2,52.499632,4.954935,0,Purmerend,NL
Amsterdam,Amsterdam_T2,02:00:00:28:ba:8e,2026-08-10 00:18:50,22.3,52.49846,4.985919,0,Purmerend,NL
Amsterdam,Amsterdam_T2,02:00:00:01:cb:8a,2026-08-10 00:11:01,23.2,52.500789,4.986087,0,Purmerend,NL
Amsterdam,Amsterdam_T2,02:00:00:7a:ea:00,2026-08-10 00:14:57,23.2,52.510647,4.9936514,0,Purmerend,NL
Amsterdam,Amsterdam_T2,02:00:00:b5:47:24,2026-08-10 00:13:11,23.8,52.510277,5.041457,0,Edam,NL
Amsterdam,Amsterdam_T2,02:00:00:1f:3e:84,2026-08-10 00:16:45,22.6,52.504946,5.05026,0,Edam-Volendam,NL
Amsterdam,Amsterdam_T2,02:00:00:6b:56:92,2026-08-10 00:11:02,23.2,52.5107399131418,5.05132626109,2,Edam,NL
Amsterdam,Amsterdam_T2,02:00:00:7f:af:0c,2026-08-10 00:16:56,23.6,52.514489,4.963296,0,Purmerend,NL
Amsterdam,Amsterdam_T2,02:00:00:70:1b:98,2026-08-10 00:16:53,22.6,52.518831,4.948998,0,Zuidoostbeemster,NL
Amsterdam,Amsterdam_T2,02:00:00:14:48:40,2026-08-10 00:14:42,23.5,52.514999,4.952826,0,Purmerend,NL
Amsterdam,Amsterdam_T2,02:00:00:2e:ec:0a,2026-08-10 00:13:08,21.5,52.513165,4.985127,0,Purmerend,NL
Amsterdam,Amsterdam_T2,02:00:00:7a:a3:b2,2026-08-10 00:11:32,22.5,52.52057,4.9764185,0,Purmerend,NL
Amsterdam,Amsterdam_T2,02:00:00:a4:43:5c,2026-08-10 00:16:30,23.2,52.51412,5.05999,1,Edam,NL
Amsterdam,Amsterdam_T2,02:00:00:5f:01:22,2026-08-10 00:12:23,21.4,52.526959,4.887042,0,Beemster,NL
Amsterdam,Amsterdam_T2,02:00:00:2b:22:ba,2026-08-10 00:11:56,21.6,52.528348,4.978256,1,Kwadijk,NL
Amsterdam,Amsterdam_T2,02:00:00:2f:2a:40,2026-08-10 00:16:54,21.9,52.54467,4.81628,0,Alkmaar,NL
Amsterdam,Amsterdam_T2,02:00:00:a2:13:1c,2026-08-10 00:14:04,21.8,52.558278,4.84079299999996,0,De Rijp,NL
Amsterdam,Amsterdam_T2,02:00:00:2b:20:e2,2026-08-10 00:12:09,22.9,52.557103,4.842962,0,De Rijp,NL
Amsterdam,Amsterdam_T2,02:00:00:c3:cf:e8,2026-08-10 00:19:43,22.6,52.55496,4.848112,0,De Rijp,NL
Amsterdam,Amsterdam_T2,02:00:00:5e:d1:f0,2026-08-10 00:17:37,22.2,52.557323,4.95315,0,Middenbeemster,NL
Amsterdam,Amsterdam_T2,02:00:00:8d:d2:a6,2026-08-10 00:18:23,22.2,52.5748079414121,4.9975723028183,1,Oosthuizen,NL
Amsterdam,Amsterdam_T2,02:00:00:bd:cf:d4,2026-08-10 00:14:33,22.4,52.583034,4.850177,1,Grootschermer,NL
Amsterdam,Amsterdam_T2,02:00:00:18:fe:32,2026-08-10 00:17:12,22.3,52.589092,4.889988,0,Noordbeemster,NL
Amsterdam,Amsterdam_T2,02:00:00:5e:e2:a2,2026-08-10 00:17:32,20.8,52.590799,4.99267889999998,0,Beets,NL
Amsterdam,Amsterdam_T2,02:00:00:a9:e7:3e,2026-08-10 00:11:18,20.3,52.5977249145508,4.80700254440308,0,Zuidschermer,NL
Amsterdam,Amsterdam_T2,02:00:00:a9:9a:0e,2026-08-10 00:20:44,20.1,52.60907,4.82852,0,Stompetoren,NL
Amsterdam,Amsterdam_T2,02:00:00:a4:1f:24,2026-08-10 00:15:01,21.8,52.601368,4.895885,0,Schermerhorn,NL
Amsterdam,Amsterdam_T2,02:00:00:00:5c:fe,2026-08-10 00:10:47,21.7,52.611835,4.819923,0,Stompetoren,NL
Amsterdam,Amsterdam_T2,02:00:00:a2:05:f0,2026-08-10 00:16:30,21.9,52.61378,4.8226314,0,Stompetoren,NL
Amsterdam,Amsterdam_T2,02:00:00:3c:f7:c6,2026-08-10 00:17:31,21.1,52.617355,4.951664,0,Avenhorn,NL
Amsterdam,Amsterdam_T2,02:00:00:6b:31:7e,2026-08-10 00:13:12,21.2,52.634415,4.8763695,0,Rustenburg,NL
Amsterdam,Amsterdam_T2,02:00:00:36:d3:84,2026-08-10 00:19:47,21.4,52.636567,4.911496,0,Ursem,NL
Amsterdam,Amsterdam_T2,02:00:00:05:f7:7a,2026-08-10 00:14:37,22.8,52.6322945249135,4.94891703128815,0,De Goorn,NL
Amsterdam,Amsterdam_T2,02:00:00:9d:00:22,2026-08-10 00:16:03,22.6,52.6390495300293,4.98681020736694,0,Berkhout,NL
Amsterdam,Amsterdam_T2,02:00:00:58:dd:3c,2026-08-10 00:17:25,23.5,52.6367146407962,5.02217284801564,0,Hoorn,NL
Amsterdam,Amsterdam_T2,02:00:00:31:d8:fc,2026-08-10 00:13:12,23.7,52.6358,5.035,1,Hoorn,NL
Amsterdam,Amsterdam_T2,02:00:00:7f:aa:9a,2026-08-10 00:11:42,23.9,52.6374130249023,5.03559350967407,0,Hoorn,NL
Amsterdam,Amsterdam_T2,02:00:00:70:4e:d8,2026-08-10 00:10:10,24.6,52.635018,5.055994,2,Hoorn,NL
Amsterdam,Amsterdam_T2,02:00:00:12:5a:d0,2026-08-10 00:11:29,23.1,52.6491675042269,4.78180266103391,0,Alkmaar,NL
Amsterdam,Amsterdam_T2,02:00:00:70:24:48,2026-08-10 00:11:13,21.3,52.643764,4.811346,0,Heerhugowaard,NL
Amsterdam,Amsterdam_T2,02:00:00:8d:c8:3e,2026-08-10 00:16:19,21.4,52.6458,4.8165,0,Heerhugowaard,NL
Amsterdam,Amsterdam_T2,02:00:00:70:45:b4,2026-08-10 00:12:14,21.3,52.6408805482461,4.82286089912765,0,Heerhugowaard,NL
Amsterdam,Amsterdam_T2,02:00:00:73:a4:18,2026-08-10 00:16:55,21.5,52.651179,4.836669,0,Heerhugowaard,NL
Amsterdam,Amsterdam_T2,02:00:00:c3:e3:ec,2026-08-10 00:18:42,21.5,52.651959,4.836277,0,Heerhugowaard,NL
Amsterdam,Amsterdam_T2,02:00:00:84:a4:8a,2026-08-10 00:17:10,20.9,52.65307,4.842089,0,Heerhugowaard,NL
Amsterdam,Amsterdam_T2,02:00:00:12:ae:72,2026-08-10 00:11:45,23.4,52.642342,5.006524,-2,Koggenland,NL
Amsterdam,Amsterdam_T2,02:00:00:ab:e2:60,2026-08-10 00:15:39,20.6,52.6533337948181,5.00276838610966,0,Berkhout,NL
Amsterdam,Amsterdam_T2,02:00:00:9c:d8:4c,2026-08-10 00:12:25,24.7,52.6397171020508,5.02440643310547,0,Hoorn,NL
Amsterdam,Amsterdam_T2,02:00:00:1d:fd:b8,2026-08-10 00:14:07,23.4,52.6441,5.051928,0,Haarlemmermeer,NL
Amsterdam,Amsterdam_T2,02:00:00:1f:4d:3c,2026-08-10 00:11:50,24.2,52.640192,5.056347,2,Hoorn,NL
Amsterdam,Amsterdam_T2,02:00:00:a2:62:b0,2026-08-10 00:17:56,22.0,52.644273,5.058899,0,Hoorn,NL
Amsterdam,Amsterdam_T2,02:00:00:6b:8c:40,2026-08-10 00:15:15,23.4,52.314831,4.863595,0,Amstelveen,NL
Amsterdam,Amsterdam_T2,02:00:00:05:4b:44,2026-08-10 00:14:37,23.7,52.311724,4.866482,0,Amstelveen,NL
Amsterdam,Amsterdam_T2,02:00:00:3d:0e:66,2026-08-10 00:11:08,21.2,52.3116821436819,4.86693327521717,0,Amstelveen,NL
Amsterdam,Amsterdam_T2,02:00:00:2f:24:f4,2026-08-10 00:17:01,22.5,52.3131760328984,4.9050662899177,0,Amstelveen,NL
Amsterdam,Amsterdam_T2,02:00:00:90:ba:a6,2026-08-10 00:11:51,24.0,52.3243254,4.945702,1,Amsterdam,NL
Amsterdam,Amsterdam_T2,02:00:00:64:f4:40,2026-08-10 00:18:23,24.7,52.323489,4.949922,0,Amsterdam,NL
Amsterdam,Amsterdam_T2,02:00:00:b9:52:60,2026-08-10 00:17:46,22.6,52.3166694641113,5.02612543106079,0,Weesp,NL
Amsterdam,Amsterdam_T2,02:00:00:73:a6:c6,2026-08-10 00:19:41,22.4,52.314064,5.0302644,4,Weesp,NL
Amsterdam,Amsterdam_T2,02:00:00:52:d8:ce,2026-08-10 00:16:23,22.7,52.3187292818219,5.03482381473692,0,Weesp,NL
Amsterdam,Amsterdam_T2,02:00:00:a2:21:4c,2026-08-10 00:17:09,22.3,52.3212356567383,5.04339694976807,0,Weesp,NL
Amsterdam,Amsterdam_T2,02:00:00:bc:ac:0e,2026-08-10 00:12:56,22.1,52.317851,5.049238,0,Weesp,NL
Amsterdam,Amsterdam_T2,02:00:00:63:2c:4e,2026-08-10 00:10:14,22.4,52.3184684,5.05026849999997,0,Weesp,NL
Amsterdam,Amsterdam_T2,02:00:00:8d:e3:a0,2026-08-10 00:14:53,22.1,52.333433,4.791664,0,Badhoevedorp,NL
Amsterdam,Amsterdam_T2,02:00:00:8d:d6:dc,2026-08-10 00:19:04,21.1,52.337084,4.79042,0,Badhoevedorp,NL
Amsterdam,Amsterdam_T2,02:00:00:a4:21:fc,2026-08-10 00:11:44,22.6,52.3272787,4.86810710000012,0,Amsterdam,NL
Amsterdam,Amsterdam_T2,02:00:00:53:18:1c,2026-08-10 00:18:40,23.2,52.3359671746926,4.87311174029132,0,Amsterdam,NL
Amsterdam,Amsterdam_T2,02:00:00:6b:54:3c,2026-08-10 00:11:18,23.6,52.3274342242951,4.87812453825795,4,Amsterdam,NL
Amsterdam,Amsterdam_T2,02:00:00:bd:1d:3e,2026-08-10 00:19:35,22.1,52.331773,4.888536,4,Amsterdam,NL
Amsterdam,Amsterdam_T2,02:00:00:70:4c:80,2026-08-10 00:15:25,26.0,52.3385,4.9168,3,Amsterdam,NL
Amsterdam,Amsterdam_T2,02:00:00:9c:da:94,2026-08-10 00:16:35,23.9,52.332847,4.936642,4,Duivendrecht,NL
Amsterdam,Amsterdam_T2,02:00:00:9d:0c:d8,2026-08-10 00:19:45,24.5,52.32961,4.961911,2,Diemen,NL
Amsterdam,Amsterdam_T2,02:00:00:27:76:38,2026-08-10 00:14:48,23.4,52.3363586,4.9621297,0,Diemen,NL
Amsterdam,Amsterdam_T2,02:00:00:b5:71:d4,2026-08-10 00:10:50,23.1,52.3371353071573,4.96234081685543,0,Diemen,NL
Amsterdam,Amsterdam_T2,02:00:00:18:f9:e8,2026-08-10 00:15:31,23.2,52.325482,4.97447,3,Amsterdam,NL
Amsterdam,Amsterdam_T2,02:00:00:27:51:b8,2026-08-10 00:13:22,22.9,52.326592,4.978735,0,Amsterdam,NL
Amsterdam,Amsterdam_T2,02:00:00:83:90:6a,2026-08-10 00:16:37,24.0,52.327777,4.979477,0,Amsterdam,NL
Amsterdam,Amsterdam_T2,02:00:00:83:bf:80,2026-08-10 00:16:40,22.6,52.333599,5.061164,2,Muiden,NL
Amsterdam,Amsterdam_T2,02:00:00:01:6c:5e,2026-08-10 00:16:18,22.3,52.3446448698127,4.79225000001364,0,Amsterdam,NL
Amsterdam,Amsterdam_T2,02:00:00:63:45:58,2026-08-10 00:18:18,21.9,52.3414578220111,4.79799399999996,1,Amsterdam,NL
Amsterdam,Amsterdam_T2,02:00:00:00:c9:c8,2026-08-10 00:17:49,23.9,52.3535947951943,4.79096345471049,2,Amsterdam,NL
Amsterdam,Amsterdam_T2,02:00:00:14:47:bc,2026-08-10 00:17:27,22.0,52.3527607864368,4.80871260166168,1,Amsterdam,NL
Amsterdam,Amsterdam_T2,02:00:00:27:63:7e,2026-08-10 00:12:33,23.9,52.349896,4.810742,0,Amsterdam,NL
Amsterdam,Amsterdam_T2,02:00:00:84:73:aa,2026-08-10 00:14:58,24.6,52.342971,4.825803,0,Amsterdam,NL
Amsterdam,Amsterdam_T2,02:00:00:65:84:16,2026-08-10 00:14:42,23.8,52.34792,4.846243,4,Amsterdam,NL
Amsterdam,Amsterdam_T2,02:00:00:84:4c:e4,2026-08-10 00:16:11,22.6,52.349351,4.845073,1,Amsterdam,NL
Amsterdam,Amsterdam_T2,02:00:00:04:75:d4,2026-08-10 00:17:19,24.2,52.3449817790461,4.85212203743075,0,Amsterdam,NL
Amsterdam,Amsterdam_T2,02:00:00:5f:1f:26,2026-08-10 00:15:39,23.6,52.3457181372478,4.86503304724545,2,Amsterdam,NL
Amsterdam,Amsterdam_T2,02:00:00:03:b9:ce,2026-08-10 00:11:02,24.0,52.347706,4.871382,6,Amsterdam,NL
Amsterdam,Amsterdam_T2,02:00:00:74:60:90,2026-08-10 00:17:43,23.7,52.343761,4.875174,3,Amsterdam,NL
Amsterdam,Amsterdam_T2,02:00:00:01:ca:e6,2026-08-10 00:12:58,25.0,52.34572,4.876628,4,Amsterdam,NL
Amsterdam,Amsterdam_T2,02:00:00:a4:37:d4,2026-08-10 00:14:33,24.8,52.3475151062012,4.87605476379395,5,Amsterdam,NL
Amsterdam,Amsterdam_T2,02:00:00:32:e5:36,2026-08-10 00:16:19,23.7,52.342399597168,4.90369987487793,1,Amsterdam,NL
Amsterdam,Amsterdam_T2,02:00:00:22:e1:1a,2026-08-10 00:18:23,23.5,52.343674,4.907335,5,Amsterdam,NL
Amsterdam,Amsterdam_T2,02:00:00:c6:2c:e4,2026-08-10 00:12:49,22.9,52.352244,4.899948,7,Amsterdam,NL
Amsterdam,Amsterdam_T2,02:00:00:2a:db:3c,2026-08-10 00:13:25,24.2,52.347729,4.941162,0,Amsterdam,NL
Amsterdam,Amsterdam_T2,02:00:00:7a:89:24,2026-08-10 00:14:31,23.6,52.348087,4.941446,0,Amsterdam,NL
Amsterdam,Amsterdam_T2,02:00:00:b2:b7:12,2026-08-10 00:13:11,24.1,52.351434,4.939469,0,Amsterdam,NL
Amsterdam,Amsterdam_T2,02:00:00:2c:f1:9a,2026-08-10 00:16:48,22.4,52.34402,4.952192,0,Amsterdam,NL
Amsterdam,Amsterdam_T2,02:00:00:13:3c:4c,2026-08-10 00:15:23,23.1,52.3399512086528,4.96276274283001,2,Diemen,NL
Amsterdam,Amsterdam_T2,02:00:00:1f:79:96,2026-08-10 00:15:00,24.2,52.3467706,4.983125,0,Diemen,NL
Amsterdam,Amsterdam_T2,02:00:00:bd:c0:be,2026-08-10 00:16:49,24.4,52.350442,4.98087900000004,6,Diemen,NL
Amsterdam,Amsterdam_T2,02:00:00:70:51:ce,2026-08-10 00:12:55,22.5,52.3533443,4.99812519999998,0,Amsterdam,NL
Amsterdam,Amsterdam_T2,02:00:00:c2:2e:4a,2026-08-10 00:11:49,22.7,52.351406,5.001968,0,Amsterdam,NL
Amsterdam,Amsterdam_T2,02:00:00:5f:2d:ec,2026-08-10 00:10:44,22.7,52.350554,5.003617,0,Amsterdam,NL
Amsterdam,Amsterdam_T2,02:00:00:53:21:30,2026-08-10 00:11:02,24.6,52.355412,4.787642,0,Amsterdam,NL
Amsterdam,Amsterdam_T2,02:00:00:5e:f9:38,2026-08-10 00:19:58,23.6,52.354861,4.832611,0,Amsterdam,NL
Amsterdam,Amsterdam_T2,02:00:00:84:0b:ca,2026-08-10 00:10:29,26.4,52.367164,4.83112,0,Amsterdam,NL
Amsterdam,Amsterdam_T2,02:00:00:af:7d:bc,2026-08-10 00:12:42,23.3,52.3570713933203,4.84621300000002,5,Amsterdam,NL
Amsterdam,Amsterdam_T2,02:00:00:63:33:0c,2026-08-10 00:12:12,24.3,52.365672,4.85523999999998,1,Amsterdam,NL
Amsterdam,Amsterdam_T2,02:00:00:a4:1b:60,2026-08-10 00:19:07,23.3,52.354291,4.861925,4,Amsterdam,NL
Amsterdam,Amsterdam_T2,02:00:00:b5:9e:5c,2026-08-10 00:11:05,24.1,52.355088,4.871859,6,Amsterdam,NL
Amsterdam,Amsterdam_T2,02:00:00:7a:85:20,2026-08-10 00:13:56,23.5,52.354887,4.876879,4,Amsterdam,NL
Amsterdam,Amsterdam_T2,02:00:00:84:70:f8,2026-08-10 00:16:48,23.1,52.359384,4.876766,8,Amsterdam,NL
Amsterdam,Amsterdam_T2,02:00:00:b5:54:dc,2026-08-10 00:11:54,22.8,52.3564,4.8802,2,Amsterdam,NL
Amsterdam,Amsterdam_T2,02:00:00:3a:24:be,2026-08-09 23:56:18,23.7,52.3540842,4.90596159999996,5,Amsterdam,NL
Amsterdam,Amsterdam_T2,02:00:00:70:42:62,2026-08-10 00:15:28,24.1,52.356221,4.909817,3,Amsterdam,NL
Amsterdam,Amsterdam_T2,02:00:00:02:47:d2,2026-08-10 00:14:36,25.1,52.361943,4.90485599999996,9,Amsterdam,NL
Amsterdam,Amsterdam_T2,02:00:00:04:a6:8a,2026-08-10 00:11:00,23.7,52.3607,4.9243,1,Amsterdam,NL
Amsterdam,Amsterdam_T2,02:00:00:b2:b2:58,2026-08-10 00:18:05,22.6,52.357371,4.926031,3,Amsterdam,NL
Amsterdam,Amsterdam_T2,02:00:00:9b:51:e4,2026-08-10 00:14:03,22.7,52.360158,4.925819,2,Amsterdam,NL
Amsterdam,Amsterdam_T2,02:00:00:2a:fe:a6,2026-08-10 00:16:53,24.5,52.3572889935944,4.94533920674587,0,Amsterdam,NL
Amsterdam,Amsterdam_T2,02:00:00:3f:6a:62,2026-08-10 00:15:43,25.2,52.363079,4.979751,0,Amsterdam,NL
Amsterdam,Amsterdam_T2,02:00:00:b2:c1:1a,2026-08-10 00:11:20,23.6,52.359813,4.995219,0,Amsterdam,NL
Amsterdam,Amsterdam_T2,02:00:00:c6:24:60,2026-08-10 00:18:09,23.0,52.3561316,5.0025093,0,Amsterdam,NL
Amsterdam,Amsterdam_T2,02:00:00:83:d1:bc,2026-08-10 00:14:25,25.1,52.373107,4.810869,0,Amsterdam,NL
Amsterdam,Amsterdam_T2,02:00:00:83:eb:6a,2026-08-10 00:15:41,23.9,52.3771819548297,4.818619891921,1,Amsterdam,NL
Amsterdam,Amsterdam_T2,02:00:00:1b:1b:36,2026-08-10 00:16:38,26.1,52.374821,4.822411,3,Amsterdam,NL
Amsterdam,Amsterdam_T2,02:00:00:53:50:72,2026-08-10 00:14:03,23.5,52.375709,4.83394,1,Amsterdam,NL
Amsterdam,Amsterdam_T2,02:00:00:af:8c:48,2026-08-10 00:18:52,23.4,52.379386,4.839399,2,Amsterdam,NL
Amsterdam,Amsterdam_T2,02:00:00:7a:7d:7c,2026-08-10 00:15:26,23.0,52.376183,4.8480215,3,Amsterdam,NL
Amsterdam,Amsterdam_T2,02:00:00:01:3a:a4,2026-08-10 00:17:22,24.8,52.3690986633301,4.85776948928833,2,Amsterdam,NL
Amsterdam,Amsterdam_T2,02:00:00:2b:49:82,2026-08-10 00:14:50,24.6,52.3727766,4.8646089,4,Amsterdam,NL
Amsterdam,Amsterdam_T2,02:00:00:6b:32:8c,2026-08-10 00:15:49,23.6,52.370501,4.874214,6,Amsterdam,NL
Amsterdam,Amsterdam_T2,02:00:00:af:9a:18,2026-08-10 00:17:34,24.3,52.371666,4.881638,9,Amsterdam,NL
Amsterdam,Amsterdam_T2,02:00:00:b8:e7:f0,2026-08-10 00:18:36,24.1,52.371671,4.887671,9,Amsterdam,NL
Amsterdam,Amsterdam_T2,02:00:00:90:c0:3a,2026-08-10 00:19:28,25.8,52.370994,4.890507,9,Amsterdam,NL
Amsterdam,Amsterdam_T2,02:00:00:00:83:86,2026-08-10 00:12:41,23.6,52.3824005126953,4.89949989318848,1,Amsterdam,NL
Amsterdam,Amsterdam_T2,02:00:00:02:b1:b4,2026-08-10 00:09:54,23.1,52.3824005126953,4.89949989318848,1,Amsterdam,NL
Amsterdam,Amsterdam_T2,02:00:00:05:4c:84,2026-08-10 00:18:49,23.0,52.3824,4.8995,1,Amsterdam,NL
Amsterdam,Amsterdam_T2,02:00:00:6b:27:ca,2026-08-10 00:16:17,22.6,52.3687377628581,4.93161678314209,1,Amsterdam,NL
Amsterdam,Amsterdam_T2,02:00:00:9b:59:de,2026-08-10 00:18:42,23.9,52.369161,4.9326972000001,4,Amsterdam,NL
Amsterdam,Amsterdam_T2,02:00:00:bd:07:a6,2026-08-10 00:11:33,23.1,52.375199,4.931954,1,Amsterdam,NL
Amsterdam,Amsterdam_T2,02:00:00:c6:26:24,2026-08-10 00:11:56,23.9,52.3731658712137,4.96877610683441,1,Amsterdam,NL
Amsterdam,Amsterdam_T2,02:00:00:a2:31:fc,2026-08-10 00:13:37,24.1,52.3845558166504,4.86922264099121,7,Amsterdam,NL
Amsterdam,Amsterdam_T2,02:00:00:36:9f:fe,2026-08-10 00:11:13,23.1,52.383123,4.874172,6,Amsterdam,NL
Amsterdam,Amsterdam_T2,02:00:00:84:46:e2,2026-08-10 00:13:19,24.4,52.3929199123918,4.88645911216736,0,Amsterdam,NL
Amsterdam,Amsterdam_T2,02:00:00:af:30:44,2026-08-10 00:10:46,24.3,52.385656,4.891618,0,Amsterdam,NL
Amsterdam,Amsterdam_T2,02:00:00:01:29:cc,2026-08-10 00:18:04,23.7,52.385014,4.891942,2,Amsterdam,NL
Amsterdam,Amsterdam_T2,02:00:00:9d:1b:ac,2026-08-10 00:13:29,25.2,52.386736,4.900561,4,Amsterdam,NL
Amsterdam,Amsterdam_T2,02:00:00:7f:be:6c,2026-08-10 00:16:57,23.9,52.385614,4.901338,2,Amsterdam,NL
Amsterdam,Amsterdam_T2,02:00:00:1c:5a:de,2026-08-10 00:11:50,24.1,52.3861524614255,4.90178911562291,1,Amsterdam,NL
Amsterdam,Amsterdam_T2,02:00:00:2a:d6:c6,2026-08-10 00:16:01,23.5,52.3936767578125,4.9279146194458,0,Amsterdam,NL
Amsterdam,Amsterdam_T2,02:00:00:b2:ad:ea,2026-08-10 00:14:23,25.0,52.396946,4.937041,0,Amsterdam,NL
Amsterdam,Amsterdam_T2,02:00:00:53:1a:1a,2026-08-10 00:15:13,24.4,52.4043956578345,4.88842248916626,1,Amsterdam,NL
Amsterdam,Amsterdam_T2,02:00:00:af:9a:78,2026-08-10 00:13:53,23.6,52.4020652770996,4.89147710800171,0,Amsterdam,NL
Amsterdam,Amsterdam_T2,02:00:00:b5:76:26,2026-08-10 00:19:23,23.5,52.403811,4.914876,2,Amsterdam,NL
Amsterdam,Amsterdam_T2,02:00:00:84:9d:b8,2026-08-10 00:15:26,23.6,52.409513391525,4.90777124931917,3,Amsterdam,NL
Amsterdam,Amsterdam_T2,02:00:00:9b:5a:46,2026-08-10 00:11:06,23.3,52.4092,4.911,1,Amsterdam,NL
Amsterdam,Amsterdam_T2,02:00:00:bd:d9:9e,2026-08-10 00:14:38,23.5,52.407674,4.932463,0,Amsterdam,NL
Amsterdam,Amsterdam_T2,02:00:00:7f:d5:6c,2026-08-10 00:16:48,23.7,52.407289,4.935319,0,Amsterdam,NL
Amsterdam,Amsterdam_T2,02:00:00:63:2c:2a,2026-08-10 00:17:21,24.6,52.402984,4.945694,2,Amsterdam,NL
Amsterdam,Amsterdam_T2,02:00:00:63:32:ca,2026-08-10 00:15:02,23.4,52.400011,4.948339,0,Amsterdam,NL
Amsterdam,Amsterdam_T2,02:00:00:7f:c1:54,2026-08-10 00:15:15,24.6,52.3997152224585,4.95156731297681,0,Amsterdam,NL
Amsterdam,Amsterdam_T2,02:00:00:74:33:d4,2026-08-10 00:18:56,27.2,52.417055,4.825916,2,Amsterdam,NL
Amsterdam,Amsterdam_T2,02:00:00:70:5a:82,2026-08-10 00:17:04,23.5,52.420749,4.893155,0,Amsterdam,NL
Amsterdam,Amsterdam_T2,02:00:00:bd:c8:28,2026-08-10 00:11:39,24.4,52.4225551,4.8995336,0,Amsterdam,NL
Amsterdam,Amsterdam_T2,02:00:00:bd:d6:68,2026-08-10 00:15:36,22.0,52.4134732394671,5.02463681500691,0,Amsterdam,NL
Amsterdam,Amsterdam_T2,02:00:00:b2:be:dc,2026-08-10 00:11:24,23.4,52.4336802968209,4.80540275573731,0,Zaanstad,NL
Amsterdam,Amsterdam_T2,02:00:00:84:7f:c4,2026-08-10 00:20:04,23.5,52.4315445597503,4.8274827003479,2,Zaandam,NL
Amsterdam,Amsterdam_T2,02:00:00:c3:9d:f2,2026-08-10 00:12:58,24.3,52.432236,4.828755,2,Zaandam,NL
Amsterdam,Amsterdam_T2,02:00:00:63:1e:a2,2026-08-10 00:19:39,23.7,52.432955,4.829382,3,Zaandam,NL
Amsterdam,Amsterdam_T2,02:00:00:73:c0:fe,2026-08-10 00:17:01,24.5,52.428103,4.835043,0,Zaandam,NL
Amsterdam,Amsterdam_T2,02:00:00:04:60:50,2026-08-10 00:10:52,23.5,52.4362386996961,4.8581631145293,0,Oostzaan,NL
Amsterdam,Amsterdam_T2,02:00:00:01:16:2a,2026-08-10 00:17:50,25.0,52.434544,4.873619,0,Oostzaan,NL
Amsterdam,Amsterdam_T2,02:00:00:b2:a7:20,2026-08-10 00:18:55,23.7,52.4381484985352,4.87386560440063,1,Oostzaan,NL
Amsterdam,Amsterdam_T2,02:00:00:b5:05:fe,2026-08-10 00:18:59,23.7,52.43446,4.876556,0,Oostzaan,NL
Amsterdam,Amsterdam_T2,02:00:00:b8:ec:c0,2026-08-10 00:18:57,23.6,52.434645,4.88352290000002,0,Oostzaan,NL
Amsterdam,Amsterdam_T2,02:00:00:a4:16:16,2026-08-10 00:13:01,22.9,52.437968,4.884335,1,Oostzaan,NL
Amsterdam,Amsterdam_T2,02:00:00:2c:81:ba,2026-08-10 00:10:06,24.9,52.42855131,4.90767144000006,0,Landsmeer,NL
Amsterdam,Amsterdam_T2,02:00:00:7f:8e:40,2026-08-10 00:19:35,23.6,52.4295166584759,4.91431653499603,1,Landsmeer,NL
Amsterdam,Amsterdam_T2,02:00:00:b2:ac:88,2026-08-10 00:11:06,23.8,52.430258,4.915548,1,Landsmeer,NL
Amsterdam,Amsterdam_T2,02:00:00:19:9f:a0,2026-08-10 00:15:37,23.5,52.42952,4.922538,2,Landsmeer,NL
Amsterdam,Amsterdam_T2,02:00:00:b2:a8:40,2026-08-10 00:16:14,22.5,52.4277367607842,4.97108750037114,0,Watergang,NL
Amsterdam,Amsterdam_T2,02:00:00:03:66:0a,2026-08-10 00:19:36,22.5,52.435455,4.998643,0,Waterland,NL
Amsterdam,Amsterdam_T2,02:00:00:c5:39:e6,2026-08-10 00:15:46,21.2,52.4318871,5.00355289999993,0,Waterland,NL
Amsterdam,Amsterdam_T2,02:00:00:74:2f:bc,2026-08-10 00:17:35,23.3,52.441813,4.800982,2,Zaandam,NL
Amsterdam,Amsterdam_T2,02:00:00:3b:e3:ba,2026-08-10 00:15:46,24.2,52.446107,4.818733,4,Zaandam,NL
Amsterdam,Amsterdam_T2,02:00:00:90:6d:84,2026-08-10 00:11:08,23.7,52.451797,4.81541440000003,0,Zaandam,NL
Amsterdam,Amsterdam_T2,02:00:00:84:6d:0c,2026-08-10 00:19:38,23.5,52.451021,4.819376,0,Zaandam,NL
Amsterdam,Amsterdam_T2,02:00:00:64:1b:8a,2026-08-10 00:16:32,24.4,52.44757,4.87087999999997,0,Oostzaan,NL
Amsterdam,Amsterdam_T2,02:00:00:70:48:54,2026-08-10 00:15:53,23.3,52.4493083,4.87009850000007,0,Oostzaan,NL
Amsterdam,Amsterdam_T2,02:00:00:70:51:98,2026-08-10 00:15:55,23.1,52.449376,4.873678,0,Oostzaan,NL
Amsterdam,Amsterdam_T2,02:00:00:8d:e0:2e,2026-08-10 00:13:21,22.3,52.453716,5.033896,1,Monnickendam,NL
Amsterdam,Amsterdam_T2,02:00:00:74:38:ae,2026-08-10 00:11:42,24.1,52.448765,5.040629,0,Monnickendam,NL
Amsterdam,Amsterdam_T2,02:00:00:65:7b:60,2026-08-10 00:15:52,22.1,52.45517,4.796338,0,Koog aan de Zaan,NL
Amsterdam,Amsterdam_T2,02:00:00:65:85:14,2026-08-10 00:20:02,22.4,52.460911,4.798072,0,Koog aan de Zaan,NL
Amsterdam,Amsterdam_T2,02:00:00:70:59:8a,2026-08-10 00:19:33,22.6,52.461746,4.800009,0,Zaanstad,NL
Amsterdam,Amsterdam_T2,02:00:00:b2:a4:56,2026-08-10 00:19:13,23.1,52.458013,4.806933,1,Koog aan de Zaan,NL
Amsterdam,Amsterdam_T2,02:00:00:12:55:1a,2026-08-10 00:14:09,24.9,52.4596497323282,4.81831419827456,3,Zaanstad,NL
Amsterdam,Amsterdam_T2,02:00:00:83:c1:36,2026-08-10 00:15:30,23.9,52.46779,4.833544,2,Zaandam,NL
Amsterdam,Amsterdam_T2,02:00:00:65:59:44,2026-08-10 00:14:25,22.1,52.46492,4.947995,0,Landsmeer,NL
Amsterdam,Amsterdam_T2,02:00:00:83:fe:54,2026-08-10 00:10:50,22.2,52.473273,4.792316,1,Zaandijk,NL
Amsterdam,Amsterdam_T2,02:00:00:af:6e:4c,2026-08-10 00:05:26,23.2,52.472511,4.809806,1,Zaandijk,NL
Amsterdam,Amsterdam_T2,02:00:00:14:3f:f0,2026-08-10 00:16:48,22.7,52.478533,4.808805,0,Zaandijk,NL
Amsterdam,Amsterdam_T2,02:00:00:ab:f0:04,2026-08-10 00:14:53,23.3,52.4732402,4.82852159999997,1,Zaanstad,NL
Rotterdam,Rotterdam_T1,02:00:00:9b:4c:a4,2026-08-10 00:19:12,22.0,51.9777136658191,4.23938155174255,2,De Lier,NL
Rotterdam,Rotterdam_T1,02:00:00:9b:5b:c6,2026-08-10 00:19:36,21.8,51.977076,4.253869,0,De Lier,NL
Rotterdam,Rotterdam_T1,02:00:00:12:3f:7e,2026-08-10 00:18:44,23.1,51.9777984619141,4.25448846817017,0,Westland,NL
Rotterdam,Rotterdam_T1,02:00:00:69:27:02,2026-08-10 00:17:36,21.2,51.9722182620618,4.31247174739838,0,Midden-Delfland,NL
Rotterdam,Rotterdam_T1,02:00:00:80:15:88,2026-08-10 00:18:30,21.7,51.972873,4.316429,0,Schipluiden,NL
Rotterdam,Rotterdam_T1,02:00:00:31:bb:04,2026-08-10 00:20:04,21.5,51.9756235520416,4.31817887889974,0,Midden-Delfland,NL
Rotterdam,Rotterdam_T1,02:00:00:c2:41:46,2026-08-10 00:16:51,21.9,51.975427,4.318863,0,Schipluiden,NL
Rotterdam,Rotterdam_T1,02:00:00:36:d0:7c,2026-08-10 00:12:23,23.3,51.979279,4.462594,0,Berkel en Rodenrijs,NL
Rotterdam,Rotterdam_T1,02:00:00:a9:76:1c,2026-08-10 00:20:19,19.2,51.981891,4.2977,0,De Lier,NL
Rotterdam,Rotterdam_T1,02:00:00:2e:f4:ba,2026-08-10 00:19:05,22.2,51.987071,4.335942,0,Delft,NL
Rotterdam,Rotterdam_T1,02:00:00:1b:0b:86,2026-08-10 00:11:14,23.3,51.986908,4.33956,1,Delft,NL
Rotterdam,Rotterdam_T1,02:00:00:00:d0:0c,2026-08-10 00:17:19,22.2,51.9839945165902,4.34705013511854,0,Delft,NL
Rotterdam,Rotterdam_T1,02:00:00:ab:ef:78,2026-08-10 00:13:08,22.3,51.983687,4.36361,0,Delft,NL
Rotterdam,Rotterdam_T1,02:00:00:03:d9:e6,2026-08-10 00:15:57,22.0,51.9828491210938,4.36704349517822,1,Delft,NL
Rotterdam,Rotterdam_T1,02:00:00:29:47:04,2026-08-10 00:08:37,22.1,51.981086,4.464655,0,Berkel en Rodenrijs,NL
Rotterdam,Rotterdam_T1,02:00:00:9c:f8:c8,2026-08-10 00:19:44,22.1,51.985931,4.466015,0,Berkel en Rodenrijs,NL
Rotterdam,Rotterdam_T1,02:00:00:74:0c:06,2026-08-10 00:20:20,22.2,51.9869778032792,4.46788129716243,0,Berkel en Rodenrijs,NL
Rotterdam,Rotterdam_T1,02:00:00:a4:38:c4,2026-08-10 00:18:39,22.7,51.986896,4.488027,0,Bergschenhoek,NL
Rotterdam,Rotterdam_T1,02:00:00:a9:61:68,2026-08-10 00:14:15,24.7,51.9865055199817,4.49336396638479,0,Bergschenhoek,NL
Rotterdam,Rotterdam_T1,02:00:00:96:b6:04,2026-08-10 00:16:03,23.1,51.99125,4.4877768,0,Bergschenhoek,NL
Rotterdam,Rotterdam_T1,02:00:00:b4:ff:28,2026-08-10 00:18:43,20.1,52.0091355113173,4.31912079992133,0,Den Hoorn,NL
Rotterdam,Rotterdam_T1,02:00:00:27:41:d4,2026-08-10 00:15:37,22.7,52.000913,4.326118,0,Den Hoorn,NL
Rotterdam,Rotterdam_T1,02:00:00:58:d1:1c,2026-08-10 00:18:18,22.5,51.9999732971191,4.3280463218689,0,Midden-Delfland,NL
Rotterdam,Rotterdam_T1,02:00:00:3f:20:18,2026-08-10 00:20:33,22.3,52.0031479623561,4.33911877594167,0,Midden-Delfland,NL
Rotterdam,Rotterdam_T1,02:00:00:6b:55:b2,2026-08-10 00:11:31,21.9,52.0014290240874,4.34405744075775,1,Delft,NL
Rotterdam,Rotterdam_T1,02:00:00:12:3b:66,2026-08-10 00:15:31,22.2,52.0073928833008,4.34886169433594,2,Delft,NL
Rotterdam,Rotterdam_T1,02:00:00:b2:c1:72,2026-08-10 00:16:47,23.5,52.0013046264648,4.36315441131592,1,Delft,NL
Rotterdam,Rotterdam_T1,02:00:00:a9:cf:96,2026-08-10 00:16:06,22.4,52.0042,4.366748,3,Delft,NL
Rotterdam,Rotterdam_T1,02:00:00:2b:0c:ca,2026-08-10 00:20:34,22.4,52.004136,4.367653,2,Delft,NL
Rotterdam,Rotterdam_T1,02:00:00:36:b9:26,2026-08-10 00:17:55,21.8,52.002996,4.390715,0,Pijnacker-Nootdorp,NL
Rotterdam,Rotterdam_T1,02:00:00:02:d4:ca,2026-08-10 00:11:12,21.8,52.006451,4.393051,0,Delfgauw,NL
Rotterdam,Rotterdam_T1,02:00:00:65:4b:88,2026-08-10 00:13:21,22.5,52.003245,4.39582,0,Delfgauw,NL
Rotterdam,Rotterdam_T1,02:00:00:13:13:f4,2026-08-10 00:14:47,21.9,52.0072021484375,4.43953990936279,0,Pijnacker-Nootdorp,NL
Rotterdam,Rotterdam_T1,02:00:00:74:30:02,2026-08-10 00:12:32,23.2,52.008091,4.438843,0,Pijnacker,NL
Rotterdam,Rotterdam_T1,02:00:00:84:01:a6,2026-08-10 00:20:34,22.2,52.0024573,4.44409830000009,0,Pijnacker,NL
Rotterdam,Rotterdam_T1,02:00:00:73:f9:b6,2026-08-10 00:20:36,23.5,51.996857,4.482029,0,Berkel en Rodenrijs,NL
Rotterdam,Rotterdam_T1,02:00:00:64:f2:d6,2026-08-10 00:14:10,24.3,51.996821,4.497728,0,Lansingerland,NL
Rotterdam,Rotterdam_T1,02:00:00:21:10:32,2026-08-10 00:10:47,23.2,52.005954,4.494528,0,Berkel en Rodenrijs,NL
Rotterdam,Rotterdam_T1,02:00:00:33:39:0e,2026-08-10 00:19:07,23.0,52.0094959,4.22577910000002,1,Honselersdijk,NL
Rotterdam,Rotterdam_T1,02:00:00:29:2a:c0,2026-08-10 00:13:03,21.7,52.02337,4.220457,2,Westland,NL
Rotterdam,Rotterdam_T1,02:00:00:af:a2:1e,2026-08-10 00:11:17,22.7,52.0114288330078,4.23682832717896,0,Honselersdijk,NL
Rotterdam,Rotterdam_T1,02:00:00:b5:87:84,2026-08-10 00:18:34,22.4,52.017124,4.2579894,0,Kwintsheul,NL
Rotterdam,Rotterdam_T1,02:00:00:28:75:9e,2026-08-10 00:14:20,22.2,52.019287,4.27351,0,Wateringen,NL
Rotterdam,Rotterdam_T1,02:00:00:64:4a:20,2026-08-10 00:12:38,23.3,52.0197136756348,4.2759301112452,0,Westland,NL
Rotterdam,Rotterdam_T1,02:00:00:bd:d9:7e,2026-08-10 00:10:29,23.6,52.020915,4.274324,0,Wateringen,NL
Rotterdam,Rotterdam_T1,02:00:00:83:e8:12,2026-08-10 00:11:11,22.2,52.023422,4.29397600000003,0,The Hague,NL
Rotterdam,Rotterdam_T1,02:00:00:19:17:0e,2026-08-10 00:15:25,21.3,52.018548,4.295847,0,The Hague,NL
Rotterdam,Rotterdam_T1,02:00:00:71:5c:e6,2026-08-10 00:15:42,21.6,52.01805,4.302916,0,The Hague,NL
Rotterdam,Rotterdam_T1,02:00:00:22:d7:70,2026-08-10 00:20:03,20.9,52.00943,4.317615,0,Den Hoorn,NL
Rotterdam,Rotterdam_T1,02:00:00:70:1a:e4,2026-08-10 00:18:38,21.9,52.0205689614062,4.3267818203617,0,Rijswijk,NL
Rotterdam,Rotterdam_T1,02:00:00:b5:8a:c6,2026-08-10 00:19:24,22.0,52.0131973542606,4.32965307036136,0,Delft,NL
Rotterdam,Rotterdam_T1,02:00:00:b5:7e:34,2026-08-10 00:12:54,22.1,52.012931,4.346575,0,Delft,NL
Rotterdam,Rotterdam_T1,02:00:00:6b:55:d8,2026-08-10 00:19:24,22.1,52.015305,4.347083,0,Delft,NL
Rotterdam,Rotterdam_T1,02:00:00:1c:6b:82,2026-08-10 00:14:11,22.9,52.0116997092447,4.35931085747077,2,Delft,NL
Rotterdam,Rotterdam_T1,02:00:00:03:03:36,2026-08-10 00:18:54,24.3,52.013937,4.35952,2,Delft,NL
Rotterdam,Rotterdam_T1,02:00:00:c6:16:e6,2026-08-10 00:16:29,22.6,52.0145850798548,4.3632990298061,3,Delft,NL
Rotterdam,Rotterdam_T1,02:00:00:b5:76:72,2026-08-10 00:13:45,23.2,52.015286,4.36240000000006,2,Delft,NL
Rotterdam,Rotterdam_T1,02:00:00:7f:be:72,2026-08-10 00:19:06,22.3,52.010014,4.396196,0,Delfgauw,NL
Rotterdam,Rotterdam_T1,02:00:00:b2:bc:36,2026-08-10 00:14:26,21.9,52.0110044,4.39716220000005,0,Delfgauw,NL
Rotterdam,Rotterdam_T1,02:00:00:28:c6:a0,2026-08-10 00:14:13,22.3,52.017348,4.430074,0,Pijnacker,NL
Rotterdam,Rotterdam_T1,02:00:00:00:de:d2,2026-08-10 00:09:26,24.8,52.0194,4.433978,0,Pijnacker,NL
Rotterdam,Rotterdam_T1,02:00:00:12:50:a2,2026-08-10 00:13:30,25.1,52.017736,4.437464,0,Pijnacker,NL
Rotterdam,Rotterdam_T1,02:00:00:70:57:a6,2026-08-10 00:12:57,24.1,52.032335,4.226106,0,Poeldijk,NL
Rotterdam,Rotterdam_T1,02:00:00:05:5e:6c,2026-08-10 00:14:10,21.3,52.025398,4.250405,0,Kwintsheul,NL
Rotterdam,Rotterdam_T1,02:00:00:70:54:ae,2026-08-10 00:13:58,22.9,52.0250261772123,4.27339867029308,1,Westland,NL
Rotterdam,Rotterdam_T1,02:00:00:05:48:58,2026-08-10 00:10:43,22.9,52.027597,4.271085,1,Wateringen,NL
Rotterdam,Rotterdam_T1,02:00:00:2a:e8:a2,2026-08-10 00:11:40,22.5,52.0274806532426,4.276895,0,Wateringen,NL
Rotterdam,Rotterdam_T1,02:00:00:8d:db:56,2026-08-10 00:12:13,21.9,52.028558,4.290961,0,The Hague,NL
Rotterdam,Rotterdam_T1,02:00:00:1c:6b:56,2026-08-10 00:10:53,22.0,52.027407,4.296706,0,The Hague,NL
Rotterdam,Rotterdam_T1,02:00:00:2c:fa:1c,2026-08-10 00:12:14,22.5,52.030983,4.29965,0,Rijswijk,NL
Rotterdam,Rotterdam_T1,02:00:00:53:21:c0,2026-08-10 00:16:43,23.1,52.026369,4.315001,5,Rijswijk,NL
Rotterdam,Rotterdam_T1,02:00:00:02:b3:4e,2026-08-10 00:16:36,23.1,52.0342742560364,4.31400057155358,5,Rijswijk,NL
Rotterdam,Rotterdam_T1,02:00:00:a9:80:40,2026-08-10 00:20:08,22.9,52.0342742560364,4.31400057155358,5,Rijswijk,NL
Rotterdam,Rotterdam_T1,02:00:00:bc:cf:a6,2026-08-10 00:12:43,21.8,52.027324,4.337618,0,Rijswijk,NL
Rotterdam,Rotterdam_T1,02:00:00:b5:12:ea,2026-08-10 00:10:32,22.3,52.026608,4.338886,0,Rijswijk,NL
Rotterdam,Rotterdam_T1,02:00:00:31:d6:92,2026-08-10 00:17:38,22.9,52.02583,4.35241999999998,1,Rijswijk,NL
Rotterdam,Rotterdam_T1,02:00:00:13:04:9e,2026-08-10 00:12:02,23.0,52.03365,4.36187000000005,0,The Hague,NL
Rotterdam,Rotterdam_T1,02:00:00:01:57:92,2026-08-10 00:15:21,22.8,52.031365,4.377341,0,The Hague,NL
Rotterdam,Rotterdam_T1,02:00:00:a9:4a:ba,2026-08-10 00:13:51,22.9,52.0350194,4.3863817,0,The Hague,NL
Rotterdam,Rotterdam_T1,02:00:00:a9:7d:2a,2026-08-10 00:19:23,23.1,52.0370407104492,4.387122631073,0,The Hague,NL
Rotterdam,Rotterdam_T1,02:00:00:03:5e:4a,2026-08-10 00:08:21,22.3,52.0296166,4.455603,0,Pijnacker-Nootdorp,NL
Rotterdam,Rotterdam_T1,02:00:00:14:3f:68,2026-08-10 00:19:04,22.5,52.0245126066557,4.47967126733552,0,Berkel en Rodenrijs,NL
Rotterdam,Rotterdam_T1,02:00:00:9d:26:d2,2026-08-10 00:11:02,23.3,52.033127,4.481348,0,Zoetermeer,NL
Rotterdam,Rotterdam_T1,02:00:00:b0:a4:94,2026-08-10 00:15:18,24.6,52.0349044799805,4.49338150024414,0,Zoetermeer,NL
Rotterdam,Rotterdam_T1,02:00:00:7f:ce:6a,2026-08-10 00:20:10,21.7,52.039398,4.222245,0,The Hague,NL
Rotterdam,Rotterdam_T1,02:00:00:05:53:60,2026-08-10 00:15:56,22.7,52.041561,4.223035,0,The Hague,NL
Rotterdam,Rotterdam_T1,02:00:00:b5:81:58,2026-08-10 00:15:05,21.8,52.04823,4.21922900000002,1,The Hague,NL
Rotterdam,Rotterdam_T1,02:00:00:63:20:26,2026-08-10 00:11:20,22.1,52.05232,4.251573,1,The Hague,NL
Rotterdam,Rotterdam_T1,02:00:00:3d:1d:84,2026-08-10 00:15:31,22.4,52.0434,4.2591,0,The Hague,NL
Rotterdam,Rotterdam_T1,02:00:00:1b:1c:14,2026-08-10 00:19:43,21.4,52.039697,4.2956717,1,Rijswijk,NL
Rotterdam,Rotterdam_T1,02:00:00:af:80:9a,2026-08-10 00:11:18,22.1,52.0515206687929,4.30651038776614,5,The Hague,NL
Rotterdam,Rotterdam_T1,02:00:00:b5:80:d2,2026-08-10 00:10:55,23.1,52.0440782777029,4.33701086525241,6,Rijswijk,NL
Rotterdam,Rotterdam_T1,02:00:00:c5:35:a4,2026-08-10 00:16:36,23.4,52.045882,4.346406,1,Rijswijk,NL
Rotterdam,Rotterdam_T1,02:00:00:9c:d7:78,2026-08-10 00:18:56,22.5,52.040264,4.362028,0,The Hague,NL
Rotterdam,Rotterdam_T1,02:00:00:1c:7e:ae,2026-08-10 00:13:42,21.8,52.038915,4.366131,0,The Hague,NL
Rotterdam,Rotterdam_T1,02:00:00:33:d0:1a,2026-08-10 00:13:11,22.9,52.04705,4.3624587,0,The Hague,NL
Rotterdam,Rotterdam_T1,02:00:00:7f:a7:ea,2026-08-10 00:15:04,22.9,52.0380073,4.38669640000001,-2,Den Haag,NL
Rotterdam,Rotterdam_T1,02:00:00:b5:9b:88,2026-08-10 00:11:51,23.0,52.049105,4.3917539,0,Pijnacker-Nootdorp,NL
Rotterdam,Rotterdam_T1,02:00:00:7a:85:7a,2026-08-10 00:18:16,23.3,52.04019,4.4010053,0,Nootdorp,NL
Rotterdam,Rotterdam_T1,02:00:00:04:95:2e,2026-08-10 00:16:48,22.7,52.051678,4.459339,0,Zoetermeer,NL
Rotterdam,Rotterdam_T1,02:00:00:c2:39:7e,2026-08-10 00:10:49,23.0,52.040937,4.464689,0,Zoetermeer,NL
Rotterdam,Rotterdam_T1,02:00:00:70:19:8e,2026-08-10 00:17:27,22.4,52.0391425410585,4.47068751201742,0,Pijnacker,NL
Rotterdam,Rotterdam_T1,02:00:00:64:2f:10,2026-08-10 00:20:27,22.4,52.0396681479356,4.47937465183982,0,Zoetermeer,NL
Rotterdam,Rotterdam_T1,02:00:00:84:71:4e,2026-08-10 00:15:32,22.7,52.04283,4.481998,0,Zoetermeer,NL
Rotterdam,Rotterdam_T1,02:00:00:c2:2a:de,2026-08-10 00:17:14,23.1,52.051404,4.480147,4,Zoetermeer,NL
Rotterdam,Rotterdam_T1,02:00:00:00:0d:c6,2026-08-10 00:12:07,24.3,52.0604822,4.22709759999997,5,The Hague,NL
Rotterdam,Rotterdam_T1,02:00:00:70:28:12,2026-08-10 00:12:46,23.5,52.05711,4.232334,7,The Hague,NL
Rotterdam,Rotterdam_T1,02:00:00:7f:a4:9a,2026-08-10 00:19:41,22.7,52.059046,4.233398,2,The Hague,NL
Rotterdam,Rotterdam_T1,02:00:00:58:eb:68,2026-08-10 00:17:11,22.7,52.056455,4.25136,1,The Hague,NL
Rotterdam,Rotterdam_T1,02:00:00:b2:b9:f8,2026-08-10 00:18:31,23.5,52.053307,4.264459,2,The Hague,NL
Rotterdam,Rotterdam_T1,02:00:00:b2:c7:2e,2026-08-10 00:13:42,22.7,52.057717,4.263868,0,The Hague,NL
Rotterdam,Rotterdam_T1,02:00:00:1c:6a:60,2026-08-10 00:17:59,23.8,52.0528657,4.27534449999996,3,The Hague,NL
Rotterdam,Rotterdam_T1,02:00:00:90:b2:b8,2026-08-10 00:14:24,22.8,52.061347,4.271548,0,The Hague,NL
Rotterdam,Rotterdam_T1,02:00:00:3f:4b:7e,2026-08-10 00:12:43,23.1,52.058453,4.275181,5,The Hague,NL
Rotterdam,Rotterdam_T1,02:00:00:32:c7:32,2026-08-10 00:13:45,22.3,52.055505,4.298573,0,The Hague,NL
Rotterdam,Rotterdam_T1,02:00:00:84:5b:7a,2026-08-10 00:18:57,22.3,52.058479,4.307849,1,The Hague,NL
Rotterdam,Rotterdam_T1,02:00:00:74:79:0a,2026-08-10 00:15:48,23.3,52.056946,4.3102584,0,The Hague,NL
Rotterdam,Rotterdam_T1,02:00:00:29:2d:00,2026-08-10 00:19:42,22.3,52.0573602189514,4.31402668796871,3,The Hague,NL
Rotterdam,Rotterdam_T1,02:00:00:c5:33:8e,2026-08-10 00:18:15,23.5,52.0541152954102,4.31790542602539,2,The Hague,NL
Rotterdam,Rotterdam_T1,02:00:00:6b:31:84,2026-08-10 00:11:27,22.6,52.0592533,4.3277548,2,The Hague,NL
Rotterdam,Rotterdam_T1,02:00:00:6b:28:e4,2026-08-10 00:15:28,21.8,52.054781,4.338274,1,Rijswijk,NL
Rotterdam,Rotterdam_T1,02:00:00:bd:cb:3e,2026-08-10 00:11:26,22.6,52.056893,4.338716,3,Rijswijk,NL
Rotterdam,Rotterdam_T1,02:00:00:a4:49:04,2026-08-10 00:15:01,22.4,52.0556912815337,4.34021632718826,3,Rijswijk,NL
Rotterdam,Rotterdam_T1,02:00:00:90:7d:2a,2026-08-10 00:19:39,22.8,52.058655,4.3924623,0,The Hague,NL
Rotterdam,Rotterdam_T1,02:00:00:52:db:7e,2026-08-10 00:15:15,22.0,52.065982,4.394288,0,The Hague,NL
Rotterdam,Rotterdam_T1,02:00:00:16:13:c6,2026-08-10 00:17:07,22.7,52.0577913193717,4.39479947090149,0,The Hague,NL
Rotterdam,Rotterdam_T1,02:00:00:5f:25:a2,2026-08-10 00:15:10,22.8,52.063211,4.411913,0,The Hague,NL
Rotterdam,Rotterdam_T1,02:00:00:5e:fb:6e,2026-08-10 00:14:57,21.8,52.054639612905,4.4578184056046,0,Zoetermeer,NL
Rotterdam,Rotterdam_T1,02:00:00:b5:b8:f8,2026-08-10 00:17:34,21.8,52.058436,4.45896010000001,0,Zoetermeer,NL
Rotterdam,Rotterdam_T1,02:00:00:2c:ac:72,2026-08-10 00:14:37,21.8,52.059934,4.459418,0,Zoetermeer,NL
Rotterdam,Rotterdam_T1,02:00:00:53:56:96,2026-08-10 00:19:32,23.0,52.0613346,4.4883785,2,Zoetermeer,NL
Rotterdam,Rotterdam_T1,02:00:00:01:91:08,2026-08-10 00:14:05,24.0,52.064108,4.491769,0,Zoetermeer,NL
Rotterdam,Rotterdam_T1,02:00:00:13:3c:52,2026-08-10 00:10:49,24.0,52.0642433166504,4.48782014846802,0,Zoetermeer,NL
Rotterdam,Rotterdam_T1,02:00:00:bd:ed:76,2026-08-10 00:16:35,22.9,52.069173,4.220754,12,The Hague,NL
Rotterdam,Rotterdam_T1,02:00:00:17:f3:26,2026-08-10 00:19:50,23.4,52.068519,4.221414,13,The Hague,NL
Rotterdam,Rotterdam_T1,02:00:00:bd:20:46,2026-08-10 00:18:26,22.6,52.0684852600098,4.22791767120361,4,The Hague,NL
Rotterdam,Rotterdam_T1,02:00:00:1c:7f:64,2026-08-10 00:18:49,23.2,52.0743044529233,4.2459826422213,4,The Hague,NL
Rotterdam,Rotterdam_T1,02:00:00:af:67:ca,2026-08-10 00:17:37,22.9,52.0680697978153,4.25281722806606,3,The Hague,NL
Rotterdam,Rotterdam_T1,02:00:00:b5:9f:fe,2026-08-10 00:15:08,24.0,52.0740373597357,4.25381900000005,8,The Hague,NL
Rotterdam,Rotterdam_T1,02:00:00:b5:07:b6,2026-08-10 00:17:13,22.7,52.073517,4.267079,4,The Hague,NL
Rotterdam,Rotterdam_T1,02:00:00:2a:f7:60,2026-08-10 00:19:03,22.5,52.074364,4.272827,5,The Hague,NL
Rotterdam,Rotterdam_T1,02:00:00:a9:50:6a,2026-08-10 00:18:04,22.9,52.0777282714844,4.2766900062561,4,The Hague,NL
Rotterdam,Rotterdam_T1,02:00:00:65:54:d0,2026-08-10 00:10:32,23.8,52.0732832781559,4.29107268344232,2,The Hague,NL
Rotterdam,Rotterdam_T1,02:00:00:8d:d5:d2,2026-08-10 00:19:42,22.8,52.071887,4.300635,4,The Hague,NL
Rotterdam,Rotterdam_T1,02:00:00:02:7a:f6,2026-08-10 00:14:29,22.3,52.0689179,4.3058197,2,The Hague,NL
Rotterdam,Rotterdam_T1,02:00:00:3f:48:00,2026-08-10 00:18:53,22.8,52.0710033960706,4.32261879386951,4,The Hague,NL
Rotterdam,Rotterdam_T1,02:00:00:27:57:8e,2026-08-10 00:13:17,24.4,52.0758551732259,4.31446773580824,5,The Hague,NL
Rotterdam,Rotterdam_T1,02:00:00:c3:b3:c2,2026-08-10 00:19:20,23.4,52.075512,4.31475,4,The Hague,NL
Rotterdam,Rotterdam_T1,02:00:00:9b:63:86,2026-08-10 00:14:25,22.9,52.0671907704763,4.34948086738587,2,The Hague,NL
Rotterdam,Rotterdam_T1,02:00:00:73:bf:68,2026-08-10 00:19:25,23.3,52.07701,4.3427534,1,Voorburg,NL
Rotterdam,Rotterdam_T1,02:00:00:74:18:0c,2026-08-10 00:16:50,24.1,52.076791,4.345605,3,Voorburg,NL
Rotterdam,Rotterdam_T1,02:00:00:5e:d3:e0,2026-08-10 00:11:03,24.0,52.0747919334922,4.3629991169802,3,Voorburg,NL
Rotterdam,Rotterdam_T1,02:00:00:14:4a:38,2026-08-10 00:18:59,24.1,52.077178,4.359944,2,Voorburg,NL
Rotterdam,Rotterdam_T1,02:00:00:33:cc:30,2026-08-10 00:15:27,23.7,52.08009,4.361759,3,Voorburg,NL
Rotterdam,Rotterdam_T1,02:00:00:39:f8:c2,2026-08-10 00:17:17,23.0,52.078976,4.387728,0,Voorburg,NL
Rotterdam,Rotterdam_T1,02:00:00:bd:ca:72,2026-08-10 00:15:59,22.4,52.080704,4.394138,1,Leidschendam,NL
Rotterdam,Rotterdam_T1,02:00:00:74:31:ae,2026-08-10 00:18:37,23.3,52.0729674945782,4.40578743991779,0,The Hague,NL
Rotterdam,Rotterdam_T1,02:00:00:a4:45:56,2026-08-10 00:17:02,22.4,52.0678863525391,4.47134017944336,0,Zoetermeer,NL
Rotterdam,Rotterdam_T1,02:00:00:29:2e:44,2026-08-10 00:13:49,22.9,52.067863,4.473864,0,Zoetermeer,NL
Rotterdam,Rotterdam_T1,02:00:00:b9:11:7c,2026-08-10 00:20:54,22.5,52.0680732727051,4.47749948501587,0,Zoetermeer,NL
Rotterdam,Rotterdam_T1,02:00:00:28:a6:32,2026-08-10 00:12:13,22.6,52.0709019617043,4.49143366943841,0,Zoetermeer,NL
Rotterdam,Rotterdam_T1,02:00:00:06:8d:26,2026-08-10 00:16:45,22.9,52.0732626253946,4.49771213376639,0,Zoetermeer,NL
Rotterdam,Rotterdam_T1,02:00:00:33:e4:42,2026-08-10 00:17:23,22.9,52.093006,4.260304,9,The Hague,NL
Rotterdam,Rotterdam_T1,02:00:00:3c:f5:1e,2026-08-10 00:19:41,22.9,52.084589,4.265981,5,The Hague,NL
Rotterdam,Rotterdam_T1,02:00:00:b5:95:58,2026-08-10 00:11:33,22.6,52.082624,4.273059,6,The Hague,NL
Rotterdam,Rotterdam_T1,02:00:00:b2:bf:d0,2026-08-10 00:10:20,22.9,52.0948011,4.26743520000004,9,The Hague,NL
Rotterdam,Rotterdam_T1,02:00:00:7f:9c:8a,2026-08-10 00:12:47,23.6,52.081812,4.293372,5,The Hague,NL
Rotterdam,Rotterdam_T1,02:00:00:12:79:22,2026-08-10 00:16:48,22.9,52.081968,4.293328,5,The Hague,NL
Rotterdam,Rotterdam_T1,02:00:00:6b:3a:8a,2026-08-10 00:19:04,22.8,52.084518,4.294358,5,The Hague,NL
Rotterdam,Rotterdam_T1,02:00:00:b5:a4:2c,2026-08-10 00:17:18,23.6,52.085269,4.312957,5,The Hague,NL
Rotterdam,Rotterdam_T1,02:00:00:74:5d:f2,2026-08-10 00:19:30,24.3,52.094542,4.314409,14,The Hague,NL
Rotterdam,Rotterdam_T1,02:00:00:a4:4a:66,2026-08-10 00:09:16,22.6,52.082586,4.325077,11,The Hague,NL
Rotterdam,Rotterdam_T1,02:00:00:7f:9f:dc,2026-08-10 00:05:24,24.2,52.087727,4.338226,4,The Hague,NL
Rotterdam,Rotterdam_T1,02:00:00:a4:31:66,2026-08-10 00:16:29,22.6,52.088097,4.34402,3,The Hague,NL
Rotterdam,Rotterdam_T1,02:00:00:2f:37:b2,2026-08-10 00:18:45,23.4,52.081836,4.35154600000004,3,Voorburg,NL
Rotterdam,Rotterdam_T1,02:00:00:9d:0b:76,2026-08-10 00:11:59,23.3,52.08924,4.360338,1,The Hague,NL
Rotterdam,Rotterdam_T1,02:00:00:c2:32:c6,2026-08-10 00:16:50,23.4,52.092798,4.360844,4,The Hague,NL
Rotterdam,Rotterdam_T1,02:00:00:8d:e6:d2,2026-08-10 00:18:02,22.8,52.08936,4.371075,2,Voorburg,NL
Rotterdam,Rotterdam_T1,02:00:00:2b:23:24,2026-08-10 00:11:58,22.3,52.0822677612305,4.38621425628662,3,Leidschendam-Voorburg,NL
Rotterdam,Rotterdam_T1,02:00:00:b5:4f:c8,2026-08-10 00:20:31,22.1,52.083479,4.387075,2,Leidschendam,NL
Rotterdam,Rotterdam_T1,02:00:00:7f:b9:18,2026-08-10 00:16:35,22.8,52.08124,4.39291000000004,3,Leidschendam,NL
Rotterdam,Rotterdam_T1,02:00:00:02:a4:56,2026-08-10 00:16:33,22.5,52.09136,4.406312,2,Leidschendam,NL
Rotterdam,Rotterdam_T1,02:00:00:2b:14:b6,2026-08-10 00:19:40,22.1,52.093886,4.470451,0,Leidschendam-Voorburg,NL
Rotterdam,Rotterdam_T1,02:00:00:28:a0:ca,2026-08-10 00:15:10,21.8,52.0942794,4.47121889999994,0,Leidschendam-Voorburg,NL
Rotterdam,Rotterdam_T1,02:00:00:c2:46:e6,2026-08-10 00:20:25,23.4,52.1023684600997,4.26914454981171,9,The Hague,NL
Rotterdam,Rotterdam_T1,02:00:00:a2:47:68,2026-08-10 00:15:05,23.5,52.101233,4.270174,9,The Hague,NL
Rotterdam,Rotterdam_T1,02:00:00:03:b5:0e,2026-08-10 00:16:14,23.6,52.104506,4.268526,11,The Hague,NL
Rotterdam,Rotterdam_T1,02:00:00:bd:dc:50,2026-08-10 00:16:44,23.4,52.100603,4.300766,7,The Hague,NL
Rotterdam,Rotterdam_T1,02:00:00:2b:5c:e4,2026-08-10 00:11:27,23.1,52.1022,4.30135000000003,9,The Hague,NL
Rotterdam,Rotterdam_T1,02:00:00:13:4f:12,2026-08-10 00:15:35,22.9,52.0992527419219,4.31103944778442,4,The Hague,NL
Rotterdam,Rotterdam_T1,02:00:00:58:dd:f2,2026-08-10 00:12:04,24.8,52.0988402769097,4.31640163798878,4,The Hague,NL
Rotterdam,Rotterdam_T1,02:00:00:02:d6:b2,2026-08-10 00:20:18,22.7,52.10552,4.32258000000006,6,The Hague,NL
Rotterdam,Rotterdam_T1,02:00:00:64:35:f0,2026-08-10 00:14:47,22.9,52.0971897757407,4.33524702658857,1,The Hague,NL
Rotterdam,Rotterdam_T1,02:00:00:53:49:e8,2026-08-10 00:14:05,22.9,52.1093510610785,4.37356660986006,0,Wassenaar,NL
Rotterdam,Rotterdam_T1,02:00:00:22:e3:b6,2026-08-10 00:14:04,22.6,52.100779,4.39522,0,Leidschendam,NL
Rotterdam,Rotterdam_T1,02:00:00:84:17:0a,2026-08-10 00:17:38,22.3,52.10114,4.395529,0,Leidschendam,NL
Rotterdam,Rotterdam_T1,02:00:00:b2:b5:0e,2026-08-10 00:19:53,21.1,52.095997,4.414338,0,Leidschendam,NL
Rotterdam,Rotterdam_T1,02:00:00:7f:9c:26,2026-08-10 00:19:55,22.1,52.102006,4.407729,1,Leidschendam,NL
Rotterdam,Rotterdam_T1,02:00:00:01:7d:a8,2026-08-10 00:11:05,23.9,52.110059,4.27961500000007,7,The Hague,NL
Rotterdam,Rotterdam_T1,02:00:00:ab:ee:62,2026-08-10 00:11:37,22.9,52.1106910705566,4.28558301925659,9,The Hague,NL
Rotterdam,Rotterdam_T1,02:00:00:a4:6d:5a,2026-08-10 00:16:06,22.7,52.1107146213087,4.28671707760065,8,The Hague,NL
Rotterdam,Rotterdam_T1,02:00:00:33:fd:7c,2026-08-10 00:11:16,23.4,52.111572,4.372817,3,Wassenaar,NL
Rotterdam,Rotterdam_T1,02:00:00:a4:5c:34,2026-08-10 00:13:46,21.1,52.111214,4.436711,0,Voorschoten,NL
Rotterdam,Rotterdam_T1,02:00:00:73:be:68,2026-08-10 00:17:58,22.0,52.117177,4.443719,0,Voorschoten,NL
Rotterdam,Rotterdam_T1,02:00:00:bd:fb:dc,2026-08-10 00:14:52,21.3,52.1154891731743,4.44753679288679,0,Voorschoten,NL
Rotterdam,Rotterdam_T1,02:00:00:3b:ff:70,2026-08-10 00:12:37,22.5,52.1277061891672,4.36202768103674,6,Wassenaar,NL
Rotterdam,Rotterdam_T1,02:00:00:a4:47:d4,2026-08-10 00:16:02,23.4,52.12634,4.384166,2,Wassenaar,NL
Rotterdam,Rotterdam_T1,02:00:00:70:45:0e,2026-08-10 00:19:04,22.3,52.126899,4.437364,0,Voorschoten,NL
Rotterdam,Rotterdam_T1,02:00:00:19:3e:fc,2026-08-10 00:14:16,22.8,52.125274,4.442024,2,Voorschoten,NL
Rotterdam,Rotterdam_T1,02:00:00:bd:d9:62,2026-08-10 00:19:05,22.1,52.130948,4.456233,0,Voorschoten,NL
Rotterdam,Rotterdam_T1,02:00:00:04:77:ec,2026-08-10 00:13:13,21.5,52.137813,4.466427,0,Voorschoten,NL
Rotterdam,Rotterdam_T1,02:00:00:13:48:f2,2026-08-10 00:16:12,23.0,52.1383267055258,4.46930246147369,4,Leiden,NL
Rotterdam,Rotterdam_T1,02:00:00:7f:98:b0,2026-08-10 00:11:34,23.2,51.793851,4.277562,0,Goudswaard,NL
Rotterdam,Rotterdam_T1,02:00:00:84:01:f4,2026-08-10 00:11:30,21.3,51.795956,4.316063,0,Piershil,NL
Rotterdam,Rotterdam_T1,02:00:00:a4:53:38,2026-08-10 00:15:12,20.6,51.8061561584473,4.34367895126343,0,Nieuw-Beijerland,NL
Rotterdam,Rotterdam_T1,02:00:00:2e:c2:56,2026-08-10 00:16:28,20.1,51.803969,4.38881000000001,0,Hoeksche Waard,NL
Rotterdam,Rotterdam_T1,02:00:00:70:24:c0,2026-08-10 00:15:39,21.0,51.79538,4.47853999999995,0,Hoeksche Waard,NL
Rotterdam,Rotterdam_T1,02:00:00:8d:cf:32,2026-08-10 00:15:43,20.0,51.7989258,4.48003469999999,1,Mijnsheerenland,NL
Rotterdam,Rotterdam_T1,02:00:00:73:f0:94,2026-08-10 00:16:19,23.5,51.817669,4.261111,0,Zuidland,NL
Rotterdam,Rotterdam_T1,02:00:00:9d:1a:da,2026-08-10 00:16:14,24.5,51.8196411132812,4.26557016372681,0,Zuidland,NL
Rotterdam,Rotterdam_T1,02:00:00:17:f3:8c,2026-08-10 00:15:50,23.4,51.813893,4.338688,0,Hoeksche Waard,NL
Rotterdam,Rotterdam_T1,02:00:00:12:63:46,2026-08-10 00:11:40,20.3,51.816084,4.404314,0,Oud-Beijerland,NL
Rotterdam,Rotterdam_T1,02:00:00:19:32:0a,2026-08-10 00:14:22,21.5,51.8201,4.4265,0,Oud-Beijerland,NL
Rotterdam,Rotterdam_T1,02:00:00:1d:ee:0c,2026-08-10 00:14:49,20.9,51.814618,4.431096,0,Hoeksche Waard,NL
Rotterdam,Rotterdam_T1,02:00:00:b0:a7:c6,2026-08-10 00:20:07,20.8,51.8194923400879,4.42992401123047,0,Oud-Beijerland,NL
Rotterdam,Rotterdam_T1,02:00:00:2e:d0:d0,2026-08-10 00:19:09,21.4,51.819656,4.43884,0,Oud-Beijerland,NL
Rotterdam,Rotterdam_T1,02:00:00:52:d6:1c,2026-08-10 00:17:43,21.5,51.8273166908673,4.24860230421604,0,Nissewaard,NL
Rotterdam,Rotterdam_T1,02:00:00:7b:02:ea,2026-08-10 00:12:14,22.9,51.8268,4.24961,0,Zuidland,NL
Rotterdam,Rotterdam_T1,02:00:00:c6:18:06,2026-08-10 00:16:43,21.1,51.82763,4.25183,0,Zuidland,NL
Rotterdam,Rotterdam_T1,02:00:00:12:ed:2e,2026-08-10 00:11:47,20.7,51.832122,4.281581,0,Simonshaven,NL
Rotterdam,Rotterdam_T1,02:00:00:bc:cb:30,2026-08-10 00:19:22,19.2,51.833767,4.297901,0,Simonshaven,NL
Rotterdam,Rotterdam_T1,02:00:00:2e:be:70,2026-08-10 00:19:03,22.0,51.828405,4.320218,0,Nissewaard,NL
Rotterdam,Rotterdam_T1,02:00:00:83:80:70,2026-08-10 00:13:54,22.9,51.828982,4.321931,0,Spijkenisse,NL
Rotterdam,Rotterdam_T1,02:00:00:b2:c5:16,2026-08-10 00:14:46,22.9,51.833293,4.327577,0,Spijkenisse,NL
Rotterdam,Rotterdam_T1,02:00:00:1c:5d:d8,2026-08-10 00:16:44,20.9,51.831596,4.34732,0,Spijkenisse,NL
Rotterdam,Rotterdam_T1,02:00:00:74:30:f8,2026-08-10 00:10:12,20.8,51.83397,4.33733000000001,0,Spijkenisse,NL
Rotterdam,Rotterdam_T1,02:00:00:33:d1:48,2026-08-10 00:17:16,21.2,51.835362,4.340818,0,Spijkenisse,NL
Rotterdam,Rotterdam_T1,02:00:00:a2:45:50,2026-08-10 00:20:26,20.6,51.833564,4.369612,0,Spijkenisse,NL
Rotterdam,Rotterdam_T1,02:00:00:8d:ce:38,2026-08-10 00:18:51,21.5,51.833848,4.370394,0,Spijkenisse,NL
Rotterdam,Rotterdam_T1,02:00:00:74:51:54,2026-08-10 00:18:29,21.9,51.822471,4.422299,0,Oud-Beijerland,NL
Rotterdam,Rotterdam_T1,02:00:00:c2:4d:24,2026-08-10 00:12:51,21.2,51.826379,4.423903,1,Oud-Beijerland,NL
Rotterdam,Rotterdam_T1,02:00:00:13:34:20,2026-08-10 00:17:01,20.7,51.82759,4.424666,3,Oud-Beijerland,NL
Rotterdam,Rotterdam_T1,02:00:00:a9:8c:2e,2026-08-10 00:19:24,17.8,51.826426,4.459057,0,Heinenoord,NL
Rotterdam,Rotterdam_T1,02:00:00:b0:92:a0,2026-08-10 00:16:09,20.7,51.825342,4.484375,0,Heinenoord,NL
Rotterdam,Rotterdam_T1,02:00:00:13:7c:72,2026-08-10 00:17:49,22.3,51.8485857,4.30565690000003,0,Nissewaard,NL
Rotterdam,Rotterdam_T1,02:00:00:90:af:46,2026-08-10 00:20:04,22.4,51.83904,4.319577,0,Spijkenisse,NL
Rotterdam,Rotterdam_T1,02:00:00:65:34:82,2026-08-10 00:19:36,22.5,51.8423805236816,4.31939363479614,0,Spijkenisse,NL
Rotterdam,Rotterdam_T1,02:00:00:64:03:2e,2026-08-10 00:17:54,22.2,51.8376460203402,4.32623760891147,0,Spijkenisse,NL
Rotterdam,Rotterdam_T1,02:00:00:7f:c0:78,2026-08-10 00:13:34,21.7,51.84996,4.3388395,0,Spijkenisse,NL
Rotterdam,Rotterdam_T1,02:00:00:a4:28:8e,2026-08-10 00:19:01,21.2,51.8376655578613,4.34094619750977,1,Spijkenisse,NL
Rotterdam,Rotterdam_T1,02:00:00:7a:77:68,2026-08-10 00:19:36,21.1,51.846795,4.341356,1,Spijkenisse,NL
Rotterdam,Rotterdam_T1,02:00:00:2a:ee:60,2026-08-10 00:19:12,21.3,51.836635,4.368071,0,Nissewaard,NL
Rotterdam,Rotterdam_T1,02:00:00:8d:ca:84,2026-08-10 00:13:12,21.3,51.836617,4.371667,0,Spijkenisse,NL
Rotterdam,Rotterdam_T1,02:00:00:19:cc:80,2026-08-10 00:16:29,20.1,51.848418,4.374154,0,Hoogvliet,NL
Rotterdam,Rotterdam_T1,02:00:00:13:6b:d6,2026-08-10 00:17:32,20.3,51.848988,4.417614,0,Poortugaal,NL
Rotterdam,Rotterdam_T1,02:00:00:b5:35:7a,2026-08-10 00:16:16,21.4,51.8507194519043,4.32065153121948,0,Spijkenisse,NL
Rotterdam,Rotterdam_T1,02:00:00:b5:0b:cc,2026-08-10 00:13:35,22.2,51.857194,4.316324,0,Spijkenisse,NL
Rotterdam,Rotterdam_T1,02:00:00:a2:46:e2,2026-08-10 00:12:23,23.8,51.857365,4.316291,0,Spijkenisse,NL
Rotterdam,Rotterdam_T1,02:00:00:96:c1:f0,2026-08-10 00:15:35,22.5,51.8526191711426,4.34237861633301,5,Spijkenisse,NL
Rotterdam,Rotterdam_T1,02:00:00:17:5c:2a,2026-08-10 00:14:31,22.9,51.852885,4.342628,5,Spijkenisse,NL
Rotterdam,Rotterdam_T1,02:00:00:01:55:26,2026-08-10 00:11:46,21.4,51.85022,4.359375,0,Hoogvliet,NL
Rotterdam,Rotterdam_T1,02:00:00:5f:22:3e,2026-08-10 00:18:01,21.6,51.8544044494629,4.3646936416626,0,Rotterdam,NL
Rotterdam,Rotterdam_T1,02:00:00:83:df:7c,2026-08-10 00:17:27,20.1,51.852008,4.377223,1,Hoogvliet,NL
Rotterdam,Rotterdam_T1,02:00:00:bc:d0:3e,2026-08-10 00:12:28,20.1,51.858581,4.392577,0,Poortugaal,NL
Rotterdam,Rotterdam_T1,02:00:00:b5:46:a0,2026-08-10 00:15:29,20.9,51.8617095947266,4.39914417266846,1,Poortugaal,NL
Rotterdam,Rotterdam_T1,02:00:00:01:05:d0,2026-08-10 00:19:45,21.4,51.851921,4.423444,0,Rhoon,NL
Rotterdam,Rotterdam_T1,02:00:00:02:74:06,2026-08-10 00:13:06,23.6,51.858646,4.4091473,0,Poortugaal,NL
Rotterdam,Rotterdam_T1,02:00:00:84:84:1e,2026-08-10 00:18:28,22.9,51.858887,4.421957,0,Rhoon,NL
Rotterdam,Rotterdam_T1,02:00:00:be:05:6e,2026-08-10 00:10:27,21.9,51.8548644,4.436762,0,Rhoon,NL
Rotterdam,Rotterdam_T1,02:00:00:5f:34:da,2026-08-10 00:17:15,21.4,51.8547049,4.47099120000005,0,Rhoon,NL
Rotterdam,Rotterdam_T1,02:00:00:02:c7:50,2026-08-10 00:12:40,22.8,51.856688,4.472128,0,Rhoon,NL
Rotterdam,Rotterdam_T1,02:00:00:63:0e:a4,2026-08-10 00:13:40,23.9,51.8575608827219,4.47265219690053,0,Albrandswaard,NL
Rotterdam,Rotterdam_T1,02:00:00:b5:a9:6a,2026-08-10 00:15:45,21.2,51.851735,4.484146,0,Albrandswaard,NL
Rotterdam,Rotterdam_T1,02:00:00:2e:ff:9e,2026-08-10 00:18:57,21.5,51.8538824575246,4.48517918586731,0,Barendrecht,NL
Rotterdam,Rotterdam_T1,02:00:00:03:74:d0,2026-08-10 00:13:23,22.5,51.8517608642578,4.49835109710693,0,Barendrecht,NL
Rotterdam,Rotterdam_T1,02:00:00:bd:e9:04,2026-08-10 00:12:36,22.8,51.866558,4.375568,0,Hoogvliet,NL
Rotterdam,Rotterdam_T1,02:00:00:2b:21:e6,2026-08-10 00:11:46,24.4,51.866558,4.375568,0,Hoogvliet,NL
Rotterdam,Rotterdam_T1,02:00:00:01:01:b4,2026-08-10 00:16:04,22.6,51.8652629979766,4.39664993821385,0,Albrandswaard,NL
Rotterdam,Rotterdam_T1,02:00:00:a2:60:fc,2026-08-10 00:11:18,22.0,51.874794,4.466563,0,Rotterdam,NL
Rotterdam,Rotterdam_T1,02:00:00:1c:87:14,2026-08-10 00:16:02,22.2,51.874054,4.483835,0,Rotterdam,NL
Rotterdam,Rotterdam_T1,02:00:00:3f:61:10,2026-08-10 00:05:56,22.3,51.8779278321971,4.49603729871197,6,Rotterdam,NL
Rotterdam,Rotterdam_T1,02:00:00:73:c0:3a,2026-08-10 00:15:21,22.0,51.887171,4.383392,0,Pernis,NL
Rotterdam,Rotterdam_T1,02:00:00:32:e7:f8,2026-08-10 00:18:58,21.3,51.892172,4.386614,3,Pernis,NL
Rotterdam,Rotterdam_T1,02:00:00:1f:7e:90,2026-08-10 00:14:59,20.8,51.8847667,4.4695263,0,Rotterdam,NL
Rotterdam,Rotterdam_T1,02:00:00:12:73:96,2026-08-10 00:19:40,22.3,51.890287,4.477402,2,Rotterdam,NL
Rotterdam,Rotterdam_T1,02:00:00:c3:9b:aa,2026-08-10 00:20:52,22.9,51.888355255127,4.49187803268433,6,Rotterdam,NL
Rotterdam,Rotterdam_T1,02:00:00:c2:33:4e,2026-08-10 00:11:34,21.0,51.907263,4.232915,1,Rozenburg,NL
Rotterdam,Rotterdam_T1,02:00:00:02:d9:74,2026-08-10 00:16:41,21.0,51.9018321151561,4.23758983612055,2,Rozenburg,NL
Rotterdam,Rotterdam_T1,02:00:00:27:7d:68,2026-08-10 00:15:28,22.9,51.902208,4.248835,4,Rozenburg,NL
Rotterdam,Rotterdam_T1,02:00:00:37:27:ba,2026-08-10 00:15:41,24.4,51.906634,4.321553,0,Vlaardingen,NL
Rotterdam,Rotterdam_T1,02:00:00:63:17:f6,2026-08-10 00:13:10,23.5,51.902018,4.342717,3,Vlaardingen,NL
Rotterdam,Rotterdam_T1,02:00:00:74:32:c6,2026-08-10 00:17:37,23.7,51.904912,4.345329,3,Vlaardingen,NL
Rotterdam,Rotterdam_T1,02:00:00:c2:45:d6,2026-08-10 00:11:23,22.2,51.905582,4.405567,0,Schiedam,NL
Rotterdam,Rotterdam_T1,02:00:00:9d:29:a2,2026-08-10 00:13:40,23.6,51.901312,4.458192,6,Rotterdam,NL
Rotterdam,Rotterdam_T1,02:00:00:53:3b:14,2026-08-10 00:15:10,22.9,51.902036,4.457739,3,Rotterdam,NL
Rotterdam,Rotterdam_T1,02:00:00:2f:1e:fc,2026-08-10 00:17:00,22.9,51.904843,4.463923,2,Rotterdam,NL
Rotterdam,Rotterdam_T1,02:00:00:1f:6b:c0,2026-08-10 00:15:16,22.5,51.8992767333984,4.48442125320435,2,Rotterdam,NL
Rotterdam,Rotterdam_T1,02:00:00:2b:09:b6,2026-08-10 00:13:07,22.2,51.8965726546856,4.49371075471399,8,Rotterdam,NL
Rotterdam,Rotterdam_T1,02:00:00:1f:64:a2,2026-08-10 00:15:53,22.2,51.905960267511,4.48927780293161,3,Rotterdam,NL
Rotterdam,Rotterdam_T1,02:00:00:3c:fa:c8,2026-08-10 00:12:31,21.7,51.911378,4.236979,2,Rotterdam,NL
Rotterdam,Rotterdam_T1,02:00:00:01:7c:12,2026-08-10 00:14:53,22.3,51.920774,4.237957,2,Maassluis,NL
Rotterdam,Rotterdam_T1,02:00:00:18:f8:10,2026-08-10 00:19:00,21.3,51.9087995610964,4.24184925481109,1,Rozenburg,NL
Rotterdam,Rotterdam_T1,02:00:00:83:ef:60,2026-08-10 00:15:05,22.4,51.909076,4.242459,3,Rozenburg,NL
Rotterdam,Rotterdam_T1,02:00:00:a9:4f:c2,2026-08-10 00:12:26,21.8,51.916124,4.24886000000006,3,Maassluis,NL
Rotterdam,Rotterdam_T1,02:00:00:a2:70:a6,2026-08-10 00:18:17,22.6,51.913362,4.256699,5,Maassluis,NL
Rotterdam,Rotterdam_T1,02:00:00:b9:43:b0,2026-08-10 00:14:57,22.4,51.908927,4.313466,0,Vlaardingen,NL
Rotterdam,Rotterdam_T1,02:00:00:bc:f6:62,2026-08-10 00:11:41,22.5,51.913163646918,4.31969458235608,0,Vlaardingen,NL
Rotterdam,Rotterdam_T1,02:00:00:12:a4:34,2026-08-10 00:12:18,23.6,51.909151,4.332132,2,Vlaardingen,NL
Rotterdam,Rotterdam_T1,02:00:00:2b:20:2a,2026-08-10 00:13:11,23.0,51.9141002514251,4.33724462985993,1,Vlaardingen,NL
Rotterdam,Rotterdam_T1,02:00:00:02:a2:a6,2026-08-10 00:13:00,22.1,51.9088,4.3444,3,Vlaardingen,NL
Rotterdam,Rotterdam_T1,02:00:00:bd:0a:46,2026-08-10 00:18:52,22.9,51.909511,4.348642,4,Vlaardingen,NL
Rotterdam,Rotterdam_T1,02:00:00:58:c6:ce,2026-08-10 00:16:52,23.9,51.9178282,4.3598377,1,Vlaardingen,NL
Rotterdam,Rotterdam_T1,02:00:00:7f:be:10,2026-08-10 00:11:00,23.5,51.91672,4.3632045,2,Vlaardingen,NL
Rotterdam,Rotterdam_T1,02:00:00:53:5b:da,2026-08-10 00:12:46,23.0,51.908555,4.401612,2,Schiedam,NL
Rotterdam,Rotterdam_T1,02:00:00:b9:1f:4a,2026-08-10 00:16:30,22.8,51.9213366779173,4.40755754480418,11,Schiedam,NL
Rotterdam,Rotterdam_T1,02:00:00:34:0c:22,2026-08-10 00:12:30,23.4,51.921128016101,4.40852165222168,2,Schiedam,NL
Rotterdam,Rotterdam_T1,02:00:00:2a:f8:5e,2026-08-10 00:13:38,22.6,51.915024,4.4355793,9,Rotterdam,NL
Rotterdam,Rotterdam_T1,02:00:00:b5:80:32,2026-08-10 00:18:11,22.3,51.918558,4.449248,4,Rotterdam,NL
Rotterdam,Rotterdam_T1,02:00:00:ab:ed:0a,2026-08-10 00:18:49,23.1,51.91357,4.450989,4,Rotterdam,NL
Rotterdam,Rotterdam_T1,02:00:00:a9:70:9e,2026-08-10 00:16:37,23.1,51.918565,4.454217,1,Rotterdam,NL
Rotterdam,Rotterdam_T1,02:00:00:84:0b:f4,2026-08-10 00:15:30,23.4,51.910764,4.459764,4,Rotterdam,NL
Rotterdam,Rotterdam_T1,02:00:00:33:2f:18,2026-08-10 00:11:29,23.9,51.911367,4.460016,4,Rotterdam,NL
Rotterdam,Rotterdam_T1,02:00:00:7f:8b:fa,2026-08-10 00:18:12,23.4,51.9101171296848,4.48145787979085,11,Rotterdam,NL
Rotterdam,Rotterdam_T1,02:00:00:9b:51:8a,2026-08-10 00:11:36,23.1,51.9145812294122,4.47774262764995,4,Rotterdam,NL
Rotterdam,Rotterdam_T1,02:00:00:17:b3:54,2026-08-10 00:12:58,24.2,51.916415,4.480851,7,Rotterdam,NL
Rotterdam,Rotterdam_T1,02:00:00:8d:d1:ba,2026-08-10 00:17:18,21.6,51.9320212,4.2264977,3,Maassluis,NL
Rotterdam,Rotterdam_T1,02:00:00:52:d3:56,2026-08-10 00:18:38,21.9,51.929916,4.232157,4,Maassluis,NL
Rotterdam,Rotterdam_T1,02:00:00:b9:59:00,2026-08-10 00:11:08,22.2,51.92626,4.237906,4,Maassluis,NL
Rotterdam,Rotterdam_T1,02:00:00:b5:3d:e2,2026-08-10 00:12:20,23.1,51.9271297,4.2515983,1,Maassluis,NL
Rotterdam,Rotterdam_T1,02:00:00:5f:15:be,2026-08-10 00:13:48,22.6,51.930806,4.250148,4,Maassluis,NL
Rotterdam,Rotterdam_T1,02:00:00:65:4b:40,2026-08-10 00:12:18,23.5,51.927105,4.254623,0,Maassluis,NL
Rotterdam,Rotterdam_T1,02:00:00:7f:94:b0,2026-08-10 00:15:46,22.3,51.931354,4.269027,0,Maasland,NL
Rotterdam,Rotterdam_T1,02:00:00:29:09:70,2026-08-10 00:16:51,22.3,51.932986,4.267365,1,Maasland,NL
Rotterdam,Rotterdam_T1,02:00:00:b5:74:1c,2026-08-10 00:17:56,22.3,51.93374,4.26775999999999,0,Maasland,NL
Rotterdam,Rotterdam_T1,02:00:00:63:06:60,2026-08-10 00:17:16,24.0,51.934327,4.334653,0,Vlaardingen,NL
Rotterdam,Rotterdam_T1,02:00:00:74:5b:ca,2026-08-10 00:12:46,23.5,51.926291,4.345459,3,Vlaardingen,NL
Rotterdam,Rotterdam_T1,02:00:00:b5:a0:52,2026-08-10 00:18:40,22.8,51.927282,4.347004,0,Vlaardingen,NL
Rotterdam,Rotterdam_T1,02:00:00:36:d7:e4,2026-08-10 00:19:42,22.4,51.9296493530273,4.34874200820923,0,Vlaardingen,NL
Rotterdam,Rotterdam_T1,02:00:00:64:20:80,2026-08-10 00:12:05,23.0,51.9364242553711,4.36015510559082,0,Vlaardingen,NL
Rotterdam,Rotterdam_T1,02:00:00:bc:d1:1c,2026-08-10 00:13:53,22.9,51.9350965,4.36687449999998,2,Schiedam,NL
Rotterdam,Rotterdam_T1,02:00:00:c6:23:6c,2026-08-10 00:12:33,23.0,51.934768,4.381632,0,Schiedam,NL
Rotterdam,Rotterdam_T1,02:00:00:b9:05:64,2026-08-10 00:13:18,22.8,51.936828,4.386344,0,Schiedam,NL
Rotterdam,Rotterdam_T1,02:00:00:96:ea:9e,2026-08-10 00:14:29,22.8,51.925392,4.39834,2,Schiedam,NL
Rotterdam,Rotterdam_T1,02:00:00:ab:cb:62,2026-08-10 00:17:15,22.2,51.930617,4.445321,0,Rotterdam,NL
Rotterdam,Rotterdam_T1,02:00:00:74:09:f2,2026-08-10 00:15:45,22.7,51.92814,4.456759,1,Rotterdam,NL
Rotterdam,Rotterdam_T1,02:00:00:28:6f:3e,2026-08-10 00:19:20,23.0,51.9340316,4.4594037,5,Rotterdam,NL
Rotterdam,Rotterdam_T1,02:00:00:02:c6:84,2026-08-10 00:10:01,24.1,51.926464,4.470126,3,Rotterdam,NL
Rotterdam,Rotterdam_T1,02:00:00:a9:49:dc,2026-08-10 00:12:33,23.2,51.9230452,4.48168170000002,3,Rotterdam,NL
Rotterdam,Rotterdam_T1,02:00:00:90:b7:5e,2026-08-10 00:17:01,23.6,51.92631,4.480658,2,Rotterdam,NL
Rotterdam,Rotterdam_T1,02:00:00:59:03:50,2026-08-10 00:17:19,23.2,51.930155,4.480721,3,Rotterdam,NL
Rotterdam,Rotterdam_T1,02:00:00:b9:1f:48,2026-08-10 00:16:17,21.6,51.939256,4.230721,1,Maassluis,NL
Rotterdam,Rotterdam_T1,02:00:00:84:0e:9e,2026-08-10 00:17:19,22.0,51.939707,4.230973,0,Maassluis,NL
Rotterdam,Rotterdam_T1,02:00:00:12:fb:ba,2026-08-10 00:15:10,21.8,51.941607,4.230965,2,Maassluis,NL
Rotterdam,Rotterdam_T1,02:00:00:b5:53:1c,2026-08-10 00:10:43,22.0,51.949414,4.270392,0,Maasland,NL
Rotterdam,Rotterdam_T1,02:00:00:c5:33:20,2026-08-10 00:15:48,22.7,51.940538,4.34364800000001,0,Vlaardingen,NL
Rotterdam,Rotterdam_T1,02:00:00:70:4d:76,2026-08-10 00:17:59,22.3,51.940698,4.344899,0,Vlaardingen,NL
Rotterdam,Rotterdam_T1,02:00:00:7f:d3:b4,2026-08-10 00:14:36,23.4,51.937524,4.359107,1,,NL
Rotterdam,Rotterdam_T1,02:00:00:b2:c3:a2,2026-08-10 00:15:12,22.8,51.9398735,4.37264590000001,0,Schiedam,NL
Rotterdam,Rotterdam_T1,02:00:00:bd:fb:70,2026-08-10 00:18:17,22.3,51.945864,4.366965,0,Schiedam,NL
Rotterdam,Rotterdam_T1,02:00:00:3a:10:aa,2026-08-10 00:12:20,22.8,51.943986,4.367671,0,Schiedam,NL
Rotterdam,Rotterdam_T1,02:00:00:65:38:b0,2026-08-10 00:14:41,22.9,51.942,4.38433999999999,0,Schiedam,NL
Rotterdam,Rotterdam_T1,02:00:00:04:6f:aa,2026-08-10 00:18:40,22.6,51.9441,4.3839,0,Schiedam,NL
Rotterdam,Rotterdam_T1,02:00:00:9c:d6:c8,2026-08-10 00:12:03,22.7,51.9391683837513,4.42066682686317,4,Rotterdam,NL
Rotterdam,Rotterdam_T1,02:00:00:96:bd:fa,2026-08-10 00:14:42,21.9,51.943919,4.426938,1,Rotterdam,NL
Rotterdam,Rotterdam_T1,02:00:00:90:8a:8e,2026-08-10 00:17:25,21.6,51.9372746579483,4.4418073394422,2,Rotterdam,NL
Rotterdam,Rotterdam_T1,02:00:00:7f:93:30,2026-08-10 00:13:20,21.8,51.937051,4.442832,0,Rotterdam,NL
Rotterdam,Rotterdam_T1,02:00:00:2b:02:62,2026-08-10 00:13:30,21.7,51.939917,4.448351,0,Rotterdam,NL
Rotterdam,Rotterdam_T1,02:00:00:bd:e0:c8,2026-08-10 00:20:10,22.6,51.946104,4.46737,0,Rotterdam,NL
Rotterdam,Rotterdam_T1,02:00:00:af:8b:58,2026-08-10 00:19:34,23.3,51.9460220336914,4.47492647171021,0,Rotterdam,NL
Rotterdam,Rotterdam_T1,02:00:00:bc:e3:ec,2026-08-10 00:18:37,23.5,51.9374587797425,4.49468157586424,2,Rotterdam,NL
Rotterdam,Rotterdam_T1,02:00:00:bd:de:c6,2026-08-10 00:15:54,23.1,51.937429,4.495607,0,Rotterdam,NL
Rotterdam,Rotterdam_T1,02:00:00:17:e0:1e,2026-08-10 00:18:42,21.6,51.955246,4.314398,0,Maasland,NL
Rotterdam,Rotterdam_T1,02:00:00:a4:41:88,2026-08-10 00:11:14,21.9,51.955283,4.314406,0,Maasland,NL
Rotterdam,Rotterdam_T1,02:00:00:65:28:6e,2026-08-10 00:19:59,22.9,51.95247,4.46971,0,Rotterdam,NL
Rotterdam,Rotterdam_T1,02:00:00:64:27:f8,2026-08-10 00:18:35,22.8,51.9584323783367,4.46818939744298,0,Rotterdam,NL
Rotterdam,Rotterdam_T1,02:00:00:7a:6d:be,2026-08-10 00:12:21,22.8,51.96209,4.471111,0,Rotterdam,NL
Rotterdam,Rotterdam_T1,02:00:00:19:c2:10,2026-08-10 00:12:39,22.7,51.96346,4.48096700000011,0,Rotterdam,NL
Rotterdam,Rotterdam_T1,02:00:00:3f:0a:1a,2026-08-10 00:14:11,23.4,51.962139,4.484953,0,Rotterdam,NL
Rotterdam,Rotterdam_T1,02:00:00:65:85:b0,2026-08-10 00:13:47,23.2,51.958444,4.499749,-2,Hillegersberg,NL
Rotterdam,Rotterdam_T2,02:00:00:a4:6d:fc,2026-08-10 00:18:14,22.3,51.968663,4.534782,0,Bergschenhoek,NL
Rotterdam,Rotterdam_T2,02:00:00:90:bb:50,2026-08-10 00:11:42,22.9,51.971506,4.548025,0,Rotterdam,NL
Rotterdam,Rotterdam_T2,02:00:00:34:08:04,2026-08-10 00:11:01,23.2,51.968827,4.568496,0,Rotterdam,NL
Rotterdam,Rotterdam_T2,02:00:00:a9:d2:8c,2026-08-10 00:11:01,21.9,51.9744304,4.58867879999997,0,Rotterdam,NL
Rotterdam,Rotterdam_T2,02:00:00:7f:ae:26,2026-08-10 00:20:05,23.3,51.9795989990234,4.58760023117065,0,Rotterdam,NL
Rotterdam,Rotterdam_T2,02:00:00:5f:42:fa,2026-08-10 00:14:17,23.2,51.97819,4.591346,0,Rotterdam,NL
Rotterdam,Rotterdam_T2,02:00:00:34:0b:82,2026-08-10 00:20:15,22.3,51.968129,4.614646,0,Zuidplas,NL
Rotterdam,Rotterdam_T2,02:00:00:a9:6a:c2,2026-08-10 00:19:16,21.8,51.9733238220215,4.61480712890625,0,Nieuwerkerk aan den IJssel,NL
Rotterdam,Rotterdam_T2,02:00:00:64:06:f4,2026-08-10 00:14:36,23.4,51.9716796875,4.61985063552856,0,Zuidplas,NL
Rotterdam,Rotterdam_T2,02:00:00:58:e8:9e,2026-08-10 00:13:53,22.8,51.974,4.622654,0,Zuidplas,NL
Rotterdam,Rotterdam_T2,02:00:00:b5:30:82,2026-08-10 00:15:33,22.3,51.967589,4.629716,4,Nieuwerkerk aan den IJssel,NL
Rotterdam,Rotterdam_T2,02:00:00:65:3b:ba,2026-08-10 00:12:17,22.7,51.991788,4.502828,0,Bergschenhoek,NL
Rotterdam,Rotterdam_T2,02:00:00:00:d6:ce,2026-08-10 00:15:48,25.1,51.993816,4.501591,0,Bergschenhoek,NL
Rotterdam,Rotterdam_T2,02:00:00:70:50:30,2026-08-10 00:19:19,22.6,51.994061,4.502311,0,Bergschenhoek,NL
Rotterdam,Rotterdam_T2,02:00:00:02:8c:ea,2026-08-10 00:17:59,23.7,51.983132,4.581831,0,Rotterdam,NL
Rotterdam,Rotterdam_T2,02:00:00:2e:db:da,2026-08-10 00:19:38,22.6,51.983974,4.593346,0,Rotterdam,NL
Rotterdam,Rotterdam_T2,02:00:00:a4:42:3a,2026-08-10 00:15:17,23.0,51.988331,4.591991,0,Rotterdam,NL
Rotterdam,Rotterdam_T2,02:00:00:bd:d1:ea,2026-08-10 00:11:24,21.4,51.987328174681,4.65701222419739,0,Zuidplas,NL
Rotterdam,Rotterdam_T2,02:00:00:6b:41:d4,2026-08-10 00:13:17,22.6,51.98762,4.657338,0,Moordrecht,NL
Rotterdam,Rotterdam_T2,02:00:00:04:65:f8,2026-08-10 00:15:41,20.7,51.9878843834894,4.66050112362697,0,Zuidplas,NL
Rotterdam,Rotterdam_T2,02:00:00:70:3b:14,2026-08-10 00:13:07,22.2,51.986498,4.665578,0,Moordrecht,NL
Rotterdam,Rotterdam_T2,02:00:00:2b:42:2c,2026-08-10 00:12:49,21.7,51.986927,4.668121,0,Moordrecht,NL
Rotterdam,Rotterdam_T2,02:00:00:2c:fe:70,2026-08-10 00:13:12,21.5,51.986725,4.670155,0,Zuidplas,NL
Rotterdam,Rotterdam_T2,02:00:00:3c:2d:48,2026-08-10 00:12:16,22.8,51.995835,4.50290500000009,0,Bergschenhoek,NL
Rotterdam,Rotterdam_T2,02:00:00:9b:60:fa,2026-08-10 00:17:14,22.8,51.996239,4.504227,0,Bergschenhoek,NL
Rotterdam,Rotterdam_T2,02:00:00:b9:1c:80,2026-08-10 00:19:09,23.8,51.9998264,4.5002523,0,Bergschenhoek,NL
Rotterdam,Rotterdam_T2,02:00:00:1f:44:ec,2026-08-10 00:14:58,23.4,52.006668,4.527489,0,Bleiswijk,NL
Rotterdam,Rotterdam_T2,02:00:00:b4:ef:50,2026-08-10 00:11:36,25.0,52.005383,4.538822,0,Bleiswijk,NL
Rotterdam,Rotterdam_T2,02:00:00:36:92:fa,2026-08-10 00:14:52,23.2,52.0066446232641,4.54385520232486,0,Lansingerland,NL
Rotterdam,Rotterdam_T2,02:00:00:b9:1e:62,2026-08-10 00:12:35,22.5,52.008555,4.578151,0,Zevenhuizen,NL
Rotterdam,Rotterdam_T2,02:00:00:1c:81:14,2026-08-10 00:13:03,22.5,52.006253,4.676457,0,Gouda,NL
Rotterdam,Rotterdam_T2,02:00:00:65:0c:ea,2026-08-10 00:13:01,20.7,51.9963035768543,4.68214752149594,0,Moordrecht,NL
Rotterdam,Rotterdam_T2,02:00:00:c3:82:74,2026-08-10 00:16:21,21.1,52.0050621032715,4.69740343093872,0,Gouda,NL
Rotterdam,Rotterdam_T2,02:00:00:9c:fc:34,2026-08-10 00:18:02,21.3,52.006517,4.697587,0,Gouda,NL
Rotterdam,Rotterdam_T2,02:00:00:01:82:4c,2026-08-10 00:19:24,21.0,52.0091504,4.74227189999999,-2,Gouda,NL
Rotterdam,Rotterdam_T2,02:00:00:bd:fd:30,2026-08-10 00:11:00,21.2,52.005627,4.752615,0,Gouda,NL
Rotterdam,Rotterdam_T2,02:00:00:c3:74:9e,2026-08-10 00:19:32,20.5,52.005673,4.753955,0,Gouda,NL
Rotterdam,Rotterdam_T2,02:00:00:2e:af:ec,2026-08-10 00:10:35,22.3,51.998085,4.775884,0,Haastrecht,NL
Rotterdam,Rotterdam_T2,02:00:00:74:4f:9a,2026-08-10 00:18:47,21.0,51.995649,4.777255,0,Haastrecht,NL
Rotterdam,Rotterdam_T2,02:00:00:01:d0:28,2026-08-10 00:13:00,23.4,52.0096,4.5349,0,Bleiswijk,NL
Rotterdam,Rotterdam_T2,02:00:00:27:69:00,2026-08-10 00:05:07,22.3,52.009366,4.5401691,0,Lansingerland,NL
Rotterdam,Rotterdam_T2,02:00:00:5f:2f:d6,2026-08-10 00:20:37,23.1,52.016412,4.540241,0,Bleiswijk,NL
Rotterdam,Rotterdam_T2,02:00:00:32:e0:86,2026-08-10 00:14:49,23.6,52.0115203857422,4.58011436462402,0,Zuidplas,NL
Rotterdam,Rotterdam_T2,02:00:00:a9:bb:04,2026-08-10 00:13:33,22.4,52.009836,4.596351,0,Zevenhuizen,NL
Rotterdam,Rotterdam_T2,02:00:00:02:df:22,2026-08-10 00:11:17,22.8,52.0099768804583,4.6926795618518,0,Gouda,NL
Rotterdam,Rotterdam_T2,02:00:00:a9:a1:cc,2026-08-10 00:16:49,20.9,52.0097808837891,4.69422388076782,0,Gouda,NL
Rotterdam,Rotterdam_T2,02:00:00:c3:9b:4c,2026-08-10 00:19:20,21.9,52.01994,4.696581,0,Gouda,NL
Rotterdam,Rotterdam_T2,02:00:00:53:2e:98,2026-08-10 00:15:24,22.2,52.012756,4.712701,1,Gouda,NL
Rotterdam,Rotterdam_T2,02:00:00:36:e7:7e,2026-08-10 00:11:43,22.9,52.0144178,4.71279070000003,2,Gouda,NL
Rotterdam,Rotterdam_T2,02:00:00:9d:13:4a,2026-08-10 00:16:17,22.7,52.017379,4.715762,0,Gouda,NL
Rotterdam,Rotterdam_T2,02:00:00:63:06:c0,2026-08-10 00:17:48,21.7,52.013402,4.73985099999995,0,Gouda,NL
Rotterdam,Rotterdam_T2,02:00:00:b5:a6:64,2026-08-10 00:13:30,21.8,52.011536,4.750849,0,Gouda,NL
Rotterdam,Rotterdam_T2,02:00:00:9c:d8:7c,2026-08-10 00:14:21,20.2,52.0128973458094,4.7490119934082,0,Gouda,NL
Rotterdam,Rotterdam_T2,02:00:00:5f:34:26,2026-08-10 00:20:04,23.7,52.027057,4.500283,0,Berkel en Rodenrijs,NL
Rotterdam,Rotterdam_T2,02:00:00:1f:6b:70,2026-08-10 00:14:28,22.1,52.025452425129,4.53097119354237,0,Bleiswijk,NL
Rotterdam,Rotterdam_T2,02:00:00:bd:e3:d4,2026-08-10 00:14:08,22.5,52.027363,4.6115017,0,,NL
Rotterdam,Rotterdam_T2,02:00:00:a4:7a:ce,2026-08-10 00:14:14,21.7,52.02744,4.64476000000001,0,Waddinxveen,NL
Rotterdam,Rotterdam_T2,02:00:00:3f:57:ca,2026-08-10 00:19:13,22.8,52.025922,4.647242,0,Waddinxveen,NL
Rotterdam,Rotterdam_T2,02:00:00:63:21:dc,2026-08-10 00:16:22,21.8,52.0359605024959,4.6485589000001,0,Waddinxveen,NL
Rotterdam,Rotterdam_T2,02:00:00:a4:27:b6,2026-08-10 00:17:27,22.5,52.031474,4.693968,0,Gouda,NL
Rotterdam,Rotterdam_T2,02:00:00:83:b5:e4,2026-08-10 00:15:46,22.2,52.031819,4.694159,0,Gouda,NL
Rotterdam,Rotterdam_T2,02:00:00:b5:a7:fe,2026-08-10 00:18:02,21.9,52.035136,4.703238,0,Gouda,NL
Rotterdam,Rotterdam_T2,02:00:00:3f:09:64,2026-08-10 00:17:04,22.1,52.030553,4.710979,1,Gouda,NL
Rotterdam,Rotterdam_T2,02:00:00:2c:f2:f6,2026-08-10 00:11:50,23.4,52.0341813,4.76989989999997,0,Reeuwijk,NL
Rotterdam,Rotterdam_T2,02:00:00:9b:51:44,2026-08-10 00:12:11,22.1,52.0347719,4.77213269999993,-2,Reeuwijk,NL
Rotterdam,Rotterdam_T2,02:00:00:28:69:d6,2026-08-10 00:11:47,22.6,52.051635,4.54056,0,Zoetermeer,NL
Rotterdam,Rotterdam_T2,02:00:00:bd:d6:d4,2026-08-10 00:19:06,21.2,52.0429039001465,4.56850099563599,0,Moerkapelle,NL
Rotterdam,Rotterdam_T2,02:00:00:12:9c:b6,2026-08-10 00:14:10,21.4,52.047075,4.581155,0,Moerkapelle,NL
Rotterdam,Rotterdam_T2,02:00:00:6b:54:0e,2026-08-10 00:19:14,21.4,52.0469036,4.5818362,0,Zuidplas,NL
Rotterdam,Rotterdam_T2,02:00:00:a9:50:60,2026-08-10 00:13:16,22.6,52.0481010029608,4.58891205763108,0,Moerkapelle,NL
Rotterdam,Rotterdam_T2,02:00:00:63:42:d2,2026-08-10 00:11:16,21.9,52.04942,4.643239,0,Waddinxveen,NL
Rotterdam,Rotterdam_T2,02:00:00:05:51:ec,2026-08-10 00:11:51,23.8,52.041671,4.651849,0,Waddinxveen,NL
Rotterdam,Rotterdam_T2,02:00:00:c6:2c:4e,2026-08-10 00:16:54,22.1,52.0423368,4.647712,0,Waddinxveen,NL
Rotterdam,Rotterdam_T2,02:00:00:12:d1:de,2026-08-10 00:11:41,23.8,52.0387736455856,4.71039086580277,0,Gouda,NL
Rotterdam,Rotterdam_T2,02:00:00:bc:f9:c4,2026-08-10 00:20:10,21.3,52.0450706481934,4.72107648849487,1,Reeuwijk,NL
Rotterdam,Rotterdam_T2,02:00:00:7f:b7:2e,2026-08-10 00:16:40,22.6,52.049067,4.721525,0,Reeuwijk,NL
Rotterdam,Rotterdam_T2,02:00:00:b0:96:c0,2026-08-10 00:18:21,22.2,52.046334,4.729393,0,Reeuwijk,NL
Rotterdam,Rotterdam_T2,02:00:00:03:61:0c,2026-08-10 00:16:52,22.9,52.055621,4.513738,0,Zoetermeer,NL
Rotterdam,Rotterdam_T2,02:00:00:a4:4c:f6,2026-08-10 00:20:42,21.5,52.058921,4.51239,0,Zoetermeer,NL
Rotterdam,Rotterdam_T2,02:00:00:70:51:3a,2026-08-10 00:11:39,21.4,52.05975,4.51295999999997,0,Zoetermeer,NL
Rotterdam,Rotterdam_T2,02:00:00:c2:8a:cc,2026-08-10 00:11:04,22.1,52.0567817687988,4.52878952026367,0,Zoetermeer,NL
Rotterdam,Rotterdam_T2,02:00:00:32:b4:ac,2026-08-10 00:15:20,22.1,52.06072,4.53268999999997,0,Zoetermeer,NL
Rotterdam,Rotterdam_T2,02:00:00:52:c1:5e,2026-08-10 00:19:10,22.7,52.066354,4.528394,0,Zoetermeer,NL
Rotterdam,Rotterdam_T2,02:00:00:bd:fe:9e,2026-08-10 00:13:15,23.3,52.0654847,4.5471159,0,Zoetermeer,NL
Rotterdam,Rotterdam_T2,02:00:00:33:c1:9a,2026-08-10 00:14:34,24.8,52.0661990481085,4.54725722028999,0,Zoetermeer,NL
Rotterdam,Rotterdam_T2,02:00:00:03:5d:56,2026-08-10 00:13:43,23.8,52.059434,4.549038,0,Zoetermeer,NL
Rotterdam,Rotterdam_T2,02:00:00:3b:e2:3c,2026-08-10 00:18:16,21.4,52.065163,4.6415434,0,Boskoop,NL
Rotterdam,Rotterdam_T2,02:00:00:37:22:e6,2026-08-10 00:14:10,22.4,52.05424,4.654806,0,Waddinxveen,NL
Rotterdam,Rotterdam_T2,02:00:00:53:4c:30,2026-08-10 00:20:07,23.0,52.067288,4.503179,0,Zoetermeer,NL
Rotterdam,Rotterdam_T2,02:00:00:b2:c2:38,2026-08-10 00:12:56,22.8,52.072649,4.514713,0,Zoetermeer,NL
Rotterdam,Rotterdam_T2,02:00:00:2c:af:12,2026-08-10 00:15:12,23.3,52.071839,4.522063,0,Zoetermeer,NL
Rotterdam,Rotterdam_T2,02:00:00:31:d4:1e,2026-08-10 00:13:11,22.8,52.0712708307598,4.52524668339561,0,Zoetermeer,NL
Rotterdam,Rotterdam_T2,02:00:00:84:8e:ae,2026-08-10 00:18:48,23.0,52.074368,4.5254664,0,Zoetermeer,NL
Rotterdam,Rotterdam_T2,02:00:00:7f:a6:a6,2026-08-10 00:14:09,22.6,52.0800912,4.52370059999998,0,Zoetermeer,NL
Rotterdam,Rotterdam_T2,02:00:00:c2:84:b0,2026-08-10 00:17:18,22.6,52.077968,4.554994,0,Benthuizen,NL
Rotterdam,Rotterdam_T2,02:00:00:a4:5c:8c,2026-08-10 00:16:28,20.2,52.077966,4.634319,0,Boskoop,NL
Rotterdam,Rotterdam_T2,02:00:00:9d:24:ac,2026-08-10 00:19:35,21.9,52.071222,4.654495,0,Boskoop,NL
Rotterdam,Rotterdam_T2,02:00:00:b5:09:28,2026-08-10 00:20:50,22.2,52.0771903991699,4.65694856643677,0,Boskoop,NL
Rotterdam,Rotterdam_T2,02:00:00:a2:16:90,2026-08-10 00:14:02,23.0,52.074287,4.659077,0,Boskoop,NL
Rotterdam,Rotterdam_T2,02:00:00:01:97:de,2026-08-10 00:19:41,23.8,52.075744200514,4.66876566410065,0,Boskoop,NL
Rotterdam,Rotterdam_T2,02:00:00:83:fc:34,2026-08-10 00:12:03,22.7,52.068561,4.737938,0,Bodegraven,NL
Rotterdam,Rotterdam_T2,02:00:00:65:26:5a,2026-08-10 00:12:54,21.3,52.07953,4.741261,1,Bodegraven-Reeuwijk,NL
Rotterdam,Rotterdam_T2,02:00:00:14:6b:1c,2026-08-10 00:11:58,21.5,52.0701836,4.7547272,0,Bodegraven,NL
Rotterdam,Rotterdam_T2,02:00:00:90:a4:f6,2026-08-10 00:20:51,22.1,52.076245,4.762831,0,Bodegraven,NL
Rotterdam,Rotterdam_T2,02:00:00:05:5e:c8,2026-08-10 00:11:25,21.7,52.093931,4.58023799999999,0,Hazerswoude-Dorp,NL
Rotterdam,Rotterdam_T2,02:00:00:65:62:ec,2026-08-10 00:11:02,20.1,52.094814,4.592195,0,Alphen aan den Rijn,NL
Rotterdam,Rotterdam_T2,02:00:00:3a:1c:f0,2026-08-10 00:12:29,20.5,52.0854873657227,4.67949485778809,0,Alphen aan den Rijn,NL
Rotterdam,Rotterdam_T2,02:00:00:3d:21:b2,2026-08-10 00:11:57,21.8,52.0849802,4.7530235,1,Bodegraven,NL
Rotterdam,Rotterdam_T2,02:00:00:52:f3:dc,2026-08-10 00:11:57,22.3,52.0846323547526,4.75519414437641,0,Bodegraven,NL
Rotterdam,Rotterdam_T2,02:00:00:2c:a8:94,2026-08-10 00:16:25,22.2,52.088956,4.75155,0,Bodegraven,NL
Rotterdam,Rotterdam_T2,02:00:00:b8:f3:62,2026-08-10 00:10:32,20.7,52.105595,4.728231,2,Zwammerdam,NL
Rotterdam,Rotterdam_T2,02:00:00:b9:15:1e,2026-08-10 00:14:50,21.5,52.107336,4.728494,0,Zwammerdam,NL
Rotterdam,Rotterdam_T2,02:00:00:a9:98:16,2026-08-10 00:16:32,23.0,52.114834,4.641565,0,Alphen aan den Rijn,NL
Rotterdam,Rotterdam_T2,02:00:00:b5:10:00,2026-08-10 00:15:37,21.8,52.113394,4.643815,0,Alphen aan den Rijn,NL
Rotterdam,Rotterdam_T2,02:00:00:b9:53:6c,2026-08-10 00:15:44,22.6,52.118332,4.646001,0,Alphen aan den Rijn,NL
Rotterdam,Rotterdam_T2,02:00:00:3f:15:be,2026-08-10 00:15:47,21.3,52.1287078622217,4.58709000000001,0,Hazerswoude-Rijndijk,NL
Rotterdam,Rotterdam_T2,02:00:00:28:b5:10,2026-08-10 00:12:26,23.2,52.131385,4.591423,0,Hazerswoude-Rijndijk,NL
Rotterdam,Rotterdam_T2,02:00:00:90:b0:c2,2026-08-10 00:16:34,21.6,52.129492,4.597735,0,Hazerswoude-Rijndijk,NL
Rotterdam,Rotterdam_T2,02:00:00:b5:2b:60,2026-08-10 00:14:35,22.1,52.1318893432617,4.59803009033203,2,Koudekerk aan den Rijn,NL
Rotterdam,Rotterdam_T2,02:00:00:12:cf:88,2026-08-10 00:13:11,21.7,52.1318521,4.598154,2,Koudekerk aan den Rijn,NL
Rotterdam,Rotterdam_T2,02:00:00:37:28:62,2026-08-10 00:16:41,22.3,52.1297193981244,4.65222171507776,0,Alphen aan den Rijn,NL
Rotterdam,Rotterdam_T2,02:00:00:6b:4b:3a,2026-08-10 00:11:23,23.2,52.1320819895829,4.64971125125885,0,Alphen aan den Rijn,NL
Rotterdam,Rotterdam_T2,02:00:00:9c:f8:96,2026-08-10 00:18:38,23.5,52.133517,4.650877,0,Alphen aan den Rijn,NL
Rotterdam,Rotterdam_T2,02:00:00:84:04:58,2026-08-10 00:20:54,23.5,52.1262489,4.6650439,1,Alphen aan den Rijn,NL
Rotterdam,Rotterdam_T2,02:00:00:74:38:e4,2026-08-10 00:15:03,22.5,52.130098,4.66785,1,Alphen aan den Rijn,NL
Rotterdam,Rotterdam_T2,02:00:00:b2:ad:62,2026-08-10 00:19:22,22.7,52.13117,4.66671000000003,2,Alphen aan den Rijn,NL
Rotterdam,Rotterdam_T2,02:00:00:c2:34:94,2026-08-10 00:17:36,22.3,51.799317,4.558534,0,Puttershoek,NL
Rotterdam,Rotterdam_T2,02:00:00:bc:ca:a8,2026-08-10 00:16:08,21.4,51.8065071105957,4.559166431427,0,Puttershoek,NL
Rotterdam,Rotterdam_T2,02:00:00:04:5a:0a,2026-08-10 00:18:41,20.8,51.8028144836426,4.57104921340942,0,Hoeksche Waard,NL
Rotterdam,Rotterdam_T2,02:00:00:70:37:fe,2026-08-10 00:14:16,22.2,51.801144,4.652298,1,Dordrecht,NL
Rotterdam,Rotterdam_T2,02:00:00:c3:74:de,2026-08-10 00:13:53,21.8,51.79714,4.65988000000005,1,Dordrecht,NL
Rotterdam,Rotterdam_T2,02:00:00:01:82:34,2026-08-10 00:18:13,21.7,51.801489,4.666023,0,Dordrecht,NL
Rotterdam,Rotterdam_T2,02:00:00:65:55:2c,2026-08-10 00:17:41,21.6,51.804122,4.669069,0,Dordrecht,NL
Rotterdam,Rotterdam_T2,02:00:00:70:48:8e,2026-08-10 00:18:41,21.5,51.795653,4.671325,2,Dordrecht,NL
Rotterdam,Rotterdam_T2,02:00:00:a2:59:34,2026-08-10 00:16:19,21.8,51.794101,4.694167,0,Dordrecht,NL
Rotterdam,Rotterdam_T2,02:00:00:02:e6:40,2026-08-10 00:11:21,23.9,51.794481,4.702242,0,Dordrecht,NL
Rotterdam,Rotterdam_T2,02:00:00:05:ff:a0,2026-08-10 00:18:00,22.0,51.7949564,4.70649070000002,0,Dordrecht,NL
Rotterdam,Rotterdam_T2,02:00:00:73:c3:6a,2026-08-10 00:14:08,21.7,51.800587,4.721628,0,Dordrecht,NL
Rotterdam,Rotterdam_T2,02:00:00:2e:98:c2,2026-08-10 00:12:49,21.9,51.8027000427246,4.72160005569458,0,Dordrecht,NL
Rotterdam,Rotterdam_T2,02:00:00:ab:e3:7e,2026-08-10 00:12:02,21.8,51.7951201232099,4.73186731338501,1,Dordrecht,NL
Rotterdam,Rotterdam_T2,02:00:00:83:fd:8e,2026-08-10 00:20:12,20.4,51.8074509,4.57323399999998,0,Puttershoek,NL
Rotterdam,Rotterdam_T2,02:00:00:65:02:1c,2026-08-10 00:19:11,22.5,51.815606,4.596438,0,Zwijndrecht,NL
Rotterdam,Rotterdam_T2,02:00:00:03:5d:90,2026-08-10 00:09:51,23.4,51.8145148947276,4.61673617362976,0,Zwijndrecht,NL
Rotterdam,Rotterdam_T2,02:00:00:a4:87:ca,2026-08-10 00:11:07,21.1,51.8068809509277,4.63342380523682,1,Zwijndrecht,NL
Rotterdam,Rotterdam_T2,02:00:00:06:79:9e,2026-08-10 00:15:26,21.9,51.8092263212837,4.63623495422598,0,Zwijndrecht,NL
Rotterdam,Rotterdam_T2,02:00:00:c3:73:86,2026-08-10 00:14:55,23.7,51.8150071,4.6373981,0,Zwijndrecht,NL
Rotterdam,Rotterdam_T2,02:00:00:58:eb:5a,2026-08-10 00:11:02,21.7,51.811073,4.65763,4,Dordrecht,NL
Rotterdam,Rotterdam_T2,02:00:00:31:e5:26,2026-08-10 00:19:50,23.2,51.8192398,4.6432847,1,Zwijndrecht,NL
Rotterdam,Rotterdam_T2,02:00:00:2d:0a:22,2026-08-10 00:11:58,22.6,51.820895,4.643838,0,Zwijndrecht,NL
Rotterdam,Rotterdam_T2,02:00:00:90:71:d0,2026-08-10 00:12:47,22.1,51.8089773,4.6692312,1,Dordrecht,NL
Rotterdam,Rotterdam_T2,02:00:00:2b:45:d6,2026-08-10 00:16:40,23.6,51.8089773,4.6692312,1,Dordrecht,NL
Rotterdam,Rotterdam_T2,02:00:00:53:19:f2,2026-08-10 00:13:02,23.2,51.81028,4.67508,2,Dordrecht,NL
Rotterdam,Rotterdam_T2,02:00:00:02:f9:c0,2026-08-09 23:35:45,22.2,51.8075686,4.68831999999998,2,Dordrecht,NL
Rotterdam,Rotterdam_T2,02:00:00:33:e7:ec,2026-08-10 00:11:58,23.5,51.8094,4.6923,0,Dordrecht,NL
Rotterdam,Rotterdam_T2,02:00:00:b5:47:56,2026-08-10 00:15:53,23.7,51.818188,4.696665,0,Dordrecht,NL
Rotterdam,Rotterdam_T2,02:00:00:74:52:96,2026-08-10 00:18:32,20.7,51.808978,4.712347,1,Dordrecht,NL
Rotterdam,Rotterdam_T2,02:00:00:73:e7:5e,2026-08-10 00:16:11,22.1,51.812169,4.721084,3,Dordrecht,NL
Rotterdam,Rotterdam_T2,02:00:00:5f:2b:2a,2026-08-10 00:14:49,22.3,51.820938,4.776139,0,Sliedrecht,NL
Rotterdam,Rotterdam_T2,02:00:00:03:08:c4,2026-08-10 00:20:03,23.5,51.8260290881141,4.63469352136255,0,Zwijndrecht,NL
Rotterdam,Rotterdam_T2,02:00:00:b5:04:f6,2026-08-10 00:19:55,22.4,51.83483,4.63553300000004,0,Hendrik-Ido-Ambacht,NL
Rotterdam,Rotterdam_T2,02:00:00:2c:8b:68,2026-08-10 00:15:36,22.1,51.8317451477051,4.63917684555054,0,Hendrik-Ido-Ambacht,NL
Rotterdam,Rotterdam_T2,02:00:00:96:ed:3c,2026-08-10 00:20:24,22.4,51.82454,4.641504,1,Zwijndrecht,NL
Rotterdam,Rotterdam_T2,02:00:00:ab:be:ca,2026-08-10 00:14:37,22.3,51.831313,4.650972,0,Hendrik-Ido-Ambacht,NL
Rotterdam,Rotterdam_T2,02:00:00:90:5e:02,2026-08-10 00:21:11,22.0,51.8328687987182,4.65461719960314,0,Hendrik-Ido-Ambacht,NL
Rotterdam,Rotterdam_T2,02:00:00:9c:fc:66,2026-08-10 00:14:22,23.7,51.8301,4.6825104,0,Papendrecht,NL
Rotterdam,Rotterdam_T2,02:00:00:3f:04:fa,2026-08-10 00:16:37,22.2,51.830445,4.684899,0,Papendrecht,NL
Rotterdam,Rotterdam_T2,02:00:00:2e:f5:66,2026-08-10 00:14:12,23.0,51.8246479517936,4.69556886943296,3,Papendrecht,NL
Rotterdam,Rotterdam_T2,02:00:00:02:f8:d2,2026-08-10 00:15:16,22.5,51.830784,4.693737,0,Papendrecht,NL
Rotterdam,Rotterdam_T2,02:00:00:05:3a:d4,2026-08-10 00:15:58,21.8,51.835116,4.699154,0,Papendrecht,NL
Rotterdam,Rotterdam_T2,02:00:00:01:6c:ba,2026-08-10 00:16:26,22.2,51.832822,4.716019,0,Papendrecht,NL
Rotterdam,Rotterdam_T2,02:00:00:70:34:ce,2026-08-10 00:16:45,22.4,51.831527,4.727391,0,Papendrecht,NL
Rotterdam,Rotterdam_T2,02:00:00:a4:2f:a0,2026-08-10 00:13:40,22.2,51.834282,4.725904,0,Papendrecht,NL
Rotterdam,Rotterdam_T2,02:00:00:2f:14:6c,2026-08-10 00:15:28,21.7,51.827919,4.736224,0,Sliedrecht,NL
Rotterdam,Rotterdam_T2,02:00:00:7a:f4:24,2026-08-10 00:12:26,22.0,51.83135,4.73932,0,Sliedrecht,NL
Rotterdam,Rotterdam_T2,02:00:00:90:63:78,2026-08-10 00:20:12,21.3,51.829632,4.741648,0,Sliedrecht,NL
Rotterdam,Rotterdam_T2,02:00:00:2e:a2:60,2026-08-10 00:15:37,21.2,51.823319,4.769529,2,Sliedrecht,NL
Rotterdam,Rotterdam_T2,02:00:00:b9:51:62,2026-08-10 00:14:21,21.0,51.826993,4.768938,0,Sliedrecht,NL
Rotterdam,Rotterdam_T2,02:00:00:58:e7:dc,2026-08-10 00:14:58,22.9,51.82893,4.7746744,0,Sliedrecht,NL
Rotterdam,Rotterdam_T2,02:00:00:2b:47:3a,2026-08-10 00:13:11,21.6,51.8462791442871,4.50497102737427,0,Barendrecht,NL
Rotterdam,Rotterdam_T2,02:00:00:9c:e3:aa,2026-08-10 00:11:25,19.7,51.84917,4.527803,0,Barendrecht,NL
Rotterdam,Rotterdam_T2,02:00:00:c3:9b:62,2026-08-10 00:16:32,21.2,51.849767,4.528578,0,Barendrecht,NL
Rotterdam,Rotterdam_T2,02:00:00:13:6d:1e,2026-08-10 00:13:34,21.4,51.8457068299844,4.53018609416509,0,Barendrecht,NL
Rotterdam,Rotterdam_T2,02:00:00:bd:ca:ee,2026-08-10 00:11:29,20.3,51.837578,4.56538,0,Zwijndrecht,NL
Rotterdam,Rotterdam_T2,02:00:00:53:51:ca,2026-08-10 00:16:53,22.4,51.8461,4.6222,0,Hendrik-Ido-Ambacht,NL
Rotterdam,Rotterdam_T2,02:00:00:65:6a:3c,2026-08-10 00:11:41,22.5,51.8427678236949,4.62538361549378,0,Hendrik-Ido-Ambacht,NL
Rotterdam,Rotterdam_T2,02:00:00:c3:9b:96,2026-08-10 00:19:33,23.2,51.8400840759277,4.62910270690918,0,Hendrik-Ido-Ambacht,NL
Rotterdam,Rotterdam_T2,02:00:00:bd:fd:d2,2026-08-10 00:15:43,23.2,51.8412863280112,4.64518904685974,0,Hendrik-Ido-Ambacht,NL
Rotterdam,Rotterdam_T2,02:00:00:1e:2a:48,2026-08-10 00:20:05,22.1,51.846038,4.644288,0,Hendrik-Ido-Ambacht,NL
Rotterdam,Rotterdam_T2,02:00:00:70:1d:3c,2026-08-10 00:17:29,22.7,51.8370724059415,4.64836530243054,0,Hendrik-Ido-Ambacht,NL
Rotterdam,Rotterdam_T2,02:00:00:13:43:fc,2026-08-10 00:20:42,20.8,51.838594,4.687114,0,Papendrecht,NL
Rotterdam,Rotterdam_T2,02:00:00:83:fd:4e,2026-08-10 00:13:28,21.6,51.84061,4.6882443,0,Papendrecht,NL
Rotterdam,Rotterdam_T2,02:00:00:05:4f:b4,2026-08-10 00:14:07,22.0,51.837783,4.6947,0,Papendrecht,NL
Rotterdam,Rotterdam_T2,02:00:00:52:ce:60,2026-08-10 00:16:27,22.4,51.837197,4.695891,0,Papendrecht,NL
Rotterdam,Rotterdam_T2,02:00:00:90:bf:70,2026-08-10 00:15:18,20.6,51.845082,4.759073,0,Wijngaarden,NL
Rotterdam,Rotterdam_T2,02:00:00:58:d4:88,2026-08-10 00:12:34,22.2,51.845867,4.767669,0,Wijngaarden,NL
Rotterdam,Rotterdam_T2,02:00:00:b5:35:2e,2026-08-10 00:19:05,21.5,51.850944519043,4.50105762481689,0,Barendrecht,NL
Rotterdam,Rotterdam_T2,02:00:00:bd:e3:60,2026-08-10 00:19:00,21.3,51.850858,4.506823,0,Barendrecht,NL
Rotterdam,Rotterdam_T2,02:00:00:34:01:5c,2026-08-10 00:17:14,20.7,51.851647,4.50759,0,Barendrecht,NL
Rotterdam,Rotterdam_T2,02:00:00:a4:78:e8,2026-08-10 00:18:29,19.9,51.850333,4.540042,2,Barendrecht,NL
Rotterdam,Rotterdam_T2,02:00:00:2b:53:10,2026-08-10 00:13:14,19.9,51.8507,4.5433,1,Barendrecht,NL
Rotterdam,Rotterdam_T2,02:00:00:27:69:60,2026-08-10 00:13:41,20.6,51.860048,4.532385,0,Barendrecht,NL
Rotterdam,Rotterdam_T2,02:00:00:b2:c8:82,2026-08-10 00:15:32,20.2,51.851793,4.551932,0,Barendrecht,NL
Rotterdam,Rotterdam_T2,02:00:00:70:48:58,2026-08-10 00:18:24,22.9,51.8629,4.6191,0,Ridderkerk,NL
Rotterdam,Rotterdam_T2,02:00:00:c2:3e:26,2026-08-10 00:18:02,21.2,51.8606071472168,4.62559986114502,0,Ridderkerk,NL
Rotterdam,Rotterdam_T2,02:00:00:9d:2a:ae,2026-08-10 00:10:36,23.3,51.8615989685059,4.67215013504028,0,Alblasserdam,NL
Rotterdam,Rotterdam_T2,02:00:00:32:df:04,2026-08-10 00:15:59,22.6,51.863296,4.674894,0,Alblasserdam,NL
Rotterdam,Rotterdam_T2,02:00:00:a2:2b:36,2026-08-10 00:15:20,19.4,51.869744,4.528011,0,Rotterdam,NL
Rotterdam,Rotterdam_T2,02:00:00:5e:ff:d4,2026-08-10 00:11:23,22.6,51.8771436,4.5560899,0,Rotterdam,NL
Rotterdam,Rotterdam_T2,02:00:00:1c:85:22,2026-08-10 00:16:34,24.1,51.870378,4.58902600000004,0,Ridderkerk,NL
Rotterdam,Rotterdam_T2,02:00:00:04:6c:20,2026-08-10 00:14:53,22.6,51.870793,4.599033,1,Ridderkerk,NL
Rotterdam,Rotterdam_T2,02:00:00:7f:aa:16,2026-08-10 00:18:14,24.1,51.86648,4.60157,1,Ridderkerk,NL
Rotterdam,Rotterdam_T2,02:00:00:2b:1a:52,2026-08-10 00:19:08,22.5,51.867130128204,4.61134004556698,0,Ridderkerk,NL
Rotterdam,Rotterdam_T2,02:00:00:1e:29:ba,2026-08-10 00:11:05,21.8,51.8652853599595,4.62251235910136,0,Ridderkerk,NL
Rotterdam,Rotterdam_T2,02:00:00:37:16:28,2026-08-10 00:17:26,21.3,51.872911,4.635849,2,Alblasserdam,NL
Rotterdam,Rotterdam_T2,02:00:00:b2:be:24,2026-08-10 00:13:04,20.7,51.8751402,4.6377701,0,Alblasserdam,NL
Rotterdam,Rotterdam_T2,02:00:00:a4:67:54,2026-08-10 00:19:53,22.6,51.8689765781368,4.65696570119653,0,Alblasserdam,NL
Rotterdam,Rotterdam_T2,02:00:00:9d:2a:32,2026-08-10 00:16:24,22.7,51.869708,4.664244,0,Alblasserdam,NL
Rotterdam,Rotterdam_T2,02:00:00:a4:89:38,2026-08-10 00:16:57,22.9,51.8930892944336,4.50360250473022,0,Rotterdam,NL
Rotterdam,Rotterdam_T2,02:00:00:c3:ad:1a,2026-08-10 00:11:31,20.9,51.8807193,4.50595980000008,0,Rotterdam,NL
Rotterdam,Rotterdam_T2,02:00:00:2b:11:06,2026-08-10 00:15:38,20.6,51.884715,4.5213637,1,Rotterdam,NL
Rotterdam,Rotterdam_T2,02:00:00:c2:2f:c0,2026-08-10 00:18:34,21.5,51.889758,4.545007,1,Rotterdam,NL
Rotterdam,Rotterdam_T2,02:00:00:84:0b:be,2026-08-10 00:15:25,20.9,51.889212,4.579173,0,Ridderkerk,NL
Rotterdam,Rotterdam_T2,02:00:00:58:db:7c,2026-08-10 00:18:33,22.2,51.890317,4.584484,0,Ridderkerk,NL
Rotterdam,Rotterdam_T2,02:00:00:a4:31:1c,2026-08-10 00:16:52,21.0,51.879825592041,4.59871816635132,0,Ridderkerk,NL
Rotterdam,Rotterdam_T2,02:00:00:73:c7:46,2026-08-10 00:12:51,25.0,51.8810577392578,4.62089109420776,2,Ridderkerk,NL
Rotterdam,Rotterdam_T2,02:00:00:b5:1e:34,2026-08-10 00:15:53,22.3,51.8856163024902,4.63144016265869,0,Kinderdijk,NL
Rotterdam,Rotterdam_T2,02:00:00:2e:ef:ca,2026-08-10 00:13:39,22.7,51.884896,4.675329,0,Nieuw-Lekkerland,NL
Rotterdam,Rotterdam_T2,02:00:00:6b:33:b2,2026-08-10 00:17:18,21.5,51.88994,4.6878767,1,Nieuw-Lekkerland,NL
Rotterdam,Rotterdam_T2,02:00:00:bd:03:12,2026-08-10 00:18:59,19.2,51.883711,4.713311,0,Nieuw-Lekkerland,NL
Rotterdam,Rotterdam_T2,02:00:00:01:7f:1c,2026-08-10 00:16:21,21.5,51.8943,4.5082,0,Rotterdam,NL
Rotterdam,Rotterdam_T2,02:00:00:b5:52:44,2026-08-10 00:18:16,23.4,51.897498,4.521842,3,Rotterdam,NL
Rotterdam,Rotterdam_T2,02:00:00:90:7f:7a,2026-08-10 00:20:28,23.6,51.898163,4.583361,2,Ridderkerk,NL
Rotterdam,Rotterdam_T2,02:00:00:a4:1d:76,2026-08-10 00:16:33,22.4,51.8956518077123,4.58617498801652,2,Ridderkerk,NL
Rotterdam,Rotterdam_T2,02:00:00:04:a2:ee,2026-08-10 00:16:18,23.2,51.89378,4.63195999999998,0,Krimpen aan de Lek,NL
Rotterdam,Rotterdam_T2,02:00:00:02:d1:3e,2026-08-10 00:18:28,22.3,51.8949535894151,4.63425776535564,5,Krimpenerwaard,NL
Rotterdam,Rotterdam_T2,02:00:00:b5:a5:ea,2026-08-10 00:13:30,22.2,51.8983399335402,4.74583000299793,0,Molenlanden,NL
Rotterdam,Rotterdam_T2,02:00:00:90:f8:1a,2026-08-10 00:19:21,19.0,51.90005,4.74020999999998,0,Streefkerk,NL
Rotterdam,Rotterdam_T2,02:00:00:70:58:6c,2026-08-10 00:20:17,19.1,51.898848,4.7463,0,Streefkerk,NL
Rotterdam,Rotterdam_T2,02:00:00:18:f8:14,2026-08-10 00:19:34,22.9,51.9082,4.5019,2,Rotterdam,NL
Rotterdam,Rotterdam_T2,02:00:00:31:b2:be,2026-08-10 00:13:06,23.4,51.912961,4.502522,0,Rotterdam,NL
Rotterdam,Rotterdam_T2,02:00:00:21:1a:8c,2026-08-10 00:17:53,24.6,51.920843,4.512827,6,Rotterdam,NL
Rotterdam,Rotterdam_T2,02:00:00:70:3e:4c,2026-08-10 00:18:04,24.0,51.918575,4.553104,0,Capelle aan den IJssel,NL
Rotterdam,Rotterdam_T2,02:00:00:bd:0d:c0,2026-08-10 00:16:01,22.4,51.912598,4.5591,0,Capelle aan den IJssel,NL
Rotterdam,Rotterdam_T2,02:00:00:52:cb:e6,2026-08-09 23:26:46,24.3,51.9176414235296,4.55918770730171,2,Capelle aan den IJssel,NL
Rotterdam,Rotterdam_T2,02:00:00:9d:13:30,2026-08-10 00:18:03,22.1,51.919235,4.57162120000004,0,Capelle aan den IJssel,NL
Rotterdam,Rotterdam_T2,02:00:00:6b:2a:74,2026-08-10 00:19:06,21.4,51.910033,4.590531,0,Krimpen aan den IJssel,NL
Rotterdam,Rotterdam_T2,02:00:00:74:33:ba,2026-08-10 00:12:19,21.9,51.917253,4.581886,2,Krimpen aan den IJssel,NL
Rotterdam,Rotterdam_T2,02:00:00:03:dd:5e,2026-08-10 00:20:11,22.3,51.9143534,4.59623250000004,0,Krimpen aan den IJssel,NL
Rotterdam,Rotterdam_T2,02:00:00:3d:24:60,2026-08-10 00:12:52,22.6,51.9092152187443,4.60752285502784,0,Krimpen aan den IJssel,NL
Rotterdam,Rotterdam_T2,02:00:00:af:7d:d6,2026-08-10 00:14:28,21.8,51.910542,4.610582,0,Krimpen aan den IJssel,NL
Rotterdam,Rotterdam_T2,02:00:00:63:44:d2,2026-08-10 00:14:47,21.1,51.91956969428,4.6570497751236,0,Ouderkerk aan den IJssel,NL
Rotterdam,Rotterdam_T2,02:00:00:34:04:94,2026-08-10 00:19:51,20.6,51.9094901,4.68375689999993,0,Krimpenerwaard,NL
Rotterdam,Rotterdam_T2,02:00:00:1c:7f:58,2026-08-10 00:16:06,25.0,51.9246940612793,4.5013689994812,2,Rotterdam,NL
Rotterdam,Rotterdam_T2,02:00:00:02:43:ea,2026-08-10 00:19:17,23.7,51.925408,4.509584,2,Rotterdam,NL
Rotterdam,Rotterdam_T2,02:00:00:03:5d:4c,2026-08-10 00:10:40,22.3,51.92282,4.518588,1,Rotterdam,NL
Rotterdam,Rotterdam_T2,02:00:00:c3:80:a6,2026-08-10 00:13:20,22.6,51.931264,4.550389,0,Rotterdam,NL
Rotterdam,Rotterdam_T2,02:00:00:3c:00:22,2026-08-10 00:12:04,22.4,51.93424,4.553542,0,Rotterdam,NL
Rotterdam,Rotterdam_T2,02:00:00:b5:20:2c,2026-08-10 00:14:29,22.4,51.935394,4.553254,0,Rotterdam,NL
Rotterdam,Rotterdam_T2,02:00:00:bd:1a:90,2026-08-10 00:19:19,23.5,51.9268074035645,4.57429313659668,1,Capelle aan den IJssel,NL
Rotterdam,Rotterdam_T2,02:00:00:2f:0c:10,2026-08-10 00:12:27,23.5,51.9344479606926,4.59018536167076,0,Capelle aan den IJssel,NL
Rotterdam,Rotterdam_T2,02:00:00:63:42:f8,2026-08-10 00:15:04,23.1,51.9293733342703,4.59409007318868,0,Capelle aan den IJssel,NL
Rotterdam,Rotterdam_T2,02:00:00:1e:01:bc,2026-08-10 00:15:59,21.5,51.932337,4.606086,0,Capelle aan den IJssel,NL
Rotterdam,Rotterdam_T2,02:00:00:83:d0:98,2026-08-10 00:11:07,21.9,51.929055,4.61168,0,Capelle aan den IJssel,NL
Rotterdam,Rotterdam_T2,02:00:00:af:65:fc,2026-08-10 00:17:37,24.1,51.92348,4.624417,0,Krimpen aan den IJssel,NL
Rotterdam,Rotterdam_T2,02:00:00:5f:3b:64,2026-08-10 00:17:39,19.9,51.934994,4.73829,0,Krimpenerwaard,NL
Rotterdam,Rotterdam_T2,02:00:00:65:4e:e0,2026-08-10 00:16:11,23.1,51.945285,4.535755,0,Rotterdam,NL
Rotterdam,Rotterdam_T2,02:00:00:01:28:b8,2026-08-10 00:13:35,21.7,51.9411495701722,4.56710300000004,0,Capelle aan den IJssel,NL
Rotterdam,Rotterdam_T2,02:00:00:33:f2:74,2026-08-10 00:12:43,22.1,51.94695,4.5638,0,Rotterdam,NL
Rotterdam,Rotterdam_T2,02:00:00:bd:c2:20,2026-08-10 00:19:56,22.0,51.949393,4.572462,0,Capelle aan den IJssel,NL
Rotterdam,Rotterdam_T2,02:00:00:36:d9:ea,2026-08-10 00:16:08,21.0,51.937104,4.611066,0,Capelle aan den IJssel,NL
Rotterdam,Rotterdam_T2,02:00:00:33:f1:dc,2026-08-10 00:12:51,24.8,51.937788,4.6366892,1,Krimpenerwaard,NL
Rotterdam,Rotterdam_T2,02:00:00:90:c6:f6,2026-08-10 00:14:32,20.7,51.9442388535085,4.70877000000014,0,Berkenwoude,NL
Rotterdam,Rotterdam_T2,02:00:00:03:a2:42,2026-08-10 00:15:07,23.4,51.959495,4.500036,0,Rotterdam,NL
Rotterdam,Rotterdam_T2,02:00:00:13:85:7e,2026-08-10 00:12:10,23.1,51.956141511216,4.50468333618164,0,Rotterdam,NL
Rotterdam,Rotterdam_T2,02:00:00:2a:d5:58,2026-08-10 00:15:47,21.9,51.9642850413781,4.50498007983016,0,Rotterdam,NL
Rotterdam,Rotterdam_T2,02:00:00:2f:0f:2e,2026-08-10 00:20:03,22.9,51.9536204,4.5346555,0,Rotterdam,NL
Rotterdam,Rotterdam_T2,02:00:00:a9:a6:c2,2026-08-10 00:12:12,21.7,51.9637222290039,4.52992153167725,0,Rotterdam,NL
Rotterdam,Rotterdam_T2,02:00:00:bc:ab:08,2026-08-10 00:14:23,23.0,51.955691,4.5518,0,Rotterdam,NL
Rotterdam,Rotterdam_T2,02:00:00:36:e3:e0,2026-08-10 00:11:10,23.5,51.9613543477029,4.55115616321564,0,Rotterdam,NL
Rotterdam,Rotterdam_T2,02:00:00:2e:a5:98,2026-08-10 00:17:55,22.7,51.964966611571,4.57781134581205,0,Rotterdam,NL
Rotterdam,Rotterdam_T2,02:00:00:13:43:b2,2026-08-10 00:20:12,23.0,51.9569458952657,4.58524636924699,0,Capelle aan den IJssel,NL
Rotterdam,Rotterdam_T2,02:00:00:3d:14:fc,2026-08-10 00:12:49,22.8,51.955158,4.5867,0,Capelle aan den IJssel,NL
Rotterdam,Rotterdam_T2,02:00:00:1b:2e:28,2026-08-10 00:13:02,22.7,51.951768,4.597816,0,Capelle aan den IJssel,NL
Rotterdam,Rotterdam_T2,02:00:00:c2:37:e4,2026-08-10 00:15:11,22.4,51.964299,4.598212,0,Nieuwerkerk aan den IJssel,NL
Rotterdam,Rotterdam_T2,02:00:00:58:e8:ec,2026-08-10 00:17:53,21.2,51.9551,4.605066,0,Nieuwerkerk aan den IJssel,NL
Rotterdam,Rotterdam_T3,02:00:00:63:1a:22,2026-08-10 00:11:53,19.5,51.6236701089152,4.34694113409063,0,Steenbergen,NL
Rotterdam,Rotterdam_T3,02:00:00:c6:2c:46,2026-08-10 00:13:03,20.3,51.631416,4.372295,0,Dinteloord,NL
Rotterdam,Rotterdam_T3,02:00:00:20:b9:22,2026-08-10 00:15:52,20.6,51.6701335,4.4339254,0,Moerdijk,NL
Rotterdam,Rotterdam_T3,02:00:00:9c:dc:78,2026-08-10 00:11:27,24.5,51.688968,4.220192,0,Oude-Tonge,NL
Rotterdam,Rotterdam_T3,02:00:00:03:c6:e6,2026-08-10 00:20:18,21.7,51.67676,4.280786,1,Achthuizen,NL
Rotterdam,Rotterdam_T3,02:00:00:00:c0:58,2026-08-10 00:19:48,22.3,51.6819045,4.34173109999998,0,Ooltgensplaat,NL
Rotterdam,Rotterdam_T3,02:00:00:b4:fb:38,2026-08-10 00:20:41,21.5,51.681307,4.348927,0,Ooltgensplaat,NL
Rotterdam,Rotterdam_T3,02:00:00:b5:8b:d6,2026-08-10 00:16:36,21.3,51.6838863515784,4.44104789634028,0,Moerdijk,NL
Rotterdam,Rotterdam_T3,02:00:00:9c:f8:e2,2026-08-10 00:11:18,20.5,51.68679,4.445939,0,Helwijk,NL
Rotterdam,Rotterdam_T3,02:00:00:a9:e2:48,2026-08-10 00:15:57,20.3,51.701777,4.25903699999997,0,Den Bommel,NL
Rotterdam,Rotterdam_T3,02:00:00:7a:f8:86,2026-08-10 00:16:39,22.0,51.715689,4.281123,0,Den Bommel,NL
Rotterdam,Rotterdam_T3,02:00:00:a4:47:94,2026-08-10 00:15:13,20.5,51.728052,4.43449,0,Numansdorp,NL
Rotterdam,Rotterdam_T3,02:00:00:84:04:a0,2026-08-10 00:17:45,20.5,51.729639,4.443646,0,Numansdorp,NL
Rotterdam,Rotterdam_T3,02:00:00:ab:c1:52,2026-08-10 00:13:56,21.6,51.7272605895996,4.44469356536865,0,Numansdorp,NL
Rotterdam,Rotterdam_T3,02:00:00:a4:79:32,2026-08-10 00:14:35,22.2,51.7287788391113,4.4539942741394,0,Numansdorp,NL
Rotterdam,Rotterdam_T3,02:00:00:2f:24:58,2026-08-10 00:19:12,19.8,51.7388602,4.23624810000001,0,Goeree-Overflakkee,NL
Rotterdam,Rotterdam_T3,02:00:00:bc:cf:e6,2026-08-10 00:16:57,21.7,51.737984,4.443355,0,Numansdorp,NL
Rotterdam,Rotterdam_T3,02:00:00:a2:1f:5c,2026-08-10 00:11:21,20.0,51.740426,4.44279,0,Numansdorp,NL
Rotterdam,Rotterdam_T3,02:00:00:65:49:fc,2026-08-10 00:16:05,19.0,51.741867,4.449701,0,Numansdorp,NL
Rotterdam,Rotterdam_T3,02:00:00:22:ea:64,2026-08-10 00:11:24,20.9,51.757101,4.293702,0,Goudswaard,NL
Rotterdam,Rotterdam_T3,02:00:00:64:1b:1e,2026-08-10 00:11:29,21.2,51.757112,4.343231,0,Zuid-Beijerland,NL
Rotterdam,Rotterdam_T3,02:00:00:b9:01:1c,2026-08-10 00:12:44,22.4,51.752419,4.373465,0,Zuid-Beijerland,NL
Rotterdam,Rotterdam_T3,02:00:00:7f:ba:0e,2026-08-10 00:18:36,22.3,51.753811,4.373477,0,Zuid-Beijerland,NL
Rotterdam,Rotterdam_T3,02:00:00:90:98:0e,2026-08-10 00:18:09,21.6,51.751613,4.374019,0,Zuid-Beijerland,NL
Rotterdam,Rotterdam_T3,02:00:00:84:8d:94,2026-08-10 00:18:37,21.0,51.776696,4.324838,0,Zuid-Beijerland,NL
Rotterdam,Rotterdam_T3,02:00:00:bd:1c:46,2026-08-09 23:53:47,18.5,51.767225,4.471495,0,Klaaswaal,NL
Rotterdam,Rotterdam_T3,02:00:00:74:37:3c,2026-08-10 00:11:45,19.1,51.777489,4.487307,0,Strijen,NL
Rotterdam,Rotterdam_T3,02:00:00:a9:e7:4c,2026-08-10 00:13:03,19.2,51.788367,4.337116,0,Piershil,NL
Rotterdam,Rotterdam_T3,02:00:00:3f:02:c2,2026-08-10 00:20:22,20.2,51.7791628378921,4.35718958692851,0,Nieuw-Beijerland,NL
Rotterdam,Rotterdam_T3,02:00:00:ab:e4:a6,2026-08-10 00:18:49,21.6,51.781329,4.365849,0,Hoeksche Waard,NL
Rotterdam,Rotterdam_T3,02:00:00:c3:a9:14,2026-08-10 00:18:57,21.1,51.7901851790411,4.47175113435905,0,Westmaas,NL
Rotterdam,Rotterdam_T3,02:00:00:a9:ac:00,2026-08-10 00:12:48,21.8,51.788327,4.478044,0,Westmaas,NL
