city_area,tile_id,device_id,timestamp_amsterdam,temperature_c,latitude,longitude,altitude_m,location_name,country
Utrecht,Utrecht_T1,02:00:00:37:12:66,2026-10-05 23:55:19,14.5,52.179145,5.068822,0,Breukeleveen,NL
Utrecht,Utrecht_T1,02:00:00:02:f6:0e,2026-10-05 23:52:33,14.4,52.197652,5.132777,2,Loosdrecht,NL
Utrecht,Utrecht_T1,02:00:00:b0:a9:90,2026-10-05 23:52:37,13.7,52.200455,5.136932,3,Loosdrecht,NL
Utrecht,Utrecht_T1,02:00:00:5f:5a:3c,2026-10-05 23:58:05,17.8,52.203813,5.065594,0,Wijdemeren,NL
Utrecht,Utrecht_T1,02:00:00:64:1b:94,2026-10-05 23:54:34,14.3,52.20692,5.09326999999999,1,Loosdrecht,NL
Utrecht,Utrecht_T1,02:00:00:7a:8e:26,2026-10-05 23:52:46,13.5,52.205303,5.096588,0,Loosdrecht,NL
Utrecht,Utrecht_T1,02:00:00:00:10:50,2026-10-05 23:58:20,14.6,52.2050161837691,5.12837827205658,3,Loosdrecht,NL
Utrecht,Utrecht_T1,02:00:00:7b:01:10,2026-10-05 23:56:23,14.5,52.205692,5.131749,1,Loosdrecht,NL
Utrecht,Utrecht_T1,02:00:00:b9:7b:2e,2026-10-05 23:52:02,14.3,52.204017,5.140781,2,Loosdrecht,NL
Utrecht,Utrecht_T1,02:00:00:3c:ed:a2,2026-10-05 23:54:13,13.6,52.204017,5.140781,2,Loosdrecht,NL
Utrecht,Utrecht_T1,02:00:00:bd:fd:a6,2026-10-05 23:57:53,15.2,52.2087615,5.16269899999998,13,Hilversum,NL
Utrecht,Utrecht_T1,02:00:00:c3:8e:a6,2026-10-05 23:58:46,15.6,52.210092,5.179818,12,Hilversum,NL
Utrecht,Utrecht_T1,02:00:00:b5:4f:02,2026-10-05 23:53:54,13.6,52.2167510750697,5.15140235424042,4,Hilversum,NL
Utrecht,Utrecht_T1,02:00:00:c3:82:e2,2026-10-05 23:56:54,14.6,52.212936,5.157038,6,Hilversum,NL
Utrecht,Utrecht_T1,02:00:00:01:3a:f2,2026-10-05 23:50:12,13.9,52.2149722583813,5.16004279666198,7,Hilversum,NL
Utrecht,Utrecht_T1,02:00:00:7a:7b:b6,2026-10-05 23:55:27,14.5,52.216152,5.1599503,9,Hilversum,NL
Utrecht,Utrecht_T1,02:00:00:27:9d:5e,2026-10-05 23:55:00,16.4,52.2139047447403,5.17507553100586,15,Hilversum,NL
Utrecht,Utrecht_T1,02:00:00:2c:c0:f8,2026-10-05 23:57:52,15.4,52.215289,5.191587,6,Hilversum,NL
Utrecht,Utrecht_T1,02:00:00:a9:99:4e,2026-10-05 23:56:17,14.2,52.217244,5.19999860000001,6,Hilversum,NL
Utrecht,Utrecht_T1,02:00:00:53:5a:42,2026-10-05 23:57:55,15.6,52.218062,5.125525,1,Hilversum,NL
Utrecht,Utrecht_T1,02:00:00:32:e1:fc,2026-10-05 23:49:51,15.6,52.21986,5.138679,0,Hilversum,NL
Utrecht,Utrecht_T1,02:00:00:27:41:20,2026-10-05 23:52:01,14.6,52.221503317108,5.17643809318542,7,Hilversum,NL
Utrecht,Utrecht_T1,02:00:00:7f:c0:96,2026-10-05 23:56:35,15.7,52.22016524,5.18491051,8,Hilversum,NL
Utrecht,Utrecht_T1,02:00:00:9b:49:56,2026-10-05 23:49:20,14.1,52.0555172581761,5.07246375001336,1,Nieuwegein,NL
Utrecht,Utrecht_T1,02:00:00:a9:c0:b8,2026-10-05 23:53:37,14.1,52.058835,5.135174,4,Utrecht,NL
Utrecht,Utrecht_T1,02:00:00:bd:cd:b0,2026-10-05 23:58:39,13.3,52.061641,5.128472,3,Utrecht,NL
Utrecht,Utrecht_T1,02:00:00:bd:dc:c4,2026-10-05 23:50:10,13.7,52.0630189775525,5.12959063053131,4,Utrecht,NL
Utrecht,Utrecht_T1,02:00:00:27:58:00,2026-10-05 23:57:16,13.5,52.06631,5.128964,4,Utrecht,NL
Utrecht,Utrecht_T1,02:00:00:2e:c2:fe,2026-10-05 23:56:08,12.9,52.060052,5.134025,4,Utrecht,NL
Utrecht,Utrecht_T1,02:00:00:3e:ec:de,2026-10-05 23:54:09,14.7,52.0628885050208,5.13711911594507,4,Utrecht,NL
Utrecht,Utrecht_T1,02:00:00:28:ec:80,2026-10-05 23:50:27,12.0,52.065526,5.200063,5,Bunnik,NL
Utrecht,Utrecht_T1,02:00:00:63:34:44,2026-10-05 23:56:49,12.7,52.0706,5.0769,0,Utrecht,NL
Utrecht,Utrecht_T1,02:00:00:02:f3:b2,2026-10-05 23:52:39,14.2,52.0684013366699,5.10129976272583,4,Utrecht,NL
Utrecht,Utrecht_T1,02:00:00:02:26:50,2026-10-05 23:53:23,15.4,52.0673127854311,5.1019960641861,3,Utrecht,NL
Utrecht,Utrecht_T1,02:00:00:71:39:d4,2026-10-05 23:56:01,15.5,52.067007,5.108216,3,Utrecht,NL
Utrecht,Utrecht_T1,02:00:00:29:08:ec,2026-10-05 23:53:22,15.1,52.072575,5.120578,2,Utrecht,NL
Utrecht,Utrecht_T1,02:00:00:b5:00:ce,2026-10-05 23:50:33,13.7,52.069854,5.12234250000003,4,Utrecht,NL
Utrecht,Utrecht_T1,02:00:00:a9:6f:5c,2026-10-05 23:51:18,14.0,52.073802947998,5.12334251403809,5,Utrecht,NL
Utrecht,Utrecht_T1,02:00:00:1e:2a:90,2026-10-05 23:53:01,13.9,52.070201,5.125238,4,Utrecht,NL
Utrecht,Utrecht_T1,02:00:00:65:70:6e,2026-10-05 23:58:08,11.9,52.069762,5.187772,3,Bunnik,NL
Utrecht,Utrecht_T1,02:00:00:1b:06:58,2026-10-05 23:52:39,13.4,52.0673070316701,5.19202797330763,5,Bunnik,NL
Utrecht,Utrecht_T1,02:00:00:83:ec:80,2026-10-05 23:53:32,13.6,52.077263,5.0638604,0,Utrecht,NL
Utrecht,Utrecht_T1,02:00:00:a9:6f:60,2026-10-05 23:54:13,15.2,52.079962,5.114904,2,Utrecht,NL
Utrecht,Utrecht_T1,02:00:00:2f:04:02,2026-10-05 23:52:58,15.2,52.08055,5.122316,6,Utrecht,NL
Utrecht,Utrecht_T1,02:00:00:9c:fc:b4,2026-10-05 23:57:29,14.1,52.0790023803711,5.13050746917725,2,Utrecht,NL
Utrecht,Utrecht_T1,02:00:00:69:29:62,2026-10-05 23:50:56,13.1,52.0756661902043,5.13833000000005,6,Utrecht,NL
Utrecht,Utrecht_T1,02:00:00:33:e1:4e,2026-10-05 23:54:25,13.5,52.085492,5.089611,4,Utrecht,NL
Utrecht,Utrecht_T1,02:00:00:2f:06:e0,2026-10-05 23:56:18,13.8,52.085492,5.089611,4,Utrecht,NL
Utrecht,Utrecht_T1,02:00:00:01:04:a2,2026-10-05 23:50:10,13.9,52.086276,5.08958300000004,8,Utrecht,NL
Utrecht,Utrecht_T1,02:00:00:b5:08:94,2026-10-05 23:49:32,14.7,52.0842805951218,5.12355080298444,8,Utrecht,NL
Utrecht,Utrecht_T1,02:00:00:a2:3c:08,2026-10-05 23:58:23,13.8,52.081358764963,5.13511598110199,2,Utrecht,NL
Utrecht,Utrecht_T1,02:00:00:02:9c:e4,2026-10-05 23:52:29,13.4,52.088481,5.143561,2,Utrecht,NL
Utrecht,Utrecht_T1,02:00:00:63:37:c0,2026-10-05 23:55:52,14.2,52.0846376741441,5.14990675244556,4,Utrecht,NL
Utrecht,Utrecht_T1,02:00:00:8d:c3:0e,2026-10-05 23:51:52,17.6,52.09396,5.067146,1,Utrecht,NL
Utrecht,Utrecht_T1,02:00:00:5e:f9:3e,2026-10-05 23:50:04,16.5,52.095,5.06790999999997,2,Utrecht,NL
Utrecht,Utrecht_T1,02:00:00:9d:1a:0e,2026-10-05 23:54:39,15.3,52.09533,5.073208,0,Utrecht,NL
Utrecht,Utrecht_T1,02:00:00:b5:8a:96,2026-10-05 23:55:11,15.0,52.0890953545022,5.07631123065949,1,Utrecht,NL
Utrecht,Utrecht_T1,02:00:00:70:58:26,2026-10-05 23:52:15,14.3,52.093772,5.087235,3,Utrecht,NL
Utrecht,Utrecht_T1,02:00:00:6b:3c:16,2026-10-05 23:58:01,17.2,52.091095,5.0926576,2,Utrecht,NL
Utrecht,Utrecht_T1,02:00:00:b5:3c:02,2026-10-05 23:51:41,15.5,52.0945,5.09406000000001,4,Utrecht,NL
Utrecht,Utrecht_T1,02:00:00:b9:42:72,2026-10-05 23:52:46,17.1,52.0899963378906,5.09774255752563,4,Utrecht,NL
Utrecht,Utrecht_T1,02:00:00:52:c7:3e,2026-10-05 23:50:38,16.4,52.090397,5.101962,3,Utrecht,NL
Utrecht,Utrecht_T1,02:00:00:3c:db:f4,2026-10-05 23:58:29,16.7,52.092422,5.120636,12,Utrecht,NL
Utrecht,Utrecht_T1,02:00:00:bd:cf:26,2026-10-05 23:50:23,16.1,52.0907374,5.12142010000002,18,Utrecht,NL
Utrecht,Utrecht_T1,02:00:00:27:49:d0,2026-10-05 23:54:33,15.2,52.091476,5.122634,10,Utrecht,NL
Utrecht,Utrecht_T1,02:00:00:5f:23:9a,2026-10-05 23:57:24,16.8,52.0947967203465,5.12172407991812,9,Utrecht,NL
Utrecht,Utrecht_T1,02:00:00:5f:20:04,2026-10-05 23:55:35,14.2,52.0938845651776,5.13856323934985,6,Utrecht,NL
Utrecht,Utrecht_T1,02:00:00:7a:71:9a,2026-10-05 23:55:03,16.6,52.096183,5.065176,1,Utrecht,NL
Utrecht,Utrecht_T1,02:00:00:c3:a6:ae,2026-10-05 23:56:44,15.9,52.0966653034839,5.07333587462335,0,Utrecht,NL
Utrecht,Utrecht_T1,02:00:00:bd:c5:ea,2026-10-05 23:55:32,15.6,52.1026685527433,5.09375521405393,1,Utrecht,NL
Utrecht,Utrecht_T1,02:00:00:52:d7:a4,2026-10-05 23:56:37,16.0,52.101415,5.10791,5,Utrecht,NL
Utrecht,Utrecht_T1,02:00:00:b5:97:f6,2026-10-05 23:56:45,15.6,52.100982,5.113231,4,Utrecht,NL
Utrecht,Utrecht_T1,02:00:00:74:7c:d8,2026-10-05 23:56:13,15.4,52.101892,5.11485,3,Utrecht,NL
Utrecht,Utrecht_T1,02:00:00:a9:76:3c,2026-10-05 23:55:04,14.9,52.099474,5.11834,6,Utrecht,NL
Utrecht,Utrecht_T1,02:00:00:3c:f5:5e,2026-10-05 23:52:56,15.0,52.095871,5.131864,3,Utrecht,NL
Utrecht,Utrecht_T1,02:00:00:b4:ee:1a,2026-10-05 23:50:02,14.5,52.099659,5.124221,4,Utrecht,NL
Utrecht,Utrecht_T1,02:00:00:ab:f5:26,2026-10-05 23:56:54,14.2,52.099,5.128,0,Utrecht,NL
Utrecht,Utrecht_T1,02:00:00:29:5e:d2,2026-10-05 23:50:58,13.3,52.097858,5.137552,1,Utrecht,NL
Utrecht,Utrecht_T1,02:00:00:64:29:de,2026-10-05 23:55:20,15.4,52.105162,5.100294,2,Utrecht,NL
Utrecht,Utrecht_T1,02:00:00:9c:e4:3c,2026-10-05 23:53:10,14.1,52.103779,5.12255,4,Utrecht,NL
Utrecht,Utrecht_T1,02:00:00:03:ca:56,2026-10-05 23:53:04,14.4,52.106408,5.125732,3,Utrecht,NL
Utrecht,Utrecht_T1,02:00:00:ab:f3:a4,2026-10-05 23:53:28,13.8,52.110018,5.128991,2,Utrecht,NL
Utrecht,Utrecht_T1,02:00:00:7f:c5:ac,2026-10-05 23:54:31,14.1,52.106043,5.143182,5,Utrecht,NL
Utrecht,Utrecht_T1,02:00:00:58:d2:58,2026-10-05 23:57:41,14.1,52.104095,5.144752,0,Utrecht,NL
Utrecht,Utrecht_T1,02:00:00:14:60:ec,2026-10-05 23:52:54,14.5,52.106249,5.171551,3,De Bilt,NL
Utrecht,Utrecht_T1,02:00:00:a2:02:8a,2026-10-05 23:57:53,14.7,52.106261,5.177714,5,De Bilt,NL
Utrecht,Utrecht_T1,02:00:00:70:4e:ba,2026-10-05 23:51:48,14.9,52.112316,5.090597,1,Utrecht,NL
Utrecht,Utrecht_T1,02:00:00:01:d1:6c,2026-10-05 23:50:12,18.6,52.1147232055664,5.11503601074219,7,Utrecht,NL
Utrecht,Utrecht_T1,02:00:00:a9:a9:ac,2026-10-05 23:51:30,17.1,52.11504,5.11446000000007,4,Utrecht,NL
Utrecht,Utrecht_T1,02:00:00:7b:00:16,2026-10-05 23:54:34,16.8,52.116092,5.116809,5,Utrecht,NL
Utrecht,Utrecht_T1,02:00:00:33:fc:c2,2026-10-05 23:52:43,14.1,52.112909,5.143128,1,Utrecht,NL
Utrecht,Utrecht_T1,02:00:00:03:b9:28,2026-10-05 23:50:56,14.8,52.113087,5.14385800000002,1,Utrecht,NL
Utrecht,Utrecht_T1,02:00:00:3d:0c:b8,2026-10-05 23:53:39,14.4,52.1120604,5.1477574,2,Utrecht,NL
Utrecht,Utrecht_T1,02:00:00:a2:28:d4,2026-10-05 23:55:04,13.7,52.11298,5.176283,3,De Bilt,NL
Utrecht,Utrecht_T1,02:00:00:74:4f:c6,2026-10-05 23:52:03,13.7,52.114273,5.1778874,5,De Bilt,NL
Utrecht,Utrecht_T1,02:00:00:37:16:9a,2026-10-05 23:54:01,16.7,52.1209042,5.0716415,1,Utrecht,NL
Utrecht,Utrecht_T1,02:00:00:b5:07:da,2026-10-05 23:58:01,14.6,52.1185,5.0885,0,Utrecht,NL
Utrecht,Utrecht_T1,02:00:00:6b:8c:a6,2026-10-05 23:50:07,14.4,52.121922,5.09350500000013,2,Utrecht,NL
Utrecht,Utrecht_T1,02:00:00:9d:2a:ee,2026-10-05 23:50:46,14.1,52.1226012257881,5.09323120411752,2,Utrecht,NL
Utrecht,Utrecht_T1,02:00:00:af:6f:c0,2026-10-05 23:58:37,16.5,52.1203433,5.1160012,4,Utrecht,NL
Utrecht,Utrecht_T1,02:00:00:63:2e:78,2026-10-05 23:50:24,14.2,52.124311,5.149015,3,Groenekan,NL
Utrecht,Utrecht_T1,02:00:00:2e:bd:ce,2026-10-05 23:52:18,13.1,52.122233,5.200776,10,Bilthoven,NL
Utrecht,Utrecht_T1,02:00:00:a4:87:ec,2026-10-05 23:51:19,14.3,52.1316666043838,5.09194861301635,0,Utrecht,NL
Utrecht,Utrecht_T1,02:00:00:7f:b2:0e,2026-10-05 23:55:58,14.5,52.127119,5.100939,4,Utrecht,NL
Utrecht,Utrecht_T1,02:00:00:b5:6e:3a,2026-10-05 23:58:20,13.2,52.124991,5.158267,4,De Bilt,NL
Utrecht,Utrecht_T1,02:00:00:a2:45:c2,2026-10-05 23:58:54,11.9,52.130604,5.188466,5,Bilthoven,NL
Utrecht,Utrecht_T1,02:00:00:b5:a7:2c,2026-10-05 23:58:09,12.4,52.12492,5.1931024,5,Bilthoven,NL
Utrecht,Utrecht_T1,02:00:00:33:2d:6a,2026-10-05 23:54:04,12.7,52.1263389,5.1944393,6,De Bilt,NL
Utrecht,Utrecht_T1,02:00:00:36:a3:68,2026-10-05 23:54:51,12.9,52.12822,5.20124999999999,8,Bilthoven,NL
Utrecht,Utrecht_T1,02:00:00:7a:ff:64,2026-10-05 23:57:24,12.2,52.132211,5.197475,3,Bilthoven,NL
Utrecht,Utrecht_T1,02:00:00:2c:9c:48,2026-10-05 23:49:39,15.2,52.140412,5.009436,0,Stichtse Vecht,NL
Utrecht,Utrecht_T1,02:00:00:01:50:b6,2026-10-05 23:56:34,14.7,52.1411799412661,5.01502234507166,0,Maarssen,NL
Utrecht,Utrecht_T1,02:00:00:9c:f9:4a,2026-10-05 23:51:05,15.2,52.1400375366211,5.04170799255371,2,Maarssen,NL
Utrecht,Utrecht_T1,02:00:00:00:f7:a2,2026-10-05 23:54:33,15.9,52.1404276175265,5.04727728441715,2,Stichtse Vecht,NL
Utrecht,Utrecht_T1,02:00:00:1c:80:6c,2026-10-05 23:57:33,16.5,52.145063,5.04611,1,Maarssen,NL
Utrecht,Utrecht_T1,02:00:00:2c:b8:78,2026-10-05 23:51:00,14.7,52.1517178597221,4.94924400000001,0,Kockengen,NL
Utrecht,Utrecht_T1,02:00:00:9d:25:4e,2026-10-05 23:49:06,14.2,52.15058,4.95477000000003,0,Kockengen,NL
Utrecht,Utrecht_T1,02:00:00:a4:59:54,2026-10-05 23:58:48,14.5,52.1487083,5.03985960000006,0,Maarssen,NL
Utrecht,Utrecht_T1,02:00:00:27:6f:7e,2026-10-05 23:56:44,14.8,52.150683,5.039803,0,Stichtse Vecht,NL
Utrecht,Utrecht_T1,02:00:00:c6:20:d8,2026-10-05 23:54:23,14.3,52.1657755,5.0004309,0,Breukelen,NL
Utrecht,Utrecht_T1,02:00:00:31:b2:30,2026-10-05 23:51:17,14.9,52.179563,5.020723,0,Breukelen,NL
Utrecht,Utrecht_T1,02:00:00:9b:59:44,2026-10-05 23:50:42,14.9,52.175474,5.027806,0,Breukelen,NL
Utrecht,Utrecht_T1,02:00:00:3f:28:4e,2026-10-05 23:55:38,15.7,52.1885295082791,4.98983681201935,0,Nieuwer Ter Aa,NL
Utrecht,Utrecht_T1,02:00:00:37:28:66,2026-10-05 23:49:40,15.2,52.208307,4.923314,0,Vinkeveen,NL
Utrecht,Utrecht_T1,02:00:00:52:d3:e8,2026-10-05 23:57:38,14.0,52.2057798738149,5.01490716822919,0,Loenen aan de Vecht,NL
Utrecht,Utrecht_T1,02:00:00:1f:7e:84,2026-10-05 23:56:15,15.0,52.208085,5.015193,0,Loenen aan de Vecht,NL
Utrecht,Utrecht_T1,02:00:00:5e:f1:70,2026-10-05 23:51:57,14.6,52.209512199478,5.01560136528928,0,Loenen aan de Vecht,NL
Utrecht,Utrecht_T1,02:00:00:bc:d2:3a,2026-10-05 23:55:52,14.7,52.2071006719862,5.01808721691921,0,Loenen aan de Vecht,NL
Utrecht,Utrecht_T1,02:00:00:70:39:30,2026-10-05 23:58:24,13.0,52.2132735899086,4.92226205035142,0,Vinkeveen,NL
Utrecht,Utrecht_T1,02:00:00:14:48:30,2026-10-05 23:52:20,15.4,52.214024,5.026552,0,Loenen aan de Vecht,NL
Utrecht,Utrecht_T1,02:00:00:2b:23:dc,2026-10-05 23:55:39,13.7,52.052497,4.955131,1,Montfoort,NL
Utrecht,Utrecht_T1,02:00:00:c2:4e:14,2026-10-05 23:54:00,15.1,52.080025,5.00642199999999,0,Utrecht,NL
Utrecht,Utrecht_T1,02:00:00:c2:8a:9a,2026-10-05 23:54:16,13.1,52.078398,5.01515069999999,0,Utrecht,NL
Utrecht,Utrecht_T1,02:00:00:27:5f:76,2026-10-05 23:55:24,13.5,52.077418,5.020574,0,Utrecht,NL
Utrecht,Utrecht_T1,02:00:00:b5:b7:16,2026-10-05 23:49:41,12.8,52.0759,5.026621,0,Utrecht,NL
Utrecht,Utrecht_T1,02:00:00:a4:19:3e,2026-10-05 23:57:01,13.3,52.077895,5.026372,2,Utrecht,NL
Utrecht,Utrecht_T1,02:00:00:a4:3e:00,2026-10-05 23:58:19,13.2,52.0758920140845,5.0307848067002,0,Utrecht,NL
Utrecht,Utrecht_T1,02:00:00:2b:5f:7e,2026-10-05 23:51:13,13.3,52.079872,5.030363,1,Utrecht,NL
Utrecht,Utrecht_T1,02:00:00:c3:8d:fe,2026-10-05 23:58:49,15.5,52.0775,5.0599,0,Utrecht,NL
Utrecht,Utrecht_T1,02:00:00:32:e1:b0,2026-10-05 23:57:23,13.4,52.085795,5.014428,0,Utrecht,NL
Utrecht,Utrecht_T1,02:00:00:63:4a:60,2026-10-05 23:52:28,14.5,52.08632,5.026208,1,Utrecht,NL
Utrecht,Utrecht_T1,02:00:00:5f:5e:f6,2026-10-05 23:52:27,15.5,52.082204,5.032968,3,Utrecht,NL
Utrecht,Utrecht_T1,02:00:00:84:0d:58,2026-10-05 23:51:26,14.4,52.083796,5.042289,0,Utrecht,NL
Utrecht,Utrecht_T1,02:00:00:2e:9f:46,2026-10-05 23:54:00,15.9,52.0872737363844,5.0397069563345,1,Utrecht,NL
Utrecht,Utrecht_T1,02:00:00:a9:91:b2,2026-10-05 23:57:49,14.0,52.0840520546178,5.0466138124466,0,Utrecht,NL
Utrecht,Utrecht_T1,02:00:00:84:4c:be,2026-10-05 23:50:05,14.9,52.085796,5.05175,2,Utrecht,NL
Utrecht,Utrecht_T1,02:00:00:63:1e:24,2026-10-05 23:54:15,14.3,52.0841807,5.0583297,1,Utrecht,NL
Utrecht,Utrecht_T1,02:00:00:c2:3c:a4,2026-10-05 23:52:20,16.4,52.088304,5.055145,0,Utrecht,NL
Utrecht,Utrecht_T1,02:00:00:a2:64:3a,2026-10-05 23:54:45,14.8,52.08912,4.955397,1,Woerden,NL
Utrecht,Utrecht_T1,02:00:00:04:6b:b2,2026-10-05 23:58:33,14.5,52.0890216,4.95978960000002,2,Woerden,NL
Utrecht,Utrecht_T1,02:00:00:27:67:9e,2026-10-05 23:56:51,14.6,52.0939775908876,4.95844790679508,1,Woerden,NL
Utrecht,Utrecht_T1,02:00:00:7f:a0:a8,2026-10-05 23:48:58,14.8,52.088885,4.9616,0,Woerden,NL
Utrecht,Utrecht_T1,02:00:00:1c:5a:c4,2026-10-05 23:49:32,13.8,52.091265,4.999434,0,Utrecht,NL
Utrecht,Utrecht_T1,02:00:00:b2:b3:4e,2026-10-05 23:56:34,15.0,52.094791,5.001589,0,Utrecht,NL
Utrecht,Utrecht_T1,02:00:00:b5:b1:bc,2026-10-05 23:54:57,14.3,52.095,5.0099,0,Utrecht,NL
Utrecht,Utrecht_T1,02:00:00:83:ba:de,2026-10-05 23:52:01,15.5,52.092913,5.013408,0,Utrecht,NL
Utrecht,Utrecht_T1,02:00:00:01:14:58,2026-10-05 23:57:16,14.2,52.089916,5.01991400000001,0,Utrecht,NL
Utrecht,Utrecht_T1,02:00:00:90:90:7e,2026-10-05 23:51:15,14.6,52.09193,5.016591,0,Utrecht,NL
Utrecht,Utrecht_T1,02:00:00:34:05:ae,2026-10-05 23:57:03,15.0,52.091745,5.01907,1,Utrecht,NL
Utrecht,Utrecht_T1,02:00:00:64:2b:54,2026-10-05 23:49:37,14.5,52.0939815413722,5.04236700868549,0,Utrecht,NL
Utrecht,Utrecht_T1,02:00:00:2b:42:7a,2026-10-05 23:54:06,13.7,52.0941,5.0504,2,Utrecht,NL
Utrecht,Utrecht_T1,02:00:00:c6:1b:24,2026-10-05 23:57:50,13.1,52.093323,5.054712,0,Utrecht,NL
Utrecht,Utrecht_T1,02:00:00:7a:c6:dc,2026-10-05 23:58:15,13.8,52.096533,5.002674,0,Utrecht,NL
Utrecht,Utrecht_T1,02:00:00:70:38:92,2026-10-05 23:57:46,13.1,52.099754,4.997049,0,Utrecht,NL
Utrecht,Utrecht_T1,02:00:00:33:dd:42,2026-10-05 23:55:05,13.5,52.0973472595215,5.0064435005188,0,Utrecht,NL
Utrecht,Utrecht_T1,02:00:00:22:ad:c6,2026-10-05 23:54:13,14.3,52.102223,5.009766,0,Utrecht,NL
Utrecht,Utrecht_T1,02:00:00:5e:e2:2e,2026-10-05 23:50:23,13.9,52.0987673336394,5.01320895590376,0,Utrecht,NL
Utrecht,Utrecht_T1,02:00:00:bd:d9:bc,2026-10-05 23:56:56,14.3,52.1012649536133,5.01841592788696,1,Utrecht,NL
Utrecht,Utrecht_T1,02:00:00:31:e8:2e,2026-10-05 23:51:18,14.4,52.0997439,5.03196639999999,1,Utrecht,NL
Utrecht,Utrecht_T1,02:00:00:c2:7d:a8,2026-10-05 23:55:28,15.5,52.096701,5.040231,1,Utrecht,NL
Utrecht,Utrecht_T1,02:00:00:01:86:10,2026-10-05 23:52:23,15.4,52.09855,5.039822,0,Utrecht,NL
Utrecht,Utrecht_T1,02:00:00:bd:c9:2c,2026-10-05 23:53:26,15.2,52.099041,5.042377,0,Utrecht,NL
Utrecht,Utrecht_T1,02:00:00:73:be:5a,2026-10-05 23:56:43,14.3,52.097817,5.051997,3,Utrecht,NL
Utrecht,Utrecht_T1,02:00:00:01:a1:ee,2026-10-05 23:53:28,13.4,52.0960000139971,5.0595535031938,0,Utrecht,NL
Utrecht,Utrecht_T1,02:00:00:3e:ec:2c,2026-10-05 23:53:19,14.0,52.0968945722032,5.05947500118808,0,Utrecht,NL
Utrecht,Utrecht_T1,02:00:00:a9:68:2c,2026-10-05 23:50:41,14.1,52.1086201,4.93817080000002,0,Woerden,NL
Utrecht,Utrecht_T1,02:00:00:2c:f6:ae,2026-10-05 23:55:48,13.3,52.106163,4.981696,0,Utrecht,NL
Utrecht,Utrecht_T1,02:00:00:53:19:bc,2026-10-05 23:54:06,15.3,52.109263,5.018467,1,Utrecht,NL
Utrecht,Utrecht_T1,02:00:00:84:78:2c,2026-10-05 23:51:39,15.6,52.1067630675542,5.02126398724257,1,Utrecht,NL
Utrecht,Utrecht_T1,02:00:00:31:cb:18,2026-10-05 23:55:45,14.3,52.1073892613559,5.02463787381133,0,Utrecht,NL
Utrecht,Utrecht_T1,02:00:00:84:24:48,2026-10-05 23:50:06,15.3,52.1050731,5.0346819,1,Utrecht,NL
Utrecht,Utrecht_T1,02:00:00:64:3e:bc,2026-10-05 23:57:02,14.8,52.115205,5.007731,0,Utrecht,NL
Utrecht,Utrecht_T1,02:00:00:84:79:a0,2026-10-05 23:51:13,14.6,52.114201,5.01126,0,Utrecht,NL
Utrecht,Utrecht_T1,02:00:00:a9:4b:60,2026-10-05 23:54:00,13.0,52.119961,4.99775200000006,3,Utrecht,NL
Utrecht,Utrecht_T1,02:00:00:70:2f:1c,2026-10-05 23:50:16,15.3,52.122375,5.033245,0,Stichtse Vecht,NL
Utrecht,Utrecht_T1,02:00:00:02:9b:72,2026-10-05 23:56:23,15.0,52.124334,5.033408,0,Maarssen,NL
Utrecht,Utrecht_T1,02:00:00:3d:25:42,2026-10-05 23:57:44,15.3,52.135743,5.016961,0,Maarssen,NL
Utrecht,Utrecht_T1,02:00:00:29:08:b2,2026-10-05 23:56:13,15.2,52.138664,5.0182734,0,Maarssen,NL
Utrecht,Utrecht_T1,02:00:00:05:4f:28,2026-10-05 23:56:15,14.6,52.133111,5.035686,0,Stichtse Vecht,NL
Utrecht,Utrecht_T1,02:00:00:a9:65:bc,2026-10-05 23:53:40,16.0,52.1340026855469,5.04215478897095,1,Maarssen,NL
Utrecht,Utrecht_T1,02:00:00:af:40:24,2026-10-05 23:58:32,16.6,52.1336212158203,5.04450082778931,2,Maarssen,NL
Utrecht,Utrecht_T2,02:00:00:c2:35:ac,2026-10-05 23:54:36,13.1,52.1459370151422,5.21551547366956,7,Bilthoven,NL
Utrecht,Utrecht_T2,02:00:00:b5:78:d6,2026-10-05 23:53:21,11.7,52.146778,5.237025,10,Zeist,NL
Utrecht,Utrecht_T2,02:00:00:5f:15:c0,2026-10-05 23:57:07,12.2,52.16024,5.215069,6,Bilthoven,NL
Utrecht,Utrecht_T2,02:00:00:a2:74:3e,2026-10-05 23:58:26,12.8,52.1600980139711,5.28715847486947,6,Soest,NL
Utrecht,Utrecht_T2,02:00:00:a2:74:d8,2026-10-05 23:56:26,13.9,52.159536,5.30479100000001,8,Soest,NL
Utrecht,Utrecht_T2,02:00:00:a4:1a:b8,2026-10-05 23:51:18,14.3,52.15949,5.305391,9,Soest,NL
Utrecht,Utrecht_T2,02:00:00:00:4a:16,2026-10-05 23:54:05,13.7,52.158649,5.33553899999997,6,Soest,NL
Utrecht,Utrecht_T2,02:00:00:7a:8f:48,2026-10-05 23:57:28,13.9,52.161646,5.287263,6,Soest,NL
Utrecht,Utrecht_T2,02:00:00:31:ea:a8,2026-10-05 23:55:06,13.0,52.166694,5.293944,4,Soest,NL
Utrecht,Utrecht_T2,02:00:00:02:d0:f6,2026-10-05 23:56:58,13.7,52.161993,5.306616,5,Soest,NL
Utrecht,Utrecht_T2,02:00:00:70:4e:b4,2026-10-05 23:58:08,13.8,52.1610313078006,5.31033632946336,7,Soest,NL
Utrecht,Utrecht_T2,02:00:00:27:55:54,2026-10-05 23:55:24,14.1,52.161317,5.311697,10,Soest,NL
Utrecht,Utrecht_T2,02:00:00:3f:6d:36,2026-10-05 23:57:02,14.1,52.1615414,5.3120704,10,Soest,NL
Utrecht,Utrecht_T2,02:00:00:9d:12:d6,2026-10-05 23:58:50,12.5,52.173973,5.267367,3,Soest,NL
Utrecht,Utrecht_T2,02:00:00:83:cc:cc,2026-10-05 23:57:19,12.2,52.1690789466029,5.27412414550781,2,Soest,NL
Utrecht,Utrecht_T2,02:00:00:3c:17:5e,2026-10-05 23:58:08,13.8,52.174072,5.286707,4,Soest,NL
Utrecht,Utrecht_T2,02:00:00:ab:f5:36,2026-10-05 23:57:43,12.9,52.167732,5.294024,6,Soest,NL
Utrecht,Utrecht_T2,02:00:00:b0:a0:da,2026-10-05 23:50:57,13.6,52.167778,5.311431,6,Soest,NL
Utrecht,Utrecht_T2,02:00:00:a9:e6:ca,2026-10-05 23:51:32,13.0,52.1806831359863,5.27848291397095,7,Soest,NL
Utrecht,Utrecht_T2,02:00:00:c3:a7:7e,2026-10-05 23:50:12,13.1,52.1838930347472,5.27600772213758,5,Soest,NL
Utrecht,Utrecht_T2,02:00:00:02:f3:92,2026-10-05 23:56:02,15.2,52.185829,5.289498,11,Soest,NL
Utrecht,Utrecht_T2,02:00:00:b2:be:4a,2026-10-05 23:49:22,13.8,52.182134,5.302085,8,Soest,NL
Utrecht,Utrecht_T2,02:00:00:a4:42:62,2026-10-05 23:57:52,14.6,52.189439359515,5.28560091059452,4,Soest,NL
Utrecht,Utrecht_T2,02:00:00:74:36:ec,2026-10-05 23:52:57,14.6,52.1987916,5.29681810000006,0,Baarn,NL
Utrecht,Utrecht_T2,02:00:00:19:19:4c,2026-10-05 23:55:16,13.9,52.20251,5.304628,2,Baarn,NL
Utrecht,Utrecht_T2,02:00:00:b5:a7:2e,2026-10-05 23:58:28,13.7,52.204551,5.29403400000005,4,Baarn,NL
Utrecht,Utrecht_T2,02:00:00:05:5e:4c,2026-10-05 23:55:29,14.1,52.208508,5.285955,8,Baarn,NL
Utrecht,Utrecht_T2,02:00:00:5e:da:38,2026-10-05 23:55:25,13.2,52.20741,5.289788,8,Baarn,NL
Utrecht,Utrecht_T2,02:00:00:5e:ff:d6,2026-10-05 23:50:44,15.2,52.2067815282989,5.29985652570758,2,Baarn,NL
Utrecht,Utrecht_T2,02:00:00:6b:55:1c,2026-10-05 23:58:10,14.3,52.205104,5.303637,1,Baarn,NL
Utrecht,Utrecht_T2,02:00:00:03:a5:92,2026-10-05 23:57:33,13.9,52.205826,5.303774,1,Baarn,NL
Utrecht,Utrecht_T2,02:00:00:9b:5d:8c,2026-10-05 23:56:14,14.5,52.2144057,5.2672261,15,Baarn,NL
Utrecht,Utrecht_T2,02:00:00:53:56:18,2026-10-05 23:52:35,14.5,52.216041,5.267333,13,Baarn,NL
Utrecht,Utrecht_T2,02:00:00:73:a9:6a,2026-10-05 23:55:16,13.9,52.211376,5.2808995,14,Baarn,NL
Utrecht,Utrecht_T2,02:00:00:b5:a6:f4,2026-10-05 23:56:54,14.8,52.2157187,5.28150870000002,6,Baarn,NL
Utrecht,Utrecht_T2,02:00:00:1e:21:48,2026-10-05 23:51:45,14.4,52.215519,5.288773,6,Baarn,NL
Utrecht,Utrecht_T2,02:00:00:b2:ca:86,2026-10-05 23:53:06,14.5,52.211498260498,5.29220008850098,8,Baarn,NL
Utrecht,Utrecht_T2,02:00:00:90:7d:3c,2026-10-05 23:53:04,14.4,52.214039,5.301358,4,Baarn,NL
Utrecht,Utrecht_T2,02:00:00:a9:54:cc,2026-10-05 23:55:42,15.8,52.220841,5.27057,3,Baarn,NL
Utrecht,Utrecht_T2,02:00:00:5e:d4:3c,2026-10-05 23:51:33,14.7,52.2219,5.2869,0,Kortenhoef,NL
Utrecht,Utrecht_T2,02:00:00:3f:5b:90,2026-10-05 23:54:03,15.2,52.2184876,5.2895261,3,Baarn,NL
Utrecht,Utrecht_T2,02:00:00:7f:da:5c,2026-10-05 23:58:04,13.3,52.0531304369579,5.22815108299255,4,Odijk,NL
Utrecht,Utrecht_T2,02:00:00:6b:5c:40,2026-10-05 23:54:48,11.7,52.054557,5.231227,4,Odijk,NL
Utrecht,Utrecht_T2,02:00:00:6b:66:fe,2026-10-05 23:52:24,12.3,52.054769,5.232745,4,Bunnik,NL
Utrecht,Utrecht_T2,02:00:00:6b:48:fa,2026-10-05 23:49:11,13.8,52.054625,5.268526,6,Driebergen-Rijsenburg,NL
Utrecht,Utrecht_T2,02:00:00:83:93:78,2026-10-05 23:50:59,12.5,52.0587966,5.2699541000001,6,Driebergen-Rijsenburg,NL
Utrecht,Utrecht_T2,02:00:00:c2:2d:da,2026-10-05 23:54:58,14.7,52.058667,5.280097,10,Driebergen-Rijsenburg,NL
Utrecht,Utrecht_T2,02:00:00:b2:c5:82,2026-10-05 23:53:27,12.2,52.053513,5.28343899999996,7,Driebergen-Rijsenburg,NL
Utrecht,Utrecht_T2,02:00:00:05:4c:fe,2026-10-05 23:58:20,11.6,52.05599,5.302302,8,Driebergen-Rijsenburg,NL
Utrecht,Utrecht_T2,02:00:00:53:4b:f6,2026-10-05 23:54:42,10.8,52.0663334077756,5.27181981444309,7,Utrechtse Heuvelrug,NL
Utrecht,Utrecht_T2,02:00:00:5f:31:da,2026-10-05 23:53:12,12.6,52.060634,5.303621,9,Driebergen-Rijsenburg,NL
Utrecht,Utrecht_T2,02:00:00:12:fa:c2,2026-10-05 23:53:18,12.2,52.0734988364436,5.26520848274231,11,Zeist,NL
Utrecht,Utrecht_T2,02:00:00:69:2d:ce,2026-10-05 23:49:24,13.0,52.0776864965393,5.21996678862774,2,Zeist,NL
Utrecht,Utrecht_T2,02:00:00:2c:8c:8e,2026-10-05 23:55:24,13.6,52.076028,5.223584,3,Zeist,NL
Utrecht,Utrecht_T2,02:00:00:b5:95:b6,2026-10-05 23:52:17,12.2,52.076054,5.2236304,3,Zeist,NL
Utrecht,Utrecht_T2,02:00:00:32:e0:e0,2026-10-05 23:52:23,12.4,52.08036,5.230089,6,Zeist,NL
Utrecht,Utrecht_T2,02:00:00:1e:2b:70,2026-10-05 23:51:45,11.7,52.077486,5.262767,7,Zeist,NL
Utrecht,Utrecht_T2,02:00:00:22:e9:30,2026-10-05 23:57:08,11.3,52.0765091878968,5.26901300000007,11,Zeist,NL
Utrecht,Utrecht_T2,02:00:00:a9:8d:d8,2026-10-05 23:57:12,14.1,52.085205078125,5.20746994018555,3,Zeist,NL
Utrecht,Utrecht_T2,02:00:00:6b:50:1c,2026-10-05 23:52:30,14.3,52.0831358136488,5.20810304846899,3,Zeist,NL
Utrecht,Utrecht_T2,02:00:00:3c:09:22,2026-10-05 23:52:36,13.5,52.08636,5.221066,4,Zeist,NL
Utrecht,Utrecht_T2,02:00:00:b5:a7:22,2026-10-05 23:49:30,11.9,52.086941,5.225881,3,Zeist,NL
Utrecht,Utrecht_T2,02:00:00:63:36:3c,2026-10-05 23:54:39,12.6,52.082337,5.230563,5,Zeist,NL
Utrecht,Utrecht_T2,02:00:00:04:96:34,2026-10-05 23:57:58,12.7,52.0873,5.2297,5,Zeist,NL
Utrecht,Utrecht_T2,02:00:00:b5:78:be,2026-10-05 23:50:33,12.4,52.0856160136376,5.24176729332961,10,Zeist,NL
Utrecht,Utrecht_T2,02:00:00:71:2a:b6,2026-10-05 23:55:29,11.9,52.0859,5.251713,8,Zeist,NL
Utrecht,Utrecht_T2,02:00:00:b9:52:00,2026-10-05 23:52:59,13.2,52.0816383361816,5.2666335105896,8,Zeist,NL
Utrecht,Utrecht_T2,02:00:00:c3:d4:02,2026-10-05 23:06:48,13.0,52.081804,5.271518,9,Zeist,NL
Utrecht,Utrecht_T2,02:00:00:2b:1b:b8,2026-10-05 23:56:15,11.0,52.0832,5.3114,16,Zeist,NL
Utrecht,Utrecht_T2,02:00:00:b5:6c:22,2026-10-05 23:57:05,12.8,52.091126,5.216452,3,Zeist,NL
Utrecht,Utrecht_T2,02:00:00:90:64:1a,2026-10-05 23:54:18,12.8,52.095281,5.224389,6,Zeist,NL
Utrecht,Utrecht_T2,02:00:00:2b:35:1e,2026-10-05 23:57:35,12.8,52.0952544,5.2250609,7,Zeist,NL
Utrecht,Utrecht_T2,02:00:00:be:08:80,2026-10-05 23:49:50,12.5,52.08921,5.23415,4,Zeist,NL
Utrecht,Utrecht_T2,02:00:00:65:5f:98,2026-10-05 23:51:48,14.8,52.092372,5.258088,13,Zeist,NL
Utrecht,Utrecht_T2,02:00:00:7a:86:6c,2026-10-05 23:57:44,12.9,52.096791,5.223656,6,Zeist,NL
Utrecht,Utrecht_T2,02:00:00:70:52:12,2026-10-05 23:55:35,13.5,52.0989064,5.2171375,7,Zeist,NL
Utrecht,Utrecht_T2,02:00:00:1b:26:ca,2026-10-05 23:52:16,15.0,52.100902557373,5.22507286071777,11,Zeist,NL
Utrecht,Utrecht_T2,02:00:00:01:97:ee,2026-10-05 23:53:47,13.3,52.095773,5.238273,8,Zeist,NL
Utrecht,Utrecht_T2,02:00:00:c3:98:28,2026-10-05 23:57:27,13.7,52.099648,5.243402,9,Zeist,NL
Utrecht,Utrecht_T2,02:00:00:04:8d:d4,2026-10-05 23:52:25,13.8,52.0991028774139,5.24481058252604,6,Zeist,NL
Utrecht,Utrecht_T2,02:00:00:04:78:82,2026-10-05 23:50:28,12.9,52.1007772460734,5.24760032682437,9,Zeist,NL
Utrecht,Utrecht_T2,02:00:00:c3:89:70,2026-10-05 23:54:37,13.1,52.09627,5.25480000000008,10,Zeist,NL
Utrecht,Utrecht_T2,02:00:00:b5:7f:6e,2026-10-05 23:57:56,11.3,52.096116,5.275819,16,Zeist,NL
Utrecht,Utrecht_T2,02:00:00:1e:22:fc,2026-10-05 23:53:02,14.0,52.1147665420416,5.23625329385042,10,Zeist,NL
Utrecht,Utrecht_T2,02:00:00:01:42:a0,2026-10-05 23:49:01,11.8,52.1165999419503,5.25683110127394,17,Zeist,NL
Utrecht,Utrecht_T2,02:00:00:00:cf:e2,2026-10-05 23:55:08,12.5,52.1165564224102,5.27588927533017,26,Zeist,NL
Utrecht,Utrecht_T2,02:00:00:32:d5:b4,2026-10-05 23:53:12,13.9,52.120705,5.242738,11,Zeist,NL
Utrecht,Utrecht_T2,02:00:00:2e:f1:88,2026-10-05 23:51:16,12.1,52.118083,5.28241,18,Soest,NL
Utrecht,Utrecht_T2,02:00:00:bd:cd:7c,2026-10-05 23:54:09,13.3,52.118207,5.289362,19,Soest,NL
Utrecht,Utrecht_T2,02:00:00:58:d1:7c,2026-10-05 23:56:34,13.7,52.1175345595035,5.29194567397049,21,Soest,NL
Utrecht,Utrecht_T2,02:00:00:2f:2e:d6,2026-10-05 23:58:19,13.1,52.1253540626594,5.20409166812897,8,Bilthoven,NL
Utrecht,Utrecht_T2,02:00:00:1c:70:32,2026-10-05 23:51:58,13.7,52.1276989082711,5.20827054977417,6,Bilthoven,NL
Utrecht,Utrecht_T2,02:00:00:83:f8:ea,2026-10-05 23:58:06,13.0,52.130348,5.321519,28,Soest,NL
Utrecht,Utrecht_T2,02:00:00:64:3a:06,2026-10-05 23:56:02,13.4,52.135639,5.211466,8,Bilthoven,NL
Utrecht,Utrecht_T2,02:00:00:b2:c4:4c,2026-10-05 23:58:21,12.9,52.137758,5.221579,12,Bilthoven,NL
Utrecht,Utrecht_T2,02:00:00:33:d9:9a,2026-10-05 23:50:37,12.9,52.134636,5.224104,9,Bilthoven,NL
Utrecht,Utrecht_T3,02:00:00:af:80:9e,2026-10-05 23:59:21,13.0,51.984738,5.086291,2,Vianen,NL
Utrecht,Utrecht_T3,02:00:00:31:ed:ec,2026-10-05 23:55:44,12.6,51.983323,5.093653,2,Vianen,NL
Utrecht,Utrecht_T3,02:00:00:7f:8d:c4,2026-10-05 23:59:31,15.2,51.9830332883009,5.12328207492826,3,Hagestein,NL
Utrecht,Utrecht_T3,02:00:00:b9:1e:ca,2026-10-05 23:55:42,13.5,51.9914952649266,5.10561422229253,2,Vianen,NL
Utrecht,Utrecht_T3,02:00:00:52:ed:28,2026-10-05 23:52:37,14.0,51.993881,5.120075,3,Hoef en Haag,NL
Utrecht,Utrecht_T3,02:00:00:a9:87:e4,2026-10-05 23:58:08,14.1,51.9912528991699,5.12258720397949,0,Hoef en Haag,NL
Utrecht,Utrecht_T3,02:00:00:28:d9:60,2026-10-05 23:55:59,13.8,52.008254895269,5.07912755012512,1,Nieuwegein,NL
Utrecht,Utrecht_T3,02:00:00:06:71:46,2026-10-05 23:53:23,15.0,52.0032156734361,5.08314549922943,8,Nieuwegein,NL
Utrecht,Utrecht_T3,02:00:00:2f:21:6e,2026-10-05 23:49:29,15.3,52.00266,5.08989000000006,7,Nieuwegein,NL
Utrecht,Utrecht_T3,02:00:00:28:f1:f2,2026-10-05 23:57:50,14.2,52.004566,5.0946593,5,Nieuwegein,NL
Utrecht,Utrecht_T3,02:00:00:af:32:52,2026-10-05 23:52:37,13.0,52.0100655920947,5.07965231726042,3,Nieuwegein,NL
Utrecht,Utrecht_T3,02:00:00:58:b3:02,2026-10-05 23:55:54,14.1,52.010572,5.08619999999997,1,Nieuwegein,NL
Utrecht,Utrecht_T3,02:00:00:03:58:16,2026-10-05 23:51:00,14.1,52.010896,5.092813,2,Nieuwegein,NL
Utrecht,Utrecht_T3,02:00:00:c3:96:50,2026-10-05 23:54:55,14.4,52.0121,5.0976,0,Nieuwegein,NL
Utrecht,Utrecht_T3,02:00:00:bc:aa:ca,2026-10-05 23:56:57,13.9,52.0104637145996,5.09828901290894,1,Nieuwegein,NL
Utrecht,Utrecht_T3,02:00:00:2c:96:ec,2026-10-05 23:56:08,14.0,52.0109091557339,5.09877757132759,0,Nieuwegein,NL
Utrecht,Utrecht_T3,02:00:00:12:63:b8,2026-10-05 23:52:37,13.8,52.0151322,5.16602090000003,0,Houten,NL
Utrecht,Utrecht_T3,02:00:00:2e:9a:ba,2026-10-05 23:50:50,12.7,52.015831,5.165842,0,Houten,NL
Utrecht,Utrecht_T3,02:00:00:33:c8:80,2026-10-05 23:56:45,14.0,52.012465,5.168464,0,Houten,NL
Utrecht,Utrecht_T3,02:00:00:33:c3:4a,2026-10-05 23:50:56,14.7,52.014978,5.187588,1,Houten,NL
Utrecht,Utrecht_T3,02:00:00:b2:a5:e2,2026-10-05 23:52:25,13.4,52.0213043701897,5.0796202400924,2,Nieuwegein,NL
Utrecht,Utrecht_T3,02:00:00:84:57:1c,2026-10-05 23:51:56,13.1,52.0224339,5.080256,0,Nieuwegein,NL
Utrecht,Utrecht_T3,02:00:00:b5:8f:e6,2026-10-05 23:57:45,14.3,52.018731,5.165264,1,Houten,NL
Utrecht,Utrecht_T3,02:00:00:c5:83:a2,2026-10-05 23:55:30,14.1,52.0215,5.1638,0,Houten,NL
Utrecht,Utrecht_T3,02:00:00:c5:35:18,2026-10-05 23:53:27,12.8,52.0215,5.1638,0,Houten,NL
Utrecht,Utrecht_T3,02:00:00:c2:33:88,2026-10-05 23:59:17,14.4,52.0217981,5.1755385,1,Houten,NL
Utrecht,Utrecht_T3,02:00:00:74:5a:e8,2026-10-05 23:58:56,14.2,52.020733,5.186188,3,Houten,NL
Utrecht,Utrecht_T3,02:00:00:74:3b:36,2026-10-05 23:57:42,13.4,52.0223,5.1895,0,Houten,NL
Utrecht,Utrecht_T3,02:00:00:bd:f9:48,2026-10-05 23:54:46,13.5,52.0223,5.1895,0,Houten,NL
Utrecht,Utrecht_T3,02:00:00:04:93:06,2026-10-05 23:51:28,15.2,52.0289905,5.07187920000001,4,Nieuwegein,NL
Utrecht,Utrecht_T3,02:00:00:a4:88:28,2026-10-05 23:52:45,13.0,52.0269966125488,5.08844327926636,1,Nieuwegein,NL
Utrecht,Utrecht_T3,02:00:00:32:db:f2,2026-10-05 23:56:12,12.5,52.0269902,5.1541533,3,Houten,NL
Utrecht,Utrecht_T3,02:00:00:01:06:72,2026-10-05 23:58:11,12.5,52.028695,5.154845,2,Houten,NL
Utrecht,Utrecht_T3,02:00:00:33:19:c6,2026-10-05 23:51:55,15.2,52.0243587320194,5.18782782552989,4,Houten,NL
Utrecht,Utrecht_T3,02:00:00:a2:16:ca,2026-10-05 23:52:27,13.0,52.0239254,5.1937902,4,Houten,NL
Utrecht,Utrecht_T3,02:00:00:58:f8:20,2026-10-05 23:57:57,13.0,52.026073,5.1916294,2,Houten,NL
Utrecht,Utrecht_T3,02:00:00:2b:24:a4,2026-10-05 23:55:23,16.2,52.031801,5.068737,2,Nieuwegein,NL
Utrecht,Utrecht_T3,02:00:00:c3:de:04,2026-10-05 23:54:06,15.1,52.0367776,5.0823232,3,Nieuwegein,NL
Utrecht,Utrecht_T3,02:00:00:12:f7:00,2026-10-05 23:58:45,15.5,52.033787,5.08994400000002,2,Nieuwegein,NL
Utrecht,Utrecht_T3,02:00:00:70:44:b6,2026-10-05 23:55:36,13.9,52.031138,5.153576,3,Houten,NL
Utrecht,Utrecht_T3,02:00:00:a4:45:fc,2026-10-05 23:49:57,12.9,52.036554,5.148482,3,Houten,NL
Utrecht,Utrecht_T3,02:00:00:74:59:5e,2026-10-05 23:55:04,13.1,52.032651,5.150862,2,Houten,NL
Utrecht,Utrecht_T3,02:00:00:ab:dd:0a,2026-10-05 23:54:56,14.0,52.0323257446289,5.16029739379883,3,Houten,NL
Utrecht,Utrecht_T3,02:00:00:b5:88:ca,2026-10-05 23:54:42,12.7,52.0330682,5.1643068,2,Houten,NL
Utrecht,Utrecht_T3,02:00:00:b2:ba:cc,2026-10-05 23:56:00,12.8,52.033281,5.166277,2,Houten,NL
Utrecht,Utrecht_T3,02:00:00:5f:4f:c8,2026-10-05 23:56:05,12.4,52.035129,5.182718,4,Houten,NL
Utrecht,Utrecht_T3,02:00:00:28:c7:0c,2026-10-05 23:55:12,15.1,52.037256,5.182483,2,Houten,NL
Utrecht,Utrecht_T3,02:00:00:12:64:3c,2026-10-05 23:57:53,15.1,52.042369,5.07917,3,Nieuwegein,NL
Utrecht,Utrecht_T3,02:00:00:53:1e:a0,2026-10-05 23:55:22,16.1,52.0402059772848,5.10207018160772,3,Nieuwegein,NL
Utrecht,Utrecht_T3,02:00:00:70:3c:28,2026-10-05 23:51:42,13.6,52.0407289705737,5.167678504783,4,Houten,NL
Utrecht,Utrecht_T3,02:00:00:27:4c:ba,2026-10-05 23:53:31,13.7,52.0392598482285,5.17176222376594,2,Houten,NL
Utrecht,Utrecht_T3,02:00:00:02:95:d6,2026-10-05 23:52:54,15.7,52.0402984619141,5.17449998855591,2,Houten,NL
Utrecht,Utrecht_T3,02:00:00:69:27:06,2026-10-05 23:50:56,13.8,52.040443,5.176922,4,Houten,NL
Utrecht,Utrecht_T3,02:00:00:b5:93:ca,2026-10-05 23:52:00,14.3,52.0392990112305,5.18340015411377,5,Houten,NL
Utrecht,Utrecht_T3,02:00:00:5f:01:94,2026-10-05 23:56:30,14.3,52.0484008789062,5.06870937347412,1,Nieuwegein,NL
Utrecht,Utrecht_T3,02:00:00:03:61:d2,2026-10-05 23:57:45,14.3,52.048805,5.072527,2,Nieuwegein,NL
Utrecht,Utrecht_T3,02:00:00:13:5c:94,2026-10-05 23:54:13,14.2,52.0519569,5.0726927,1,Nieuwegein,NL
Utrecht,Utrecht_T3,02:00:00:a2:79:5e,2026-10-05 23:59:02,14.0,52.0471801757812,5.09753036499023,1,Nieuwegein,NL
Utrecht,Utrecht_T3,02:00:00:7f:c1:6a,2026-10-05 23:54:51,14.0,52.048702,5.096273,1,Nieuwegein,NL
Utrecht,Utrecht_T3,02:00:00:02:81:ca,2026-10-05 23:57:38,14.0,52.051337,5.095642,5,Nieuwegein,NL
Utrecht,Utrecht_T3,02:00:00:2f:25:be,2026-10-05 23:50:10,14.6,51.972489,4.936167,0,Lopik,NL
Utrecht,Utrecht_T3,02:00:00:7f:b5:5c,2026-10-05 23:54:36,14.6,51.974848,4.929508,1,Lopik,NL
Utrecht,Utrecht_T3,02:00:00:b5:39:c0,2026-10-05 23:49:50,15.1,51.9745063781738,4.95626163482666,0,Lopik,NL
Utrecht,Utrecht_T3,02:00:00:63:1c:34,2026-10-05 23:59:10,13.1,52.0063413154935,4.96732978016446,0,Benschop,NL
Utrecht,Utrecht_T3,02:00:00:5e:dd:b6,2026-10-05 23:59:03,13.2,52.005729,4.980607,0,Benschop,NL
Utrecht,Utrecht_T3,02:00:00:9b:49:f4,2026-10-05 23:56:39,12.0,52.0064039,4.98390829999994,0,Lopik,NL
Utrecht,Utrecht_T3,02:00:00:b0:9a:d2,2026-10-05 23:52:09,13.8,52.014820098877,5.01039123535156,0,Benschop,NL
Utrecht,Utrecht_T3,02:00:00:12:46:62,2026-10-05 23:53:39,14.3,52.0157017,5.0266633,3,IJsselstein,NL
Utrecht,Utrecht_T3,02:00:00:5f:5f:a6,2026-10-05 23:55:43,15.2,52.015138,5.030313,0,IJsselstein,NL
Utrecht,Utrecht_T3,02:00:00:29:68:c4,2026-10-05 23:54:16,14.8,52.013960485049,5.03387331962586,0,IJsselstein,NL
Utrecht,Utrecht_T3,02:00:00:3f:06:f0,2026-10-05 23:56:02,13.3,52.0137931,5.0453837,2,IJsselstein,NL
Utrecht,Utrecht_T3,02:00:00:06:0a:a0,2026-10-05 23:54:05,12.9,52.020902,5.03721599999998,2,IJsselstein,NL
Utrecht,Utrecht_T3,02:00:00:27:6e:f4,2026-10-05 23:55:22,14.5,52.0231,5.0448,1,IJsselstein,NL
Utrecht,Utrecht_T3,02:00:00:a9:49:d8,2026-10-05 23:51:37,12.7,52.0178530526017,5.05878868242119,3,IJsselstein,NL
Utrecht,Utrecht_T3,02:00:00:84:4d:fa,2026-10-05 23:58:58,13.4,52.023834,5.0222745,1,IJsselstein,NL
Utrecht,Utrecht_T3,02:00:00:c2:2d:ba,2026-10-05 23:52:40,12.9,52.024674,5.043599,2,IJsselstein,NL
Utrecht,Utrecht_T3,02:00:00:9b:4b:36,2026-10-05 23:51:24,14.3,52.0398213211055,4.94864881038666,0,Montfoort,NL
Utrecht,Utrecht_T3,02:00:00:af:35:f4,2026-10-05 23:50:18,14.8,52.042610168457,5.0585732460022,0,Utrecht,NL
Utrecht,Utrecht_T3,02:00:00:9d:0a:64,2026-10-05 23:52:22,13.5,52.046832,4.955603,2,Montfoort,NL
Utrecht,Utrecht_T4,02:00:00:6b:3d:f0,2026-10-05 23:51:42,13.4,51.97041,5.3251667,4,Wijk bij Duurstede,NL
Utrecht,Utrecht_T4,02:00:00:af:66:ac,2026-10-05 23:51:13,15.1,51.9718856811523,5.32466840744019,6,Wijk bij Duurstede,NL
Utrecht,Utrecht_T4,02:00:00:bd:e6:3e,2026-10-05 23:55:21,12.0,51.975275,5.26539600000004,4,Wijk bij Duurstede,NL
Utrecht,Utrecht_T4,02:00:00:b9:7e:bc,2026-10-05 23:49:10,13.8,51.9745712280273,5.32293891906738,4,Wijk bij Duurstede,NL
Utrecht,Utrecht_T4,02:00:00:13:80:bc,2026-10-05 23:50:51,13.7,51.973609,5.3299,8,Wijk bij Duurstede,NL
Utrecht,Utrecht_T4,02:00:00:b2:bf:24,2026-10-05 23:51:51,12.1,51.9741426,5.3303036,7,Wijk bij Duurstede,NL
Utrecht,Utrecht_T4,02:00:00:5f:31:b2,2026-10-05 23:50:36,14.6,51.994175,5.309416,4,Wijk bij Duurstede,NL
Utrecht,Utrecht_T4,02:00:00:36:9b:82,2026-10-05 23:50:21,13.0,51.999313,5.289134,3,Wijk bij Duurstede,NL
Utrecht,Utrecht_T4,02:00:00:90:f2:7e,2026-10-05 23:52:55,18.6,51.99773,5.309787,5,Wijk bij Duurstede,NL
Utrecht,Utrecht_T4,02:00:00:28:b2:f6,2026-10-05 23:56:55,13.1,52.023606,5.240075,3,Werkhoven,NL
Utrecht,Utrecht_T4,02:00:00:a9:e1:5e,2026-10-05 23:49:32,11.1,52.0263927164212,5.24514555931091,5,Werkhoven,NL
Utrecht,Utrecht_T4,02:00:00:7a:eb:c2,2026-10-05 23:53:29,12.6,52.036995,5.3325458,13,Doorn,NL
Utrecht,Utrecht_T4,02:00:00:29:6c:4e,2026-10-05 23:52:38,12.9,52.0390061,5.3007427,10,Doorn,NL
Utrecht,Utrecht_T4,02:00:00:a2:48:d0,2026-10-05 23:51:29,11.7,52.0388313921198,5.32877147197723,13,Doorn,NL
Utrecht,Utrecht_T4,02:00:00:af:5d:be,2026-10-05 23:50:19,12.6,52.0412,5.3359,11,Doorn,NL
Utrecht,Utrecht_T4,02:00:00:36:d9:b6,2026-10-05 23:51:02,13.1,52.048683,5.221462,1,Odijk,NL
Utrecht,Utrecht_T4,02:00:00:a9:e7:96,2026-10-05 23:55:06,11.2,52.051119,5.235411,3,Odijk,NL
Utrecht,Utrecht_T4,02:00:00:b5:84:ee,2026-10-05 23:55:36,10.3,52.0466380367294,5.26715040206909,4,Driebergen-Rijsenburg,NL
Utrecht,Utrecht_T4,02:00:00:70:1a:66,2026-10-05 23:54:44,10.9,52.047747,5.278028,4,Driebergen-Rijsenburg,NL
Utrecht,Utrecht_T4,02:00:00:70:20:ea,2026-10-05 23:52:23,12.8,52.049884,5.282535,6,Driebergen-Rijsenburg,NL
Amsterdam,Amsterdam_T1,02:00:00:1b:0b:da,2026-10-05 23:55:49,15.3,52.49417,4.78894000000004,2,Wormerveer,NL
Amsterdam,Amsterdam_T1,02:00:00:12:61:86,2026-10-05 23:56:01,16.5,52.4917057073896,4.80021612200147,2,Wormer,NL
Amsterdam,Amsterdam_T1,02:00:00:c2:84:0a,2026-10-05 23:50:55,15.4,52.4948445773121,4.79308347650687,2,Wormerveer,NL
Amsterdam,Amsterdam_T1,02:00:00:a4:18:7c,2026-10-05 23:51:04,16.5,52.493057,4.807123,0,Wormer,NL
Amsterdam,Amsterdam_T1,02:00:00:53:50:2a,2026-10-05 23:54:53,15.9,52.496266,4.819022,1,Wormer,NL
Amsterdam,Amsterdam_T1,02:00:00:8d:d0:7c,2026-10-05 23:58:06,14.6,52.490391116113,4.92924329763459,0,Purmerend,NL
Amsterdam,Amsterdam_T1,02:00:00:03:c7:82,2026-10-05 23:58:32,14.1,52.488343,4.938001,0,Purmerend,NL
Amsterdam,Amsterdam_T1,02:00:00:53:1f:08,2026-10-05 23:53:45,14.6,52.49503,4.92957000000003,0,Purmerend,NL
Amsterdam,Amsterdam_T1,02:00:00:9c:d8:1a,2026-10-05 23:51:54,14.4,52.4915202,4.96165890000017,0,Purmerend,NL
Amsterdam,Amsterdam_T1,02:00:00:c3:93:f6,2026-10-05 23:51:13,14.1,52.49484,4.946418,0,Purmerend,NL
Amsterdam,Amsterdam_T1,02:00:00:74:30:70,2026-10-05 23:55:05,15.9,52.495717,4.951841,0,Purmerend,NL
Amsterdam,Amsterdam_T1,02:00:00:36:99:3e,2026-10-05 23:52:09,15.0,52.4873166828203,4.97366015893508,0,Purmerend,NL
Amsterdam,Amsterdam_T1,02:00:00:33:e1:40,2026-10-05 23:50:09,13.8,52.488644,4.9737200000001,0,Purmerend,NL
Amsterdam,Amsterdam_T1,02:00:00:27:27:2a,2026-10-05 23:52:20,14.0,52.4883303898198,4.97515391663844,0,Purmerend,NL
Amsterdam,Amsterdam_T1,02:00:00:27:50:a8,2026-10-05 23:59:16,16.6,52.493988,5.047598,0,Volendam,NL
Amsterdam,Amsterdam_T1,02:00:00:02:f5:96,2026-10-05 23:49:09,14.9,52.496988,5.050034,0,Volendam,NL
Amsterdam,Amsterdam_T1,02:00:00:13:0f:6c,2026-10-05 23:57:57,16.0,52.500239,4.816214,0,Wormer,NL
Amsterdam,Amsterdam_T1,02:00:00:1c:6d:42,2026-10-05 23:50:42,15.6,52.500429,4.8242,1,Wormer,NL
Amsterdam,Amsterdam_T1,02:00:00:70:52:6c,2026-10-05 23:56:14,16.3,52.509555,4.84741,0,Jisp,NL
Amsterdam,Amsterdam_T1,02:00:00:b5:b8:40,2026-10-05 23:52:17,14.4,52.5068085021421,4.91711662457473,0,Neck,NL
Amsterdam,Amsterdam_T1,02:00:00:b5:86:1a,2026-10-05 23:59:04,14.8,52.499132,4.950515,0,Purmerend,NL
Amsterdam,Amsterdam_T1,02:00:00:1d:eb:96,2026-10-05 23:50:56,15.0,52.505266,4.949082,1,Purmerend,NL
Amsterdam,Amsterdam_T1,02:00:00:7f:cd:5a,2026-10-05 23:55:25,15.2,52.499632,4.954935,0,Purmerend,NL
Amsterdam,Amsterdam_T1,02:00:00:28:ba:8e,2026-10-05 23:49:37,14.3,52.49846,4.985919,0,Purmerend,NL
Amsterdam,Amsterdam_T1,02:00:00:01:cb:8a,2026-10-05 23:45:17,15.1,52.500789,4.986087,0,Purmerend,NL
Amsterdam,Amsterdam_T1,02:00:00:b2:a8:8a,2026-10-05 23:59:27,14.3,52.5045,4.9867,0,Purmerend,NL
Amsterdam,Amsterdam_T1,02:00:00:7a:ea:00,2026-10-05 23:50:04,15.0,52.510647,4.9936514,0,Purmerend,NL
Amsterdam,Amsterdam_T1,02:00:00:b5:47:24,2026-10-05 23:58:23,14.4,52.510277,5.041457,0,Edam,NL
Amsterdam,Amsterdam_T1,02:00:00:1f:3e:84,2026-10-05 23:51:10,14.5,52.504946,5.05026,0,Edam-Volendam,NL
Amsterdam,Amsterdam_T1,02:00:00:6b:56:92,2026-10-05 23:49:21,15.3,52.5107399131418,5.05132626109,2,Edam,NL
Amsterdam,Amsterdam_T1,02:00:00:7f:af:0c,2026-10-05 23:51:18,15.3,52.514489,4.963296,0,Purmerend,NL
Amsterdam,Amsterdam_T1,02:00:00:14:48:40,2026-10-05 23:50:10,16.1,52.514999,4.952826,0,Purmerend,NL
Amsterdam,Amsterdam_T1,02:00:00:c5:3a:c0,2026-10-05 23:50:11,15.9,52.524065,4.956779,1,Purmerend,NL
Amsterdam,Amsterdam_T1,02:00:00:2e:ec:0a,2026-10-05 23:49:27,14.4,52.513165,4.985127,0,Purmerend,NL
Amsterdam,Amsterdam_T1,02:00:00:a4:43:5c,2026-10-05 23:58:57,15.5,52.51412,5.05999,1,Edam,NL
Amsterdam,Amsterdam_T1,02:00:00:5f:01:22,2026-10-05 23:56:14,14.7,52.526959,4.887042,0,Beemster,NL
Amsterdam,Amsterdam_T1,02:00:00:2b:22:ba,2026-10-05 23:56:31,14.7,52.528348,4.978256,1,Kwadijk,NL
Amsterdam,Amsterdam_T1,02:00:00:a2:13:1c,2026-10-05 23:50:34,14.9,52.558278,4.84079299999996,0,De Rijp,NL
Amsterdam,Amsterdam_T1,02:00:00:2b:20:e2,2026-10-05 23:55:26,15.2,52.557103,4.842962,0,De Rijp,NL
Amsterdam,Amsterdam_T1,02:00:00:c3:cf:e8,2026-10-05 23:55:00,15.0,52.55496,4.848112,0,De Rijp,NL
Amsterdam,Amsterdam_T1,02:00:00:8d:d2:a6,2026-10-05 23:53:18,14.3,52.5748079414121,4.9975723028183,1,Oosthuizen,NL
Amsterdam,Amsterdam_T1,02:00:00:bd:cf:d4,2026-10-05 23:51:24,15.3,52.583034,4.850177,1,Grootschermer,NL
Amsterdam,Amsterdam_T1,02:00:00:18:fe:32,2026-10-05 23:54:37,15.0,52.589092,4.889988,0,Noordbeemster,NL
Amsterdam,Amsterdam_T1,02:00:00:5e:e2:a2,2026-10-05 23:56:07,14.2,52.590799,4.99267889999998,0,Beets,NL
Amsterdam,Amsterdam_T1,02:00:00:a9:e7:3e,2026-10-05 23:56:36,14.5,52.5977249145508,4.80700254440308,0,Zuidschermer,NL
Amsterdam,Amsterdam_T1,02:00:00:a4:1f:24,2026-10-05 23:57:21,14.9,52.601368,4.895885,0,Schermerhorn,NL
Amsterdam,Amsterdam_T1,02:00:00:00:5c:fe,2026-10-05 23:57:09,15.3,52.611835,4.819923,0,Stompetoren,NL
Amsterdam,Amsterdam_T1,02:00:00:a2:05:f0,2026-10-05 23:52:42,15.5,52.61378,4.8226314,0,Stompetoren,NL
Amsterdam,Amsterdam_T1,02:00:00:3c:f7:c6,2026-10-05 23:51:03,14.4,52.617355,4.951664,0,Avenhorn,NL
Amsterdam,Amsterdam_T1,02:00:00:8d:c6:de,2026-10-05 23:59:23,15.9,52.619774,4.99351,0,Grosthuizen,NL
Amsterdam,Amsterdam_T1,02:00:00:6b:31:7e,2026-10-05 23:53:16,14.7,52.634415,4.8763695,0,Rustenburg,NL
Amsterdam,Amsterdam_T1,02:00:00:36:d3:84,2026-10-05 23:53:17,14.7,52.636567,4.911496,0,Ursem,NL
Amsterdam,Amsterdam_T1,02:00:00:9d:00:22,2026-10-05 23:57:40,15.7,52.6390495300293,4.98681020736694,0,Berkhout,NL
Amsterdam,Amsterdam_T1,02:00:00:58:dd:3c,2026-10-05 23:51:18,16.2,52.6367146407962,5.02217284801564,0,Hoorn,NL
Amsterdam,Amsterdam_T1,02:00:00:31:d8:fc,2026-10-05 23:54:34,16.2,52.6358,5.035,1,Hoorn,NL
Amsterdam,Amsterdam_T1,02:00:00:7f:aa:9a,2026-10-05 23:50:54,16.5,52.6374130249023,5.03559350967407,0,Hoorn,NL
Amsterdam,Amsterdam_T1,02:00:00:70:4e:d8,2026-10-05 23:54:31,16.6,52.635018,5.055994,2,Hoorn,NL
Amsterdam,Amsterdam_T1,02:00:00:12:5a:d0,2026-10-05 23:49:45,16.1,52.6491675042269,4.78180266103391,0,Alkmaar,NL
Amsterdam,Amsterdam_T1,02:00:00:70:24:48,2026-10-05 23:51:31,14.8,52.643764,4.811346,0,Heerhugowaard,NL
Amsterdam,Amsterdam_T1,02:00:00:8d:c8:3e,2026-10-05 23:58:41,15.0,52.6458,4.8165,0,Heerhugowaard,NL
Amsterdam,Amsterdam_T1,02:00:00:70:45:b4,2026-10-05 23:51:38,14.6,52.6408805482461,4.82286089912765,0,Heerhugowaard,NL
Amsterdam,Amsterdam_T1,02:00:00:73:a4:18,2026-10-05 23:49:31,15.1,52.651179,4.836669,0,Heerhugowaard,NL
Amsterdam,Amsterdam_T1,02:00:00:c3:e3:ec,2026-10-05 23:58:03,15.2,52.651959,4.836277,0,Heerhugowaard,NL
Amsterdam,Amsterdam_T1,02:00:00:84:a4:8a,2026-10-05 23:53:29,14.7,52.65307,4.842089,0,Heerhugowaard,NL
Amsterdam,Amsterdam_T1,02:00:00:12:ae:72,2026-10-05 23:58:51,15.1,52.642342,5.006524,-2,Koggenland,NL
Amsterdam,Amsterdam_T1,02:00:00:1f:4d:3c,2026-10-05 23:50:07,16.5,52.640192,5.056347,2,Hoorn,NL
Amsterdam,Amsterdam_T1,02:00:00:a2:62:b0,2026-10-05 23:55:12,16.1,52.644273,5.058899,0,Hoorn,NL
Amsterdam,Amsterdam_T1,02:00:00:74:31:7a,2026-10-05 23:49:44,17.0,52.647618,5.049272,0,Hoorn,NL
Amsterdam,Amsterdam_T1,02:00:00:6b:8c:40,2026-10-05 23:54:54,16.6,52.314831,4.863595,0,Amstelveen,NL
Amsterdam,Amsterdam_T1,02:00:00:3d:0e:66,2026-10-05 23:53:15,14.3,52.3116821436819,4.86693327521717,0,Amstelveen,NL
Amsterdam,Amsterdam_T1,02:00:00:af:29:fa,2026-10-05 23:49:25,17.1,52.3138847351074,4.87314224243164,0,Amstelveen,NL
Amsterdam,Amsterdam_T1,02:00:00:2f:24:f4,2026-10-05 23:49:02,14.8,52.3131760328984,4.9050662899177,0,Amstelveen,NL
Amsterdam,Amsterdam_T1,02:00:00:90:ba:a6,2026-10-05 23:57:01,16.3,52.3243254,4.945702,1,Amsterdam,NL
Amsterdam,Amsterdam_T1,02:00:00:64:f4:40,2026-10-05 23:57:12,17.6,52.323489,4.949922,0,Amsterdam,NL
Amsterdam,Amsterdam_T1,02:00:00:a9:c7:92,2026-10-05 23:50:09,14.0,52.3181934768859,4.99123257230989,0,Amsterdam,NL
Amsterdam,Amsterdam_T1,02:00:00:73:a6:c6,2026-10-05 23:52:01,14.9,52.314064,5.0302644,4,Weesp,NL
Amsterdam,Amsterdam_T1,02:00:00:a9:70:6c,2026-10-05 23:54:26,14.4,52.319796,5.037465,0,Weesp,NL
Amsterdam,Amsterdam_T1,02:00:00:bc:ac:0e,2026-10-05 23:51:54,14.8,52.317851,5.049238,0,Weesp,NL
Amsterdam,Amsterdam_T1,02:00:00:63:2c:4e,2026-10-05 23:54:20,15.0,52.3184684,5.05026849999997,0,Weesp,NL
Amsterdam,Amsterdam_T1,02:00:00:01:6d:ca,2026-10-05 23:52:27,15.0,52.318328,5.05127300000006,0,Weesp,NL
Amsterdam,Amsterdam_T1,02:00:00:8d:e3:a0,2026-10-05 23:52:21,15.1,52.33342,4.791647,0,Badhoevedorp,NL
Amsterdam,Amsterdam_T1,02:00:00:a4:21:fc,2026-10-05 23:55:56,16.0,52.3272787,4.86810710000012,0,Amsterdam,NL
Amsterdam,Amsterdam_T1,02:00:00:53:18:1c,2026-10-05 23:55:20,16.3,52.3359671746926,4.87311174029132,0,Amsterdam,NL
Amsterdam,Amsterdam_T1,02:00:00:bd:1d:3e,2026-10-05 23:59:06,15.6,52.331773,4.888536,4,Amsterdam,NL
Amsterdam,Amsterdam_T1,02:00:00:a4:51:b4,2026-10-05 23:50:33,14.3,52.337832,4.894324,4,Amsterdam,NL
Amsterdam,Amsterdam_T1,02:00:00:9c:da:94,2026-10-05 23:57:17,15.6,52.332847,4.936642,4,Duivendrecht,NL
Amsterdam,Amsterdam_T1,02:00:00:9d:0c:d8,2026-10-05 23:58:09,17.1,52.32961,4.961911,2,Diemen,NL
Amsterdam,Amsterdam_T1,02:00:00:27:76:38,2026-10-05 23:51:19,14.8,52.3363586,4.9621297,0,Diemen,NL
Amsterdam,Amsterdam_T1,02:00:00:b5:71:d4,2026-10-05 23:59:34,15.4,52.3371353071573,4.96234081685543,0,Diemen,NL
Amsterdam,Amsterdam_T1,02:00:00:18:f9:e8,2026-10-05 23:55:32,16.1,52.325482,4.97447,3,Amsterdam,NL
Amsterdam,Amsterdam_T1,02:00:00:27:51:b8,2026-10-05 23:55:39,15.9,52.326592,4.978735,0,Amsterdam,NL
Amsterdam,Amsterdam_T1,02:00:00:64:f7:0c,2026-10-05 23:17:05,16.3,52.3283278999999,4.98179320000003,0,Amsterdam,NL
Amsterdam,Amsterdam_T1,02:00:00:83:bf:80,2026-10-05 23:50:03,15.9,52.333599,5.061164,2,Muiden,NL
Amsterdam,Amsterdam_T1,02:00:00:01:6c:5e,2026-10-05 23:59:27,15.2,52.3446448698127,4.79225000001364,0,Amsterdam,NL
Amsterdam,Amsterdam_T1,02:00:00:63:45:58,2026-10-05 23:50:30,14.7,52.3414578220111,4.79799399999996,1,Amsterdam,NL
Amsterdam,Amsterdam_T1,02:00:00:00:c9:c8,2026-10-05 23:57:15,17.2,52.3535947951943,4.79096345471049,2,Amsterdam,NL
Amsterdam,Amsterdam_T1,02:00:00:14:47:bc,2026-10-05 23:54:57,14.7,52.3527607864368,4.80871260166168,1,Amsterdam,NL
Amsterdam,Amsterdam_T1,02:00:00:27:63:7e,2026-10-05 23:53:10,17.4,52.349896,4.810742,0,Amsterdam,NL
Amsterdam,Amsterdam_T1,02:00:00:84:73:aa,2026-10-05 23:52:07,20.7,52.342971,4.825803,0,Amsterdam,NL
Amsterdam,Amsterdam_T1,02:00:00:65:84:16,2026-10-05 23:54:11,16.2,52.34792,4.846243,4,Amsterdam,NL
Amsterdam,Amsterdam_T1,02:00:00:5f:1f:26,2026-10-05 23:54:32,16.2,52.3457181372478,4.86503304724545,2,Amsterdam,NL
Amsterdam,Amsterdam_T1,02:00:00:c3:7e:68,2026-10-05 23:50:02,15.9,52.3528,4.8584,3,Amsterdam,NL
Amsterdam,Amsterdam_T1,02:00:00:65:56:e2,2026-10-05 23:55:42,15.0,52.353338,4.864025,4,Amsterdam,NL
Amsterdam,Amsterdam_T1,02:00:00:a4:37:d4,2026-10-05 23:52:54,18.1,52.3475151062012,4.87605476379395,5,Amsterdam,NL
Amsterdam,Amsterdam_T1,02:00:00:b5:83:32,2026-10-05 23:57:06,17.9,52.353117,4.879264,5,Amsterdam,NL
Amsterdam,Amsterdam_T1,02:00:00:b2:c9:f2,2026-10-05 23:56:04,16.3,52.3515548339678,4.88495239138607,4,Amsterdam,NL
Amsterdam,Amsterdam_T1,02:00:00:22:e1:1a,2026-10-05 23:59:26,16.1,52.343674,4.907335,5,Amsterdam,NL
Amsterdam,Amsterdam_T1,02:00:00:83:ef:18,2026-10-05 23:51:54,15.3,52.34854,4.90630999999996,5,Amsterdam,NL
Amsterdam,Amsterdam_T1,02:00:00:c6:2c:e4,2026-10-05 23:49:41,15.5,52.352244,4.899948,7,Amsterdam,NL
Amsterdam,Amsterdam_T1,02:00:00:b9:59:14,2026-10-05 23:58:16,15.3,52.352879,4.928205,0,Amsterdam,NL
Amsterdam,Amsterdam_T1,02:00:00:2a:db:3c,2026-10-05 23:57:45,16.6,52.347729,4.941162,0,Amsterdam,NL
Amsterdam,Amsterdam_T1,02:00:00:7a:89:24,2026-10-05 23:50:32,16.5,52.348087,4.941446,0,Amsterdam,NL
Amsterdam,Amsterdam_T1,02:00:00:2c:f1:9a,2026-10-05 23:56:34,15.1,52.34402,4.952192,0,Amsterdam,NL
Amsterdam,Amsterdam_T1,02:00:00:13:3c:4c,2026-10-05 23:58:48,15.8,52.3399512086528,4.96276274283001,2,Diemen,NL
Amsterdam,Amsterdam_T1,02:00:00:bd:c0:be,2026-10-05 23:49:26,16.7,52.350442,4.98087900000004,6,Diemen,NL
Amsterdam,Amsterdam_T1,02:00:00:70:51:ce,2026-10-05 23:51:25,15.1,52.3533443,4.99812519999998,0,Amsterdam,NL
Amsterdam,Amsterdam_T1,02:00:00:c2:2e:4a,2026-10-05 23:56:13,15.6,52.351406,5.001968,0,Amsterdam,NL
Amsterdam,Amsterdam_T1,02:00:00:53:21:30,2026-10-05 23:57:12,17.6,52.355412,4.787642,0,Amsterdam,NL
Amsterdam,Amsterdam_T1,02:00:00:5e:f9:38,2026-10-05 23:54:24,16.1,52.354861,4.832611,0,Amsterdam,NL
Amsterdam,Amsterdam_T1,02:00:00:84:0b:ca,2026-10-05 23:56:07,22.2,52.367164,4.83112,0,Amsterdam,NL
Amsterdam,Amsterdam_T1,02:00:00:af:7d:bc,2026-10-05 23:54:05,16.3,52.3570713933203,4.84621300000002,5,Amsterdam,NL
Amsterdam,Amsterdam_T1,02:00:00:63:33:0c,2026-10-05 23:57:49,16.4,52.365672,4.85523999999998,1,Amsterdam,NL
Amsterdam,Amsterdam_T1,02:00:00:5f:10:56,2026-10-05 23:57:23,15.5,52.3575455,4.8667305,4,Amsterdam,NL
Amsterdam,Amsterdam_T1,02:00:00:b5:9e:5c,2026-10-05 23:57:42,17.4,52.355088,4.871859,6,Amsterdam,NL
Amsterdam,Amsterdam_T1,02:00:00:7a:85:20,2026-10-05 23:57:50,16.0,52.354887,4.876879,4,Amsterdam,NL
Amsterdam,Amsterdam_T1,02:00:00:b5:54:dc,2026-10-05 23:55:22,16.0,52.3564,4.8802,2,Amsterdam,NL
Amsterdam,Amsterdam_T1,02:00:00:73:a0:86,2026-10-05 23:38:24,15.3,52.3543,4.8951,1,Amsterdam,NL
Amsterdam,Amsterdam_T1,02:00:00:02:b1:be,2026-10-05 23:54:36,15.6,52.3573648188524,4.89851619487149,4,Amsterdam,NL
Amsterdam,Amsterdam_T1,02:00:00:3a:24:be,2026-10-05 23:55:26,16.3,52.3540842,4.90596159999996,5,Amsterdam,NL
Amsterdam,Amsterdam_T1,02:00:00:70:42:62,2026-10-05 23:57:04,16.7,52.356221,4.909817,3,Amsterdam,NL
Amsterdam,Amsterdam_T1,02:00:00:04:a6:8a,2026-10-05 23:51:01,15.8,52.3607,4.9243,1,Amsterdam,NL
Amsterdam,Amsterdam_T1,02:00:00:b2:b2:58,2026-10-05 23:50:42,15.1,52.357371,4.926031,3,Amsterdam,NL
Amsterdam,Amsterdam_T1,02:00:00:9b:51:e4,2026-10-05 23:58:49,15.5,52.360158,4.925819,2,Amsterdam,NL
Amsterdam,Amsterdam_T1,02:00:00:2a:fe:a6,2026-10-05 23:51:50,17.0,52.3572889935944,4.94533920674587,0,Amsterdam,NL
Amsterdam,Amsterdam_T1,02:00:00:3f:6a:62,2026-10-05 23:51:27,17.6,52.363079,4.979751,0,Amsterdam,NL
Amsterdam,Amsterdam_T1,02:00:00:b2:c1:1a,2026-10-05 23:52:18,16.8,52.359813,4.995219,0,Amsterdam,NL
Amsterdam,Amsterdam_T1,02:00:00:c6:24:60,2026-10-05 23:52:31,15.7,52.3561316,5.0025093,0,Amsterdam,NL
Amsterdam,Amsterdam_T1,02:00:00:83:d1:bc,2026-10-05 23:58:15,20.8,52.373107,4.810869,0,Amsterdam,NL
Amsterdam,Amsterdam_T1,02:00:00:83:eb:6a,2026-10-05 23:56:04,23.6,52.3771819548297,4.818619891921,1,Amsterdam,NL
Amsterdam,Amsterdam_T1,02:00:00:53:50:72,2026-10-05 23:51:21,16.5,52.375709,4.83394,1,Amsterdam,NL
Amsterdam,Amsterdam_T1,02:00:00:7a:7d:7c,2026-10-05 23:58:26,15.8,52.376183,4.8480215,3,Amsterdam,NL
Amsterdam,Amsterdam_T1,02:00:00:2b:49:82,2026-10-05 23:53:21,17.1,52.3727766,4.8646089,4,Amsterdam,NL
Amsterdam,Amsterdam_T1,02:00:00:6b:32:8c,2026-10-05 23:54:41,16.1,52.370501,4.874214,6,Amsterdam,NL
Amsterdam,Amsterdam_T1,02:00:00:71:1d:7e,2026-10-05 23:52:56,13.6,52.3796,4.8778,1,Amsterdam,NL
Amsterdam,Amsterdam_T1,02:00:00:af:9a:18,2026-10-05 23:55:27,15.8,52.371666,4.881638,9,Amsterdam,NL
Amsterdam,Amsterdam_T1,02:00:00:a4:39:8a,2026-10-05 23:50:19,14.2,52.3719,4.8829,9,Amsterdam,NL
Amsterdam,Amsterdam_T1,02:00:00:00:83:86,2026-10-05 23:52:25,16.5,52.3824005126953,4.89949989318848,1,Amsterdam,NL
Amsterdam,Amsterdam_T1,02:00:00:6b:3b:94,2026-10-05 23:52:19,14.4,52.3824,4.8995,5,Amsterdam,NL
Amsterdam,Amsterdam_T1,02:00:00:27:4a:1c,2026-10-05 23:50:59,14.9,52.3824,4.8995,5,Amsterdam,NL
Amsterdam,Amsterdam_T1,02:00:00:6b:27:ca,2026-10-05 23:52:11,15.5,52.3687377628581,4.93161678314209,1,Amsterdam,NL
Amsterdam,Amsterdam_T1,02:00:00:bd:07:a6,2026-10-05 23:57:06,16.1,52.375199,4.931954,1,Amsterdam,NL
Amsterdam,Amsterdam_T1,02:00:00:65:41:06,2026-10-05 23:55:10,16.1,52.379093,4.927459,4,Amsterdam,NL
Amsterdam,Amsterdam_T1,02:00:00:c6:26:24,2026-10-05 23:51:39,17.0,52.3731658712137,4.96877610683441,1,Amsterdam,NL
Amsterdam,Amsterdam_T1,02:00:00:a2:31:fc,2026-10-05 23:55:55,17.5,52.3845558166504,4.86922264099121,7,Amsterdam,NL
Amsterdam,Amsterdam_T1,02:00:00:36:9f:fe,2026-10-05 23:53:19,15.9,52.383123,4.874172,6,Amsterdam,NL
Amsterdam,Amsterdam_T1,02:00:00:84:46:e2,2026-10-05 23:54:16,17.1,52.3929199123918,4.88645911216736,0,Amsterdam,NL
Amsterdam,Amsterdam_T1,02:00:00:01:29:cc,2026-10-05 23:56:28,15.8,52.385014,4.891942,2,Amsterdam,NL
Amsterdam,Amsterdam_T1,02:00:00:9d:1b:ac,2026-10-05 23:50:57,17.8,52.386736,4.900561,4,Amsterdam,NL
Amsterdam,Amsterdam_T1,02:00:00:7f:be:6c,2026-10-05 23:52:41,17.2,52.385614,4.901338,2,Amsterdam,NL
Amsterdam,Amsterdam_T1,02:00:00:1c:5a:de,2026-10-05 23:56:38,17.7,52.3861524614255,4.90178911562291,1,Amsterdam,NL
Amsterdam,Amsterdam_T1,02:00:00:2a:d6:c6,2026-10-05 23:58:52,15.9,52.3936767578125,4.9279146194458,0,Amsterdam,NL
Amsterdam,Amsterdam_T1,02:00:00:58:da:86,2026-10-05 23:50:17,14.3,52.3937631533699,4.93177643254458,1,Amsterdam,NL
Amsterdam,Amsterdam_T1,02:00:00:53:1a:1a,2026-10-05 23:58:49,16.5,52.4043956578345,4.88842248916626,1,Amsterdam,NL
Amsterdam,Amsterdam_T1,02:00:00:af:9a:78,2026-10-05 23:51:18,15.8,52.4020652770996,4.89147710800171,0,Amsterdam,NL
Amsterdam,Amsterdam_T1,02:00:00:b5:76:26,2026-10-05 23:54:50,15.6,52.403811,4.914876,2,Amsterdam,NL
Amsterdam,Amsterdam_T1,02:00:00:84:9d:b8,2026-10-05 23:58:21,15.9,52.409513391525,4.90777124931917,3,Amsterdam,NL
Amsterdam,Amsterdam_T1,02:00:00:9b:5a:46,2026-10-05 23:51:17,15.5,52.4092,4.911,1,Amsterdam,NL
Amsterdam,Amsterdam_T1,02:00:00:bd:d9:9e,2026-10-05 23:56:35,15.6,52.407674,4.932463,0,Amsterdam,NL
Amsterdam,Amsterdam_T1,02:00:00:7f:d5:6c,2026-10-05 23:51:21,16.4,52.407289,4.935319,0,Amsterdam,NL
Amsterdam,Amsterdam_T1,02:00:00:63:2c:2a,2026-10-05 23:55:44,16.9,52.402984,4.945694,2,Amsterdam,NL
Amsterdam,Amsterdam_T1,02:00:00:63:32:ca,2026-10-05 23:57:45,15.2,52.400011,4.948339,0,Amsterdam,NL
Amsterdam,Amsterdam_T1,02:00:00:7f:c1:54,2026-10-05 23:58:03,18.3,52.3997152224585,4.95156731297681,0,Amsterdam,NL
Amsterdam,Amsterdam_T1,02:00:00:bd:c8:28,2026-10-05 23:53:21,15.9,52.4225551,4.8995336,0,Amsterdam,NL
Amsterdam,Amsterdam_T1,02:00:00:bd:d6:68,2026-10-05 23:53:25,13.8,52.4134732394671,5.02463681500691,0,Amsterdam,NL
Amsterdam,Amsterdam_T1,02:00:00:b2:be:dc,2026-10-05 23:57:34,15.0,52.4336802968209,4.80540275573731,0,Zaanstad,NL
Amsterdam,Amsterdam_T1,02:00:00:84:7f:c4,2026-10-05 23:58:37,15.3,52.4315445597503,4.8274827003479,2,Zaandam,NL
Amsterdam,Amsterdam_T1,02:00:00:c3:9d:f2,2026-10-05 23:53:18,15.9,52.432236,4.828755,2,Zaandam,NL
Amsterdam,Amsterdam_T1,02:00:00:63:1e:a2,2026-10-05 23:52:38,16.0,52.432955,4.829382,3,Zaandam,NL
Amsterdam,Amsterdam_T1,02:00:00:73:c0:fe,2026-10-05 23:55:14,17.2,52.428103,4.835043,0,Zaandam,NL
Amsterdam,Amsterdam_T1,02:00:00:04:60:50,2026-10-05 23:55:21,16.2,52.4362386996961,4.8581631145293,0,Oostzaan,NL
Amsterdam,Amsterdam_T1,02:00:00:01:16:2a,2026-10-05 23:56:44,17.0,52.434544,4.873619,0,Oostzaan,NL
Amsterdam,Amsterdam_T1,02:00:00:b2:a7:20,2026-10-05 23:58:32,16.0,52.4381484985352,4.87386560440063,1,Oostzaan,NL
Amsterdam,Amsterdam_T1,02:00:00:b5:05:fe,2026-10-05 23:51:11,15.8,52.43446,4.876556,0,Oostzaan,NL
Amsterdam,Amsterdam_T1,02:00:00:b8:ec:c0,2026-10-05 23:56:14,16.1,52.434645,4.88352290000002,0,Oostzaan,NL
Amsterdam,Amsterdam_T1,02:00:00:2c:81:ba,2026-10-05 23:56:48,16.9,52.42855131,4.90767144000006,0,Landsmeer,NL
Amsterdam,Amsterdam_T1,02:00:00:84:97:78,2026-10-05 23:56:37,15.2,52.4303782,4.9118837,0,Landsmeer,NL
Amsterdam,Amsterdam_T1,02:00:00:7f:8e:40,2026-10-05 23:58:48,15.8,52.4295166584759,4.91431653499603,1,Landsmeer,NL
Amsterdam,Amsterdam_T1,02:00:00:19:9f:a0,2026-10-05 23:50:13,14.6,52.42952,4.922538,2,Landsmeer,NL
Amsterdam,Amsterdam_T1,02:00:00:b2:a8:40,2026-10-05 23:50:39,14.7,52.4277367607842,4.97108750037114,0,Watergang,NL
Amsterdam,Amsterdam_T1,02:00:00:58:c1:a2,2026-10-05 23:53:53,14.0,52.427962,4.971568,0,Watergang,NL
Amsterdam,Amsterdam_T1,02:00:00:5f:16:d6,2026-10-05 23:55:28,14.9,52.4284796,4.9963295,0,Broek in Waterland,NL
Amsterdam,Amsterdam_T1,02:00:00:03:66:0a,2026-10-05 23:57:57,14.2,52.435455,4.998643,0,Waterland,NL
Amsterdam,Amsterdam_T1,02:00:00:74:2f:bc,2026-10-05 23:51:44,15.7,52.441813,4.800982,2,Zaandam,NL
Amsterdam,Amsterdam_T1,02:00:00:28:b4:66,2026-10-05 23:58:27,14.9,52.44171,4.801541,2,Zaandam,NL
Amsterdam,Amsterdam_T1,02:00:00:3b:e3:ba,2026-10-05 23:59:25,15.9,52.446107,4.818733,4,Zaandam,NL
Amsterdam,Amsterdam_T1,02:00:00:90:6d:84,2026-10-05 23:51:53,15.6,52.451797,4.81541440000003,0,Zaandam,NL
Amsterdam,Amsterdam_T1,02:00:00:84:6d:0c,2026-10-05 23:57:52,15.7,52.451021,4.819376,0,Zaandam,NL
Amsterdam,Amsterdam_T1,02:00:00:64:1b:8a,2026-10-05 23:49:10,16.4,52.44757,4.87087999999997,0,Oostzaan,NL
Amsterdam,Amsterdam_T1,02:00:00:8d:e0:2e,2026-10-05 23:55:34,13.7,52.453716,5.033896,1,Monnickendam,NL
Amsterdam,Amsterdam_T1,02:00:00:74:38:ae,2026-10-05 23:59:19,15.2,52.448765,5.040629,0,Monnickendam,NL
Amsterdam,Amsterdam_T1,02:00:00:65:7b:60,2026-10-05 23:53:03,14.4,52.45517,4.796338,0,Koog aan de Zaan,NL
Amsterdam,Amsterdam_T1,02:00:00:65:85:14,2026-10-05 23:59:21,14.9,52.460911,4.798072,0,Koog aan de Zaan,NL
Amsterdam,Amsterdam_T1,02:00:00:70:59:8a,2026-10-05 23:51:08,15.1,52.461746,4.800009,0,Zaanstad,NL
Amsterdam,Amsterdam_T1,02:00:00:b2:a4:56,2026-10-05 23:58:37,15.3,52.458013,4.806933,1,Koog aan de Zaan,NL
Amsterdam,Amsterdam_T1,02:00:00:12:55:1a,2026-10-05 23:58:02,16.8,52.4596497323282,4.81831419827456,3,Zaanstad,NL
Amsterdam,Amsterdam_T1,02:00:00:83:c1:36,2026-10-05 23:57:35,15.9,52.46779,4.833544,2,Zaandam,NL
Amsterdam,Amsterdam_T1,02:00:00:65:59:44,2026-10-05 23:50:18,15.2,52.46492,4.947995,0,Landsmeer,NL
Amsterdam,Amsterdam_T1,02:00:00:36:b5:10,2026-10-05 23:59:42,14.5,52.4607855,5.0354233,5,Waterland,NL
Amsterdam,Amsterdam_T1,02:00:00:83:fe:54,2026-10-05 23:50:14,15.3,52.473273,4.792316,1,Zaandijk,NL
Amsterdam,Amsterdam_T1,02:00:00:af:6e:4c,2026-10-05 23:52:14,15.4,52.472511,4.809806,1,Zaandijk,NL
Amsterdam,Amsterdam_T1,02:00:00:ab:f0:04,2026-10-05 23:57:31,15.9,52.4732402,4.82852159999997,1,Zaanstad,NL
Amsterdam,Amsterdam_T1,02:00:00:bd:20:42,2026-10-05 23:54:16,18.4,52.490773,4.590405,13,Wijk aan Zee,NL
Amsterdam,Amsterdam_T1,02:00:00:a2:61:20,2026-10-05 23:55:43,17.3,52.4932975227619,4.60278952387853,8,Wijk aan Zee,NL
Amsterdam,Amsterdam_T1,02:00:00:1c:4f:ce,2026-10-05 23:52:06,17.5,52.492031,4.644317,2,Beverwijk,NL
Amsterdam,Amsterdam_T1,02:00:00:b5:31:48,2026-10-05 23:50:38,16.1,52.48672,4.649581,3,Beverwijk,NL
Amsterdam,Amsterdam_T1,02:00:00:a4:41:2c,2026-10-05 23:54:43,15.5,52.493777,4.651065,3,Beverwijk,NL
Amsterdam,Amsterdam_T1,02:00:00:58:c6:9e,2026-10-05 23:53:22,16.6,52.488462,4.665948,4,Beverwijk,NL
Amsterdam,Amsterdam_T1,02:00:00:1f:75:1e,2026-10-05 23:51:39,14.3,52.495347,4.671976,3,Beverwijk,NL
Amsterdam,Amsterdam_T1,02:00:00:63:48:12,2026-10-05 23:50:18,14.8,52.4925710517851,4.68104579285944,0,Beverwijk,NL
Amsterdam,Amsterdam_T1,02:00:00:b9:29:a2,2026-10-05 23:54:43,14.7,52.48681,4.689331,0,Beverwijk,NL
Amsterdam,Amsterdam_T1,02:00:00:c2:3f:1a,2026-10-05 23:58:57,15.4,52.494114652513,4.69021010199475,0,Heemskerk,NL
Amsterdam,Amsterdam_T1,02:00:00:74:2b:b0,2026-10-05 23:55:37,14.8,52.491181,4.741493,0,Assendelft,NL
Amsterdam,Amsterdam_T1,02:00:00:b9:7d:88,2026-10-05 23:54:40,14.6,52.49439,4.74019999999999,0,Assendelft,NL
Amsterdam,Amsterdam_T1,02:00:00:bd:ca:8e,2026-10-05 23:59:11,14.2,52.486042,4.749684,0,Assendelft,NL
Amsterdam,Amsterdam_T1,02:00:00:bd:ba:0a,2026-10-05 23:53:00,14.5,52.485389,4.760449,0,Assendelft,NL
Amsterdam,Amsterdam_T1,02:00:00:c3:9b:7c,2026-10-05 23:49:16,15.7,52.508597,4.657421,1,Heemskerk,NL
Amsterdam,Amsterdam_T1,02:00:00:64:29:c8,2026-10-05 23:56:16,15.5,52.509686,4.657991,3,Heemskerk,NL
Amsterdam,Amsterdam_T1,02:00:00:28:d9:68,2026-10-05 23:37:45,17.1,52.505043,4.663006,3,Heemskerk,NL
Amsterdam,Amsterdam_T1,02:00:00:5f:27:32,2026-10-05 23:55:07,15.2,52.507020773057,4.66796492578298,2,Heemskerk,NL
Amsterdam,Amsterdam_T1,02:00:00:8d:c6:84,2026-10-05 23:49:35,16.1,52.49849,4.670613,4,Heemskerk,NL
Amsterdam,Amsterdam_T1,02:00:00:70:4f:d8,2026-10-05 23:53:37,15.4,52.5015798,4.66960700000006,1,Heemskerk,NL
Amsterdam,Amsterdam_T1,02:00:00:70:3c:30,2026-10-05 23:51:28,15.8,52.510432,4.688887,1,Heemskerk,NL
Amsterdam,Amsterdam_T1,02:00:00:73:f5:76,2026-10-05 23:51:34,15.0,52.499622,4.6940675,0,Heemskerk,NL
Amsterdam,Amsterdam_T1,02:00:00:1a:fe:50,2026-10-05 23:50:25,15.9,52.5053081762322,4.75592475261492,1,Krommenie,NL
Amsterdam,Amsterdam_T1,02:00:00:bd:f4:02,2026-10-05 23:58:54,15.5,52.4973426347924,4.76018432436422,0,Zaanstad,NL
Amsterdam,Amsterdam_T1,02:00:00:03:85:30,2026-10-05 23:56:00,16.5,52.504607,4.76235500000008,3,Krommenie,NL
Amsterdam,Amsterdam_T1,02:00:00:c3:dd:06,2026-10-05 23:58:48,15.3,52.5044019083239,4.77092044039439,0,Krommenie,NL
Amsterdam,Amsterdam_T1,02:00:00:2c:be:d2,2026-10-05 23:58:36,15.2,52.512672,4.666764,1,Heemskerk,NL
Amsterdam,Amsterdam_T1,02:00:00:74:32:2e,2026-10-05 23:57:33,16.1,52.512731,4.670313,3,Heemskerk,NL
Amsterdam,Amsterdam_T1,02:00:00:58:bd:d0,2026-10-05 23:57:33,14.5,52.517222,4.672485,0,Heemskerk,NL
Amsterdam,Amsterdam_T1,02:00:00:b4:f1:96,2026-10-05 23:52:49,15.4,52.512057,4.68821899999997,1,Heemskerk,NL
Amsterdam,Amsterdam_T1,02:00:00:19:33:4e,2026-10-05 23:50:32,16.7,52.5206,4.6901,0,Heemskerk,NL
Amsterdam,Amsterdam_T1,02:00:00:bd:0d:f2,2026-10-05 23:53:48,15.3,52.5209953,4.70019589999997,0,Uitgeest,NL
Amsterdam,Amsterdam_T1,02:00:00:63:34:a0,2026-10-05 23:58:29,15.0,52.5164485389808,4.7633657697163,0,Zaanstad,NL
Amsterdam,Amsterdam_T1,02:00:00:b9:5f:90,2026-10-05 23:58:13,15.0,52.533084264192,4.71261564257397,0,Uitgeest,NL
Amsterdam,Amsterdam_T1,02:00:00:63:2d:f0,2026-10-05 23:49:47,15.1,52.533104,4.712557,0,Uitgeest,NL
Amsterdam,Amsterdam_T1,02:00:00:b5:8b:c2,2026-10-05 23:49:58,15.8,52.529381,4.713874,2,Uitgeest,NL
Amsterdam,Amsterdam_T1,02:00:00:b5:a6:8a,2026-10-05 23:56:00,15.5,52.530517,4.778969,0,Markenbinnen,NL
Amsterdam,Amsterdam_T1,02:00:00:b9:52:2e,2026-10-05 23:55:49,15.0,52.543081,4.660629,1,Castricum,NL
Amsterdam,Amsterdam_T1,02:00:00:b2:a8:d0,2026-10-05 23:52:21,16.3,52.5532143015102,4.66275751590729,2,Castricum,NL
Amsterdam,Amsterdam_T1,02:00:00:c3:93:02,2026-10-05 23:55:02,15.6,52.5421867370605,4.66557216644287,2,Castricum,NL
Amsterdam,Amsterdam_T1,02:00:00:c6:25:7c,2026-10-05 23:57:12,14.6,52.543556,4.6679726,2,Castricum,NL
Amsterdam,Amsterdam_T1,02:00:00:2b:20:f8,2026-10-05 23:49:48,16.2,52.552362718395,4.66431157696726,4,Castricum,NL
Amsterdam,Amsterdam_T1,02:00:00:27:2c:12,2026-10-05 23:57:23,15.2,52.5579643249512,4.65175914764404,11,Castricum,NL
Amsterdam,Amsterdam_T1,02:00:00:00:56:b0,2026-10-05 23:55:21,16.5,52.559481,4.645325,8,Castricum,NL
Amsterdam,Amsterdam_T1,02:00:00:36:a3:a2,2026-10-05 23:49:30,15.1,52.561176,4.647979,12,Castricum,NL
Amsterdam,Amsterdam_T1,02:00:00:c3:74:74,2026-10-05 23:56:05,16.1,52.556907,4.668744,1,Castricum,NL
Amsterdam,Amsterdam_T1,02:00:00:74:76:8c,2026-10-05 23:49:54,14.9,52.554901,4.671133,3,Castricum,NL
Amsterdam,Amsterdam_T1,02:00:00:bd:e4:0a,2026-10-05 23:57:26,14.5,52.557114,4.6693296,0,Castricum,NL
Amsterdam,Amsterdam_T1,02:00:00:bd:db:96,2026-10-05 23:55:48,14.7,52.5677,4.688097,2,Castricum,NL
Amsterdam,Amsterdam_T1,02:00:00:83:f9:38,2026-10-05 23:58:25,14.9,52.5667610168457,4.69240951538086,4,Castricum,NL
Amsterdam,Amsterdam_T1,02:00:00:bd:d4:66,2026-10-05 23:56:20,15.4,52.5567058594671,4.72576493881832,0,Castricum,NL
Amsterdam,Amsterdam_T1,02:00:00:b0:a9:ae,2026-10-05 23:54:14,15.1,52.556932,4.728066,0,Castricum,NL
Amsterdam,Amsterdam_T1,02:00:00:2c:f9:46,2026-10-05 23:49:24,15.5,52.5711657,4.69811320000005,2,Castricum,NL
Amsterdam,Amsterdam_T1,02:00:00:7f:ca:86,2026-10-05 23:52:22,15.8,52.575198,4.701347,2,Castricum,NL
Amsterdam,Amsterdam_T1,02:00:00:83:b0:d6,2026-10-05 23:54:14,15.3,52.592226,4.690301,0,Heiloo,NL
Amsterdam,Amsterdam_T1,02:00:00:b5:77:5a,2026-10-05 23:54:41,14.2,52.589641,4.701077,1,Heiloo,NL
Amsterdam,Amsterdam_T1,02:00:00:3f:6f:6c,2026-10-05 23:58:54,15.3,52.5883517,4.71341809999999,0,Heiloo,NL
Amsterdam,Amsterdam_T1,02:00:00:5f:28:b6,2026-10-05 23:55:29,14.1,52.593292,4.713329,0,Heiloo,NL
Amsterdam,Amsterdam_T1,02:00:00:13:81:dc,2026-10-05 23:52:53,14.0,52.5917217300149,4.71660864874474,1,Heiloo,NL
Amsterdam,Amsterdam_T1,02:00:00:14:4a:16,2026-10-05 23:54:13,14.7,52.5979706,4.68623639999998,2,Heiloo,NL
Amsterdam,Amsterdam_T1,02:00:00:27:49:96,2026-10-05 23:52:29,15.8,52.596877,4.700662,2,Heiloo,NL
Amsterdam,Amsterdam_T1,02:00:00:b2:c5:8e,2026-10-05 23:54:49,14.3,52.607205,4.694133,1,Heiloo,NL
Amsterdam,Amsterdam_T1,02:00:00:bd:0d:f4,2026-10-05 23:54:58,14.3,52.608246,4.707137,1,Heiloo,NL
Amsterdam,Amsterdam_T1,02:00:00:a9:f1:36,2026-10-05 23:49:45,13.7,52.6009402517112,4.7194606130876,4,Heiloo,NL
Amsterdam,Amsterdam_T1,02:00:00:15:dc:9e,2026-10-05 23:58:04,16.1,52.607723,4.716598,6,Heiloo,NL
Amsterdam,Amsterdam_T1,02:00:00:64:09:44,2026-10-05 23:56:30,14.8,52.602954864502,4.7196626663208,2,Heiloo,NL
Amsterdam,Amsterdam_T1,02:00:00:02:63:54,2026-10-05 23:51:37,17.3,52.6134354354965,4.62090881276794,20,Bergen,NL
Amsterdam,Amsterdam_T1,02:00:00:b5:ac:40,2026-10-05 23:50:46,17.3,52.622938,4.628717,11,Bergen,NL
Amsterdam,Amsterdam_T1,02:00:00:00:da:fe,2026-10-05 23:54:31,18.1,52.62333,4.630068,11,Bergen,NL
Amsterdam,Amsterdam_T1,02:00:00:31:ea:ec,2026-10-05 23:52:46,14.6,52.6170874425851,4.65225869437614,1,Bergen (NH),NL
Amsterdam,Amsterdam_T1,02:00:00:64:29:b6,2026-10-05 23:56:51,15.1,52.6201341308608,4.6524031553414,3,Bergen (NH),NL
Amsterdam,Amsterdam_T1,02:00:00:2f:07:0e,2026-10-05 23:56:59,16.3,52.619869,4.74062129999993,2,Alkmaar,NL
Amsterdam,Amsterdam_T1,02:00:00:b9:2a:8c,2026-10-05 23:56:56,14.9,52.6220359802246,4.74117708206177,3,Alkmaar,NL
Amsterdam,Amsterdam_T1,02:00:00:c2:7c:c6,2026-10-05 23:59:28,15.1,52.625301,4.656129,4,Bergen,NL
Amsterdam,Amsterdam_T1,02:00:00:01:aa:12,2026-10-05 23:53:59,16.7,52.633442,4.7215387,2,Alkmaar,NL
Amsterdam,Amsterdam_T1,02:00:00:ab:c4:e2,2026-10-05 23:51:08,16.7,52.6328430175781,4.72380399703979,2,Alkmaar,NL
Amsterdam,Amsterdam_T1,02:00:00:a9:e8:0a,2026-10-05 23:57:58,15.5,52.638329,4.728889,3,Alkmaar,NL
Amsterdam,Amsterdam_T1,02:00:00:9b:4e:12,2026-10-05 23:52:20,15.6,52.6366402163491,4.74007593934657,3,Alkmaar,NL
Amsterdam,Amsterdam_T1,02:00:00:1f:79:cc,2026-10-05 23:59:06,15.5,52.636603,4.745265,4,Alkmaar,NL
Amsterdam,Amsterdam_T1,02:00:00:b5:9a:a0,2026-10-05 23:55:01,15.6,52.637733,4.745801,4,Alkmaar,NL
Amsterdam,Amsterdam_T1,02:00:00:c2:2e:b6,2026-10-05 23:57:03,15.4,52.633771,4.75851099999995,2,Alkmaar,NL
Amsterdam,Amsterdam_T1,02:00:00:64:01:d0,2026-10-05 23:50:43,15.3,52.634199,4.759869,6,Alkmaar,NL
Amsterdam,Amsterdam_T1,02:00:00:63:37:be,2026-10-05 23:56:19,15.0,52.633652,4.765127,1,Alkmaar,NL
Amsterdam,Amsterdam_T1,02:00:00:ab:df:8c,2026-10-05 23:58:06,15.7,52.641733,4.756292,1,Alkmaar,NL
Amsterdam,Amsterdam_T1,02:00:00:c2:38:70,2026-10-05 23:51:15,14.7,52.64382,4.75634999999998,2,Alkmaar,NL
Amsterdam,Amsterdam_T1,02:00:00:58:bc:d2,2026-10-05 23:52:11,14.6,52.6466445922852,4.75525665283203,1,Alkmaar,NL
Amsterdam,Amsterdam_T1,02:00:00:12:7e:c4,2026-10-05 23:57:58,15.6,52.6525888583169,4.76428381045071,1,Alkmaar,NL
Amsterdam,Amsterdam_T1,02:00:00:a2:25:b4,2026-10-05 23:54:44,16.1,52.652943,4.772452,0,Alkmaar,NL
Amsterdam,Amsterdam_T1,02:00:00:83:c1:72,2026-10-05 23:54:38,15.4,52.651228,4.779918,1,Sint Pancras,NL
Amsterdam,Amsterdam_T1,02:00:00:a9:5f:3c,2026-10-05 23:56:20,14.5,52.3233565620573,4.58888893347402,2,Bennebroek,NL
Amsterdam,Amsterdam_T1,02:00:00:74:30:a2,2026-10-05 23:54:53,14.0,52.31667,4.601682,2,Bennebroek,NL
Amsterdam,Amsterdam_T1,02:00:00:52:ff:4a,2026-10-05 23:56:26,14.7,52.316234,4.613678,0,Zwaanshoek,NL
Amsterdam,Amsterdam_T1,02:00:00:04:e0:62,2026-10-05 23:56:44,14.9,52.3190344282112,4.59699478325753,2,Bennebroek,NL
Amsterdam,Amsterdam_T1,02:00:00:34:0d:20,2026-10-05 23:54:26,15.6,52.314469,4.637147,0,Haarlemmermeer,NL
Amsterdam,Amsterdam_T1,02:00:00:8d:cc:36,2026-10-05 23:53:32,15.2,52.3125,4.6445,0,Hoofddorp,NL
Amsterdam,Amsterdam_T1,02:00:00:06:02:ae,2026-10-05 23:58:14,15.1,52.313344,4.652007,0,Haarlemmermeer,NL
Amsterdam,Amsterdam_T1,02:00:00:00:d2:c8,2026-10-05 23:51:22,13.9,52.3246564313998,4.64318761619814,0,Haarlemmermeer,NL
Amsterdam,Amsterdam_T1,02:00:00:2b:51:7c,2026-10-05 23:54:39,16.0,52.314801,4.664166,0,Hoofddorp,NL
Amsterdam,Amsterdam_T1,02:00:00:12:6f:32,2026-10-05 23:51:44,14.5,52.318731,4.675906,0,Hoofddorp,NL
Amsterdam,Amsterdam_T1,02:00:00:04:a8:18,2026-10-05 23:56:48,14.9,52.3118591308594,4.69132137298584,0,Haarlemmermeer,NL
Amsterdam,Amsterdam_T1,02:00:00:04:5c:16,2026-10-05 23:54:53,15.4,52.325924,4.593691,3,Bennebroek,NL
Amsterdam,Amsterdam_T1,02:00:00:53:40:ac,2026-10-05 23:58:03,14.8,52.3348254552263,4.61766521558033,1,Heemstede,NL
Amsterdam,Amsterdam_T1,02:00:00:8d:d6:b0,2026-10-05 23:56:17,15.4,52.335645,4.632993,0,Cruquius,NL
Amsterdam,Amsterdam_T1,02:00:00:be:07:f0,2026-10-05 23:56:50,13.8,52.3348065616568,4.64470551369772,0,Cruquius,NL
Amsterdam,Amsterdam_T1,02:00:00:c2:49:e6,2026-10-05 23:55:49,13.8,52.336126,4.644912,0,Cruquius,NL
Amsterdam,Amsterdam_T1,02:00:00:b5:9e:1e,2026-10-05 23:55:36,13.8,52.3425636291504,4.60301303863525,3,Heemstede,NL
Amsterdam,Amsterdam_T1,02:00:00:b4:f1:9a,2026-10-05 23:53:25,13.7,52.3455882986117,4.6028138830537,3,Heemstede,NL
Amsterdam,Amsterdam_T1,02:00:00:29:0c:72,2026-10-05 23:50:00,15.8,52.3456538553203,4.60992780720815,4,Heemstede,NL
Amsterdam,Amsterdam_T1,02:00:00:b5:4a:8a,2026-10-05 23:57:52,16.3,52.346112,4.624803,2,Heemstede,NL
Amsterdam,Amsterdam_T1,02:00:00:04:73:0e,2026-10-05 23:48:58,16.7,52.3530274,4.63461050000001,5,Heemstede,NL
Amsterdam,Amsterdam_T1,02:00:00:04:5a:2e,2026-10-05 23:54:53,15.8,52.3502780958043,4.6589281529828,2,Haarlem,NL
Amsterdam,Amsterdam_T1,02:00:00:b5:52:ca,2026-10-05 23:52:24,15.2,52.3431975,4.67456669,0,Vijfhuizen,NL
Amsterdam,Amsterdam_T1,02:00:00:ab:ea:fc,2026-10-05 23:52:33,15.2,52.343516,4.674352,0,Vijfhuizen,NL
Amsterdam,Amsterdam_T1,02:00:00:2f:0c:1c,2026-10-05 23:52:20,14.6,52.3464166143002,4.67963541516469,0,Vijfhuizen,NL
Amsterdam,Amsterdam_T1,02:00:00:19:41:f0,2026-10-05 23:55:31,15.5,52.345834,4.772279,0,Badhoevedorp,NL
Amsterdam,Amsterdam_T1,02:00:00:bd:de:aa,2026-10-05 23:50:51,15.4,52.35104,4.773909,0,Amsterdam,NL
Amsterdam,Amsterdam_T1,02:00:00:ab:db:e0,2026-10-05 23:54:25,16.4,52.364787,4.52086100000004,14,Zandvoort,NL
Amsterdam,Amsterdam_T1,02:00:00:9c:d9:5e,2026-10-05 23:58:30,15.8,52.367741,4.525221,10,Zandvoort,NL
Amsterdam,Amsterdam_T1,02:00:00:a9:8b:b6,2026-10-05 23:58:11,15.8,52.3675,4.5304,6,Zandvoort,NL
Amsterdam,Amsterdam_T1,02:00:00:3c:ed:32,2026-10-05 23:58:51,15.2,52.3671946,4.54155539999998,6,Zandvoort,NL
Amsterdam,Amsterdam_T1,02:00:00:b0:97:dc,2026-10-05 23:51:45,14.9,52.367772,4.606125,2,Haarlem,NL
Amsterdam,Amsterdam_T1,02:00:00:83:99:52,2026-10-05 23:55:48,15.2,52.3554,4.6149,7,Heemstede,NL
Amsterdam,Amsterdam_T1,02:00:00:63:3e:0e,2026-10-05 23:55:38,16.2,52.357028,4.615857,5,Heemstede,NL
Amsterdam,Amsterdam_T1,02:00:00:b2:b2:54,2026-10-05 23:58:33,15.1,52.357489,4.625746,4,Heemstede,NL
Amsterdam,Amsterdam_T1,02:00:00:83:fd:c4,2026-10-05 23:54:14,16.4,52.355408,4.626659,3,Heemstede,NL
Amsterdam,Amsterdam_T1,02:00:00:b5:27:24,2026-10-05 23:52:20,14.4,52.363345910022,4.63381849071414,2,Haarlem,NL
Amsterdam,Amsterdam_T1,02:00:00:01:8b:04,2026-10-05 23:53:27,16.4,52.357799252269,4.64295928937645,4,Haarlem,NL
Amsterdam,Amsterdam_T1,02:00:00:36:dc:4a,2026-10-05 23:54:59,17.9,52.361993,4.651678,5,Haarlem,NL
Amsterdam,Amsterdam_T1,02:00:00:1c:64:0e,2026-10-05 23:53:58,16.2,52.355164,4.663513,2,Haarlem,NL
Amsterdam,Amsterdam_T1,02:00:00:7f:9a:24,2026-10-05 23:53:24,15.7,52.3591853224633,4.66554760934741,1,Haarlem,NL
Amsterdam,Amsterdam_T1,02:00:00:29:66:d8,2026-10-05 23:56:25,15.4,52.354517,4.779536,0,Amsterdam,NL
Amsterdam,Amsterdam_T1,02:00:00:3f:4c:f4,2026-10-05 23:52:27,17.0,52.372587,4.530564,6,Zandvoort,NL
Amsterdam,Amsterdam_T1,02:00:00:12:41:12,2026-10-05 23:49:59,16.4,52.374049,4.5339304,6,Zandvoort,NL
Amsterdam,Amsterdam_T1,02:00:00:8d:e0:26,2026-10-05 23:51:02,17.1,52.3739738937387,4.54128739892451,4,Zandvoort,NL
Amsterdam,Amsterdam_T1,02:00:00:c2:32:aa,2026-10-05 23:52:55,14.3,52.372037,4.59458,8,Aerdenhout,NL
Amsterdam,Amsterdam_T1,02:00:00:b5:b1:0c,2026-10-05 23:53:04,15.0,52.3695997,4.6135729,1,Haarlem,NL
Amsterdam,Amsterdam_T1,02:00:00:c3:ec:bc,2026-10-05 23:50:35,14.1,52.3714478705273,4.62272452350821,1,Haarlem,NL
Amsterdam,Amsterdam_T1,02:00:00:c6:5f:ac,2026-10-05 23:52:36,14.2,52.371608,4.62487800000002,5,Haarlem,NL
Amsterdam,Amsterdam_T1,02:00:00:bd:fb:06,2026-10-05 23:51:15,15.5,52.3736267089844,4.61951780319214,0,Haarlem,NL
Amsterdam,Amsterdam_T1,02:00:00:83:b1:9e,2026-10-05 23:57:22,14.8,52.381217,4.641662,3,Haarlem,NL
Amsterdam,Amsterdam_T1,02:00:00:90:b9:a6,2026-10-05 23:58:40,15.1,52.3803,4.6422,2,Haarlem,NL
Amsterdam,Amsterdam_T1,02:00:00:33:d2:64,2026-10-05 23:54:48,15.2,52.3809272917764,4.64569719847814,1,Haarlem,NL
Amsterdam,Amsterdam_T1,02:00:00:a9:82:9a,2026-10-05 23:52:00,13.2,52.378145,4.670558,1,Haarlem,NL
Amsterdam,Amsterdam_T1,02:00:00:bd:02:30,2026-10-05 23:57:22,14.6,52.378145,4.670558,1,Haarlem,NL
Amsterdam,Amsterdam_T1,02:00:00:b9:44:aa,2026-10-05 23:53:36,12.9,52.375513,4.67675000000014,0,Vijfhuizen,NL
Amsterdam,Amsterdam_T1,02:00:00:27:b4:36,2026-10-05 23:57:44,17.6,52.3779792785645,4.7358570098877,0,Haarlemmermeer,NL
Amsterdam,Amsterdam_T1,02:00:00:27:4b:10,2026-10-05 23:57:39,15.9,52.37942,4.744301,0,Haarlemmermeer,NL
Amsterdam,Amsterdam_T1,02:00:00:1e:21:d8,2026-10-05 23:55:05,14.4,52.3836936950684,4.60500431060791,3,Haarlem,NL
Amsterdam,Amsterdam_T1,02:00:00:3f:4b:00,2026-10-05 23:54:22,15.3,52.3919181,4.6090654,10,Bloemendaal,NL
Amsterdam,Amsterdam_T1,02:00:00:90:90:54,2026-10-05 23:59:01,14.1,52.3920090859054,4.61050858570127,4,Overveen,NL
Amsterdam,Amsterdam_T1,02:00:00:ab:e0:5c,2026-10-05 23:52:33,15.5,52.382743416844,4.62757179341502,3,Haarlem,NL
Amsterdam,Amsterdam_T1,02:00:00:36:97:c0,2026-10-05 23:53:07,14.7,52.384901,4.618702,2,Haarlem,NL
Amsterdam,Amsterdam_T1,02:00:00:6b:2a:8e,2026-10-05 23:54:53,15.8,52.383527,4.626926,4,Haarlem,NL
Amsterdam,Amsterdam_T1,02:00:00:a4:29:1a,2026-10-05 23:49:45,14.4,52.39233,4.64477999999999,2,Haarlem,NL
Amsterdam,Amsterdam_T1,02:00:00:19:12:9e,2026-10-05 23:53:10,14.8,52.395697,4.646471,2,Haarlem,NL
Amsterdam,Amsterdam_T1,02:00:00:29:68:b8,2026-10-05 23:05:21,15.5,52.396323,4.647771,1,Haarlem,NL
Amsterdam,Amsterdam_T1,02:00:00:03:70:e8,2026-10-05 23:53:13,14.5,52.383225,4.726661,0,Zwanenburg,NL
Amsterdam,Amsterdam_T1,02:00:00:a2:6a:14,2026-10-05 23:54:20,13.5,52.383301,4.758271,4,Halfweg,NL
Amsterdam,Amsterdam_T1,02:00:00:13:52:76,2026-10-05 23:54:06,14.4,52.3991470336914,4.62305593490601,2,Bloemendaal,NL
Amsterdam,Amsterdam_T1,02:00:00:c5:40:ea,2026-10-05 23:54:30,15.0,52.400092,4.623392,4,Bloemendaal,NL
Amsterdam,Amsterdam_T1,02:00:00:83:f0:02,2026-10-05 23:53:44,14.3,52.405965,4.631168,2,Haarlem,NL
Amsterdam,Amsterdam_T1,02:00:00:65:6b:94,2026-10-05 23:50:49,15.0,52.406331,4.652223,0,Haarlem,NL
Amsterdam,Amsterdam_T1,02:00:00:58:ea:a2,2026-10-05 23:53:36,20.2,52.399273,4.661989,0,Haarlem,NL
Amsterdam,Amsterdam_T1,02:00:00:1c:67:e6,2026-10-05 23:56:31,15.6,52.416089,4.628222,3,Santpoort-Zuid,NL
Amsterdam,Amsterdam_T1,02:00:00:5e:d7:a8,2026-10-05 23:49:42,14.7,52.424377,4.633687,9,Santpoort-Zuid,NL
Amsterdam,Amsterdam_T1,02:00:00:2f:2c:10,2026-10-05 23:52:08,13.9,52.4139580938156,4.64802011595694,0,Haarlem,NL
Amsterdam,Amsterdam_T1,02:00:00:a2:0a:b0,2026-10-05 23:57:29,14.7,52.418751,4.6510605,1,Haarlem,NL
Amsterdam,Amsterdam_T1,02:00:00:b9:1c:8a,2026-10-05 23:56:21,14.1,52.4189992,4.65495759999998,0,Haarlem,NL
Amsterdam,Amsterdam_T1,02:00:00:be:06:98,2026-10-05 23:49:42,13.8,52.4134979248047,4.68100881576538,0,Haarlem,NL
Amsterdam,Amsterdam_T1,02:00:00:90:b7:14,2026-10-05 23:51:26,15.3,52.41832,4.681472,0,Velserbroek,NL
Amsterdam,Amsterdam_T1,02:00:00:03:cf:ae,2026-10-05 23:56:13,14.6,52.430961,4.626516,7,Santpoort-Noord,NL
Amsterdam,Amsterdam_T1,02:00:00:a2:25:f2,2026-10-05 23:54:01,13.4,52.430885,4.633629,5,Santpoort-Noord,NL
Amsterdam,Amsterdam_T1,02:00:00:6b:54:fc,2026-10-05 23:54:33,13.5,52.43138,4.637592,7,Santpoort-Noord,NL
Amsterdam,Amsterdam_T1,02:00:00:1f:64:4e,2026-10-05 23:50:09,14.1,52.430948,4.651523,0,Velserbroek,NL
Amsterdam,Amsterdam_T1,02:00:00:34:06:e2,2026-10-05 23:56:53,15.4,52.43278,4.654448,3,Velserbroek,NL
Amsterdam,Amsterdam_T1,02:00:00:36:ec:46,2026-10-05 23:57:08,15.6,52.4389800296369,4.65587516850894,0,Velsen,NL
Amsterdam,Amsterdam_T1,02:00:00:ab:ec:c4,2026-10-05 23:49:59,14.6,52.4282927,4.6653309,0,Velserbroek,NL
Amsterdam,Amsterdam_T1,02:00:00:bd:ec:92,2026-10-05 23:49:32,15.2,52.4288634,4.67031360000004,0,Velserbroek,NL
Amsterdam,Amsterdam_T1,02:00:00:b5:4b:32,2026-10-05 23:59:29,17.1,52.4319432,4.78043320000006,0,Westzaan,NL
Amsterdam,Amsterdam_T1,02:00:00:bc:b6:d4,2026-10-05 23:55:12,15.5,52.4456,4.5918,11,IJmuiden,NL
Amsterdam,Amsterdam_T1,02:00:00:b2:aa:ac,2026-10-05 23:49:29,15.3,52.448609,4.590747,10,IJmuiden,NL
Amsterdam,Amsterdam_T1,02:00:00:a2:3b:be,2026-10-05 23:52:57,16.0,52.442508,4.632853,5,Driehuis NH,NL
Amsterdam,Amsterdam_T1,02:00:00:7f:98:e4,2026-10-05 23:57:32,15.1,52.4443464,4.6335944,7,Driehuis NH,NL
Amsterdam,Amsterdam_T1,02:00:00:a9:65:06,2026-10-05 23:49:38,15.1,52.4453624156696,4.63662952934719,6,Driehuis NH,NL
Amsterdam,Amsterdam_T1,02:00:00:27:13:90,2026-10-05 23:51:01,15.4,52.44252,4.65480000000011,2,Velserbroek,NL
Amsterdam,Amsterdam_T1,02:00:00:b5:93:86,2026-10-05 23:50:08,14.4,52.443132,4.68768400000007,0,Velsen-Zuid,NL
Amsterdam,Amsterdam_T1,02:00:00:c2:48:08,2026-10-05 23:58:18,17.8,52.462179,4.59518099999997,12,IJmuiden,NL
Amsterdam,Amsterdam_T1,02:00:00:33:ff:50,2026-10-05 23:52:49,20.1,52.47222,4.64417,3,Velsen-Noord,NL
Amsterdam,Amsterdam_T1,02:00:00:8d:c5:b8,2026-10-05 23:50:31,14.8,52.481261073535,4.65143322944641,3,Beverwijk,NL
Amsterdam,Amsterdam_T1,02:00:00:84:22:f4,2026-10-05 23:56:45,15.4,52.481763,4.649305,4,Beverwijk,NL
Amsterdam,Amsterdam_T1,02:00:00:73:c3:3e,2026-10-05 23:57:35,15.1,52.469413,4.748364,0,Assendelft,NL
Amsterdam,Amsterdam_T1,02:00:00:a2:60:a8,2026-10-05 23:55:25,15.4,52.4727440027025,4.74969940572919,0,Assendelft,NL
Amsterdam,Amsterdam_T2,02:00:00:b9:1a:3c,2026-10-05 23:50:51,14.3,52.493042,5.07125,0,Volendam,NL
Amsterdam,Amsterdam_T2,02:00:00:1e:28:64,2026-10-05 23:57:32,14.9,52.5012,5.0626,0,Volendam,NL
Amsterdam,Amsterdam_T2,02:00:00:bd:f1:80,2026-10-05 23:57:36,14.8,52.5039741486075,5.06583976745605,0,Edam-Volendam,NL
Amsterdam,Amsterdam_T2,02:00:00:2d:00:08,2026-10-05 23:55:50,15.8,52.510217,5.066857,0,Edam,NL
Amsterdam,Amsterdam_T2,02:00:00:84:70:bc,2026-10-05 23:51:11,14.6,52.513283,5.074401,0,Volendam,NL
Amsterdam,Amsterdam_T2,02:00:00:84:70:a2,2026-10-05 23:50:47,17.3,52.515296,5.065298,0,Edam,NL
Amsterdam,Amsterdam_T2,02:00:00:a9:d4:76,2026-10-05 23:58:06,15.2,52.636438,5.157458,0,Wijdenes,NL
Amsterdam,Amsterdam_T2,02:00:00:65:41:36,2026-10-05 23:49:34,15.0,52.640045,5.064139,3,Hoorn,NL
Amsterdam,Amsterdam_T2,02:00:00:3f:02:7a,2026-10-05 23:59:11,15.2,52.646076,5.07353,1,Hoorn,NL
Amsterdam,Amsterdam_T2,02:00:00:2f:35:a2,2026-10-05 23:54:21,15.0,52.6429770416675,5.077702583676,0,Hoorn,NL
Amsterdam,Amsterdam_T2,02:00:00:65:84:72,2026-10-05 23:54:05,15.9,52.6471319,5.0887278,0,Hoorn,NL
Amsterdam,Amsterdam_T2,02:00:00:b5:76:28,2026-10-05 23:58:45,15.6,52.652831,5.100056,0,Hoorn,NL
Amsterdam,Amsterdam_T2,02:00:00:32:ee:e8,2026-10-05 23:50:46,16.1,52.648873,5.10612,0,Hoorn,NL
Amsterdam,Amsterdam_T2,02:00:00:29:43:f2,2026-10-05 23:57:18,15.8,52.313681,5.148801,6,Naarden,NL
Amsterdam,Amsterdam_T2,02:00:00:8d:c2:62,2026-10-05 23:57:08,14.8,52.3290573,5.06640220000001,2,Muiden,NL
Amsterdam,Amsterdam_T2,02:00:00:32:d5:be,2026-10-05 23:52:38,15.1,52.329636,5.070703,1,Muiden,NL
Amsterdam,Amsterdam_T2,02:00:00:a9:a8:50,2026-10-05 23:49:10,14.2,52.328905,5.119063,4,Muiderberg,NL
Amsterdam,Amsterdam_T2,02:00:00:90:d2:d0,2026-10-05 23:50:28,15.2,52.326425,5.12370000000006,4,Muiderberg,NL
Amsterdam,Amsterdam_T2,02:00:00:ab:ea:9e,2026-10-05 23:52:11,14.9,52.326316,5.126179,3,Muiderberg,NL
Amsterdam,Amsterdam_T2,02:00:00:36:e2:78,2026-10-05 23:56:25,16.9,52.3371049,5.1901735,0,Almere,NL
Amsterdam,Amsterdam_T2,02:00:00:2b:f1:24,2026-10-05 23:55:15,16.0,52.3379513,5.19054610000001,0,Almere,NL
Amsterdam,Amsterdam_T2,02:00:00:90:ac:fe,2026-10-05 23:55:53,15.3,52.338809,5.200362,0,Almere,NL
Amsterdam,Amsterdam_T2,02:00:00:9d:29:10,2026-10-05 23:56:35,14.9,52.337369,5.21375,0,Almere,NL
Amsterdam,Amsterdam_T2,02:00:00:31:e8:d4,2026-10-05 23:51:38,16.2,52.337841,5.215197,0,Almere,NL
Amsterdam,Amsterdam_T2,02:00:00:31:dc:12,2026-10-05 23:58:23,15.7,52.334232157563,5.23541811712221,0,Almere,NL
Amsterdam,Amsterdam_T2,02:00:00:53:23:2a,2026-10-05 23:58:28,14.7,52.3393783027795,5.30971791315298,0,Almere,NL
Amsterdam,Amsterdam_T2,02:00:00:b8:f6:48,2026-10-05 23:55:56,16.1,52.3406143188477,5.20010089874268,0,Almere,NL
Amsterdam,Amsterdam_T2,02:00:00:2c:c4:84,2026-10-05 23:52:57,15.5,52.3477676,5.2148857,0,Almere,NL
Amsterdam,Amsterdam_T2,02:00:00:bd:f8:fa,2026-10-05 23:51:44,16.4,52.3424109,5.2190179,0,Almere,NL
Amsterdam,Amsterdam_T2,02:00:00:c3:74:e2,2026-10-05 23:51:18,15.6,52.339954,5.30997100000004,0,Almere,NL
Amsterdam,Amsterdam_T2,02:00:00:a2:74:d6,2026-10-05 23:56:08,14.0,52.3410034179688,5.32753562927246,0,Almere,NL
Amsterdam,Amsterdam_T2,02:00:00:83:bd:82,2026-10-05 23:59:34,16.1,52.355964,5.150352,0,Almere,NL
Amsterdam,Amsterdam_T2,02:00:00:20:a9:28,2026-10-05 23:57:57,15.8,52.3552207946777,5.15794372558594,0,Almere,NL
Amsterdam,Amsterdam_T2,02:00:00:1f:41:a2,2026-10-05 23:54:03,16.0,52.359159,5.157519,0,Almere,NL
Amsterdam,Amsterdam_T2,02:00:00:bd:f3:22,2026-10-05 23:50:11,16.1,52.3556832426708,5.17759948959218,0,Almere,NL
Amsterdam,Amsterdam_T2,02:00:00:53:27:88,2026-10-05 23:53:11,15.0,52.3599,5.18,0,Almere,NL
Amsterdam,Amsterdam_T2,02:00:00:33:47:ca,2026-10-05 23:49:54,15.9,52.358981,5.19882,0,Almere,NL
Amsterdam,Amsterdam_T2,02:00:00:3c:f8:f0,2026-10-05 23:53:20,15.8,52.365146,5.188618,0,Almere,NL
Amsterdam,Amsterdam_T2,02:00:00:06:11:d6,2026-10-05 23:59:28,15.3,52.3658206,5.2116575,0,Almere,NL
Amsterdam,Amsterdam_T2,02:00:00:a9:dd:34,2026-10-05 23:52:26,15.7,52.3663002,5.2148177,0,Almere,NL
Amsterdam,Amsterdam_T2,02:00:00:74:2f:a0,2026-10-05 23:52:20,14.0,52.361122,5.240015,0,Almere,NL
Amsterdam,Amsterdam_T2,02:00:00:01:e3:f6,2026-10-05 23:55:08,15.1,52.36436,5.23972999999998,0,Almere,NL
Amsterdam,Amsterdam_T2,02:00:00:33:e0:2c,2026-10-05 23:58:12,14.9,52.36486,5.240825,0,Almere,NL
Amsterdam,Amsterdam_T2,02:00:00:27:5a:b2,2026-10-05 23:55:53,15.9,52.362427,5.25434,0,Almere,NL
Amsterdam,Amsterdam_T2,02:00:00:9d:00:80,2026-10-05 23:55:26,16.4,52.367319,5.260293,0,Almere,NL
Amsterdam,Amsterdam_T2,02:00:00:74:32:de,2026-10-05 23:52:01,14.8,52.355048,5.27963999999998,0,Almere,NL
Amsterdam,Amsterdam_T2,02:00:00:a9:83:8c,2026-10-05 23:49:58,14.9,52.357345,5.286959,0,Almere,NL
Amsterdam,Amsterdam_T2,02:00:00:c5:43:2c,2026-10-05 23:52:13,15.0,52.357934,5.287744,0,Almere,NL
Amsterdam,Amsterdam_T2,02:00:00:b2:a4:f6,2026-10-05 23:53:11,14.4,52.356743,5.305346,0,Almere,NL
Amsterdam,Amsterdam_T2,02:00:00:b9:58:8a,2026-10-05 23:52:13,14.5,52.357433,5.307289,0,Almere,NL
Amsterdam,Amsterdam_T2,02:00:00:bc:b5:26,2026-10-05 23:51:43,15.1,52.370647,5.189115,0,Almere,NL
Amsterdam,Amsterdam_T2,02:00:00:5f:51:f6,2026-10-05 23:55:09,14.5,52.3763868010158,5.18871491122013,0,Almere,NL
Amsterdam,Amsterdam_T2,02:00:00:01:68:68,2026-10-05 23:58:50,14.4,52.3817893121283,5.19184622828592,0,Almere,NL
Amsterdam,Amsterdam_T2,02:00:00:70:55:78,2026-10-05 23:53:17,16.7,52.368492,5.219494,0,Almere,NL
Amsterdam,Amsterdam_T2,02:00:00:53:48:18,2026-10-05 23:56:19,15.6,52.37066,5.233283,0,Almere,NL
Amsterdam,Amsterdam_T2,02:00:00:b9:1a:4e,2026-10-05 23:50:44,15.8,52.3704528808594,5.23384428024292,0,Almere,NL
Amsterdam,Amsterdam_T2,02:00:00:00:2e:ae,2026-10-05 23:59:16,15.2,52.38126,5.24338,0,Almere,NL
Amsterdam,Amsterdam_T2,02:00:00:b5:6d:e8,2026-10-05 23:57:20,15.1,52.374999,5.254935,0,Almere,NL
Amsterdam,Amsterdam_T2,02:00:00:63:38:56,2026-10-05 23:53:40,15.0,52.380046,5.256249,0,Almere,NL
Amsterdam,Amsterdam_T2,02:00:00:73:c6:2e,2026-10-05 23:51:24,15.0,52.380726,5.257692,0,Almere,NL
Amsterdam,Amsterdam_T2,02:00:00:03:7c:78,2026-10-05 23:53:48,14.9,52.391575,5.177948,0,Almere,NL
Amsterdam,Amsterdam_T2,02:00:00:53:5c:9c,2026-10-05 23:55:04,15.2,52.3900854363991,5.20024865531923,0,Almere,NL
Amsterdam,Amsterdam_T2,02:00:00:9b:58:5a,2026-10-05 23:58:57,15.8,52.393024667432,5.2090859413147,0,Almere,NL
Amsterdam,Amsterdam_T2,02:00:00:17:7b:d4,2026-10-05 23:52:39,16.1,52.383191,5.221105,0,Almere,NL
Amsterdam,Amsterdam_T2,02:00:00:84:5a:ae,2026-10-05 23:59:27,15.5,52.3883,5.224379,0,Almere,NL
Amsterdam,Amsterdam_T2,02:00:00:a4:6d:b2,2026-10-05 23:51:17,14.8,52.388077,5.240579,0,Almere,NL
Amsterdam,Amsterdam_T2,02:00:00:b9:5a:5a,2026-10-05 23:51:46,14.4,52.3845863342285,5.24989986419678,0,Almere,NL
Amsterdam,Amsterdam_T2,02:00:00:7f:9e:de,2026-10-05 23:58:35,15.0,52.384025,5.25010500000001,0,Almere,NL
Amsterdam,Amsterdam_T2,02:00:00:58:e1:26,2026-10-05 23:57:48,15.1,52.384533,5.252609,0,Almere,NL
Amsterdam,Amsterdam_T2,02:00:00:58:bf:ca,2026-10-05 23:54:18,14.7,52.38307,5.265491,0,Almere,NL
Amsterdam,Amsterdam_T2,02:00:00:3d:1b:4c,2026-10-05 23:51:59,15.8,52.3837937593531,5.27678767891788,0,Almere,NL
Amsterdam,Amsterdam_T2,02:00:00:b5:81:a0,2026-10-05 23:57:26,16.4,52.384372,5.281699,0,Almere,NL
Amsterdam,Amsterdam_T2,02:00:00:bd:e8:f0,2026-10-05 23:53:15,14.9,52.3959675,5.3090496,0,Almere,NL
Amsterdam,Amsterdam_T2,02:00:00:1c:52:f2,2026-10-05 23:55:51,17.0,52.3950156,5.3091444,0,Almere,NL
Amsterdam,Amsterdam_T2,02:00:00:1f:4f:22,2026-10-05 23:53:49,15.7,52.3979296375149,5.16967981825021,0,Almere,NL
Amsterdam,Amsterdam_T2,02:00:00:33:21:aa,2026-10-05 23:56:28,14.5,52.3975487,5.25251060000002,0,Almere,NL
Amsterdam,Amsterdam_T2,02:00:00:83:e8:7e,2026-10-05 23:52:03,14.9,52.397284,5.254051,0,Almere,NL
Amsterdam,Amsterdam_T2,02:00:00:65:44:b2,2026-10-05 23:59:35,14.6,52.4001681563975,5.27203023477341,0,Almere,NL
Amsterdam,Amsterdam_T2,02:00:00:9c:dc:e4,2026-10-05 23:51:25,14.8,52.400918,5.274714,0,Almere,NL
Amsterdam,Amsterdam_T2,02:00:00:03:cb:e8,2026-10-05 23:50:56,15.0,52.404926,5.287006,0,Almere,NL
Amsterdam,Amsterdam_T2,02:00:00:2e:e8:24,2026-10-05 23:56:32,15.5,52.4070205688477,5.29014873504639,0,Almere,NL
Amsterdam,Amsterdam_T2,02:00:00:7a:83:18,2026-10-05 23:56:15,16.3,52.397218,5.30246,0,Almere,NL
Amsterdam,Amsterdam_T2,02:00:00:c2:45:22,2026-10-05 23:55:43,15.9,52.40461,5.301997,0,Almere,NL
Amsterdam,Amsterdam_T2,02:00:00:12:9c:64,2026-10-05 23:54:01,15.6,52.398632,5.308742,0,Almere,NL
Amsterdam,Amsterdam_T2,02:00:00:7f:d3:7a,2026-10-05 23:56:44,14.8,52.3993820578264,5.32481566205385,0,Almere,NL
Amsterdam,Amsterdam_T2,02:00:00:74:7c:9e,2026-10-05 23:50:37,14.1,52.414947,5.280712,0,Almere,NL
Amsterdam,Amsterdam_T2,02:00:00:a9:d3:92,2026-10-05 23:58:28,15.8,52.430297,5.077604,0,Uitdam,NL
Amsterdam,Amsterdam_T2,02:00:00:7f:b2:de,2026-10-05 23:51:26,16.4,52.457411,5.102286,1,Marken,NL
Amsterdam,Amsterdam_T2,02:00:00:ab:e9:c0,2026-10-05 23:58:03,15.3,52.456592,5.107932,0,Marken,NL
Amsterdam,Amsterdam_T2,02:00:00:58:e6:76,2026-10-05 23:55:13,16.4,52.460474,5.102583,1,Marken,NL
Amsterdam,Amsterdam_T4,02:00:00:29:0c:f2,2026-10-05 23:57:18,16.2,52.227555,5.08386,0,Kortenhoef,NL
Amsterdam,Amsterdam_T4,02:00:00:2c:bd:b2,2026-10-05 23:53:26,15.3,52.2356,5.1103,1,Kortenhoef,NL
Amsterdam,Amsterdam_T4,02:00:00:69:32:9c,2026-10-05 23:51:35,15.1,52.2388220189283,5.10986566543579,0,Kortenhoef,NL
Amsterdam,Amsterdam_T4,02:00:00:04:93:66,2026-10-05 23:51:57,12.9,52.2312,5.1544,18,Hilversum,NL
Amsterdam,Amsterdam_T4,02:00:00:70:52:52,2026-10-05 23:53:15,14.4,52.2312,5.1544,17,Hilversum,NL
Amsterdam,Amsterdam_T4,02:00:00:70:55:58,2026-10-05 23:55:43,15.7,52.2351843,5.1552920000001,12,Hilversum,NL
Amsterdam,Amsterdam_T4,02:00:00:74:75:84,2026-10-05 23:57:22,14.4,52.230074,5.157847,10,Hilversum,NL
Amsterdam,Amsterdam_T4,02:00:00:7a:ef:d6,2026-10-05 23:52:23,16.0,52.2281928,5.17709320000006,4,Hilversum,NL
Amsterdam,Amsterdam_T4,02:00:00:27:6a:5a,2026-10-05 23:54:28,14.8,52.2291696,5.16689740000004,21,Hilversum,NL
Amsterdam,Amsterdam_T4,02:00:00:65:71:1c,2026-10-05 23:56:06,15.8,52.234066,5.179928,8,Hilversum,NL
Amsterdam,Amsterdam_T4,02:00:00:a4:38:20,2026-10-05 23:57:14,16.0,52.2281,5.198,7,Hilversum,NL
Amsterdam,Amsterdam_T4,02:00:00:b2:bd:2c,2026-10-05 23:49:39,15.1,52.225197,5.201846,7,Hilversum,NL
Amsterdam,Amsterdam_T4,02:00:00:a2:46:44,2026-10-05 23:56:19,16.2,52.249326,5.068187,0,Nederhorst den Berg,NL
Amsterdam,Amsterdam_T4,02:00:00:7f:b5:f0,2026-10-05 23:51:42,15.2,52.244442,5.115084,0,Kortenhoef,NL
Amsterdam,Amsterdam_T4,02:00:00:b8:ef:e6,2026-10-05 23:56:20,15.0,52.244014,5.117409,0,Kortenhoef,NL
Amsterdam,Amsterdam_T4,02:00:00:a4:38:70,2026-10-05 23:59:04,13.4,52.250536,5.224434,6,Laren,NL
Amsterdam,Amsterdam_T4,02:00:00:83:7e:f0,2026-10-05 23:52:19,14.2,52.251473,5.219376,10,Laren,NL
Amsterdam,Amsterdam_T4,02:00:00:74:2a:78,2026-10-05 23:58:33,13.8,52.248047,5.251525,0,Eemnes,NL
Amsterdam,Amsterdam_T4,02:00:00:63:24:3c,2026-10-05 23:49:34,14.7,52.249223,5.25385,2,Eemnes,NL
Amsterdam,Amsterdam_T4,02:00:00:73:e8:cc,2026-10-05 23:57:42,13.3,52.248071,5.255225,0,Eemnes,NL
Amsterdam,Amsterdam_T4,02:00:00:02:3e:4c,2026-10-05 23:54:39,14.7,52.26342,5.16939000000001,7,Bussum,NL
Amsterdam,Amsterdam_T4,02:00:00:5f:48:72,2026-10-05 23:54:13,13.4,52.265510559082,5.18823289871216,14,Gooise Meren,NL
Amsterdam,Amsterdam_T4,02:00:00:7f:98:f0,2026-10-05 23:57:48,14.3,52.260707,5.221112,11,Laren,NL
Amsterdam,Amsterdam_T4,02:00:00:1f:80:64,2026-10-05 23:52:45,14.3,52.2607512784917,5.22108647843914,11,Laren,NL
Amsterdam,Amsterdam_T4,02:00:00:53:3c:cc,2026-10-05 23:55:53,14.4,52.260924,5.230403,6,Laren,NL
Amsterdam,Amsterdam_T4,02:00:00:3a:09:c4,2026-10-05 23:53:19,12.4,52.257431,5.233823,4,Laren,NL
Amsterdam,Amsterdam_T4,02:00:00:70:30:6a,2026-10-05 23:52:30,14.7,52.2575399,5.2351154,5,Laren,NL
Amsterdam,Amsterdam_T4,02:00:00:3d:1b:a8,2026-10-05 23:59:45,16.4,52.2585411,5.2542984,1,Eemnes,NL
Amsterdam,Amsterdam_T4,02:00:00:90:d0:a8,2026-10-05 23:49:35,16.3,52.25711,5.25711,0,Eemnes,NL
Amsterdam,Amsterdam_T4,02:00:00:27:78:d4,2026-10-05 23:53:14,15.3,52.270871,5.135441,2,Hilversum,NL
Amsterdam,Amsterdam_T4,02:00:00:2e:9f:24,2026-10-05 23:51:08,15.5,52.268835,5.136366,0,Hilversum,NL
Amsterdam,Amsterdam_T4,02:00:00:65:51:5c,2026-10-05 23:53:10,14.4,52.272394,5.138071,0,Hilversum,NL
Amsterdam,Amsterdam_T4,02:00:00:71:49:c2,2026-10-05 23:54:42,15.3,52.2763932669278,5.16216874122619,4,Bussum,NL
Amsterdam,Amsterdam_T4,02:00:00:5e:fc:ba,2026-10-05 23:58:19,14.5,52.2813847125862,5.1640435942111,2,Bussum,NL
Amsterdam,Amsterdam_T4,02:00:00:84:33:f4,2026-10-05 23:51:24,13.6,52.2753701,5.17229680000004,5,Bussum,NL
Amsterdam,Amsterdam_T4,02:00:00:3a:0f:10,2026-10-05 23:54:57,14.4,52.269676,5.186201,11,Gooise Meren,NL
Amsterdam,Amsterdam_T4,02:00:00:58:6a:7a,2026-10-05 23:52:45,15.9,52.2688686512267,5.19059479236603,14,Bussum,NL
Amsterdam,Amsterdam_T4,02:00:00:01:f6:ce,2026-10-05 23:56:55,18.6,52.275932,5.20711,23,Huizen,NL
Amsterdam,Amsterdam_T4,02:00:00:ab:e1:94,2026-10-05 23:58:49,15.7,52.273692,5.2380480000001,9,Blaricum,NL
Amsterdam,Amsterdam_T4,02:00:00:2e:a7:74,2026-10-05 23:56:45,15.3,52.296135,5.067416,0,Weesp,NL
Amsterdam,Amsterdam_T4,02:00:00:27:2a:1e,2026-10-05 23:52:09,14.9,52.2833510592975,5.10046184062958,0,Weesp,NL
Amsterdam,Amsterdam_T4,02:00:00:63:0e:70,2026-10-05 23:51:04,13.9,52.283004,5.150282,3,Gooise Meren,NL
Amsterdam,Amsterdam_T4,02:00:00:74:34:48,2026-10-05 23:51:48,14.0,52.285847,5.145681,0,Naarden,NL
Amsterdam,Amsterdam_T4,02:00:00:00:e6:96,2026-10-05 23:51:04,14.3,52.2874298064609,5.14652182865052,1,Naarden,NL
Amsterdam,Amsterdam_T4,02:00:00:22:de:fe,2026-10-05 23:52:16,14.5,52.284047,5.1598064,3,Naarden,NL
Amsterdam,Amsterdam_T4,02:00:00:12:c6:f0,2026-10-05 23:57:13,14.2,52.2862021,5.16103320000002,4,Gooise Meren,NL
Amsterdam,Amsterdam_T4,02:00:00:36:e2:9a,2026-10-05 23:57:25,13.8,52.284748,5.165268,0,Naarden,NL
Amsterdam,Amsterdam_T4,02:00:00:bc:aa:94,2026-10-05 23:55:42,15.2,52.285146,5.180716,3,Naarden,NL
Amsterdam,Amsterdam_T4,02:00:00:c3:75:7e,2026-10-05 23:50:16,14.0,52.294065,5.219145,18,Huizen,NL
Amsterdam,Amsterdam_T4,02:00:00:c3:a9:aa,2026-10-05 23:58:40,15.3,52.2941,5.228617,13,Huizen,NL
Amsterdam,Amsterdam_T4,02:00:00:b5:96:2e,2026-10-05 23:53:02,14.4,52.291742,5.231742,6,Huizen,NL
Amsterdam,Amsterdam_T4,02:00:00:c5:83:7c,2026-10-05 23:50:10,12.4,52.287618,5.249953,2,Huizen,NL
Amsterdam,Amsterdam_T4,02:00:00:71:29:4c,2026-10-05 23:50:42,12.6,52.285304,5.258427,4,Blaricum,NL
Amsterdam,Amsterdam_T4,02:00:00:c3:a4:48,2026-10-05 23:55:16,13.5,52.2875773951352,5.25933862877475,5,Huizen,NL
Amsterdam,Amsterdam_T4,02:00:00:27:36:90,2026-10-05 23:51:21,14.8,52.286104,5.261744,5,Blaricum,NL
Amsterdam,Amsterdam_T4,02:00:00:06:8d:38,2026-10-05 23:59:05,12.8,52.28867,5.27809999999999,0,Blaricum,NL
Amsterdam,Amsterdam_T4,02:00:00:ab:e4:78,2026-10-05 23:54:46,13.4,52.2910580615653,5.27538319850199,0,Blaricum,NL
Amsterdam,Amsterdam_T4,02:00:00:00:cc:3c,2026-10-05 23:50:11,15.9,52.292528,5.275142,0,Blaricum,NL
Amsterdam,Amsterdam_T4,02:00:00:69:26:e0,2026-10-05 23:59:33,14.9,52.300014,5.1514287,0,Naarden,NL
Amsterdam,Amsterdam_T4,02:00:00:6b:5f:0c,2026-10-05 23:55:54,15.1,52.300827,5.148435,0,Naarden,NL
Amsterdam,Amsterdam_T4,02:00:00:03:a1:fe,2026-10-05 23:58:39,15.9,52.310783,5.15064599999999,1,Naarden,NL
Amsterdam,Amsterdam_T4,02:00:00:52:e4:b0,2026-10-05 23:57:26,21.0,52.3021774291992,5.18526268005371,5,Gooise Meren,NL
Amsterdam,Amsterdam_T4,02:00:00:27:3e:7a,2026-10-05 23:56:36,14.6,52.297392,5.218971,10,Huizen,NL
Amsterdam,Amsterdam_T4,02:00:00:9c:fc:da,2026-10-05 23:54:05,15.4,52.29853,5.225884,8,Huizen,NL
Amsterdam,Amsterdam_T4,02:00:00:b0:a2:42,2026-10-05 23:51:00,15.5,52.298451,5.231098,8,Huizen,NL
Amsterdam,Amsterdam_T4,02:00:00:b5:14:dc,2026-10-05 23:57:03,15.0,52.300334,5.23821,4,Huizen,NL
Amsterdam,Amsterdam_T4,02:00:00:31:e3:f2,2026-10-05 23:57:32,15.4,52.302524,5.250574,2,Huizen,NL
Amsterdam,Amsterdam_T4,02:00:00:65:61:82,2026-10-05 23:55:59,14.9,52.29902,5.2517557,3,Huizen,NL
Amsterdam,Amsterdam_T4,02:00:00:7a:6b:26,2026-10-05 23:54:02,14.1,52.303754,5.255056,2,Huizen,NL
Amsterdam,Amsterdam_T4,02:00:00:b9:76:06,2026-10-05 23:56:27,14.2,52.2978005718795,5.27923109387971,2,Huizen,NL
Amsterdam,Amsterdam_T4,02:00:00:b5:b2:22,2026-10-05 23:50:44,14.5,52.180305,4.866178,0,Wilnis,NL
Amsterdam,Amsterdam_T4,02:00:00:b9:1f:00,2026-10-05 23:57:47,13.7,52.1843654615619,4.8412770498544,0,Mijdrecht,NL
Amsterdam,Amsterdam_T4,02:00:00:9c:de:20,2026-10-05 23:55:36,14.5,52.1958658,4.86264180000002,0,Mijdrecht,NL
Amsterdam,Amsterdam_T4,02:00:00:5f:44:8a,2026-10-05 23:49:27,13.9,52.1946220397949,4.864089012146,0,De Ronde Venen,NL
Amsterdam,Amsterdam_T4,02:00:00:39:f9:dc,2026-10-05 23:54:55,14.8,52.202356,4.852284,0,Mijdrecht,NL
Amsterdam,Amsterdam_T4,02:00:00:c2:8b:66,2026-10-05 23:51:19,15.5,52.2024134198857,4.86232912167743,0,De Ronde Venen,NL
Amsterdam,Amsterdam_T4,02:00:00:64:f2:e6,2026-10-05 23:50:11,14.7,52.202097,4.867608,0,Mijdrecht,NL
Amsterdam,Amsterdam_T4,02:00:00:36:9e:aa,2026-10-05 23:58:07,13.4,52.1987979923771,4.88789952274533,0,De Ronde Venen,NL
Amsterdam,Amsterdam_T4,02:00:00:c3:8b:28,2026-10-05 23:50:09,14.3,52.204623,4.888187,0,Wilnis,NL
Amsterdam,Amsterdam_T4,02:00:00:c5:42:aa,2026-10-05 23:51:31,14.8,52.2054895,4.89128179999998,0,Wilnis,NL
Amsterdam,Amsterdam_T4,02:00:00:59:08:9a,2026-10-05 23:56:54,16.7,52.206286,4.920018,0,Vinkeveen,NL
Amsterdam,Amsterdam_T4,02:00:00:05:ef:2e,2026-10-05 23:58:30,15.7,52.212317,4.861425,0,De Ronde Venen,NL
Amsterdam,Amsterdam_T4,02:00:00:bd:eb:2a,2026-10-05 23:55:40,14.5,52.2142662937636,4.86259564698173,0,De Ronde Venen,NL
Amsterdam,Amsterdam_T4,02:00:00:c3:91:d0,2026-10-05 23:53:06,14.7,52.236612,4.807596,0,Uithoorn,NL
Amsterdam,Amsterdam_T4,02:00:00:7f:d0:c6,2026-10-05 23:50:53,14.5,52.234147,4.812691,0,Uithoorn,NL
Amsterdam,Amsterdam_T4,02:00:00:a4:24:e0,2026-10-05 23:59:06,16.3,52.238764,4.819495,0,Uithoorn,NL
Amsterdam,Amsterdam_T4,02:00:00:2d:08:dc,2026-10-05 23:58:33,14.4,52.232,4.8319,0,Amstelhoek,NL
Amsterdam,Amsterdam_T4,02:00:00:13:79:76,2026-10-05 23:51:08,12.8,52.233425,4.833803,4,Uithoorn,NL
Amsterdam,Amsterdam_T4,02:00:00:9c:dd:36,2026-10-05 23:50:51,15.5,52.237927,4.829257,0,Uithoorn,NL
Amsterdam,Amsterdam_T4,02:00:00:c2:87:00,2026-10-05 23:53:51,15.2,52.238525,4.967143,0,Vinkeveen,NL
Amsterdam,Amsterdam_T4,02:00:00:32:c6:08,2026-10-05 23:54:22,15.1,52.2411689758301,4.79375600814819,0,Uithoorn,NL
Amsterdam,Amsterdam_T4,02:00:00:58:75:48,2026-10-05 23:57:35,14.6,52.249742,4.801575,0,Uithoorn,NL
Amsterdam,Amsterdam_T4,02:00:00:c2:3d:10,2026-10-05 23:51:40,14.5,52.2475852966309,4.80956983566284,0,Uithoorn,NL
Amsterdam,Amsterdam_T4,02:00:00:74:4d:d2,2026-10-05 23:59:05,15.4,52.252629,4.81731699999996,0,Uithoorn,NL
Amsterdam,Amsterdam_T4,02:00:00:52:ea:00,2026-10-05 23:53:50,15.0,52.2513635184711,4.82396519849737,0,Uithoorn,NL
Amsterdam,Amsterdam_T4,02:00:00:af:23:1a,2026-10-05 23:49:58,16.5,52.24463,4.83123,0,Uithoorn,NL
Amsterdam,Amsterdam_T4,02:00:00:a9:69:f8,2026-10-05 23:50:05,15.3,52.249231,4.963806,0,Vinkeveen,NL
Amsterdam,Amsterdam_T4,02:00:00:90:96:08,2026-10-05 23:50:54,14.8,52.25234,4.956786,0,Vinkeveen,NL
Amsterdam,Amsterdam_T4,02:00:00:a4:6b:32,2026-10-05 23:54:24,15.5,52.25339,4.959288,0,Vinkeveen,NL
Amsterdam,Amsterdam_T4,02:00:00:65:62:cc,2026-10-05 23:56:50,17.4,52.23966,4.972592,0,Vinkeveen,NL
Amsterdam,Amsterdam_T4,02:00:00:a4:37:4a,2026-10-05 23:55:41,14.1,52.2536454,5.04736049999997,0,Nederhorst den Berg,NL
Amsterdam,Amsterdam_T4,02:00:00:b8:ea:a2,2026-10-05 23:54:45,16.7,52.2659683227539,4.97129917144775,0,Abcoude,NL
Amsterdam,Amsterdam_T4,02:00:00:29:47:02,2026-10-05 23:59:22,15.6,52.2751,4.7914,0,Aalsmeer,NL
Amsterdam,Amsterdam_T4,02:00:00:5e:d5:82,2026-10-05 23:59:24,17.0,52.2759595,4.7924495,0,Aalsmeer,NL
Amsterdam,Amsterdam_T4,02:00:00:52:f7:46,2026-10-05 23:51:34,15.2,52.279845,4.799226,0,Aalsmeer,NL
Amsterdam,Amsterdam_T4,02:00:00:af:5c:a8,2026-10-05 23:59:10,15.0,52.279588,4.807665,0,Aalsmeer,NL
Amsterdam,Amsterdam_T4,02:00:00:58:c4:5a,2026-10-05 23:52:40,14.1,52.27291,4.8268547,0,Amstelveen,NL
Amsterdam,Amsterdam_T4,02:00:00:a9:b5:5c,2026-10-05 23:53:00,15.9,52.279322,4.819633,0,Amstelveen,NL
Amsterdam,Amsterdam_T4,02:00:00:b5:b6:fe,2026-10-05 23:54:05,15.0,52.2803576108898,4.83137900000014,0,Amstelveen,NL
Amsterdam,Amsterdam_T4,02:00:00:a9:e0:be,2026-10-05 23:55:49,13.2,52.276607,4.835382,0,Amstelveen,NL
Amsterdam,Amsterdam_T4,02:00:00:2b:50:5e,2026-10-05 23:56:30,14.2,52.2791747,4.84435499999995,0,Amstelveen,NL
Amsterdam,Amsterdam_T4,02:00:00:64:38:08,2026-10-05 23:55:49,15.2,52.277126,4.855131,0,Amstelveen,NL
Amsterdam,Amsterdam_T4,02:00:00:b5:20:34,2026-10-05 23:56:25,16.4,52.270742,4.881992,0,Ouderkerk aan de Amstel,NL
Amsterdam,Amsterdam_T4,02:00:00:2e:c1:6c,2026-10-05 23:57:29,15.1,52.271179,4.963509,0,Abcoude,NL
Amsterdam,Amsterdam_T4,02:00:00:2a:d6:7a,2026-10-05 23:51:02,16.0,52.2696126098744,4.96684000945569,0,De Ronde Venen,NL
Amsterdam,Amsterdam_T4,02:00:00:c3:94:ca,2026-10-05 23:51:42,14.4,52.275266,5.048392,0,Nederhorst den Berg,NL
Amsterdam,Amsterdam_T4,02:00:00:28:78:00,2026-10-05 23:49:53,17.2,52.284613,4.828821,0,Amstelveen,NL
Amsterdam,Amsterdam_T4,02:00:00:52:c6:8a,2026-10-05 23:57:51,14.7,52.290750006649,4.8284928930409,0,Amstelveen,NL
Amsterdam,Amsterdam_T4,02:00:00:bd:f9:58,2026-10-05 23:53:26,15.1,52.283669,4.847141,0,Amstelveen,NL
Amsterdam,Amsterdam_T4,02:00:00:1d:e4:b2,2026-10-05 23:54:17,16.4,52.2832132669251,4.85250011221136,0,Amstelveen,NL
Amsterdam,Amsterdam_T4,02:00:00:05:82:46,2026-10-05 23:58:44,13.6,52.2844,4.8662,0,Amstelveen,NL
Amsterdam,Amsterdam_T4,02:00:00:b5:0c:6c,2026-10-05 23:58:51,15.6,52.29291,4.862722,0,Amstelveen,NL
Amsterdam,Amsterdam_T4,02:00:00:01:9c:20,2026-10-05 23:50:59,14.5,52.290428,4.906343,4,Ouder-Amstel,NL
Amsterdam,Amsterdam_T4,02:00:00:58:bb:aa,2026-10-05 23:50:57,14.5,52.291399,4.906819,0,Ouder-Amstel,NL
Amsterdam,Amsterdam_T4,02:00:00:bd:fa:d8,2026-10-05 23:55:42,14.5,52.2940673828125,4.90632486343384,0,Ouder-Amstel,NL
Amsterdam,Amsterdam_T4,02:00:00:bd:bf:ee,2026-10-05 23:55:22,14.3,52.293971,4.969643,0,Amsterdam,NL
Amsterdam,Amsterdam_T4,02:00:00:a9:e1:5c,2026-10-05 23:58:22,12.9,52.2913856506348,4.98309993743896,0,Amsterdam,NL
Amsterdam,Amsterdam_T4,02:00:00:70:5c:6e,2026-10-05 23:51:46,14.1,52.295512,4.99334,1,Amsterdam,NL
Amsterdam,Amsterdam_T4,02:00:00:84:4f:60,2026-10-05 23:52:18,14.1,52.308615,4.846179,0,Amstelveen,NL
Amsterdam,Amsterdam_T4,02:00:00:63:12:64,2026-10-05 23:51:16,14.8,52.3035226248921,4.85305577851774,0,Amstelveen,NL
Amsterdam,Amsterdam_T4,02:00:00:00:c8:ee,2026-10-05 23:54:46,15.1,52.3100964,4.85365419999994,0,Amstelveen,NL
Amsterdam,Amsterdam_T4,02:00:00:b2:bb:b6,2026-10-05 23:52:42,16.0,52.3053878161142,4.85834112407841,0,Amstelveen,NL
Amsterdam,Amsterdam_T4,02:00:00:31:b5:52,2026-10-05 23:57:51,18.5,52.3018417358398,4.87595748901367,0,Amstelveen,NL
Amsterdam,Amsterdam_T4,02:00:00:2b:42:8e,2026-10-05 23:54:13,14.2,52.2987889273546,4.90443549467524,0,Ouderkerk aan de Amstel,NL
Amsterdam,Amsterdam_T4,02:00:00:01:3d:1e,2026-10-05 23:59:04,16.0,52.3109,4.9453,2,Amsterdam,NL
Amsterdam,Amsterdam_T4,02:00:00:53:58:44,2026-10-05 23:53:30,15.9,52.30087,4.959429,0,Amsterdam,NL
Amsterdam,Amsterdam_T4,02:00:00:63:1b:64,2026-10-05 23:56:07,15.8,52.303522,4.968488,0,Amsterdam,NL
Amsterdam,Amsterdam_T4,02:00:00:bd:d6:82,2026-10-05 23:52:19,15.7,52.2994499206543,4.97056102752686,0,Amsterdam,NL
Amsterdam,Amsterdam_T4,02:00:00:3b:fd:5e,2026-10-05 23:50:40,15.5,52.306607,5.037148,5,Weesp,NL
Amsterdam,Amsterdam_T4,02:00:00:90:bd:86,2026-10-05 23:55:36,13.7,52.305363,5.039419,5,Weesp,NL
Amsterdam,Amsterdam_T4,02:00:00:b5:73:e8,2026-10-05 23:50:14,13.9,52.301728,5.041241,0,Weesp,NL
Amsterdam,Amsterdam_T4,02:00:00:c3:de:1c,2026-10-05 23:53:12,14.4,52.3050727844238,5.04161167144775,2,Weesp,NL
