city_area,tile_id,device_id,timestamp_amsterdam,temperature_c,latitude,longitude,altitude_m,location_name,country
Utrecht,Utrecht_T1,02:00:00:a9:7a:0e,2026-08-15 04:29:02,19.7,52.140232,5.0987544,0,Tienhoven,NL
Utrecht,Utrecht_T1,02:00:00:37:12:66,2026-08-15 04:26:02,20.3,52.179145,5.068822,0,Breukeleveen,NL
Utrecht,Utrecht_T1,02:00:00:02:f6:0e,2026-08-15 04:24:48,21.3,52.197652,5.132777,2,Loosdrecht,NL
Utrecht,Utrecht_T1,02:00:00:b0:a9:90,2026-08-15 04:22:39,21.1,52.200455,5.136932,3,Loosdrecht,NL
Utrecht,Utrecht_T1,02:00:00:01:ad:e6,2026-08-15 04:20:11,21.6,52.2024453567653,5.13724302708387,4,Loosdrecht,NL
Utrecht,Utrecht_T1,02:00:00:5f:5a:3c,2026-08-15 04:25:47,22.1,52.203813,5.065594,0,Wijdemeren,NL
Utrecht,Utrecht_T1,02:00:00:64:1b:94,2026-08-15 04:23:04,19.9,52.20692,5.09326999999999,1,Loosdrecht,NL
Utrecht,Utrecht_T1,02:00:00:7a:8e:26,2026-08-15 04:20:49,19.0,52.205303,5.096588,0,Loosdrecht,NL
Utrecht,Utrecht_T1,02:00:00:00:10:50,2026-08-15 04:24:30,21.1,52.2050161837691,5.12837827205658,3,Loosdrecht,NL
Utrecht,Utrecht_T1,02:00:00:7b:01:10,2026-08-15 04:27:23,20.5,52.205692,5.131749,1,Loosdrecht,NL
Utrecht,Utrecht_T1,02:00:00:b9:7b:2e,2026-08-15 04:25:56,21.8,52.204017,5.140781,2,Loosdrecht,NL
Utrecht,Utrecht_T1,02:00:00:3c:ed:a2,2026-08-15 04:26:53,21.3,52.204017,5.140781,2,Loosdrecht,NL
Utrecht,Utrecht_T1,02:00:00:bd:fd:a6,2026-08-15 04:24:36,22.5,52.2087615,5.16269899999998,13,Hilversum,NL
Utrecht,Utrecht_T1,02:00:00:b5:4f:02,2026-08-15 04:28:43,20.0,52.2167510750697,5.15140235424042,4,Hilversum,NL
Utrecht,Utrecht_T1,02:00:00:c3:82:e2,2026-08-15 04:27:12,21.7,52.212936,5.157038,6,Hilversum,NL
Utrecht,Utrecht_T1,02:00:00:01:3a:f2,2026-08-15 04:20:57,21.2,52.2149722583813,5.16004279666198,7,Hilversum,NL
Utrecht,Utrecht_T1,02:00:00:7a:7b:b6,2026-08-15 04:21:34,21.0,52.216152,5.1599503,9,Hilversum,NL
Utrecht,Utrecht_T1,02:00:00:27:9d:5e,2026-08-15 04:26:31,22.8,52.2139047447403,5.17507553100586,15,Hilversum,NL
Utrecht,Utrecht_T1,02:00:00:2c:c0:f8,2026-08-15 04:24:50,22.4,52.215289,5.191587,6,Hilversum,NL
Utrecht,Utrecht_T1,02:00:00:a9:99:4e,2026-08-15 04:25:12,22.1,52.217244,5.19999860000001,6,Hilversum,NL
Utrecht,Utrecht_T1,02:00:00:53:5a:42,2026-08-15 04:24:05,23.8,52.218062,5.125525,1,Hilversum,NL
Utrecht,Utrecht_T1,02:00:00:32:e1:fc,2026-08-15 04:27:11,22.1,52.21986,5.138679,0,Hilversum,NL
Utrecht,Utrecht_T1,02:00:00:9c:fe:ea,2026-08-15 04:28:32,21.6,52.221093,5.142468,4,Hilversum,NL
Utrecht,Utrecht_T1,02:00:00:7f:c0:96,2026-08-15 04:27:31,24.1,52.22016524,5.18491051,8,Hilversum,NL
Utrecht,Utrecht_T1,02:00:00:64:32:10,2026-08-15 04:27:26,24.1,52.223183,5.198284,5,Hilversum,NL
Utrecht,Utrecht_T1,02:00:00:9b:49:56,2026-08-15 04:21:10,22.4,52.0555172581761,5.07246375001336,1,Nieuwegein,NL
Utrecht,Utrecht_T1,02:00:00:a9:c0:b8,2026-08-15 04:20:51,22.1,52.058835,5.135174,4,Utrecht,NL
Utrecht,Utrecht_T1,02:00:00:bd:cd:b0,2026-08-15 04:27:36,21.8,52.061641,5.128472,3,Utrecht,NL
Utrecht,Utrecht_T1,02:00:00:3e:ec:de,2026-08-15 04:23:08,22.4,52.0628885050208,5.13711911594507,4,Utrecht,NL
Utrecht,Utrecht_T1,02:00:00:28:ec:80,2026-08-15 04:20:36,19.9,52.065526,5.200063,5,Bunnik,NL
Utrecht,Utrecht_T1,02:00:00:63:34:44,2026-08-15 04:22:32,21.0,52.0706,5.0769,0,Utrecht,NL
Utrecht,Utrecht_T1,02:00:00:02:f3:b2,2026-08-15 04:26:52,21.7,52.0684013366699,5.10129976272583,4,Utrecht,NL
Utrecht,Utrecht_T1,02:00:00:02:26:50,2026-08-15 04:27:26,21.0,52.0673127854311,5.1019960641861,3,Utrecht,NL
Utrecht,Utrecht_T1,02:00:00:29:08:ec,2026-08-15 04:28:41,21.3,52.072575,5.120578,2,Utrecht,NL
Utrecht,Utrecht_T1,02:00:00:b5:00:ce,2026-08-15 04:23:22,21.1,52.069854,5.12234250000003,4,Utrecht,NL
Utrecht,Utrecht_T1,02:00:00:a9:6f:5c,2026-08-15 04:23:08,21.9,52.073802947998,5.12334251403809,5,Utrecht,NL
Utrecht,Utrecht_T1,02:00:00:1e:2a:90,2026-08-15 04:21:19,21.9,52.070201,5.125238,4,Utrecht,NL
Utrecht,Utrecht_T1,02:00:00:65:70:6e,2026-08-15 04:25:35,20.1,52.069762,5.187772,3,Bunnik,NL
Utrecht,Utrecht_T1,02:00:00:12:41:90,2026-08-15 04:20:34,23.9,52.079908,5.110408,3,Utrecht,NL
Utrecht,Utrecht_T1,02:00:00:00:ec:e0,2026-08-15 04:21:27,22.9,52.0783359526579,5.11196332515445,6,Utrecht,NL
Utrecht,Utrecht_T1,02:00:00:a9:6f:60,2026-08-15 04:20:05,23.4,52.079962,5.114904,2,Utrecht,NL
Utrecht,Utrecht_T1,02:00:00:2f:04:02,2026-08-15 04:26:43,21.4,52.08055,5.122316,6,Utrecht,NL
Utrecht,Utrecht_T1,02:00:00:9c:fc:b4,2026-08-15 04:21:31,20.9,52.0790023803711,5.13050746917725,2,Utrecht,NL
Utrecht,Utrecht_T1,02:00:00:90:79:e6,2026-08-15 04:27:00,22.8,52.07892,5.14051000000002,4,Utrecht,NL
Utrecht,Utrecht_T1,02:00:00:53:25:54,2026-08-15 04:27:38,21.1,52.081985,5.087011,2,Utrecht,NL
Utrecht,Utrecht_T1,02:00:00:2f:06:e0,2026-08-15 04:29:03,20.3,52.085492,5.089611,4,Utrecht,NL
Utrecht,Utrecht_T1,02:00:00:01:04:a2,2026-08-15 04:20:20,20.5,52.086276,5.08958300000004,8,Utrecht,NL
Utrecht,Utrecht_T1,02:00:00:5f:20:4a,2026-08-15 04:21:55,21.3,52.0821,5.108,1,Utrecht,NL
Utrecht,Utrecht_T1,02:00:00:b5:08:94,2026-08-15 04:23:43,21.4,52.0842805951218,5.12355080298444,8,Utrecht,NL
Utrecht,Utrecht_T1,02:00:00:a2:3c:08,2026-08-15 04:23:29,21.3,52.081358764963,5.13511598110199,2,Utrecht,NL
Utrecht,Utrecht_T1,02:00:00:52:de:e4,2026-08-15 04:20:10,22.1,52.08746,5.132928,3,Utrecht,NL
Utrecht,Utrecht_T1,02:00:00:63:37:c0,2026-08-15 04:26:42,23.0,52.0846376741441,5.14990675244556,4,Utrecht,NL
Utrecht,Utrecht_T1,02:00:00:84:9e:e4,2026-08-15 04:22:45,22.2,52.085608,5.153452,1,Utrecht,NL
Utrecht,Utrecht_T1,02:00:00:5e:f9:3e,2026-08-15 04:21:39,22.2,52.095,5.06790999999997,2,Utrecht,NL
Utrecht,Utrecht_T1,02:00:00:9d:1a:0e,2026-08-15 04:25:18,21.6,52.09533,5.073208,0,Utrecht,NL
Utrecht,Utrecht_T1,02:00:00:b5:8a:96,2026-08-15 04:27:59,21.1,52.0890953545022,5.07631123065949,1,Utrecht,NL
Utrecht,Utrecht_T1,02:00:00:70:58:26,2026-08-15 04:24:12,20.9,52.093772,5.087235,3,Utrecht,NL
Utrecht,Utrecht_T1,02:00:00:b5:3c:02,2026-08-15 04:19:43,21.0,52.0945,5.09406000000001,4,Utrecht,NL
Utrecht,Utrecht_T1,02:00:00:7a:ee:e8,2026-08-15 04:21:07,21.5,52.094554901123,5.10336303710938,4,Utrecht,NL
Utrecht,Utrecht_T1,02:00:00:3c:db:f4,2026-08-15 04:25:09,22.8,52.092422,5.120636,12,Utrecht,NL
Utrecht,Utrecht_T1,02:00:00:bd:cf:26,2026-08-15 04:19:49,21.5,52.0907374,5.12142010000002,18,Utrecht,NL
Utrecht,Utrecht_T1,02:00:00:27:49:d0,2026-08-15 04:28:32,21.3,52.091476,5.122634,10,Utrecht,NL
Utrecht,Utrecht_T1,02:00:00:3a:0b:64,2026-08-15 04:27:28,21.7,52.093664,5.130905,4,Utrecht,NL
Utrecht,Utrecht_T1,02:00:00:5f:20:04,2026-08-15 04:23:56,20.8,52.0938845651776,5.13856323934985,6,Utrecht,NL
Utrecht,Utrecht_T1,02:00:00:7a:71:9a,2026-08-15 04:21:44,21.7,52.096183,5.065176,1,Utrecht,NL
Utrecht,Utrecht_T1,02:00:00:c3:a6:ae,2026-08-15 04:29:50,21.9,52.0966653034839,5.07333587462335,0,Utrecht,NL
Utrecht,Utrecht_T1,02:00:00:bd:c5:ea,2026-08-15 04:26:34,21.9,52.1026685527433,5.09375521405393,1,Utrecht,NL
Utrecht,Utrecht_T1,02:00:00:52:d7:a4,2026-08-15 04:21:51,20.7,52.101415,5.10791,5,Utrecht,NL
Utrecht,Utrecht_T1,02:00:00:28:df:e8,2026-08-15 04:26:16,20.7,52.09981,5.11318999999998,4,Utrecht,NL
Utrecht,Utrecht_T1,02:00:00:b5:97:f6,2026-08-15 04:22:36,21.6,52.100982,5.113231,4,Utrecht,NL
Utrecht,Utrecht_T1,02:00:00:74:7c:d8,2026-08-15 04:28:19,21.0,52.101892,5.11485,3,Utrecht,NL
Utrecht,Utrecht_T1,02:00:00:3c:f5:5e,2026-08-15 04:25:31,20.5,52.095871,5.131864,3,Utrecht,NL
Utrecht,Utrecht_T1,02:00:00:84:71:14,2026-08-15 04:20:19,20.8,52.09809,5.1227045,4,Utrecht,NL
Utrecht,Utrecht_T1,02:00:00:b4:ee:1a,2026-08-15 04:25:43,20.8,52.099659,5.124221,4,Utrecht,NL
Utrecht,Utrecht_T1,02:00:00:29:5e:d2,2026-08-15 04:28:05,19.8,52.097858,5.137552,1,Utrecht,NL
Utrecht,Utrecht_T1,02:00:00:28:cf:22,2026-08-15 04:26:18,20.1,52.107056,5.121125,2,Utrecht,NL
Utrecht,Utrecht_T1,02:00:00:9c:e4:3c,2026-08-15 04:28:31,20.4,52.103779,5.12255,4,Utrecht,NL
Utrecht,Utrecht_T1,02:00:00:ab:f3:a4,2026-08-15 04:29:30,19.8,52.110018,5.128991,2,Utrecht,NL
Utrecht,Utrecht_T1,02:00:00:b5:0b:b6,2026-08-15 04:29:58,19.6,52.1083564758301,5.13924789428711,2,Utrecht,NL
Utrecht,Utrecht_T1,02:00:00:7f:c5:ac,2026-08-15 04:28:52,19.9,52.106043,5.143182,5,Utrecht,NL
Utrecht,Utrecht_T1,02:00:00:58:d2:58,2026-08-15 04:28:32,20.0,52.104095,5.144752,0,Utrecht,NL
Utrecht,Utrecht_T1,02:00:00:14:60:ec,2026-08-15 04:21:56,22.2,52.106249,5.171551,3,De Bilt,NL
Utrecht,Utrecht_T1,02:00:00:a2:02:8a,2026-08-15 04:28:24,21.7,52.106261,5.177714,5,De Bilt,NL
Utrecht,Utrecht_T1,02:00:00:a2:38:90,2026-08-15 04:22:56,24.5,52.107,5.1878,6,De Bilt,NL
Utrecht,Utrecht_T1,02:00:00:a9:a9:ac,2026-08-15 04:26:04,21.2,52.11504,5.11446000000007,4,Utrecht,NL
Utrecht,Utrecht_T1,02:00:00:33:fc:c2,2026-08-15 04:21:39,20.2,52.112909,5.143128,1,Utrecht,NL
Utrecht,Utrecht_T1,02:00:00:3d:0c:b8,2026-08-15 04:29:36,21.9,52.1120604,5.1477574,2,Utrecht,NL
Utrecht,Utrecht_T1,02:00:00:a2:28:d4,2026-08-15 04:22:45,21.2,52.11298,5.176283,3,De Bilt,NL
Utrecht,Utrecht_T1,02:00:00:74:4f:c6,2026-08-15 04:20:58,20.8,52.114273,5.1778874,5,De Bilt,NL
Utrecht,Utrecht_T1,02:00:00:37:16:9a,2026-08-15 04:26:48,22.8,52.1209042,5.0716415,1,Utrecht,NL
Utrecht,Utrecht_T1,02:00:00:6b:8c:a6,2026-08-15 04:19:15,21.0,52.121922,5.09350500000013,2,Utrecht,NL
Utrecht,Utrecht_T1,02:00:00:9d:2a:ee,2026-08-15 04:28:05,21.1,52.1226012257881,5.09323120411752,2,Utrecht,NL
Utrecht,Utrecht_T1,02:00:00:af:6f:c0,2026-08-15 04:28:40,22.5,52.1203433,5.1160012,4,Utrecht,NL
Utrecht,Utrecht_T1,02:00:00:63:2e:78,2026-08-15 04:25:21,20.7,52.124311,5.149015,3,Groenekan,NL
Utrecht,Utrecht_T1,02:00:00:74:0c:be,2026-08-15 04:21:31,19.8,52.118581,5.18077,3,Bilthoven,NL
Utrecht,Utrecht_T1,02:00:00:2e:bd:ce,2026-08-15 04:25:19,20.9,52.122233,5.200776,10,Bilthoven,NL
Utrecht,Utrecht_T1,02:00:00:a4:87:ec,2026-08-15 04:21:43,20.0,52.1316666043838,5.09194861301635,0,Utrecht,NL
Utrecht,Utrecht_T1,02:00:00:7f:b2:0e,2026-08-15 04:28:26,20.0,52.127119,5.100939,4,Utrecht,NL
Utrecht,Utrecht_T1,02:00:00:b5:6e:3a,2026-08-15 04:25:00,19.1,52.124991,5.158267,4,De Bilt,NL
Utrecht,Utrecht_T1,02:00:00:a2:45:c2,2026-08-15 04:21:20,18.6,52.130604,5.188466,5,Bilthoven,NL
Utrecht,Utrecht_T1,02:00:00:b5:a7:2c,2026-08-15 04:20:02,19.7,52.12492,5.1931024,5,Bilthoven,NL
Utrecht,Utrecht_T1,02:00:00:33:2d:6a,2026-08-15 04:28:05,20.2,52.1263389,5.1944393,6,De Bilt,NL
Utrecht,Utrecht_T1,02:00:00:36:a3:68,2026-08-15 04:26:31,20.1,52.12822,5.20124999999999,8,Bilthoven,NL
Utrecht,Utrecht_T1,02:00:00:7a:ff:64,2026-08-15 04:21:15,19.1,52.132211,5.197475,3,Bilthoven,NL
Utrecht,Utrecht_T1,02:00:00:2c:9c:48,2026-08-15 04:26:48,23.2,52.140412,5.009436,0,Stichtse Vecht,NL
Utrecht,Utrecht_T1,02:00:00:01:50:b6,2026-08-15 04:29:07,21.4,52.1411799412661,5.01502234507166,0,Maarssen,NL
Utrecht,Utrecht_T1,02:00:00:9c:f9:4a,2026-08-15 04:25:09,21.9,52.1400375366211,5.04170799255371,2,Maarssen,NL
Utrecht,Utrecht_T1,02:00:00:04:6a:e8,2026-08-15 04:28:59,20.8,52.140233,5.042324,2,Stichtse Vecht,NL
Utrecht,Utrecht_T1,02:00:00:00:f7:a2,2026-08-15 04:24:11,22.0,52.1404276175265,5.04727728441715,2,Stichtse Vecht,NL
Utrecht,Utrecht_T1,02:00:00:2c:b8:78,2026-08-15 04:25:07,22.1,52.1517178597221,4.94924400000001,0,Kockengen,NL
Utrecht,Utrecht_T1,02:00:00:9d:25:4e,2026-08-15 04:24:38,20.5,52.15058,4.95477000000003,0,Kockengen,NL
Utrecht,Utrecht_T1,02:00:00:a4:59:54,2026-08-15 04:20:56,20.6,52.1487083,5.03985960000006,0,Maarssen,NL
Utrecht,Utrecht_T1,02:00:00:27:6f:7e,2026-08-15 04:26:26,21.2,52.150683,5.039803,0,Stichtse Vecht,NL
Utrecht,Utrecht_T1,02:00:00:9b:60:ca,2026-08-15 04:19:30,19.8,52.1661071777344,4.99944877624512,0,Stichtse Vecht,NL
Utrecht,Utrecht_T1,02:00:00:31:b2:30,2026-08-15 04:24:53,20.7,52.179563,5.020723,0,Breukelen,NL
Utrecht,Utrecht_T1,02:00:00:9b:59:44,2026-08-15 04:25:54,21.5,52.175474,5.027806,0,Breukelen,NL
Utrecht,Utrecht_T1,02:00:00:3f:28:4e,2026-08-15 04:29:06,21.1,52.1885295082791,4.98983681201935,0,Nieuwer Ter Aa,NL
Utrecht,Utrecht_T1,02:00:00:37:28:66,2026-08-15 04:20:20,21.2,52.208307,4.923314,0,Vinkeveen,NL
Utrecht,Utrecht_T1,02:00:00:1f:7e:84,2026-08-15 04:27:59,21.3,52.208085,5.015193,0,Loenen aan de Vecht,NL
Utrecht,Utrecht_T1,02:00:00:5e:f1:70,2026-08-15 04:25:06,20.0,52.209506,5.015637,0,Loenen aan de Vecht,NL
Utrecht,Utrecht_T1,02:00:00:bc:d2:3a,2026-08-15 04:21:09,19.7,52.2071006719862,5.01808721691921,0,Loenen aan de Vecht,NL
Utrecht,Utrecht_T1,02:00:00:70:39:30,2026-08-15 04:22:44,19.5,52.2132735899086,4.92226205035142,0,Vinkeveen,NL
Utrecht,Utrecht_T1,02:00:00:14:48:30,2026-08-15 04:27:30,22.0,52.214024,5.026552,0,Loenen aan de Vecht,NL
Utrecht,Utrecht_T1,02:00:00:2b:23:dc,2026-08-15 04:29:25,19.5,52.052497,4.955131,1,Montfoort,NL
Utrecht,Utrecht_T1,02:00:00:c2:4e:14,2026-08-15 04:26:41,21.8,52.080025,5.00642199999999,0,Utrecht,NL
Utrecht,Utrecht_T1,02:00:00:c2:8a:9a,2026-08-15 04:23:31,20.9,52.078398,5.01515069999999,0,Utrecht,NL
Utrecht,Utrecht_T1,02:00:00:27:5f:76,2026-08-15 04:22:36,20.5,52.077418,5.020574,0,Utrecht,NL
Utrecht,Utrecht_T1,02:00:00:29:3e:f6,2026-08-15 04:28:50,21.1,52.078198,5.020616,0,Utrecht,NL
Utrecht,Utrecht_T1,02:00:00:b5:b7:16,2026-08-15 04:28:54,21.0,52.0759,5.026621,0,Utrecht,NL
Utrecht,Utrecht_T1,02:00:00:a4:3e:00,2026-08-15 04:27:33,21.4,52.0758920140845,5.0307848067002,0,Utrecht,NL
Utrecht,Utrecht_T1,02:00:00:2b:5f:7e,2026-08-15 04:22:30,20.3,52.079872,5.030363,1,Utrecht,NL
Utrecht,Utrecht_T1,02:00:00:c3:8d:fe,2026-08-15 04:21:09,23.1,52.0775,5.0599,0,Utrecht,NL
Utrecht,Utrecht_T1,02:00:00:32:e1:b0,2026-08-15 04:28:46,20.8,52.085795,5.014428,0,Utrecht,NL
Utrecht,Utrecht_T1,02:00:00:63:4a:60,2026-08-15 04:24:24,21.5,52.08632,5.026208,1,Utrecht,NL
Utrecht,Utrecht_T1,02:00:00:a4:6c:14,2026-08-15 04:28:00,21.0,52.082503,5.035357,2,Utrecht,NL
Utrecht,Utrecht_T1,02:00:00:6b:9b:c2,2026-08-15 04:21:48,21.5,52.08745,5.03213,1,Utrecht,NL
Utrecht,Utrecht_T1,02:00:00:84:0d:58,2026-08-15 04:22:22,21.6,52.083796,5.042289,0,Utrecht,NL
Utrecht,Utrecht_T1,02:00:00:1c:75:b0,2026-08-15 04:28:01,22.0,52.083493,5.0442,1,Utrecht,NL
Utrecht,Utrecht_T1,02:00:00:a9:91:b2,2026-08-15 04:22:06,21.0,52.0840520546178,5.0466138124466,0,Utrecht,NL
Utrecht,Utrecht_T1,02:00:00:84:4c:be,2026-08-15 04:23:10,21.4,52.085796,5.05175,2,Utrecht,NL
Utrecht,Utrecht_T1,02:00:00:63:1e:24,2026-08-15 04:20:10,22.3,52.0841807,5.0583297,1,Utrecht,NL
Utrecht,Utrecht_T1,02:00:00:a2:64:3a,2026-08-15 04:25:14,21.3,52.08912,4.955397,1,Woerden,NL
Utrecht,Utrecht_T1,02:00:00:04:6b:b2,2026-08-15 04:20:47,21.1,52.0890216,4.95978960000002,2,Woerden,NL
Utrecht,Utrecht_T1,02:00:00:27:67:9e,2026-08-15 04:21:15,20.7,52.0939775908876,4.95844790679508,1,Woerden,NL
Utrecht,Utrecht_T1,02:00:00:7f:a0:a8,2026-08-15 04:28:54,20.6,52.0889488341052,4.96163483170568,0,Woerden,NL
Utrecht,Utrecht_T1,02:00:00:1c:5a:c4,2026-08-15 04:20:52,21.4,52.091265,4.999434,0,Utrecht,NL
Utrecht,Utrecht_T1,02:00:00:b2:b3:4e,2026-08-15 04:27:19,21.7,52.094791,5.001589,0,Utrecht,NL
Utrecht,Utrecht_T1,02:00:00:83:ba:de,2026-08-15 04:27:23,21.1,52.092913,5.013408,0,Utrecht,NL
Utrecht,Utrecht_T1,02:00:00:01:14:58,2026-08-15 04:26:22,20.9,52.089916,5.01991400000001,0,Utrecht,NL
Utrecht,Utrecht_T1,02:00:00:90:90:7e,2026-08-15 04:24:51,21.1,52.09193,5.016591,0,Utrecht,NL
Utrecht,Utrecht_T1,02:00:00:34:05:ae,2026-08-15 04:28:11,21.9,52.091745,5.01907,1,Utrecht,NL
Utrecht,Utrecht_T1,02:00:00:c2:47:80,2026-08-15 04:19:37,21.6,52.0893016,5.03434910000001,0,Utrecht,NL
Utrecht,Utrecht_T1,02:00:00:64:2b:54,2026-08-15 04:19:53,21.6,52.0939815413722,5.04236700868549,0,Utrecht,NL
Utrecht,Utrecht_T1,02:00:00:2b:42:7a,2026-08-15 04:24:10,20.5,52.0941,5.0504,2,Utrecht,NL
Utrecht,Utrecht_T1,02:00:00:84:a8:4e,2026-08-15 04:28:27,21.4,52.093351,5.054574,0,Utrecht,NL
Utrecht,Utrecht_T1,02:00:00:7a:c6:dc,2026-08-15 04:26:01,20.7,52.096533,5.002674,0,Utrecht,NL
Utrecht,Utrecht_T1,02:00:00:70:38:92,2026-08-15 04:22:14,20.2,52.099754,4.997049,0,Utrecht,NL
Utrecht,Utrecht_T1,02:00:00:33:dd:42,2026-08-15 04:22:11,20.0,52.0973472595215,5.0064435005188,0,Utrecht,NL
Utrecht,Utrecht_T1,02:00:00:22:ad:c6,2026-08-15 04:23:57,21.1,52.102223,5.009766,0,Utrecht,NL
Utrecht,Utrecht_T1,02:00:00:5e:e2:2e,2026-08-15 04:19:32,21.0,52.0987673336394,5.01320895590376,0,Utrecht,NL
Utrecht,Utrecht_T1,02:00:00:bd:d9:bc,2026-08-15 04:25:55,21.6,52.1012649536133,5.01841592788696,1,Utrecht,NL
Utrecht,Utrecht_T1,02:00:00:a9:50:38,2026-08-15 04:19:43,20.9,52.098376,5.039789,0,Utrecht,NL
Utrecht,Utrecht_T1,02:00:00:01:86:10,2026-08-15 04:27:59,21.4,52.09855,5.039822,0,Utrecht,NL
Utrecht,Utrecht_T1,02:00:00:bd:c9:2c,2026-08-15 04:21:25,22.1,52.099041,5.042377,0,Utrecht,NL
Utrecht,Utrecht_T1,02:00:00:73:be:5a,2026-08-15 04:21:41,20.9,52.097817,5.051997,3,Utrecht,NL
Utrecht,Utrecht_T1,02:00:00:01:a1:ee,2026-08-15 04:21:28,20.6,52.0960000139971,5.0595535031938,0,Utrecht,NL
Utrecht,Utrecht_T1,02:00:00:3e:ec:2c,2026-08-15 04:24:04,21.0,52.0968945722032,5.05947500118808,0,Utrecht,NL
Utrecht,Utrecht_T1,02:00:00:2c:f6:ae,2026-08-15 04:22:14,19.3,52.106163,4.981696,0,Utrecht,NL
Utrecht,Utrecht_T1,02:00:00:53:19:bc,2026-08-15 04:21:34,23.1,52.109263,5.018467,1,Utrecht,NL
Utrecht,Utrecht_T1,02:00:00:84:78:2c,2026-08-15 04:21:48,22.6,52.1067630675542,5.02126398724257,1,Utrecht,NL
Utrecht,Utrecht_T1,02:00:00:31:cb:18,2026-08-15 04:22:24,21.6,52.1073892613559,5.02463787381133,0,Utrecht,NL
Utrecht,Utrecht_T1,02:00:00:84:24:48,2026-08-15 04:21:57,21.7,52.1050731,5.0346819,1,Utrecht,NL
Utrecht,Utrecht_T1,02:00:00:32:ed:e0,2026-08-15 04:28:45,21.7,52.1070404052734,5.03613185882568,0,Utrecht,NL
Utrecht,Utrecht_T1,02:00:00:39:fb:5e,2026-08-15 04:23:21,20.7,52.1148094074168,5.00760211705581,0,Utrecht,NL
Utrecht,Utrecht_T1,02:00:00:64:3e:bc,2026-08-15 04:20:57,20.7,52.115205,5.007731,0,Utrecht,NL
Utrecht,Utrecht_T1,02:00:00:84:79:a0,2026-08-15 04:26:47,21.1,52.114201,5.01126,0,Utrecht,NL
Utrecht,Utrecht_T1,02:00:00:a9:4b:60,2026-08-15 04:29:45,19.7,52.119961,4.99775200000006,3,Utrecht,NL
Utrecht,Utrecht_T1,02:00:00:1c:6e:60,2026-08-15 04:29:48,21.1,52.121309,5.030174,0,Maarssen,NL
Utrecht,Utrecht_T1,02:00:00:5f:44:54,2026-08-15 04:22:18,21.3,52.12292,5.031376,0,Maarssen,NL
Utrecht,Utrecht_T1,02:00:00:70:2f:1c,2026-08-15 04:22:56,21.6,52.122375,5.033245,0,Stichtse Vecht,NL
Utrecht,Utrecht_T1,02:00:00:3d:25:42,2026-08-15 04:19:43,21.2,52.135743,5.016961,0,Maarssen,NL
Utrecht,Utrecht_T1,02:00:00:29:08:b2,2026-08-15 04:27:41,21.7,52.138664,5.0182734,0,Maarssen,NL
Utrecht,Utrecht_T1,02:00:00:05:4f:28,2026-08-15 04:21:12,21.9,52.133111,5.035686,0,Stichtse Vecht,NL
Utrecht,Utrecht_T1,02:00:00:a9:65:bc,2026-08-15 04:28:10,23.0,52.1340026855469,5.04215478897095,1,Maarssen,NL
Utrecht,Utrecht_T1,02:00:00:af:40:24,2026-08-15 04:20:55,23.2,52.1336212158203,5.04450082778931,2,Maarssen,NL
Utrecht,Utrecht_T3,02:00:00:7a:fc:c0,2026-08-15 04:23:36,20.5,51.985681,5.077175,5,Vianen,NL
Utrecht,Utrecht_T3,02:00:00:af:80:9e,2026-08-15 04:29:31,21.7,51.984738,5.086291,2,Vianen,NL
Utrecht,Utrecht_T3,02:00:00:31:ed:ec,2026-08-15 04:21:21,20.8,51.983323,5.093653,2,Vianen,NL
Utrecht,Utrecht_T3,02:00:00:7f:8d:c4,2026-08-15 04:27:11,21.2,51.9830332883009,5.12328207492826,3,Hagestein,NL
Utrecht,Utrecht_T3,02:00:00:b2:b1:fc,2026-08-15 04:21:49,20.3,51.9884779,5.07393630000002,2,Vianen,NL
Utrecht,Utrecht_T3,02:00:00:b9:1e:ca,2026-08-15 04:26:14,20.8,51.9914952649266,5.10561422229253,2,Vianen,NL
Utrecht,Utrecht_T3,02:00:00:52:ed:28,2026-08-15 04:19:27,20.1,51.993881,5.120075,3,Hoef en Haag,NL
Utrecht,Utrecht_T3,02:00:00:a9:87:e4,2026-08-15 04:19:59,20.6,51.9912528991699,5.12258720397949,0,Hoef en Haag,NL
Utrecht,Utrecht_T3,02:00:00:28:d9:60,2026-08-15 04:27:34,21.7,52.008254895269,5.07912755012512,1,Nieuwegein,NL
Utrecht,Utrecht_T3,02:00:00:06:71:46,2026-08-15 04:21:19,21.8,52.0032156734361,5.08314549922943,8,Nieuwegein,NL
Utrecht,Utrecht_T3,02:00:00:2f:21:6e,2026-08-15 04:23:51,21.4,52.00266,5.08989000000006,7,Nieuwegein,NL
Utrecht,Utrecht_T3,02:00:00:05:88:3e,2026-08-15 04:28:34,21.1,52.0059471130371,5.09136486053467,0,Nieuwegein,NL
Utrecht,Utrecht_T3,02:00:00:28:f1:f2,2026-08-15 04:29:30,21.8,52.004566,5.0946593,5,Nieuwegein,NL
Utrecht,Utrecht_T3,02:00:00:af:32:52,2026-08-15 04:21:49,20.9,52.0100655920947,5.07965231726042,3,Nieuwegein,NL
Utrecht,Utrecht_T3,02:00:00:58:b3:02,2026-08-15 04:23:13,21.9,52.010572,5.08619999999997,1,Nieuwegein,NL
Utrecht,Utrecht_T3,02:00:00:03:58:16,2026-08-15 04:22:17,21.4,52.010896,5.092813,2,Nieuwegein,NL
Utrecht,Utrecht_T3,02:00:00:c3:96:50,2026-08-15 04:21:54,21.1,52.0121,5.0976,0,Nieuwegein,NL
Utrecht,Utrecht_T3,02:00:00:bc:aa:ca,2026-08-15 04:21:18,21.6,52.0104637145996,5.09828901290894,1,Nieuwegein,NL
Utrecht,Utrecht_T3,02:00:00:2c:96:ec,2026-08-15 04:29:53,21.2,52.0109091557339,5.09877757132759,0,Nieuwegein,NL
Utrecht,Utrecht_T3,02:00:00:31:f0:4e,2026-08-15 04:21:08,22.8,52.010011,5.102632,4,Nieuwegein,NL
Utrecht,Utrecht_T3,02:00:00:12:63:b8,2026-08-15 04:20:31,20.7,52.0151322,5.16602090000003,0,Houten,NL
Utrecht,Utrecht_T3,02:00:00:2e:9a:ba,2026-08-15 04:25:12,20.2,52.015831,5.165842,0,Houten,NL
Utrecht,Utrecht_T3,02:00:00:33:c8:80,2026-08-15 04:21:31,21.3,52.012465,5.168464,0,Houten,NL
Utrecht,Utrecht_T3,02:00:00:b0:97:7c,2026-08-15 04:26:11,19.6,52.013998,5.17295,0,Houten,NL
Utrecht,Utrecht_T3,02:00:00:a2:03:fe,2026-08-15 04:19:59,20.2,52.013622,5.186657,3,Houten,NL
Utrecht,Utrecht_T3,02:00:00:b2:a5:e2,2026-08-15 04:22:46,21.3,52.0213043701897,5.0796202400924,2,Nieuwegein,NL
Utrecht,Utrecht_T3,02:00:00:84:57:1c,2026-08-15 04:24:51,21.6,52.0224339,5.080256,0,Nieuwegein,NL
Utrecht,Utrecht_T3,02:00:00:c3:d0:08,2026-08-15 04:25:30,22.4,52.02109,5.159084,3,Houten,NL
Utrecht,Utrecht_T3,02:00:00:b5:8f:e6,2026-08-15 04:29:07,21.8,52.018731,5.165264,1,Houten,NL
Utrecht,Utrecht_T3,02:00:00:c5:35:18,2026-08-15 04:27:28,21.6,52.0215,5.1638,0,Houten,NL
Utrecht,Utrecht_T3,02:00:00:c2:84:82,2026-08-15 04:20:29,20.5,52.019263,5.17283,2,Houten,NL
Utrecht,Utrecht_T3,02:00:00:58:e4:24,2026-08-15 04:22:32,20.5,52.016465,5.1768259,2,Houten,NL
Utrecht,Utrecht_T3,02:00:00:c2:33:88,2026-08-15 04:26:33,21.0,52.0217981,5.1755385,1,Houten,NL
Utrecht,Utrecht_T3,02:00:00:65:4f:8c,2026-08-15 04:25:21,20.5,52.0177737114648,5.18543422222138,2,Houten,NL
Utrecht,Utrecht_T3,02:00:00:74:5a:e8,2026-08-15 04:23:35,20.7,52.020733,5.186188,3,Houten,NL
Utrecht,Utrecht_T3,02:00:00:74:3b:36,2026-08-15 04:29:02,21.7,52.0223,5.1895,0,Houten,NL
Utrecht,Utrecht_T3,02:00:00:04:93:06,2026-08-15 04:20:27,22.7,52.0289905,5.07187920000001,4,Nieuwegein,NL
Utrecht,Utrecht_T3,02:00:00:b8:f9:c8,2026-08-15 04:22:45,22.5,52.0287780761719,5.08565378189087,6,Nieuwegein,NL
Utrecht,Utrecht_T3,02:00:00:05:4b:50,2026-08-15 04:20:23,22.7,52.0289077758789,5.09456300735474,2,Nieuwegein,NL
Utrecht,Utrecht_T3,02:00:00:32:db:f2,2026-08-15 04:26:50,20.4,52.0269902,5.1541533,3,Houten,NL
Utrecht,Utrecht_T3,02:00:00:01:06:72,2026-08-15 04:20:12,20.2,52.028621673584,5.15482234954834,2,Houten,NL
Utrecht,Utrecht_T3,02:00:00:33:19:c6,2026-08-15 04:22:19,21.4,52.0243587320194,5.18782782552989,4,Houten,NL
Utrecht,Utrecht_T3,02:00:00:a2:16:ca,2026-08-15 04:20:13,20.4,52.0239254,5.1937902,4,Houten,NL
Utrecht,Utrecht_T3,02:00:00:58:f8:20,2026-08-15 04:27:01,20.7,52.026073,5.1916294,2,Houten,NL
Utrecht,Utrecht_T3,02:00:00:2b:24:a4,2026-08-15 04:26:14,23.9,52.031801,5.068737,2,Nieuwegein,NL
Utrecht,Utrecht_T3,02:00:00:12:f7:00,2026-08-15 04:19:44,22.5,52.033787,5.08994400000002,2,Nieuwegein,NL
Utrecht,Utrecht_T3,02:00:00:33:32:f2,2026-08-15 04:25:43,22.5,52.033787,5.08994400000002,2,Nieuwegein,NL
Utrecht,Utrecht_T3,02:00:00:70:44:b6,2026-08-15 04:29:07,20.5,52.031138,5.153576,3,Houten,NL
Utrecht,Utrecht_T3,02:00:00:a4:45:fc,2026-08-15 04:22:31,20.4,52.036554,5.148482,3,Houten,NL
Utrecht,Utrecht_T3,02:00:00:74:59:5e,2026-08-15 04:21:08,21.1,52.032651,5.150862,2,Houten,NL
Utrecht,Utrecht_T3,02:00:00:ab:dd:0a,2026-08-15 04:26:50,21.9,52.0323257446289,5.16029739379883,3,Houten,NL
Utrecht,Utrecht_T3,02:00:00:6b:2a:78,2026-08-15 04:25:41,20.6,52.0377721438269,5.16268372535706,3,Houten,NL
Utrecht,Utrecht_T3,02:00:00:b5:88:ca,2026-08-15 04:20:13,20.3,52.0330682,5.1643068,2,Houten,NL
Utrecht,Utrecht_T3,02:00:00:5f:4f:c8,2026-08-15 04:25:37,20.4,52.035129,5.182718,4,Houten,NL
Utrecht,Utrecht_T3,02:00:00:28:c7:0c,2026-08-15 04:21:02,23.1,52.037256,5.182483,2,Houten,NL
Utrecht,Utrecht_T3,02:00:00:12:64:3c,2026-08-15 04:29:19,22.2,52.042369,5.07917,3,Nieuwegein,NL
Utrecht,Utrecht_T3,02:00:00:53:1e:a0,2026-08-15 04:29:01,23.5,52.0402059772848,5.10207018160772,3,Nieuwegein,NL
Utrecht,Utrecht_T3,02:00:00:63:0f:fc,2026-08-15 04:25:27,21.4,52.043643951416,5.09791469573975,3,Nieuwegein,NL
Utrecht,Utrecht_T3,02:00:00:3f:0f:d8,2026-08-15 04:23:53,20.7,52.0384495763292,5.15799684264228,3,Houten,NL
Utrecht,Utrecht_T3,02:00:00:70:3c:28,2026-08-15 04:22:54,20.7,52.0407289705737,5.167678504783,4,Houten,NL
Utrecht,Utrecht_T3,02:00:00:02:95:d6,2026-08-15 04:27:47,23.1,52.0402984619141,5.17449998855591,2,Houten,NL
Utrecht,Utrecht_T3,02:00:00:69:27:06,2026-08-15 04:22:11,21.0,52.040443,5.176922,4,Houten,NL
Utrecht,Utrecht_T3,02:00:00:b5:93:ca,2026-08-15 04:24:31,21.8,52.0392990112305,5.18340015411377,5,Houten,NL
Utrecht,Utrecht_T3,02:00:00:3f:58:86,2026-08-15 04:24:06,21.2,52.0481972904497,5.06761884202619,1,Nieuwegein,NL
Utrecht,Utrecht_T3,02:00:00:5f:01:94,2026-08-15 04:29:36,21.9,52.0484008789062,5.06870937347412,1,Nieuwegein,NL
Utrecht,Utrecht_T3,02:00:00:70:2b:d4,2026-08-15 04:24:18,21.1,52.045972,5.07087,1,Nieuwegein,NL
Utrecht,Utrecht_T3,02:00:00:a2:79:5e,2026-08-15 04:25:04,21.6,52.0471801757812,5.09753036499023,1,Nieuwegein,NL
Utrecht,Utrecht_T3,02:00:00:7f:c1:6a,2026-08-15 04:23:25,22.8,52.048702,5.096273,1,Nieuwegein,NL
Utrecht,Utrecht_T3,02:00:00:02:81:ca,2026-08-15 04:24:56,20.8,52.051337,5.095642,5,Nieuwegein,NL
Utrecht,Utrecht_T3,02:00:00:2f:25:be,2026-08-15 04:23:18,20.4,51.972489,4.936167,0,Lopik,NL
Utrecht,Utrecht_T3,02:00:00:7f:b5:5c,2026-08-15 04:21:41,20.9,51.974848,4.929508,1,Lopik,NL
Utrecht,Utrecht_T3,02:00:00:b5:39:c0,2026-08-15 04:25:41,21.4,51.9745063781738,4.95626163482666,0,Lopik,NL
Utrecht,Utrecht_T3,02:00:00:63:1c:34,2026-08-15 04:29:15,19.6,52.0063413154935,4.96732978016446,0,Benschop,NL
Utrecht,Utrecht_T3,02:00:00:5e:dd:b6,2026-08-15 04:24:27,19.9,52.005729,4.980607,0,Benschop,NL
Utrecht,Utrecht_T3,02:00:00:b0:9a:d2,2026-08-15 04:20:20,20.8,52.014820098877,5.01039123535156,0,Benschop,NL
Utrecht,Utrecht_T3,02:00:00:12:46:62,2026-08-15 04:24:12,20.9,52.0157017,5.0266633,3,IJsselstein,NL
Utrecht,Utrecht_T3,02:00:00:5f:5f:a6,2026-08-15 04:26:59,22.0,52.015138,5.030313,0,IJsselstein,NL
Utrecht,Utrecht_T3,02:00:00:29:68:c4,2026-08-15 04:25:16,21.5,52.013960485049,5.03387331962586,0,IJsselstein,NL
Utrecht,Utrecht_T3,02:00:00:3f:06:f0,2026-08-15 04:20:37,21.3,52.0137931,5.0453837,2,IJsselstein,NL
Utrecht,Utrecht_T3,02:00:00:06:0a:a0,2026-08-15 04:23:49,20.9,52.020902,5.03721599999998,2,IJsselstein,NL
Utrecht,Utrecht_T3,02:00:00:04:ab:0c,2026-08-15 04:26:17,22.8,52.023339,5.044573,0,IJsselstein,NL
Utrecht,Utrecht_T3,02:00:00:27:6e:f4,2026-08-15 04:21:25,21.6,52.0231,5.0448,1,IJsselstein,NL
Utrecht,Utrecht_T3,02:00:00:65:75:7c,2026-08-15 04:23:52,21.8,52.02251,5.0480266,2,IJsselstein,NL
Utrecht,Utrecht_T3,02:00:00:a9:49:d8,2026-08-15 04:23:05,20.7,52.0178530526017,5.05878868242119,3,IJsselstein,NL
Utrecht,Utrecht_T3,02:00:00:84:4d:fa,2026-08-15 04:22:27,20.0,52.023834,5.0222745,1,IJsselstein,NL
Utrecht,Utrecht_T3,02:00:00:9b:4b:36,2026-08-15 04:22:57,20.4,52.0398213211055,4.94864881038666,0,Montfoort,NL
Utrecht,Utrecht_T3,02:00:00:af:35:f4,2026-08-15 04:19:38,21.4,52.042610168457,5.0585732460022,0,Utrecht,NL
Utrecht,Utrecht_T3,02:00:00:9d:0a:64,2026-08-15 04:26:45,19.9,52.046832,4.955603,2,Montfoort,NL
Amsterdam,Amsterdam_T2,02:00:00:b9:1a:3c,2026-08-15 04:26:05,19.1,52.493042,5.07125,0,Volendam,NL
Amsterdam,Amsterdam_T2,02:00:00:1e:28:64,2026-08-15 04:20:15,20.7,52.5012,5.0626,0,Volendam,NL
Amsterdam,Amsterdam_T2,02:00:00:bd:f1:80,2026-08-15 04:20:05,20.4,52.5039741486075,5.06583976745605,0,Edam-Volendam,NL
Amsterdam,Amsterdam_T2,02:00:00:02:84:24,2026-08-15 04:21:38,19.9,52.509309,5.07155,0,Volendam,NL
Amsterdam,Amsterdam_T2,02:00:00:84:41:96,2026-08-15 04:25:11,19.9,52.511852,5.075232,0,Volendam,NL
Amsterdam,Amsterdam_T2,02:00:00:84:70:bc,2026-08-15 04:21:59,19.7,52.513283,5.074401,0,Volendam,NL
Amsterdam,Amsterdam_T2,02:00:00:a9:d4:76,2026-08-15 04:22:43,19.6,52.636438,5.157458,0,Wijdenes,NL
Amsterdam,Amsterdam_T2,02:00:00:65:41:36,2026-08-15 04:21:51,20.2,52.640045,5.064139,3,Hoorn,NL
Amsterdam,Amsterdam_T2,02:00:00:3f:02:7a,2026-08-15 04:20:37,20.6,52.646076,5.07353,1,Hoorn,NL
Amsterdam,Amsterdam_T2,02:00:00:2f:35:a2,2026-08-15 04:25:38,20.0,52.6429770416675,5.077702583676,0,Hoorn,NL
Amsterdam,Amsterdam_T2,02:00:00:65:84:72,2026-08-15 04:29:57,21.2,52.6471319,5.0887278,0,Hoorn,NL
Amsterdam,Amsterdam_T2,02:00:00:a4:46:b6,2026-08-15 04:27:46,20.7,52.6502217971321,5.10892945225223,0,Hoorn,NL
Amsterdam,Amsterdam_T2,02:00:00:90:5f:c4,2026-08-15 04:22:09,23.0,52.321893,5.116822,3,Muiderberg,NL
Amsterdam,Amsterdam_T2,02:00:00:29:43:f2,2026-08-15 04:26:02,23.1,52.313681,5.148801,6,Naarden,NL
Amsterdam,Amsterdam_T2,02:00:00:8d:c2:62,2026-08-15 04:26:21,21.3,52.3290573,5.06640220000001,2,Muiden,NL
Amsterdam,Amsterdam_T2,02:00:00:bd:eb:f2,2026-08-15 04:23:47,20.4,52.328728,5.06968,3,Muiden,NL
Amsterdam,Amsterdam_T2,02:00:00:32:d5:be,2026-08-15 04:21:25,21.5,52.329636,5.070703,1,Muiden,NL
Amsterdam,Amsterdam_T2,02:00:00:90:d2:d0,2026-08-15 04:25:41,21.7,52.326425,5.12370000000006,4,Muiderberg,NL
Amsterdam,Amsterdam_T2,02:00:00:ab:ea:9e,2026-08-15 04:27:14,20.3,52.326316,5.126179,3,Muiderberg,NL
Amsterdam,Amsterdam_T2,02:00:00:2b:04:42,2026-08-15 04:24:07,20.1,52.3372959158816,5.13216555118561,0,Almere,NL
Amsterdam,Amsterdam_T2,02:00:00:36:e2:78,2026-08-15 04:30:13,22.8,52.3371049,5.1901735,0,Almere,NL
Amsterdam,Amsterdam_T2,02:00:00:2b:f1:24,2026-08-15 04:23:59,22.5,52.3379513,5.19054610000001,0,Almere,NL
Amsterdam,Amsterdam_T2,02:00:00:90:ac:fe,2026-08-15 04:21:01,22.3,52.338809,5.200362,0,Almere,NL
Amsterdam,Amsterdam_T2,02:00:00:9d:29:10,2026-08-15 04:21:35,21.2,52.337369,5.21375,0,Almere,NL
Amsterdam,Amsterdam_T2,02:00:00:31:dc:12,2026-08-15 04:24:39,21.7,52.334232157563,5.23541811712221,0,Almere,NL
Amsterdam,Amsterdam_T2,02:00:00:b8:f6:48,2026-08-15 04:27:37,22.0,52.3406143188477,5.20010089874268,0,Almere,NL
Amsterdam,Amsterdam_T2,02:00:00:b5:8d:ac,2026-08-15 04:22:44,20.8,52.34163,5.2166333,0,Almere,NL
Amsterdam,Amsterdam_T2,02:00:00:2c:c4:84,2026-08-15 04:28:13,21.8,52.3477676,5.2148857,0,Almere,NL
Amsterdam,Amsterdam_T2,02:00:00:31:c8:80,2026-08-15 04:26:35,20.6,52.347752,5.226271,0,Almere,NL
Amsterdam,Amsterdam_T2,02:00:00:a9:4b:e8,2026-08-15 04:22:51,22.2,52.341175,5.302236,0,Almere,NL
Amsterdam,Amsterdam_T2,02:00:00:c3:74:e2,2026-08-15 04:21:45,21.9,52.339954,5.30997100000004,0,Almere,NL
Amsterdam,Amsterdam_T2,02:00:00:a2:74:d6,2026-08-15 04:23:33,20.3,52.3410034179688,5.32753562927246,0,Almere,NL
Amsterdam,Amsterdam_T2,02:00:00:c2:7c:f4,2026-08-15 04:21:05,19.8,52.342907,5.329785,0,Almere,NL
Amsterdam,Amsterdam_T2,02:00:00:83:bd:82,2026-08-15 04:22:13,21.7,52.355964,5.150352,0,Almere,NL
Amsterdam,Amsterdam_T2,02:00:00:20:a9:28,2026-08-15 04:26:39,21.3,52.3552207946777,5.15794372558594,0,Almere,NL
Amsterdam,Amsterdam_T2,02:00:00:1f:41:a2,2026-08-15 04:25:51,21.5,52.359159,5.157519,0,Almere,NL
Amsterdam,Amsterdam_T2,02:00:00:bd:f3:22,2026-08-15 04:27:38,21.8,52.3556832426708,5.17759948959218,0,Almere,NL
Amsterdam,Amsterdam_T2,02:00:00:53:27:88,2026-08-15 04:20:12,21.7,52.3599,5.18,0,Almere,NL
Amsterdam,Amsterdam_T2,02:00:00:33:47:ca,2026-08-15 04:29:06,22.2,52.358981,5.19882,0,Almere,NL
Amsterdam,Amsterdam_T2,02:00:00:3c:f8:f0,2026-08-15 04:22:54,21.8,52.365146,5.188618,0,Almere,NL
Amsterdam,Amsterdam_T2,02:00:00:06:11:d6,2026-08-15 04:26:11,21.5,52.3658206,5.2116575,0,Almere,NL
Amsterdam,Amsterdam_T2,02:00:00:74:2f:a0,2026-08-15 04:22:04,20.8,52.361122,5.240015,0,Almere,NL
Amsterdam,Amsterdam_T2,02:00:00:01:e3:f6,2026-08-15 04:26:03,21.0,52.36436,5.23972999999998,0,Almere,NL
Amsterdam,Amsterdam_T2,02:00:00:33:e0:2c,2026-08-15 04:24:15,21.0,52.36486,5.240825,0,Almere,NL
Amsterdam,Amsterdam_T2,02:00:00:65:51:8c,2026-08-15 04:24:23,22.4,52.361416,5.254412,0,Almere,NL
Amsterdam,Amsterdam_T2,02:00:00:27:5a:b2,2026-08-15 04:27:30,21.9,52.362427,5.25434,0,Almere,NL
Amsterdam,Amsterdam_T2,02:00:00:74:32:de,2026-08-15 04:22:49,21.5,52.355048,5.27963999999998,0,Almere,NL
Amsterdam,Amsterdam_T2,02:00:00:a9:83:8c,2026-08-15 04:20:26,20.9,52.357345,5.286959,0,Almere,NL
Amsterdam,Amsterdam_T2,02:00:00:c5:43:2c,2026-08-15 04:25:34,21.5,52.357934,5.287744,0,Almere,NL
Amsterdam,Amsterdam_T2,02:00:00:b2:a4:f6,2026-08-15 04:20:32,20.5,52.356743,5.305346,0,Almere,NL
Amsterdam,Amsterdam_T2,02:00:00:7f:d9:58,2026-08-15 04:26:27,20.6,52.35486,5.306933,0,Almere,NL
Amsterdam,Amsterdam_T2,02:00:00:b9:58:8a,2026-08-15 04:26:33,20.0,52.357433,5.307289,0,Almere,NL
Amsterdam,Amsterdam_T2,02:00:00:bc:b5:26,2026-08-15 04:20:03,21.2,52.370647,5.189115,0,Almere,NL
Amsterdam,Amsterdam_T2,02:00:00:28:aa:08,2026-08-15 04:21:31,22.0,52.3726348876953,5.18710041046143,0,Almere,NL
Amsterdam,Amsterdam_T2,02:00:00:5f:51:f6,2026-08-15 04:21:59,20.9,52.3763868010158,5.18871491122013,0,Almere,NL
Amsterdam,Amsterdam_T2,02:00:00:70:55:78,2026-08-15 04:21:53,23.0,52.368492,5.219494,0,Almere,NL
Amsterdam,Amsterdam_T2,02:00:00:53:48:18,2026-08-15 04:20:08,21.9,52.37066,5.233283,0,Almere,NL
Amsterdam,Amsterdam_T2,02:00:00:b9:1a:4e,2026-08-15 04:29:00,22.3,52.3704528808594,5.23384428024292,0,Almere,NL
Amsterdam,Amsterdam_T2,02:00:00:00:2e:ae,2026-08-15 04:21:58,21.4,52.38126,5.24338,0,Almere,NL
Amsterdam,Amsterdam_T2,02:00:00:b5:6d:e8,2026-08-15 04:24:57,21.0,52.374999,5.254935,0,Almere,NL
Amsterdam,Amsterdam_T2,02:00:00:63:38:56,2026-08-15 04:28:25,21.4,52.380046,5.256249,0,Almere,NL
Amsterdam,Amsterdam_T2,02:00:00:73:c6:2e,2026-08-15 04:20:47,21.4,52.380726,5.257692,0,Almere,NL
Amsterdam,Amsterdam_T2,02:00:00:03:7c:78,2026-08-15 04:20:33,21.0,52.391575,5.177948,0,Almere,NL
Amsterdam,Amsterdam_T2,02:00:00:53:5c:9c,2026-08-15 04:23:50,21.7,52.3900854363991,5.20024865531923,0,Almere,NL
Amsterdam,Amsterdam_T2,02:00:00:9b:58:5a,2026-08-15 04:29:24,21.6,52.393024667432,5.2090859413147,0,Almere,NL
Amsterdam,Amsterdam_T2,02:00:00:17:7b:d4,2026-08-15 04:27:59,22.1,52.383191,5.221105,0,Almere,NL
Amsterdam,Amsterdam_T2,02:00:00:84:5a:ae,2026-08-15 04:20:32,21.5,52.3883,5.224379,0,Almere,NL
Amsterdam,Amsterdam_T2,02:00:00:a4:6d:b2,2026-08-15 04:26:46,20.6,52.388077,5.240579,0,Almere,NL
Amsterdam,Amsterdam_T2,02:00:00:b9:5a:5a,2026-08-15 04:20:25,21.1,52.3845863342285,5.24989986419678,0,Almere,NL
Amsterdam,Amsterdam_T2,02:00:00:71:39:5a,2026-08-15 04:25:12,21.6,52.382745,5.266322,0,Almere,NL
Amsterdam,Amsterdam_T2,02:00:00:7f:9e:de,2026-08-15 04:25:00,21.1,52.384025,5.25010500000001,0,Almere,NL
Amsterdam,Amsterdam_T2,02:00:00:58:e1:26,2026-08-15 04:28:14,21.3,52.384533,5.252609,0,Almere,NL
Amsterdam,Amsterdam_T2,02:00:00:3d:1b:4c,2026-08-15 04:29:05,21.2,52.3837937593531,5.27678767891788,0,Almere,NL
Amsterdam,Amsterdam_T2,02:00:00:bd:e8:f0,2026-08-15 04:26:34,20.9,52.3959675,5.3090496,0,Almere,NL
Amsterdam,Amsterdam_T2,02:00:00:71:39:50,2026-08-15 04:26:39,22.0,52.39723,5.164732,0,Almere,NL
Amsterdam,Amsterdam_T2,02:00:00:1f:4f:22,2026-08-15 04:29:11,22.0,52.3979296375149,5.16967981825021,0,Almere,NL
Amsterdam,Amsterdam_T2,02:00:00:33:21:aa,2026-08-15 04:27:34,21.2,52.3975487,5.25251060000002,0,Almere,NL
Amsterdam,Amsterdam_T2,02:00:00:83:e8:7e,2026-08-15 04:29:34,21.0,52.397284,5.254051,0,Almere,NL
Amsterdam,Amsterdam_T2,02:00:00:65:44:b2,2026-08-15 04:21:04,20.8,52.4001681563975,5.27203023477341,0,Almere,NL
Amsterdam,Amsterdam_T2,02:00:00:b2:ba:be,2026-08-15 04:23:25,21.8,52.3992347717285,5.2774977684021,0,Almere,NL
Amsterdam,Amsterdam_T2,02:00:00:9c:dc:e4,2026-08-15 04:25:58,20.9,52.400918,5.274714,0,Almere,NL
Amsterdam,Amsterdam_T2,02:00:00:03:cb:e8,2026-08-15 04:19:25,21.1,52.404926,5.287006,0,Almere,NL
Amsterdam,Amsterdam_T2,02:00:00:7a:83:18,2026-08-15 04:21:08,22.6,52.397218,5.30246,0,Almere,NL
Amsterdam,Amsterdam_T2,02:00:00:c2:45:22,2026-08-15 04:27:53,21.1,52.40461,5.301997,0,Almere,NL
Amsterdam,Amsterdam_T2,02:00:00:12:9c:64,2026-08-15 04:21:54,21.0,52.398632,5.308742,0,Almere,NL
Amsterdam,Amsterdam_T2,02:00:00:7f:d3:7a,2026-08-15 04:28:52,20.5,52.3993820578264,5.32481566205385,0,Almere,NL
Amsterdam,Amsterdam_T2,02:00:00:74:7c:9e,2026-08-15 04:23:02,20.1,52.414947,5.280712,0,Almere,NL
Amsterdam,Amsterdam_T2,02:00:00:a9:d3:92,2026-08-15 04:18:34,21.0,52.430297,5.077604,0,Uitdam,NL
Amsterdam,Amsterdam_T2,02:00:00:7f:b2:de,2026-08-15 04:24:13,21.5,52.457411,5.102286,1,Marken,NL
Amsterdam,Amsterdam_T2,02:00:00:ab:e9:c0,2026-08-15 04:27:09,20.5,52.456592,5.107932,0,Marken,NL
Amsterdam,Amsterdam_T2,02:00:00:58:e6:76,2026-08-15 04:29:13,21.3,52.460474,5.102583,1,Marken,NL
Amsterdam,Amsterdam_T2,02:00:00:1b:0b:da,2026-08-15 04:22:45,19.6,52.49417,4.78894000000004,2,Wormerveer,NL
Amsterdam,Amsterdam_T2,02:00:00:12:61:86,2026-08-15 04:22:24,21.7,52.4917057073896,4.80021612200147,2,Wormer,NL
Amsterdam,Amsterdam_T2,02:00:00:c2:84:0a,2026-08-15 04:28:21,19.3,52.4948445773121,4.79308347650687,2,Wormerveer,NL
Amsterdam,Amsterdam_T2,02:00:00:a4:18:7c,2026-08-15 04:25:42,21.9,52.493057,4.807123,0,Wormer,NL
Amsterdam,Amsterdam_T2,02:00:00:53:50:2a,2026-08-15 04:25:55,19.6,52.496266,4.819022,1,Wormer,NL
Amsterdam,Amsterdam_T2,02:00:00:8d:d0:7c,2026-08-15 04:25:20,19.9,52.490391116113,4.92924329763459,0,Purmerend,NL
Amsterdam,Amsterdam_T2,02:00:00:03:c7:82,2026-08-15 04:23:00,18.8,52.488343,4.938001,0,Purmerend,NL
Amsterdam,Amsterdam_T2,02:00:00:53:1f:08,2026-08-15 04:22:27,20.6,52.49503,4.92957000000003,0,Purmerend,NL
Amsterdam,Amsterdam_T2,02:00:00:9c:d8:1a,2026-08-15 04:21:30,19.2,52.4915202,4.96165890000017,0,Purmerend,NL
Amsterdam,Amsterdam_T2,02:00:00:c3:93:f6,2026-08-15 04:24:39,18.8,52.49484,4.946418,0,Purmerend,NL
Amsterdam,Amsterdam_T2,02:00:00:33:e1:40,2026-08-15 04:25:25,18.9,52.488644,4.9737200000001,0,Purmerend,NL
Amsterdam,Amsterdam_T2,02:00:00:27:27:2a,2026-08-15 04:26:31,19.2,52.4883303898198,4.97515391663844,0,Purmerend,NL
Amsterdam,Amsterdam_T2,02:00:00:bc:ab:40,2026-08-15 04:21:34,21.0,52.4950981140137,4.97947788238525,0,Purmerend,NL
Amsterdam,Amsterdam_T2,02:00:00:02:f5:96,2026-08-15 04:23:34,20.5,52.496988,5.050034,0,Volendam,NL
Amsterdam,Amsterdam_T2,02:00:00:1c:6d:42,2026-08-15 04:21:18,19.0,52.500429,4.8242,1,Wormer,NL
Amsterdam,Amsterdam_T2,02:00:00:a4:41:de,2026-08-15 04:22:14,18.4,52.4998027881579,4.82577238512022,0,Wormer,NL
Amsterdam,Amsterdam_T2,02:00:00:70:52:6c,2026-08-15 04:22:35,21.2,52.509555,4.84741,0,Jisp,NL
Amsterdam,Amsterdam_T2,02:00:00:b5:b8:40,2026-08-15 04:21:45,19.2,52.5068085021421,4.91711662457473,0,Neck,NL
Amsterdam,Amsterdam_T2,02:00:00:02:7e:e2,2026-08-15 04:25:09,21.1,52.50109,4.934905,0,Purmerend,NL
Amsterdam,Amsterdam_T2,02:00:00:9d:13:34,2026-08-15 04:28:30,20.1,52.498358,4.94377,0,Purmerend,NL
Amsterdam,Amsterdam_T2,02:00:00:b5:86:1a,2026-08-15 04:23:58,19.5,52.499132,4.950515,0,Purmerend,NL
Amsterdam,Amsterdam_T2,02:00:00:1d:eb:96,2026-08-15 04:22:01,20.7,52.505266,4.949082,1,Purmerend,NL
Amsterdam,Amsterdam_T2,02:00:00:3c:17:de,2026-08-15 04:21:26,19.8,52.499863,4.957068,0,Purmerend,NL
Amsterdam,Amsterdam_T2,02:00:00:01:cb:8a,2026-08-15 04:29:05,20.9,52.500789,4.986087,0,Purmerend,NL
Amsterdam,Amsterdam_T2,02:00:00:7a:ea:00,2026-08-15 04:28:32,19.7,52.510647,4.9936514,0,Purmerend,NL
Amsterdam,Amsterdam_T2,02:00:00:1f:3e:84,2026-08-15 04:21:01,20.3,52.504946,5.05026,0,Edam-Volendam,NL
Amsterdam,Amsterdam_T2,02:00:00:6b:56:92,2026-08-15 04:21:59,20.8,52.5107399131418,5.05132626109,2,Edam,NL
Amsterdam,Amsterdam_T2,02:00:00:ab:f4:ec,2026-08-15 04:22:48,20.6,52.503962,5.060446,0,Volendam,NL
Amsterdam,Amsterdam_T2,02:00:00:7f:af:0c,2026-08-15 04:21:15,19.5,52.514489,4.963296,0,Purmerend,NL
Amsterdam,Amsterdam_T2,02:00:00:14:48:40,2026-08-15 04:21:26,20.1,52.514999,4.952826,0,Purmerend,NL
Amsterdam,Amsterdam_T2,02:00:00:c5:3a:c0,2026-08-15 04:29:06,20.1,52.524065,4.956779,1,Purmerend,NL
Amsterdam,Amsterdam_T2,02:00:00:2e:ec:0a,2026-08-15 04:22:33,19.2,52.513165,4.985127,0,Purmerend,NL
Amsterdam,Amsterdam_T2,02:00:00:7a:a3:b2,2026-08-15 04:29:09,18.8,52.52057,4.9764185,0,Purmerend,NL
Amsterdam,Amsterdam_T2,02:00:00:a4:43:5c,2026-08-15 04:20:35,20.2,52.51412,5.05999,1,Edam,NL
Amsterdam,Amsterdam_T2,02:00:00:5f:01:22,2026-08-15 04:27:21,18.9,52.526959,4.887042,0,Beemster,NL
Amsterdam,Amsterdam_T2,02:00:00:2b:22:ba,2026-08-15 04:28:03,18.9,52.528348,4.978256,1,Kwadijk,NL
Amsterdam,Amsterdam_T2,02:00:00:2f:2a:40,2026-08-15 04:23:51,20.1,52.54467,4.81628,0,Alkmaar,NL
Amsterdam,Amsterdam_T2,02:00:00:a2:13:1c,2026-08-15 04:22:37,19.5,52.558278,4.84079299999996,0,De Rijp,NL
Amsterdam,Amsterdam_T2,02:00:00:2b:20:e2,2026-08-15 04:25:56,19.4,52.557103,4.842962,0,De Rijp,NL
Amsterdam,Amsterdam_T2,02:00:00:c3:cf:e8,2026-08-15 04:29:00,19.6,52.55496,4.848112,0,De Rijp,NL
Amsterdam,Amsterdam_T2,02:00:00:5e:d1:f0,2026-08-15 04:26:16,20.7,52.557323,4.95315,0,Middenbeemster,NL
Amsterdam,Amsterdam_T2,02:00:00:8d:d2:a6,2026-08-15 04:26:48,19.3,52.5748079414121,4.9975723028183,1,Oosthuizen,NL
Amsterdam,Amsterdam_T2,02:00:00:bd:cf:d4,2026-08-15 04:21:53,20.5,52.583034,4.850177,1,Grootschermer,NL
Amsterdam,Amsterdam_T2,02:00:00:18:fe:32,2026-08-15 04:23:01,19.6,52.589092,4.889988,0,Noordbeemster,NL
Amsterdam,Amsterdam_T2,02:00:00:a9:e7:3e,2026-08-15 04:24:12,19.0,52.5977249145508,4.80700254440308,0,Zuidschermer,NL
Amsterdam,Amsterdam_T2,02:00:00:a4:1f:24,2026-08-15 04:20:49,18.8,52.601368,4.895885,0,Schermerhorn,NL
Amsterdam,Amsterdam_T2,02:00:00:00:5c:fe,2026-08-15 04:20:54,20.6,52.611835,4.819923,0,Stompetoren,NL
Amsterdam,Amsterdam_T2,02:00:00:a2:05:f0,2026-08-15 04:24:56,21.2,52.61378,4.8226314,0,Stompetoren,NL
Amsterdam,Amsterdam_T2,02:00:00:3c:f7:c6,2026-08-15 04:28:45,19.5,52.617355,4.951664,0,Avenhorn,NL
Amsterdam,Amsterdam_T2,02:00:00:6b:31:7e,2026-08-15 04:27:56,19.4,52.634415,4.8763695,0,Rustenburg,NL
Amsterdam,Amsterdam_T2,02:00:00:36:d3:84,2026-08-15 04:20:13,19.7,52.636567,4.911496,0,Ursem,NL
Amsterdam,Amsterdam_T2,02:00:00:05:f7:7a,2026-08-15 04:20:21,21.1,52.6322945249135,4.94891703128815,0,De Goorn,NL
Amsterdam,Amsterdam_T2,02:00:00:9d:00:22,2026-08-15 04:27:09,20.2,52.6390495300293,4.98681020736694,0,Berkhout,NL
Amsterdam,Amsterdam_T2,02:00:00:58:dd:3c,2026-08-15 04:21:00,20.7,52.6367146407962,5.02217284801564,0,Hoorn,NL
Amsterdam,Amsterdam_T2,02:00:00:31:d8:fc,2026-08-15 04:26:49,21.7,52.6358,5.035,1,Hoorn,NL
Amsterdam,Amsterdam_T2,02:00:00:7f:aa:9a,2026-08-15 04:29:40,22.6,52.6374130249023,5.03559350967407,0,Hoorn,NL
Amsterdam,Amsterdam_T2,02:00:00:70:4e:d8,2026-08-15 04:28:57,21.5,52.635018,5.055994,2,Hoorn,NL
Amsterdam,Amsterdam_T2,02:00:00:70:24:48,2026-08-15 04:24:06,20.2,52.643764,4.811346,0,Heerhugowaard,NL
Amsterdam,Amsterdam_T2,02:00:00:8d:c8:3e,2026-08-15 04:24:07,20.0,52.6458,4.8165,0,Heerhugowaard,NL
Amsterdam,Amsterdam_T2,02:00:00:70:45:b4,2026-08-15 04:23:58,20.1,52.6408805482461,4.82286089912765,0,Heerhugowaard,NL
Amsterdam,Amsterdam_T2,02:00:00:7f:bf:4c,2026-08-15 04:28:11,20.0,52.648259,4.831611,0,Heerhugowaard,NL
Amsterdam,Amsterdam_T2,02:00:00:73:a4:18,2026-08-15 04:29:01,20.6,52.651179,4.836669,0,Heerhugowaard,NL
Amsterdam,Amsterdam_T2,02:00:00:c3:e3:ec,2026-08-15 04:28:21,20.3,52.651959,4.836277,0,Heerhugowaard,NL
Amsterdam,Amsterdam_T2,02:00:00:ab:e2:60,2026-08-15 04:21:21,19.5,52.6533337948181,5.00276838610966,0,Berkhout,NL
Amsterdam,Amsterdam_T2,02:00:00:bd:f8:2a,2026-08-15 04:21:56,18.9,52.6404246842747,5.01088078453655,0,Berkhout,NL
Amsterdam,Amsterdam_T2,02:00:00:1d:fd:b8,2026-08-15 04:19:57,20.8,52.6441,5.051928,0,Haarlemmermeer,NL
Amsterdam,Amsterdam_T2,02:00:00:a2:62:b0,2026-08-15 04:29:28,21.0,52.644273,5.058899,0,Hoorn,NL
Amsterdam,Amsterdam_T2,02:00:00:ab:e6:7e,2026-08-15 04:22:33,20.7,52.6451580761367,5.06099598419189,0,Hoorn,NL
Amsterdam,Amsterdam_T2,02:00:00:3d:0e:66,2026-08-15 04:28:30,19.4,52.3116821436819,4.86693327521717,0,Amstelveen,NL
Amsterdam,Amsterdam_T2,02:00:00:2f:24:f4,2026-08-15 04:26:07,20.8,52.3131760328984,4.9050662899177,0,Amstelveen,NL
Amsterdam,Amsterdam_T2,02:00:00:90:ba:a6,2026-08-15 04:24:05,22.2,52.3243254,4.945702,1,Amsterdam,NL
Amsterdam,Amsterdam_T2,02:00:00:a9:c7:92,2026-08-15 04:28:40,19.0,52.3181934768859,4.99123257230989,0,Amsterdam,NL
Amsterdam,Amsterdam_T2,02:00:00:b9:52:60,2026-08-15 04:24:40,21.5,52.3166694641113,5.02612543106079,0,Weesp,NL
Amsterdam,Amsterdam_T2,02:00:00:73:a6:c6,2026-08-15 04:28:24,20.6,52.314064,5.0302644,4,Weesp,NL
Amsterdam,Amsterdam_T2,02:00:00:a9:70:6c,2026-08-15 04:25:34,19.3,52.319796,5.037465,0,Weesp,NL
Amsterdam,Amsterdam_T2,02:00:00:bc:ac:0e,2026-08-15 04:25:54,20.7,52.317851,5.049238,0,Weesp,NL
Amsterdam,Amsterdam_T2,02:00:00:63:2c:4e,2026-08-15 04:28:42,20.6,52.3184684,5.05026849999997,0,Weesp,NL
Amsterdam,Amsterdam_T2,02:00:00:01:6d:ca,2026-08-15 04:25:31,19.9,52.318328,5.05127300000006,0,Weesp,NL
Amsterdam,Amsterdam_T2,02:00:00:8d:e3:a0,2026-08-15 04:29:43,20.8,52.333433,4.791664,0,Badhoevedorp,NL
Amsterdam,Amsterdam_T2,02:00:00:a4:21:fc,2026-08-15 04:29:38,22.5,52.3272787,4.86810710000012,0,Amsterdam,NL
Amsterdam,Amsterdam_T2,02:00:00:53:18:1c,2026-08-15 04:21:47,21.5,52.3359671746926,4.87311174029132,0,Amsterdam,NL
Amsterdam,Amsterdam_T2,02:00:00:6b:54:3c,2026-08-15 04:28:55,22.1,52.3274342242951,4.87812453825795,4,Amsterdam,NL
Amsterdam,Amsterdam_T2,02:00:00:bd:1d:3e,2026-08-15 04:25:40,21.7,52.331773,4.888536,4,Amsterdam,NL
Amsterdam,Amsterdam_T2,02:00:00:9d:0c:d8,2026-08-15 04:24:34,22.1,52.32961,4.961911,2,Diemen,NL
Amsterdam,Amsterdam_T2,02:00:00:27:76:38,2026-08-15 04:19:51,21.2,52.3363586,4.9621297,0,Diemen,NL
Amsterdam,Amsterdam_T2,02:00:00:18:f9:e8,2026-08-15 04:19:43,22.0,52.325482,4.97447,3,Amsterdam,NL
Amsterdam,Amsterdam_T2,02:00:00:27:51:b8,2026-08-15 04:28:26,21.0,52.326592,4.978735,0,Amsterdam,NL
Amsterdam,Amsterdam_T2,02:00:00:64:f7:0c,2026-08-15 04:28:00,21.3,52.3283278999999,4.98179320000003,0,Amsterdam,NL
Amsterdam,Amsterdam_T2,02:00:00:83:bf:80,2026-08-15 04:21:53,21.6,52.333599,5.061164,2,Muiden,NL
Amsterdam,Amsterdam_T2,02:00:00:01:6c:5e,2026-08-15 04:28:17,20.4,52.3446448698127,4.79225000001364,0,Amsterdam,NL
Amsterdam,Amsterdam_T2,02:00:00:63:45:58,2026-08-15 04:23:16,20.7,52.3414578220111,4.79799399999996,1,Amsterdam,NL
Amsterdam,Amsterdam_T2,02:00:00:00:c9:c8,2026-08-15 04:22:52,23.2,52.3535947951943,4.79096345471049,2,Amsterdam,NL
Amsterdam,Amsterdam_T2,02:00:00:27:63:7e,2026-08-15 04:21:03,22.8,52.349896,4.810742,0,Amsterdam,NL
Amsterdam,Amsterdam_T2,02:00:00:84:73:aa,2026-08-15 04:26:16,24.7,52.342971,4.825803,0,Amsterdam,NL
Amsterdam,Amsterdam_T2,02:00:00:84:7a:fc,2026-08-15 04:24:29,25.5,52.343295,4.82593099999997,0,Amsterdam,NL
Amsterdam,Amsterdam_T2,02:00:00:65:84:16,2026-08-15 04:20:10,21.9,52.34792,4.846243,4,Amsterdam,NL
Amsterdam,Amsterdam_T2,02:00:00:04:75:d4,2026-08-15 04:21:36,21.8,52.3449817790461,4.85212203743075,0,Amsterdam,NL
Amsterdam,Amsterdam_T2,02:00:00:5f:1f:26,2026-08-15 04:25:12,22.3,52.3457181372478,4.86503304724545,2,Amsterdam,NL
Amsterdam,Amsterdam_T2,02:00:00:03:b9:ce,2026-08-15 04:28:06,22.5,52.347706,4.871382,6,Amsterdam,NL
Amsterdam,Amsterdam_T2,02:00:00:74:60:90,2026-08-15 04:27:47,22.1,52.343761,4.875174,3,Amsterdam,NL
Amsterdam,Amsterdam_T2,02:00:00:a4:37:d4,2026-08-15 04:23:27,22.7,52.3475151062012,4.87605476379395,5,Amsterdam,NL
Amsterdam,Amsterdam_T2,02:00:00:01:88:24,2026-08-15 04:21:04,22.4,52.345546,4.889957,7,Amsterdam,NL
Amsterdam,Amsterdam_T2,02:00:00:c6:2c:e4,2026-08-15 04:25:40,21.3,52.352244,4.899948,7,Amsterdam,NL
Amsterdam,Amsterdam_T2,02:00:00:63:11:04,2026-08-15 04:28:02,20.8,52.352951,4.903895,4,Amsterdam,NL
Amsterdam,Amsterdam_T2,02:00:00:7f:95:38,2026-08-15 04:23:41,21.0,52.352915,4.909746,4,Amsterdam,NL
Amsterdam,Amsterdam_T2,02:00:00:b9:59:14,2026-08-15 04:23:05,21.5,52.352879,4.928205,0,Amsterdam,NL
Amsterdam,Amsterdam_T2,02:00:00:2a:db:3c,2026-08-15 04:23:41,22.3,52.347729,4.941162,0,Amsterdam,NL
Amsterdam,Amsterdam_T2,02:00:00:7a:89:24,2026-08-15 04:20:00,22.8,52.348087,4.941446,0,Amsterdam,NL
Amsterdam,Amsterdam_T2,02:00:00:13:3c:4c,2026-08-15 04:25:24,21.1,52.3399512086528,4.96276274283001,2,Diemen,NL
Amsterdam,Amsterdam_T2,02:00:00:bd:c0:be,2026-08-15 04:21:13,22.2,52.350442,4.98087900000004,6,Diemen,NL
Amsterdam,Amsterdam_T2,02:00:00:c2:2e:4a,2026-08-15 04:28:59,20.4,52.351406,5.001968,0,Amsterdam,NL
Amsterdam,Amsterdam_T2,02:00:00:5f:2d:ec,2026-08-15 04:26:20,20.4,52.350554,5.003617,0,Amsterdam,NL
Amsterdam,Amsterdam_T2,02:00:00:5e:f9:38,2026-08-15 04:19:58,21.4,52.354861,4.832611,0,Amsterdam,NL
Amsterdam,Amsterdam_T2,02:00:00:af:7d:bc,2026-08-15 04:28:59,20.8,52.3570713933203,4.84621300000002,5,Amsterdam,NL
Amsterdam,Amsterdam_T2,02:00:00:63:33:0c,2026-08-15 04:27:52,21.7,52.365672,4.85523999999998,1,Amsterdam,NL
Amsterdam,Amsterdam_T2,02:00:00:5f:10:56,2026-08-15 04:23:33,21.1,52.3575455,4.8667305,4,Amsterdam,NL
Amsterdam,Amsterdam_T2,02:00:00:b5:9e:5c,2026-08-15 04:22:23,22.1,52.355088,4.871859,6,Amsterdam,NL
Amsterdam,Amsterdam_T2,02:00:00:7a:85:20,2026-08-15 04:21:57,21.5,52.354887,4.876879,4,Amsterdam,NL
Amsterdam,Amsterdam_T2,02:00:00:84:70:f8,2026-08-15 04:23:55,20.8,52.359384,4.876766,8,Amsterdam,NL
Amsterdam,Amsterdam_T2,02:00:00:b5:54:dc,2026-08-15 04:28:25,22.0,52.3564,4.8802,2,Amsterdam,NL
Amsterdam,Amsterdam_T2,02:00:00:02:b1:be,2026-08-15 04:20:49,20.8,52.3573648188524,4.89851619487149,4,Amsterdam,NL
Amsterdam,Amsterdam_T2,02:00:00:c2:89:be,2026-08-15 04:20:52,21.7,52.3598411999999,4.91065000000002,3,Amsterdam,NL
Amsterdam,Amsterdam_T2,02:00:00:6b:61:d4,2026-08-15 04:26:35,21.5,52.365306,4.907578,6,Amsterdam,NL
Amsterdam,Amsterdam_T2,02:00:00:04:a6:8a,2026-08-15 04:22:51,21.7,52.3607,4.9243,1,Amsterdam,NL
Amsterdam,Amsterdam_T2,02:00:00:b2:b2:58,2026-08-15 04:22:26,20.7,52.357371,4.926031,3,Amsterdam,NL
Amsterdam,Amsterdam_T2,02:00:00:9b:51:e4,2026-08-15 04:20:49,20.6,52.360158,4.925819,2,Amsterdam,NL
Amsterdam,Amsterdam_T2,02:00:00:3f:6a:62,2026-08-15 04:21:50,22.3,52.363079,4.979751,0,Amsterdam,NL
Amsterdam,Amsterdam_T2,02:00:00:b2:c1:1a,2026-08-15 04:21:48,22.6,52.359813,4.995219,0,Amsterdam,NL
Amsterdam,Amsterdam_T2,02:00:00:83:d1:bc,2026-08-15 04:23:42,25.6,52.373107,4.810869,0,Amsterdam,NL
Amsterdam,Amsterdam_T2,02:00:00:83:eb:6a,2026-08-15 04:29:39,22.1,52.3771819548297,4.818619891921,1,Amsterdam,NL
Amsterdam,Amsterdam_T2,02:00:00:1b:1b:36,2026-08-15 04:24:06,23.7,52.374821,4.822411,3,Amsterdam,NL
Amsterdam,Amsterdam_T2,02:00:00:53:50:72,2026-08-15 04:25:14,20.9,52.375709,4.83394,1,Amsterdam,NL
Amsterdam,Amsterdam_T2,02:00:00:af:8c:48,2026-08-15 04:26:21,19.4,52.379386,4.839399,2,Amsterdam,NL
Amsterdam,Amsterdam_T2,02:00:00:7a:7d:7c,2026-08-15 04:26:18,20.0,52.376183,4.8480215,3,Amsterdam,NL
Amsterdam,Amsterdam_T2,02:00:00:2b:49:82,2026-08-15 04:24:17,22.7,52.3727766,4.8646089,4,Amsterdam,NL
Amsterdam,Amsterdam_T2,02:00:00:71:1d:7e,2026-08-15 04:25:51,21.2,52.3796,4.8778,1,Amsterdam,NL
Amsterdam,Amsterdam_T2,02:00:00:af:9a:18,2026-08-15 04:26:13,21.9,52.371666,4.881638,9,Amsterdam,NL
Amsterdam,Amsterdam_T2,02:00:00:b8:e7:f0,2026-08-15 04:25:09,21.7,52.371671,4.887671,9,Amsterdam,NL
Amsterdam,Amsterdam_T2,02:00:00:00:83:86,2026-08-15 04:19:35,21.9,52.3824005126953,4.89949989318848,1,Amsterdam,NL
Amsterdam,Amsterdam_T2,02:00:00:6b:3b:94,2026-08-15 04:19:54,20.5,52.3824,4.8995,5,Amsterdam,NL
Amsterdam,Amsterdam_T2,02:00:00:27:4a:1c,2026-08-15 04:22:45,21.1,52.3824,4.8995,5,Amsterdam,NL
Amsterdam,Amsterdam_T2,02:00:00:9b:59:de,2026-08-15 04:21:25,21.4,52.369161,4.9326972000001,4,Amsterdam,NL
Amsterdam,Amsterdam_T2,02:00:00:bd:07:a6,2026-08-15 04:29:10,20.3,52.375199,4.931954,1,Amsterdam,NL
Amsterdam,Amsterdam_T2,02:00:00:65:41:06,2026-08-15 04:26:10,20.1,52.379093,4.927459,4,Amsterdam,NL
Amsterdam,Amsterdam_T2,02:00:00:c6:26:24,2026-08-15 04:19:45,21.8,52.3731658712137,4.96877610683441,1,Amsterdam,NL
Amsterdam,Amsterdam_T2,02:00:00:ab:e3:52,2026-08-15 04:27:30,20.2,52.3907,4.86369999999998,4,Amsterdam,NL
Amsterdam,Amsterdam_T2,02:00:00:36:9f:fe,2026-08-15 04:29:50,20.9,52.383123,4.874172,6,Amsterdam,NL
Amsterdam,Amsterdam_T2,02:00:00:84:46:e2,2026-08-15 04:21:13,21.0,52.3929199123918,4.88645911216736,0,Amsterdam,NL
Amsterdam,Amsterdam_T2,02:00:00:01:29:cc,2026-08-15 04:27:59,20.1,52.385014,4.891942,2,Amsterdam,NL
Amsterdam,Amsterdam_T2,02:00:00:9d:1b:ac,2026-08-15 04:27:51,21.6,52.386736,4.900561,4,Amsterdam,NL
Amsterdam,Amsterdam_T2,02:00:00:7f:be:6c,2026-08-15 04:23:49,20.7,52.385614,4.901338,2,Amsterdam,NL
Amsterdam,Amsterdam_T2,02:00:00:1c:5a:de,2026-08-15 04:28:48,22.0,52.3861524614255,4.90178911562291,1,Amsterdam,NL
Amsterdam,Amsterdam_T2,02:00:00:2a:d6:c6,2026-08-15 04:29:08,19.7,52.3936767578125,4.9279146194458,0,Amsterdam,NL
Amsterdam,Amsterdam_T2,02:00:00:58:da:86,2026-08-15 04:21:57,19.2,52.3937631533699,4.93177643254458,1,Amsterdam,NL
Amsterdam,Amsterdam_T2,02:00:00:53:1a:1a,2026-08-15 04:25:02,21.3,52.4043956578345,4.88842248916626,1,Amsterdam,NL
Amsterdam,Amsterdam_T2,02:00:00:65:70:14,2026-08-15 04:13:17,20.3,52.406578,4.898823,3,Amsterdam,NL
Amsterdam,Amsterdam_T2,02:00:00:84:9d:b8,2026-08-15 04:27:40,18.9,52.409513391525,4.90777124931917,3,Amsterdam,NL
Amsterdam,Amsterdam_T2,02:00:00:9b:5a:46,2026-08-15 04:21:46,19.1,52.4092,4.911,1,Amsterdam,NL
Amsterdam,Amsterdam_T2,02:00:00:7f:d5:6c,2026-08-15 04:27:08,20.1,52.407289,4.935319,0,Amsterdam,NL
Amsterdam,Amsterdam_T2,02:00:00:63:2c:2a,2026-08-15 04:29:01,20.5,52.402984,4.945694,2,Amsterdam,NL
Amsterdam,Amsterdam_T2,02:00:00:63:32:ca,2026-08-15 04:28:27,20.2,52.400011,4.948339,0,Amsterdam,NL
Amsterdam,Amsterdam_T2,02:00:00:84:a0:80,2026-08-15 04:22:55,19.3,52.414189,4.871251,1,Amsterdam,NL
Amsterdam,Amsterdam_T2,02:00:00:70:5a:82,2026-08-15 04:21:25,19.3,52.420749,4.893155,0,Amsterdam,NL
Amsterdam,Amsterdam_T2,02:00:00:bd:c8:28,2026-08-15 04:25:59,19.9,52.4225551,4.8995336,0,Amsterdam,NL
Amsterdam,Amsterdam_T2,02:00:00:bd:d6:68,2026-08-15 04:28:12,19.3,52.4134732394671,5.02463681500691,0,Amsterdam,NL
Amsterdam,Amsterdam_T2,02:00:00:b2:be:dc,2026-08-15 04:22:18,18.7,52.4336802968209,4.80540275573731,0,Zaanstad,NL
Amsterdam,Amsterdam_T2,02:00:00:84:7f:c4,2026-08-15 04:26:59,18.7,52.4315445597503,4.8274827003479,2,Zaandam,NL
Amsterdam,Amsterdam_T2,02:00:00:c3:9d:f2,2026-08-15 04:27:04,20.0,52.432236,4.828755,2,Zaandam,NL
Amsterdam,Amsterdam_T2,02:00:00:63:1e:a2,2026-08-15 04:29:16,19.2,52.432955,4.829382,3,Zaandam,NL
Amsterdam,Amsterdam_T2,02:00:00:a4:5d:e2,2026-08-15 04:26:14,19.4,52.429596,4.834617,2,Zaandam,NL
Amsterdam,Amsterdam_T2,02:00:00:04:60:50,2026-08-15 04:23:36,20.2,52.4362386996961,4.8581631145293,0,Oostzaan,NL
Amsterdam,Amsterdam_T2,02:00:00:01:16:2a,2026-08-15 04:23:42,20.2,52.434544,4.873619,0,Oostzaan,NL
Amsterdam,Amsterdam_T2,02:00:00:b2:a7:20,2026-08-15 04:28:34,19.3,52.4381484985352,4.87386560440063,1,Oostzaan,NL
Amsterdam,Amsterdam_T2,02:00:00:b5:05:fe,2026-08-15 04:28:19,20.4,52.43446,4.876556,0,Oostzaan,NL
Amsterdam,Amsterdam_T2,02:00:00:b8:ec:c0,2026-08-15 04:29:25,19.6,52.434645,4.88352290000002,0,Oostzaan,NL
Amsterdam,Amsterdam_T2,02:00:00:a4:16:16,2026-08-15 04:29:12,18.7,52.437968,4.884335,1,Oostzaan,NL
Amsterdam,Amsterdam_T2,02:00:00:84:97:78,2026-08-15 04:21:42,19.5,52.4303782,4.9118837,0,Landsmeer,NL
Amsterdam,Amsterdam_T2,02:00:00:7f:8e:40,2026-08-15 04:21:19,20.1,52.4295166584759,4.91431653499603,1,Landsmeer,NL
Amsterdam,Amsterdam_T2,02:00:00:19:9f:a0,2026-08-15 04:28:48,19.8,52.42952,4.922538,2,Landsmeer,NL
Amsterdam,Amsterdam_T2,02:00:00:84:5b:ba,2026-08-15 04:23:17,19.3,52.425954,4.955471,0,Watergang,NL
Amsterdam,Amsterdam_T2,02:00:00:b2:a8:40,2026-08-15 04:25:07,19.7,52.4277367607842,4.97108750037114,0,Watergang,NL
Amsterdam,Amsterdam_T2,02:00:00:58:c1:a2,2026-08-15 04:27:05,19.2,52.427962,4.971568,0,Watergang,NL
Amsterdam,Amsterdam_T2,02:00:00:03:66:0a,2026-08-15 04:27:10,19.2,52.435455,4.998643,0,Waterland,NL
Amsterdam,Amsterdam_T2,02:00:00:c5:39:e6,2026-08-15 04:20:53,19.3,52.4318871,5.00355289999993,0,Waterland,NL
Amsterdam,Amsterdam_T2,02:00:00:74:2f:bc,2026-08-15 04:26:28,20.3,52.441813,4.800982,2,Zaandam,NL
Amsterdam,Amsterdam_T2,02:00:00:28:b4:66,2026-08-15 04:22:56,19.0,52.44171,4.801541,2,Zaandam,NL
Amsterdam,Amsterdam_T2,02:00:00:90:6d:84,2026-08-15 04:22:19,19.3,52.451797,4.81541440000003,0,Zaandam,NL
Amsterdam,Amsterdam_T2,02:00:00:84:6d:0c,2026-08-15 04:22:57,19.5,52.451021,4.819376,0,Zaandam,NL
Amsterdam,Amsterdam_T2,02:00:00:64:1b:8a,2026-08-15 04:29:08,20.1,52.44757,4.87087999999997,0,Oostzaan,NL
Amsterdam,Amsterdam_T2,02:00:00:70:48:54,2026-08-15 04:26:14,19.0,52.4493083,4.87009850000007,0,Oostzaan,NL
Amsterdam,Amsterdam_T2,02:00:00:70:51:98,2026-08-15 04:27:30,18.8,52.449376,4.873678,0,Oostzaan,NL
Amsterdam,Amsterdam_T2,02:00:00:8d:e0:2e,2026-08-15 04:20:21,19.4,52.453716,5.033896,1,Monnickendam,NL
Amsterdam,Amsterdam_T2,02:00:00:65:7b:60,2026-08-15 04:20:28,19.8,52.45517,4.796338,0,Koog aan de Zaan,NL
Amsterdam,Amsterdam_T2,02:00:00:65:85:14,2026-08-15 04:20:15,19.1,52.460911,4.798072,0,Koog aan de Zaan,NL
Amsterdam,Amsterdam_T2,02:00:00:70:59:8a,2026-08-15 04:23:25,19.7,52.461746,4.800009,0,Zaanstad,NL
Amsterdam,Amsterdam_T2,02:00:00:b2:a4:56,2026-08-15 04:28:38,19.8,52.458013,4.806933,1,Koog aan de Zaan,NL
Amsterdam,Amsterdam_T2,02:00:00:12:55:1a,2026-08-15 04:22:30,21.9,52.4596497323282,4.81831419827456,3,Zaanstad,NL
Amsterdam,Amsterdam_T2,02:00:00:83:c1:36,2026-08-15 04:27:32,20.4,52.46779,4.833544,2,Zaandam,NL
Amsterdam,Amsterdam_T2,02:00:00:65:59:44,2026-08-15 04:22:14,20.5,52.46492,4.947995,0,Landsmeer,NL
Amsterdam,Amsterdam_T2,02:00:00:36:b5:10,2026-08-15 04:20:27,19.0,52.4607855,5.0354233,5,Waterland,NL
Amsterdam,Amsterdam_T2,02:00:00:74:32:a4,2026-08-15 04:27:56,20.9,52.4731842031282,4.79222238063812,0,Zaandijk,NL
Amsterdam,Amsterdam_T2,02:00:00:83:fe:54,2026-08-15 04:21:17,19.5,52.473273,4.792316,1,Zaandijk,NL
Amsterdam,Amsterdam_T2,02:00:00:af:6e:4c,2026-08-15 04:22:47,19.3,52.472511,4.809806,1,Zaandijk,NL
Amsterdam,Amsterdam_T2,02:00:00:14:3f:f0,2026-08-15 04:23:48,19.3,52.478533,4.808805,0,Zaandijk,NL
Amsterdam,Amsterdam_T2,02:00:00:ab:f0:04,2026-08-15 04:21:34,19.8,52.4732402,4.82852159999997,1,Zaanstad,NL
Amsterdam,Amsterdam_T4,02:00:00:74:07:28,2026-08-15 04:26:05,19.5,52.145235,5.210172,10,Bilthoven,NL
Amsterdam,Amsterdam_T4,02:00:00:c2:35:ac,2026-08-15 04:26:41,19.4,52.1459370151422,5.21551547366956,7,Bilthoven,NL
Amsterdam,Amsterdam_T4,02:00:00:7f:c4:6a,2026-08-15 04:26:25,21.1,52.1425225952839,5.23391006287104,10,Zeist,NL
Amsterdam,Amsterdam_T4,02:00:00:74:64:38,2026-08-15 04:29:16,21.6,52.1411243623068,5.23903367633706,11,Zeist,NL
Amsterdam,Amsterdam_T4,02:00:00:5f:15:c0,2026-08-15 04:28:12,19.3,52.16024,5.215069,6,Bilthoven,NL
Amsterdam,Amsterdam_T4,02:00:00:a2:74:3e,2026-08-15 04:23:00,20.6,52.1600980139711,5.28715847486947,6,Soest,NL
Amsterdam,Amsterdam_T4,02:00:00:7a:8f:48,2026-08-15 04:22:22,21.9,52.161646,5.287263,6,Soest,NL
Amsterdam,Amsterdam_T4,02:00:00:31:ea:a8,2026-08-15 04:28:03,20.1,52.166694,5.293944,4,Soest,NL
Amsterdam,Amsterdam_T4,02:00:00:28:9f:7a,2026-08-15 04:27:52,23.6,52.159431,5.300399,7,Soest,NL
Amsterdam,Amsterdam_T4,02:00:00:03:b6:1e,2026-08-15 04:20:37,22.8,52.160626,5.3011,7,Soest,NL
Amsterdam,Amsterdam_T4,02:00:00:a2:74:d8,2026-08-15 04:28:44,21.5,52.159536,5.30479100000001,8,Soest,NL
Amsterdam,Amsterdam_T4,02:00:00:00:4a:16,2026-08-15 04:24:55,19.4,52.158649,5.33553899999997,6,Soest,NL
Amsterdam,Amsterdam_T4,02:00:00:9d:12:d6,2026-08-15 04:26:32,20.4,52.173973,5.267367,3,Soest,NL
Amsterdam,Amsterdam_T4,02:00:00:83:cc:cc,2026-08-15 04:21:41,20.4,52.1690789466029,5.27412414550781,2,Soest,NL
Amsterdam,Amsterdam_T4,02:00:00:1e:02:2c,2026-08-15 04:24:29,21.9,52.1752333,5.2742121,3,Soest,NL
Amsterdam,Amsterdam_T4,02:00:00:a9:e6:ca,2026-08-15 04:23:27,20.0,52.1806831359863,5.27848291397095,7,Soest,NL
Amsterdam,Amsterdam_T4,02:00:00:c2:40:46,2026-08-15 04:29:44,24.2,52.1801791426243,5.30147091530403,12,Soest,NL
Amsterdam,Amsterdam_T4,02:00:00:b0:a0:da,2026-08-15 04:22:05,20.2,52.167778,5.311431,6,Soest,NL
Amsterdam,Amsterdam_T4,02:00:00:c3:a7:7e,2026-08-15 04:21:54,20.6,52.1838930347472,5.27600772213758,5,Soest,NL
Amsterdam,Amsterdam_T4,02:00:00:7a:b5:60,2026-08-15 04:22:50,20.7,52.189513,5.28451299999998,7,Soest,NL
Amsterdam,Amsterdam_T4,02:00:00:6b:5e:00,2026-08-15 04:28:27,20.5,52.18958,5.285416,3,Soest,NL
Amsterdam,Amsterdam_T4,02:00:00:b5:a7:2e,2026-08-15 04:20:34,20.5,52.204551,5.29403400000005,4,Baarn,NL
Amsterdam,Amsterdam_T4,02:00:00:74:36:ec,2026-08-15 04:29:50,22.5,52.1987916,5.29681810000006,0,Baarn,NL
Amsterdam,Amsterdam_T4,02:00:00:05:5e:4c,2026-08-15 04:20:57,21.6,52.208508,5.285955,8,Baarn,NL
Amsterdam,Amsterdam_T4,02:00:00:5e:ff:d6,2026-08-15 04:24:17,22.0,52.2067815282989,5.29985652570758,2,Baarn,NL
Amsterdam,Amsterdam_T4,02:00:00:19:19:4c,2026-08-15 04:28:42,20.7,52.20251,5.304628,2,Baarn,NL
Amsterdam,Amsterdam_T4,02:00:00:03:a5:92,2026-08-15 04:25:59,20.8,52.205826,5.303774,1,Baarn,NL
Amsterdam,Amsterdam_T4,02:00:00:9b:5d:8c,2026-08-15 04:20:52,20.8,52.2144057,5.2672261,15,Baarn,NL
Amsterdam,Amsterdam_T4,02:00:00:53:56:18,2026-08-15 04:27:20,21.3,52.216041,5.267333,13,Baarn,NL
Amsterdam,Amsterdam_T4,02:00:00:a9:54:cc,2026-08-15 04:29:52,22.3,52.220841,5.27057,3,Baarn,NL
Amsterdam,Amsterdam_T4,02:00:00:73:a9:6a,2026-08-15 04:23:37,20.1,52.211376,5.2808995,14,Baarn,NL
Amsterdam,Amsterdam_T4,02:00:00:b5:a6:f4,2026-08-15 04:25:41,20.9,52.2157187,5.28150870000002,6,Baarn,NL
Amsterdam,Amsterdam_T4,02:00:00:9b:5f:dc,2026-08-15 04:27:20,22.1,52.2212383821664,5.28185230527447,3,Baarn,NL
Amsterdam,Amsterdam_T4,02:00:00:90:7d:3c,2026-08-15 04:29:09,21.0,52.214039,5.301358,4,Baarn,NL
Amsterdam,Amsterdam_T4,02:00:00:29:0c:f2,2026-08-15 04:26:37,21.4,52.227555,5.08386,0,Kortenhoef,NL
Amsterdam,Amsterdam_T4,02:00:00:2c:bd:b2,2026-08-15 04:21:34,21.3,52.2356,5.1103,1,Kortenhoef,NL
Amsterdam,Amsterdam_T4,02:00:00:04:93:66,2026-08-15 04:21:49,22.1,52.2312,5.1544,18,Hilversum,NL
Amsterdam,Amsterdam_T4,02:00:00:70:52:52,2026-08-15 04:24:01,21.2,52.2312,5.1544,17,Hilversum,NL
Amsterdam,Amsterdam_T4,02:00:00:70:55:58,2026-08-15 04:23:54,22.3,52.2351843,5.1552920000001,12,Hilversum,NL
Amsterdam,Amsterdam_T4,02:00:00:74:75:84,2026-08-15 04:22:50,21.8,52.230074,5.157847,10,Hilversum,NL
Amsterdam,Amsterdam_T4,02:00:00:c3:92:12,2026-08-15 04:29:25,20.7,52.238763,5.16284799999995,17,Hilversum,NL
Amsterdam,Amsterdam_T4,02:00:00:7a:ef:d6,2026-08-15 04:21:09,21.6,52.2281928,5.17709320000006,4,Hilversum,NL
Amsterdam,Amsterdam_T4,02:00:00:65:71:1c,2026-08-15 04:28:17,22.2,52.234066,5.179928,8,Hilversum,NL
Amsterdam,Amsterdam_T4,02:00:00:a4:38:20,2026-08-15 04:26:20,24.5,52.2281,5.198,7,Hilversum,NL
Amsterdam,Amsterdam_T4,02:00:00:b2:bd:2c,2026-08-15 04:26:22,21.3,52.225197,5.201846,7,Hilversum,NL
Amsterdam,Amsterdam_T4,02:00:00:7f:b5:f0,2026-08-15 04:27:19,20.7,52.244442,5.115084,0,Kortenhoef,NL
Amsterdam,Amsterdam_T4,02:00:00:b8:ef:e6,2026-08-15 04:28:29,20.5,52.244014,5.117409,0,Kortenhoef,NL
Amsterdam,Amsterdam_T4,02:00:00:a4:38:70,2026-08-15 04:29:36,20.9,52.250536,5.224434,6,Laren,NL
Amsterdam,Amsterdam_T4,02:00:00:83:7e:f0,2026-08-15 04:23:39,22.6,52.251473,5.219376,10,Laren,NL
Amsterdam,Amsterdam_T4,02:00:00:74:2a:78,2026-08-15 04:22:19,20.3,52.248047,5.251525,0,Eemnes,NL
Amsterdam,Amsterdam_T4,02:00:00:63:24:3c,2026-08-15 04:21:37,21.2,52.249223,5.25385,2,Eemnes,NL
Amsterdam,Amsterdam_T4,02:00:00:73:e8:cc,2026-08-15 04:20:40,19.8,52.248071,5.255225,0,Eemnes,NL
Amsterdam,Amsterdam_T4,02:00:00:02:7b:da,2026-08-15 04:23:03,21.5,52.2670890638603,5.13611126961837,1,Hilversum,NL
Amsterdam,Amsterdam_T4,02:00:00:02:3e:4c,2026-08-15 04:27:10,21.4,52.26342,5.16939000000001,7,Bussum,NL
Amsterdam,Amsterdam_T4,02:00:00:5f:48:72,2026-08-15 04:22:43,20.9,52.265510559082,5.18823289871216,14,Gooise Meren,NL
Amsterdam,Amsterdam_T4,02:00:00:7f:98:f0,2026-08-15 04:25:06,20.4,52.260707,5.221112,11,Laren,NL
Amsterdam,Amsterdam_T4,02:00:00:1f:80:64,2026-08-15 04:19:26,20.7,52.2607512784917,5.22108647843914,11,Laren,NL
Amsterdam,Amsterdam_T4,02:00:00:53:3c:cc,2026-08-15 04:20:58,21.8,52.260924,5.230403,6,Laren,NL
Amsterdam,Amsterdam_T4,02:00:00:3a:09:c4,2026-08-15 04:25:43,19.6,52.257431,5.233823,4,Laren,NL
Amsterdam,Amsterdam_T4,02:00:00:84:4f:78,2026-08-15 04:25:41,20.0,52.256795,5.244953,5,Blaricum,NL
Amsterdam,Amsterdam_T4,02:00:00:3d:1b:a8,2026-08-15 04:24:51,23.3,52.2585411,5.2542984,1,Eemnes,NL
Amsterdam,Amsterdam_T4,02:00:00:90:d0:a8,2026-08-15 04:22:42,21.5,52.25711,5.25711,0,Eemnes,NL
Amsterdam,Amsterdam_T4,02:00:00:27:78:d4,2026-08-15 04:24:37,22.5,52.270871,5.135441,2,Hilversum,NL
Amsterdam,Amsterdam_T4,02:00:00:2e:9f:24,2026-08-15 04:26:35,22.4,52.268835,5.136366,0,Hilversum,NL
Amsterdam,Amsterdam_T4,02:00:00:65:51:5c,2026-08-15 04:20:45,21.3,52.272394,5.138071,0,Hilversum,NL
Amsterdam,Amsterdam_T4,02:00:00:71:49:c2,2026-08-15 04:23:36,22.3,52.2763932669278,5.16216874122619,4,Bussum,NL
Amsterdam,Amsterdam_T4,02:00:00:5e:fc:ba,2026-08-15 04:28:26,21.6,52.2813847125862,5.1640435942111,2,Bussum,NL
Amsterdam,Amsterdam_T4,02:00:00:02:e5:72,2026-08-15 04:22:21,21.6,52.2774,5.1728,6,Bussum,NL
Amsterdam,Amsterdam_T4,02:00:00:53:19:a4,2026-08-15 04:20:04,22.6,52.27287,5.181633,9,Bussum,NL
Amsterdam,Amsterdam_T4,02:00:00:02:f7:80,2026-08-15 04:22:15,21.4,52.2738866862178,5.18508174396095,9,Gooise Meren,NL
Amsterdam,Amsterdam_T4,02:00:00:3a:0f:10,2026-08-15 04:26:07,21.7,52.269676,5.186201,11,Gooise Meren,NL
Amsterdam,Amsterdam_T4,02:00:00:ab:e1:94,2026-08-15 04:26:25,22.1,52.273692,5.2380480000001,9,Blaricum,NL
Amsterdam,Amsterdam_T4,02:00:00:2e:a7:74,2026-08-15 04:29:59,21.4,52.296135,5.067416,0,Weesp,NL
Amsterdam,Amsterdam_T4,02:00:00:27:2a:1e,2026-08-15 04:27:21,20.2,52.2833510592975,5.10046184062958,0,Weesp,NL
Amsterdam,Amsterdam_T4,02:00:00:63:0e:70,2026-08-15 04:27:04,21.4,52.283004,5.150282,3,Gooise Meren,NL
Amsterdam,Amsterdam_T4,02:00:00:74:34:48,2026-08-15 04:24:54,21.0,52.285847,5.145681,0,Naarden,NL
Amsterdam,Amsterdam_T4,02:00:00:00:e6:96,2026-08-15 04:20:59,21.3,52.2874298064609,5.14652182865052,1,Naarden,NL
Amsterdam,Amsterdam_T4,02:00:00:22:de:fe,2026-08-15 04:22:27,21.9,52.284047,5.1598064,3,Naarden,NL
Amsterdam,Amsterdam_T4,02:00:00:12:c6:f0,2026-08-15 04:22:26,21.1,52.2862021,5.16103320000002,4,Gooise Meren,NL
Amsterdam,Amsterdam_T4,02:00:00:36:e2:9a,2026-08-15 04:23:46,20.8,52.284748,5.165268,0,Naarden,NL
Amsterdam,Amsterdam_T4,02:00:00:bc:aa:94,2026-08-15 04:28:00,22.0,52.285146,5.180716,3,Naarden,NL
Amsterdam,Amsterdam_T4,02:00:00:31:bf:48,2026-08-15 04:25:21,23.0,52.292902,5.191829,9,Huizen,NL
Amsterdam,Amsterdam_T4,02:00:00:c3:75:7e,2026-08-15 04:25:15,20.6,52.294065,5.219145,18,Huizen,NL
Amsterdam,Amsterdam_T4,02:00:00:c3:a9:aa,2026-08-15 04:22:26,22.4,52.2941,5.228617,13,Huizen,NL
Amsterdam,Amsterdam_T4,02:00:00:b5:96:2e,2026-08-15 04:27:03,20.6,52.291742,5.231742,6,Huizen,NL
Amsterdam,Amsterdam_T4,02:00:00:c5:83:7c,2026-08-15 04:28:24,21.0,52.287618,5.249953,2,Huizen,NL
Amsterdam,Amsterdam_T4,02:00:00:71:29:4c,2026-08-15 04:24:13,20.9,52.285304,5.258427,4,Blaricum,NL
Amsterdam,Amsterdam_T4,02:00:00:c3:a4:48,2026-08-15 04:24:38,20.9,52.2875773951352,5.25933862877475,5,Huizen,NL
Amsterdam,Amsterdam_T4,02:00:00:27:36:90,2026-08-15 04:22:44,22.8,52.286104,5.261744,5,Blaricum,NL
Amsterdam,Amsterdam_T4,02:00:00:06:8d:38,2026-08-15 04:22:24,20.9,52.28867,5.27809999999999,0,Blaricum,NL
Amsterdam,Amsterdam_T4,02:00:00:00:cc:3c,2026-08-15 04:22:52,22.6,52.292528,5.275142,0,Blaricum,NL
Amsterdam,Amsterdam_T4,02:00:00:27:3c:46,2026-08-15 04:22:37,20.8,52.293862,5.278167,0,Blaricum,NL
Amsterdam,Amsterdam_T4,02:00:00:b2:b0:92,2026-08-15 04:22:09,21.1,52.3079845,5.14825859999996,2,Gooise Meren,NL
Amsterdam,Amsterdam_T4,02:00:00:03:a1:fe,2026-08-15 04:25:50,21.7,52.310783,5.15064599999999,1,Naarden,NL
Amsterdam,Amsterdam_T4,02:00:00:bd:d1:56,2026-08-15 04:27:32,21.6,52.3085038,5.15708010000004,3,Naarden,NL
Amsterdam,Amsterdam_T4,02:00:00:52:e4:b0,2026-08-15 04:28:41,25.0,52.3021774291992,5.18526268005371,5,Gooise Meren,NL
Amsterdam,Amsterdam_T4,02:00:00:27:3e:7a,2026-08-15 04:29:27,21.1,52.297392,5.218971,10,Huizen,NL
Amsterdam,Amsterdam_T4,02:00:00:9c:fc:da,2026-08-15 04:23:31,21.9,52.29853,5.225884,8,Huizen,NL
Amsterdam,Amsterdam_T4,02:00:00:b0:a2:42,2026-08-15 04:21:16,21.9,52.298451,5.231098,8,Huizen,NL
Amsterdam,Amsterdam_T4,02:00:00:b5:14:dc,2026-08-15 04:22:04,22.0,52.300334,5.23821,4,Huizen,NL
Amsterdam,Amsterdam_T4,02:00:00:31:e3:f2,2026-08-15 04:22:05,23.0,52.302524,5.250574,2,Huizen,NL
Amsterdam,Amsterdam_T4,02:00:00:65:61:82,2026-08-15 04:20:19,22.2,52.29902,5.2517557,3,Huizen,NL
Amsterdam,Amsterdam_T4,02:00:00:90:e0:a0,2026-08-15 04:29:32,21.2,52.301278,5.25172,3,Huizen,NL
Amsterdam,Amsterdam_T4,02:00:00:b9:76:06,2026-08-15 04:26:08,20.9,52.2978005718795,5.27923109387971,2,Huizen,NL
Amsterdam,Amsterdam_T4,02:00:00:b5:b2:22,2026-08-15 04:28:23,19.8,52.180305,4.866178,0,Wilnis,NL
Amsterdam,Amsterdam_T4,02:00:00:b9:1f:00,2026-08-15 04:28:22,19.2,52.1843654615619,4.8412770498544,0,Mijdrecht,NL
Amsterdam,Amsterdam_T4,02:00:00:9c:de:20,2026-08-15 04:26:23,22.0,52.1958658,4.86264180000002,0,Mijdrecht,NL
Amsterdam,Amsterdam_T4,02:00:00:5f:44:8a,2026-08-15 04:23:26,20.8,52.1946220397949,4.864089012146,0,De Ronde Venen,NL
Amsterdam,Amsterdam_T4,02:00:00:39:f9:dc,2026-08-15 04:25:07,20.0,52.202356,4.852284,0,Mijdrecht,NL
Amsterdam,Amsterdam_T4,02:00:00:c2:8b:66,2026-08-15 04:26:17,22.1,52.2024134198857,4.86232912167743,0,De Ronde Venen,NL
Amsterdam,Amsterdam_T4,02:00:00:64:f2:e6,2026-08-15 04:26:18,20.6,52.202097,4.867608,0,Mijdrecht,NL
Amsterdam,Amsterdam_T4,02:00:00:36:9e:aa,2026-08-15 04:22:05,19.5,52.1987979923771,4.88789952274533,0,De Ronde Venen,NL
Amsterdam,Amsterdam_T4,02:00:00:c3:8b:28,2026-08-15 04:22:40,19.8,52.204623,4.888187,0,Wilnis,NL
Amsterdam,Amsterdam_T4,02:00:00:c5:42:aa,2026-08-15 04:26:32,20.3,52.2054895,4.89128179999998,0,Wilnis,NL
Amsterdam,Amsterdam_T4,02:00:00:05:ef:2e,2026-08-15 04:19:46,21.6,52.212317,4.861425,0,De Ronde Venen,NL
Amsterdam,Amsterdam_T4,02:00:00:c3:91:d0,2026-08-15 04:26:41,20.7,52.236612,4.807596,0,Uithoorn,NL
Amsterdam,Amsterdam_T4,02:00:00:7f:d0:c6,2026-08-15 04:21:00,20.4,52.234147,4.812691,0,Uithoorn,NL
Amsterdam,Amsterdam_T4,02:00:00:a4:24:e0,2026-08-15 04:27:43,21.7,52.238764,4.819495,0,Uithoorn,NL
Amsterdam,Amsterdam_T4,02:00:00:13:79:76,2026-08-15 04:25:57,20.2,52.233425,4.833803,4,Uithoorn,NL
Amsterdam,Amsterdam_T4,02:00:00:9c:dd:36,2026-08-15 04:23:18,21.1,52.237927,4.829257,0,Uithoorn,NL
Amsterdam,Amsterdam_T4,02:00:00:c2:87:00,2026-08-15 04:27:41,20.6,52.238525,4.967143,0,Vinkeveen,NL
Amsterdam,Amsterdam_T4,02:00:00:32:c6:08,2026-08-15 04:27:48,21.0,52.2411689758301,4.79375600814819,0,Uithoorn,NL
Amsterdam,Amsterdam_T4,02:00:00:58:75:48,2026-08-15 04:25:19,19.9,52.249742,4.801575,0,Uithoorn,NL
Amsterdam,Amsterdam_T4,02:00:00:31:ee:90,2026-08-15 04:29:45,23.0,52.2430443,4.81080739999993,0,Uithoorn,NL
Amsterdam,Amsterdam_T4,02:00:00:74:4d:d2,2026-08-15 04:24:45,21.2,52.252629,4.81731699999996,0,Uithoorn,NL
Amsterdam,Amsterdam_T4,02:00:00:af:23:1a,2026-08-15 04:25:37,22.5,52.24463,4.83123,0,Uithoorn,NL
Amsterdam,Amsterdam_T4,02:00:00:1c:81:58,2026-08-15 04:24:22,21.6,52.247325,4.836755,0,Uithoorn,NL
Amsterdam,Amsterdam_T4,02:00:00:a9:69:f8,2026-08-15 04:21:54,21.1,52.249231,4.963806,0,Vinkeveen,NL
Amsterdam,Amsterdam_T4,02:00:00:90:96:08,2026-08-15 04:25:54,20.6,52.25234,4.956786,0,Vinkeveen,NL
Amsterdam,Amsterdam_T4,02:00:00:a4:6b:32,2026-08-15 04:27:42,20.8,52.25339,4.959288,0,Vinkeveen,NL
Amsterdam,Amsterdam_T4,02:00:00:65:62:cc,2026-08-15 04:28:36,21.0,52.23966,4.972592,0,Vinkeveen,NL
Amsterdam,Amsterdam_T4,02:00:00:2e:95:68,2026-08-15 04:24:17,21.2,52.242711,5.04575,0,Vreeland,NL
Amsterdam,Amsterdam_T4,02:00:00:a4:37:4a,2026-08-15 04:23:33,20.8,52.2536454,5.04736049999997,0,Nederhorst den Berg,NL
Amsterdam,Amsterdam_T4,02:00:00:b8:ea:a2,2026-08-15 04:20:50,22.7,52.2659683227539,4.97129917144775,0,Abcoude,NL
Amsterdam,Amsterdam_T4,02:00:00:5e:d5:82,2026-08-15 04:27:59,23.1,52.2759595,4.7924495,0,Aalsmeer,NL
Amsterdam,Amsterdam_T4,02:00:00:7b:04:06,2026-08-15 04:29:56,21.6,52.277422,4.794365,0,Aalsmeer,NL
Amsterdam,Amsterdam_T4,02:00:00:52:f7:46,2026-08-15 04:26:20,21.1,52.279845,4.799226,0,Aalsmeer,NL
Amsterdam,Amsterdam_T4,02:00:00:af:5c:a8,2026-08-15 04:20:19,20.3,52.279588,4.807665,0,Aalsmeer,NL
Amsterdam,Amsterdam_T4,02:00:00:58:c4:5a,2026-08-15 04:22:29,20.8,52.27291,4.8268547,0,Amstelveen,NL
Amsterdam,Amsterdam_T4,02:00:00:65:54:ae,2026-08-15 04:30:01,21.5,52.275087,4.819074,0,,NL
Amsterdam,Amsterdam_T4,02:00:00:b5:b6:fe,2026-08-15 04:19:51,20.9,52.2803576108898,4.83137900000014,0,Amstelveen,NL
Amsterdam,Amsterdam_T4,02:00:00:2b:50:5e,2026-08-15 04:28:03,21.3,52.2791747,4.84435499999995,0,Amstelveen,NL
Amsterdam,Amsterdam_T4,02:00:00:b5:76:e0,2026-08-15 04:27:01,20.4,52.282039,4.845054,0,Amstelveen,NL
Amsterdam,Amsterdam_T4,02:00:00:b5:20:34,2026-08-15 04:25:21,25.8,52.270742,4.881992,0,Ouderkerk aan de Amstel,NL
Amsterdam,Amsterdam_T4,02:00:00:2a:d6:7a,2026-08-15 04:22:34,22.1,52.2696126098744,4.96684000945569,0,De Ronde Venen,NL
Amsterdam,Amsterdam_T4,02:00:00:02:b3:b8,2026-08-15 04:22:19,21.9,52.2708583441107,4.97803043918141,0,Abcoude,NL
Amsterdam,Amsterdam_T4,02:00:00:90:8f:d2,2026-08-15 04:29:00,20.1,52.28312,4.82091999999998,0,Amstelveen,NL
Amsterdam,Amsterdam_T4,02:00:00:a4:1c:84,2026-08-15 04:28:07,21.2,52.2838261,4.82931780000006,0,Amstelveen,NL
Amsterdam,Amsterdam_T4,02:00:00:52:c6:8a,2026-08-15 04:20:33,20.4,52.290750006649,4.8284928930409,0,Amstelveen,NL
Amsterdam,Amsterdam_T4,02:00:00:bd:f9:58,2026-08-15 04:29:16,21.7,52.283669,4.847141,0,Amstelveen,NL
Amsterdam,Amsterdam_T4,02:00:00:1d:e4:b2,2026-08-15 04:23:00,22.4,52.2832132669251,4.85250011221136,0,Amstelveen,NL
Amsterdam,Amsterdam_T4,02:00:00:b5:0c:6c,2026-08-15 04:28:18,22.6,52.29291,4.862722,0,Amstelveen,NL
Amsterdam,Amsterdam_T4,02:00:00:7f:c0:3a,2026-08-15 04:29:27,21.7,52.291911,4.864234,0,Amstelveen,NL
Amsterdam,Amsterdam_T4,02:00:00:01:9c:20,2026-08-15 04:28:09,20.5,52.290428,4.906343,4,Ouder-Amstel,NL
Amsterdam,Amsterdam_T4,02:00:00:58:bb:aa,2026-08-15 04:21:31,20.2,52.291399,4.906819,0,Ouder-Amstel,NL
Amsterdam,Amsterdam_T4,02:00:00:bd:fa:d8,2026-08-15 04:23:53,19.6,52.2940673828125,4.90632486343384,0,Ouder-Amstel,NL
Amsterdam,Amsterdam_T4,02:00:00:bd:bf:ee,2026-08-15 04:29:15,20.4,52.293971,4.969643,0,Amsterdam,NL
Amsterdam,Amsterdam_T4,02:00:00:a9:e1:5c,2026-08-15 04:23:58,20.6,52.2913856506348,4.98309993743896,0,Amsterdam,NL
Amsterdam,Amsterdam_T4,02:00:00:70:5c:6e,2026-08-15 04:28:23,20.4,52.295512,4.99334,1,Amsterdam,NL
Amsterdam,Amsterdam_T4,02:00:00:84:4f:60,2026-08-15 04:20:40,20.0,52.308615,4.846179,0,Amstelveen,NL
Amsterdam,Amsterdam_T4,02:00:00:36:a2:ee,2026-08-15 04:25:13,22.0,52.2997402181942,4.85346257686615,0,Amstelveen,NL
Amsterdam,Amsterdam_T4,02:00:00:7f:ed:f6,2026-08-15 03:44:49,23.8,52.3022440001073,4.85541709109702,0,Amstelveen,NL
Amsterdam,Amsterdam_T4,02:00:00:00:c8:ee,2026-08-15 04:24:17,21.4,52.3100964,4.85365419999994,0,Amstelveen,NL
Amsterdam,Amsterdam_T4,02:00:00:31:b5:52,2026-08-15 04:25:44,23.8,52.3018417358398,4.87595748901367,0,Amstelveen,NL
Amsterdam,Amsterdam_T4,02:00:00:2b:42:8e,2026-08-15 04:29:03,19.7,52.2987889273546,4.90443549467524,0,Ouderkerk aan de Amstel,NL
Amsterdam,Amsterdam_T4,02:00:00:01:3d:1e,2026-08-15 04:25:00,20.9,52.3109,4.9453,2,Amsterdam,NL
Amsterdam,Amsterdam_T4,02:00:00:53:58:44,2026-08-15 04:29:03,20.4,52.30087,4.959429,0,Amsterdam,NL
Amsterdam,Amsterdam_T4,02:00:00:bd:d6:82,2026-08-15 04:26:10,20.2,52.2994499206543,4.97056102752686,0,Amsterdam,NL
Amsterdam,Amsterdam_T4,02:00:00:b5:98:ba,2026-08-15 04:19:57,20.8,52.2985992431641,4.97279977798462,1,Amsterdam,NL
Amsterdam,Amsterdam_T4,02:00:00:90:bd:86,2026-08-15 04:28:23,20.7,52.305363,5.039419,5,Weesp,NL
Amsterdam,Amsterdam_T4,02:00:00:b5:73:e8,2026-08-15 04:20:37,20.7,52.301728,5.041241,0,Weesp,NL
Amsterdam,Amsterdam_T4,02:00:00:c3:de:1c,2026-08-15 04:21:48,21.0,52.3050727844238,5.04161167144775,2,Weesp,NL
Rotterdam,Rotterdam_T4,02:00:00:c2:34:94,2026-08-15 04:23:27,21.5,51.799317,4.558534,0,Puttershoek,NL
Rotterdam,Rotterdam_T4,02:00:00:bc:ca:a8,2026-08-15 04:27:43,21.4,51.8065071105957,4.559166431427,0,Puttershoek,NL
Rotterdam,Rotterdam_T4,02:00:00:12:80:42,2026-08-15 04:23:06,21.7,51.8035,4.5663,1,Puttershoek,NL
Rotterdam,Rotterdam_T4,02:00:00:bd:01:b0,2026-08-15 04:23:20,20.5,51.800308,4.578861,0,Puttershoek,NL
Rotterdam,Rotterdam_T4,02:00:00:04:5a:0a,2026-08-15 04:25:29,21.1,51.8028144836426,4.57104921340942,0,Hoeksche Waard,NL
Rotterdam,Rotterdam_T4,02:00:00:70:37:fe,2026-08-15 04:25:33,20.9,51.801144,4.652298,1,Dordrecht,NL
Rotterdam,Rotterdam_T4,02:00:00:01:82:34,2026-08-15 04:26:57,20.9,51.801489,4.666023,0,Dordrecht,NL
Rotterdam,Rotterdam_T4,02:00:00:65:55:2c,2026-08-15 04:22:57,21.0,51.804122,4.669069,0,Dordrecht,NL
Rotterdam,Rotterdam_T4,02:00:00:70:48:8e,2026-08-15 04:21:20,22.9,51.795653,4.671325,2,Dordrecht,NL
Rotterdam,Rotterdam_T4,02:00:00:a2:59:34,2026-08-15 04:28:02,20.6,51.794101,4.694167,0,Dordrecht,NL
Rotterdam,Rotterdam_T4,02:00:00:02:e6:40,2026-08-15 04:29:02,22.6,51.794481,4.702242,0,Dordrecht,NL
Rotterdam,Rotterdam_T4,02:00:00:05:ff:a0,2026-08-15 04:21:51,20.9,51.7949564,4.70649070000002,0,Dordrecht,NL
Rotterdam,Rotterdam_T4,02:00:00:73:c3:6a,2026-08-15 04:24:19,20.6,51.800587,4.721628,0,Dordrecht,NL
Rotterdam,Rotterdam_T4,02:00:00:2e:98:c2,2026-08-15 04:21:10,21.4,51.8027000427246,4.72160005569458,0,Dordrecht,NL
Rotterdam,Rotterdam_T4,02:00:00:ab:e3:7e,2026-08-15 04:23:59,21.5,51.7951201232099,4.73186731338501,1,Dordrecht,NL
Rotterdam,Rotterdam_T4,02:00:00:83:fd:8e,2026-08-15 04:28:51,20.4,51.8074509,4.57323399999998,0,Puttershoek,NL
Rotterdam,Rotterdam_T4,02:00:00:65:02:1c,2026-08-15 04:25:53,22.2,51.815606,4.596438,0,Zwijndrecht,NL
Rotterdam,Rotterdam_T4,02:00:00:6b:33:f6,2026-08-15 04:21:01,25.2,51.81689,4.6076784,2,Zwijndrecht,NL
Rotterdam,Rotterdam_T4,02:00:00:03:5d:90,2026-08-15 04:21:41,23.3,51.8145148947276,4.61673617362976,0,Zwijndrecht,NL
Rotterdam,Rotterdam_T4,02:00:00:a4:87:ca,2026-08-15 04:26:49,20.6,51.8068809509277,4.63342380523682,1,Zwijndrecht,NL
Rotterdam,Rotterdam_T4,02:00:00:06:79:9e,2026-08-15 04:20:07,21.1,51.8092263212837,4.63623495422598,0,Zwijndrecht,NL
Rotterdam,Rotterdam_T4,02:00:00:c3:73:86,2026-08-15 04:25:02,22.3,51.8150071,4.6373981,0,Zwijndrecht,NL
Rotterdam,Rotterdam_T4,02:00:00:58:eb:5a,2026-08-15 04:29:41,20.0,51.811073,4.65763,4,Dordrecht,NL
Rotterdam,Rotterdam_T4,02:00:00:31:e5:26,2026-08-15 04:28:26,22.5,51.8192398,4.6432847,1,Zwijndrecht,NL
Rotterdam,Rotterdam_T4,02:00:00:2d:0a:22,2026-08-15 04:22:35,21.9,51.820895,4.643838,0,Zwijndrecht,NL
Rotterdam,Rotterdam_T4,02:00:00:90:71:d0,2026-08-15 04:29:39,20.7,51.8089773,4.6692312,1,Dordrecht,NL
Rotterdam,Rotterdam_T4,02:00:00:53:19:f2,2026-08-15 04:24:37,22.9,51.81028,4.67508,2,Dordrecht,NL
Rotterdam,Rotterdam_T4,02:00:00:34:0a:40,2026-08-15 04:20:29,21.2,51.807678,4.678876,1,Dordrecht,NL
Rotterdam,Rotterdam_T4,02:00:00:02:f9:c0,2026-08-15 04:28:34,21.6,51.8075686,4.68831999999998,2,Dordrecht,NL
Rotterdam,Rotterdam_T4,02:00:00:33:e7:ec,2026-08-15 04:27:14,22.7,51.8094,4.6923,0,Dordrecht,NL
Rotterdam,Rotterdam_T4,02:00:00:b5:47:56,2026-08-15 04:28:05,23.7,51.818188,4.696665,0,Dordrecht,NL
Rotterdam,Rotterdam_T4,02:00:00:74:52:96,2026-08-15 04:21:12,21.1,51.808978,4.712347,1,Dordrecht,NL
Rotterdam,Rotterdam_T4,02:00:00:73:e7:5e,2026-08-15 04:26:17,20.5,51.812169,4.721084,3,Dordrecht,NL
Rotterdam,Rotterdam_T4,02:00:00:5f:2b:2a,2026-08-15 04:20:55,21.2,51.820938,4.776139,0,Sliedrecht,NL
Rotterdam,Rotterdam_T4,02:00:00:03:08:c4,2026-08-15 04:29:22,22.3,51.8260290881141,4.63469352136255,0,Zwijndrecht,NL
Rotterdam,Rotterdam_T4,02:00:00:b5:04:f6,2026-08-15 04:29:45,21.3,51.83483,4.63553300000004,0,Hendrik-Ido-Ambacht,NL
Rotterdam,Rotterdam_T4,02:00:00:2c:8b:68,2026-08-15 04:29:22,20.8,51.8317451477051,4.63917684555054,0,Hendrik-Ido-Ambacht,NL
Rotterdam,Rotterdam_T4,02:00:00:96:ed:3c,2026-08-15 04:27:09,20.9,51.82454,4.641504,1,Zwijndrecht,NL
Rotterdam,Rotterdam_T4,02:00:00:ab:be:ca,2026-08-15 04:29:56,20.8,51.831313,4.650972,0,Hendrik-Ido-Ambacht,NL
Rotterdam,Rotterdam_T4,02:00:00:90:5e:02,2026-08-15 04:23:50,20.8,51.8328687987182,4.65461719960314,0,Hendrik-Ido-Ambacht,NL
Rotterdam,Rotterdam_T4,02:00:00:9c:fc:66,2026-08-15 04:24:28,23.5,51.8301,4.6825104,0,Papendrecht,NL
Rotterdam,Rotterdam_T4,02:00:00:3f:04:fa,2026-08-15 04:25:37,21.2,51.830445,4.684899,0,Papendrecht,NL
Rotterdam,Rotterdam_T4,02:00:00:2e:f5:66,2026-08-15 04:20:37,22.3,51.8246479517936,4.69556886943296,3,Papendrecht,NL
Rotterdam,Rotterdam_T4,02:00:00:02:f8:d2,2026-08-15 04:29:48,20.3,51.830784,4.693737,0,Papendrecht,NL
Rotterdam,Rotterdam_T4,02:00:00:05:3a:d4,2026-08-15 04:23:43,20.1,51.835116,4.699154,0,Papendrecht,NL
Rotterdam,Rotterdam_T4,02:00:00:01:6c:ba,2026-08-15 04:22:52,20.2,51.832822,4.716019,0,Papendrecht,NL
Rotterdam,Rotterdam_T4,02:00:00:70:34:ce,2026-08-15 04:24:50,22.0,51.831527,4.727391,0,Papendrecht,NL
Rotterdam,Rotterdam_T4,02:00:00:a4:2f:a0,2026-08-15 04:24:53,20.3,51.834282,4.725904,0,Papendrecht,NL
Rotterdam,Rotterdam_T4,02:00:00:2f:14:6c,2026-08-15 04:27:14,20.1,51.827919,4.736224,0,Sliedrecht,NL
Rotterdam,Rotterdam_T4,02:00:00:7a:f4:24,2026-08-15 04:24:13,22.2,51.83135,4.73932,0,Sliedrecht,NL
Rotterdam,Rotterdam_T4,02:00:00:90:63:78,2026-08-15 04:21:35,18.8,51.829632,4.741648,0,Sliedrecht,NL
Rotterdam,Rotterdam_T4,02:00:00:2e:a2:60,2026-08-15 04:27:38,19.1,51.823319,4.769529,2,Sliedrecht,NL
Rotterdam,Rotterdam_T4,02:00:00:b9:51:62,2026-08-15 04:29:50,18.9,51.826993,4.768938,0,Sliedrecht,NL
Rotterdam,Rotterdam_T4,02:00:00:58:e7:dc,2026-08-15 04:25:42,20.2,51.82893,4.7746744,0,Sliedrecht,NL
Rotterdam,Rotterdam_T4,02:00:00:2b:47:3a,2026-08-15 04:28:06,21.5,51.8462791442871,4.50497102737427,0,Barendrecht,NL
Rotterdam,Rotterdam_T4,02:00:00:c3:9b:62,2026-08-15 04:20:49,21.4,51.849767,4.528578,0,Barendrecht,NL
Rotterdam,Rotterdam_T4,02:00:00:13:6d:1e,2026-08-15 04:27:59,21.4,51.8457068299844,4.53018609416509,0,Barendrecht,NL
Rotterdam,Rotterdam_T4,02:00:00:b2:be:c4,2026-08-15 04:21:28,22.0,51.8459598043435,4.54147573341344,0,Barendrecht,NL
Rotterdam,Rotterdam_T4,02:00:00:bd:ca:ee,2026-08-15 04:26:08,20.6,51.837578,4.56538,0,Zwijndrecht,NL
Rotterdam,Rotterdam_T4,02:00:00:53:51:ca,2026-08-15 04:23:40,22.2,51.8461,4.6222,0,Hendrik-Ido-Ambacht,NL
Rotterdam,Rotterdam_T4,02:00:00:65:6a:3c,2026-08-15 04:22:26,21.2,51.8427678236949,4.62538361549378,0,Hendrik-Ido-Ambacht,NL
Rotterdam,Rotterdam_T4,02:00:00:c3:9b:96,2026-08-15 04:29:37,22.5,51.8400840759277,4.62910270690918,0,Hendrik-Ido-Ambacht,NL
Rotterdam,Rotterdam_T4,02:00:00:bd:fd:d2,2026-08-15 04:26:18,22.6,51.8412863280112,4.64518904685974,0,Hendrik-Ido-Ambacht,NL
Rotterdam,Rotterdam_T4,02:00:00:1e:2a:48,2026-08-15 04:27:39,20.8,51.846038,4.644288,0,Hendrik-Ido-Ambacht,NL
Rotterdam,Rotterdam_T4,02:00:00:70:1d:3c,2026-08-15 04:21:26,21.7,51.8370724059415,4.64836530243054,0,Hendrik-Ido-Ambacht,NL
Rotterdam,Rotterdam_T4,02:00:00:83:fd:4e,2026-08-15 04:27:34,20.3,51.84061,4.6882443,0,Papendrecht,NL
Rotterdam,Rotterdam_T4,02:00:00:05:4f:b4,2026-08-15 04:24:22,19.9,51.837783,4.6947,0,Papendrecht,NL
Rotterdam,Rotterdam_T4,02:00:00:52:ce:60,2026-08-15 04:30:09,20.2,51.837197,4.695891,0,Papendrecht,NL
Rotterdam,Rotterdam_T4,02:00:00:58:d4:88,2026-08-15 04:29:59,20.7,51.845867,4.767669,0,Wijngaarden,NL
Rotterdam,Rotterdam_T4,02:00:00:b5:35:2e,2026-08-15 04:21:52,21.3,51.850944519043,4.50105762481689,0,Barendrecht,NL
Rotterdam,Rotterdam_T4,02:00:00:bd:e3:60,2026-08-15 04:28:18,21.5,51.850858,4.506823,0,Barendrecht,NL
Rotterdam,Rotterdam_T4,02:00:00:34:01:5c,2026-08-15 04:22:45,21.3,51.851647,4.50759,0,Barendrecht,NL
Rotterdam,Rotterdam_T4,02:00:00:c6:1e:9c,2026-08-15 04:21:49,21.4,51.8512913,4.5388609,0,Barendrecht,NL
Rotterdam,Rotterdam_T4,02:00:00:a4:78:e8,2026-08-15 04:25:14,20.4,51.850333,4.540042,2,Barendrecht,NL
Rotterdam,Rotterdam_T4,02:00:00:2b:53:10,2026-08-15 04:21:53,19.5,51.8507,4.5433,1,Barendrecht,NL
Rotterdam,Rotterdam_T4,02:00:00:b2:c8:82,2026-08-15 04:26:55,20.9,51.851793,4.551932,0,Barendrecht,NL
Rotterdam,Rotterdam_T4,02:00:00:70:48:58,2026-08-15 04:23:23,20.7,51.8629,4.6191,0,Ridderkerk,NL
Rotterdam,Rotterdam_T4,02:00:00:c2:3e:26,2026-08-15 04:26:24,20.7,51.8606071472168,4.62559986114502,0,Ridderkerk,NL
Rotterdam,Rotterdam_T4,02:00:00:9d:2a:ae,2026-08-15 04:26:09,22.3,51.8615989685059,4.67215013504028,0,Alblasserdam,NL
Rotterdam,Rotterdam_T4,02:00:00:b2:b0:7e,2026-08-15 04:29:48,24.3,51.863446,4.676466,0,Alblasserdam,NL
Rotterdam,Rotterdam_T4,02:00:00:52:df:62,2026-08-15 04:25:22,24.0,51.873433,4.51783,0,Rotterdam,NL
Rotterdam,Rotterdam_T4,02:00:00:a2:2b:36,2026-08-15 04:20:36,20.8,51.869744,4.528011,0,Rotterdam,NL
Rotterdam,Rotterdam_T4,02:00:00:5e:ff:d4,2026-08-15 04:20:41,23.3,51.8771436,4.5560899,0,Rotterdam,NL
Rotterdam,Rotterdam_T4,02:00:00:1c:85:22,2026-08-15 04:21:41,23.5,51.870378,4.58902600000004,0,Ridderkerk,NL
Rotterdam,Rotterdam_T4,02:00:00:00:63:40,2026-08-15 04:18:15,21.2,51.8693408421565,4.5906463265419,0,Ridderkerk,NL
Rotterdam,Rotterdam_T4,02:00:00:04:6c:20,2026-08-15 04:28:38,23.7,51.870793,4.599033,1,Ridderkerk,NL
Rotterdam,Rotterdam_T4,02:00:00:7f:aa:16,2026-08-15 04:27:46,24.7,51.86648,4.60157,1,Ridderkerk,NL
Rotterdam,Rotterdam_T4,02:00:00:2b:1a:52,2026-08-15 04:25:59,20.7,51.867130128204,4.61134004556698,0,Ridderkerk,NL
Rotterdam,Rotterdam_T4,02:00:00:7b:03:7e,2026-08-15 04:24:57,19.9,51.865452,4.621353,0,Ridderkerk,NL
Rotterdam,Rotterdam_T4,02:00:00:1e:29:ba,2026-08-15 04:27:31,20.4,51.8652853599595,4.62251235910136,0,Ridderkerk,NL
Rotterdam,Rotterdam_T4,02:00:00:37:16:28,2026-08-15 04:24:40,19.4,51.872911,4.635849,2,Alblasserdam,NL
Rotterdam,Rotterdam_T4,02:00:00:a4:67:54,2026-08-15 04:25:38,20.9,51.8689765781368,4.65696570119653,0,Alblasserdam,NL
Rotterdam,Rotterdam_T4,02:00:00:a9:93:ca,2026-08-15 04:25:33,22.9,51.8696937561035,4.65859460830688,0,Alblasserdam,NL
Rotterdam,Rotterdam_T4,02:00:00:2b:50:0e,2026-08-15 04:28:08,23.8,51.8712989,4.65991630000008,0,Alblasserdam,NL
Rotterdam,Rotterdam_T4,02:00:00:9d:2a:32,2026-08-15 04:24:20,20.8,51.869708,4.664244,0,Alblasserdam,NL
Rotterdam,Rotterdam_T4,02:00:00:9c:d9:88,2026-08-15 04:29:01,23.0,51.865708,4.672487,0,Alblasserdam,NL
Rotterdam,Rotterdam_T4,02:00:00:a4:89:38,2026-08-15 04:25:16,22.5,51.8930892944336,4.50360250473022,0,Rotterdam,NL
Rotterdam,Rotterdam_T4,02:00:00:2b:11:06,2026-08-15 04:24:05,21.9,51.884715,4.5213637,1,Rotterdam,NL
Rotterdam,Rotterdam_T4,02:00:00:c2:2f:c0,2026-08-15 04:27:44,21.0,51.889758,4.545007,1,Rotterdam,NL
Rotterdam,Rotterdam_T4,02:00:00:8d:e1:c2,2026-08-15 04:25:48,20.6,51.8884899381623,4.54850133742931,0,Rotterdam,NL
Rotterdam,Rotterdam_T4,02:00:00:84:0b:be,2026-08-15 04:21:34,20.7,51.889212,4.579173,0,Ridderkerk,NL
Rotterdam,Rotterdam_T4,02:00:00:58:db:7c,2026-08-15 04:25:28,21.7,51.890317,4.584484,0,Ridderkerk,NL
Rotterdam,Rotterdam_T4,02:00:00:a4:31:1c,2026-08-15 04:23:33,20.2,51.879825592041,4.59871816635132,0,Ridderkerk,NL
Rotterdam,Rotterdam_T4,02:00:00:b5:1e:34,2026-08-15 04:29:58,21.1,51.8856163024902,4.63144016265869,0,Kinderdijk,NL
Rotterdam,Rotterdam_T4,02:00:00:2e:ef:ca,2026-08-15 04:25:41,20.8,51.884896,4.675329,0,Nieuw-Lekkerland,NL
Rotterdam,Rotterdam_T4,02:00:00:6b:33:b2,2026-08-15 04:30:11,20.5,51.88994,4.6878767,1,Nieuw-Lekkerland,NL
Rotterdam,Rotterdam_T4,02:00:00:bd:03:12,2026-08-15 04:25:53,19.9,51.883711,4.713311,0,Nieuw-Lekkerland,NL
Rotterdam,Rotterdam_T4,02:00:00:01:7f:1c,2026-08-15 04:24:05,21.3,51.8943,4.5082,0,Rotterdam,NL
Rotterdam,Rotterdam_T4,02:00:00:b5:52:44,2026-08-15 04:28:44,22.5,51.897498,4.521842,3,Rotterdam,NL
Rotterdam,Rotterdam_T4,02:00:00:90:7f:7a,2026-08-15 04:26:19,21.2,51.898163,4.583361,2,Ridderkerk,NL
Rotterdam,Rotterdam_T4,02:00:00:a4:1d:76,2026-08-15 04:25:08,22.2,51.8956518077123,4.58617498801652,2,Ridderkerk,NL
Rotterdam,Rotterdam_T4,02:00:00:04:a2:ee,2026-08-15 04:29:46,22.4,51.89378,4.63195999999998,0,Krimpen aan de Lek,NL
Rotterdam,Rotterdam_T4,02:00:00:02:d1:3e,2026-08-15 04:21:54,20.7,51.8949535894151,4.63425776535564,5,Krimpenerwaard,NL
Rotterdam,Rotterdam_T4,02:00:00:b5:a5:ea,2026-08-15 04:26:59,21.6,51.8983399335402,4.74583000299793,0,Molenlanden,NL
Rotterdam,Rotterdam_T4,02:00:00:90:f8:1a,2026-08-15 04:29:12,19.3,51.90005,4.74020999999998,0,Streefkerk,NL
Rotterdam,Rotterdam_T4,02:00:00:70:58:6c,2026-08-15 04:28:45,19.4,51.898848,4.7463,0,Streefkerk,NL
Rotterdam,Rotterdam_T4,02:00:00:18:f8:14,2026-08-15 04:23:34,22.8,51.9082,4.5019,2,Rotterdam,NL
Rotterdam,Rotterdam_T4,02:00:00:31:b2:be,2026-08-15 04:19:45,21.4,51.912961,4.502522,0,Rotterdam,NL
Rotterdam,Rotterdam_T4,02:00:00:21:1a:8c,2026-08-15 04:28:53,22.2,51.920843,4.512827,6,Rotterdam,NL
Rotterdam,Rotterdam_T4,02:00:00:70:3e:4c,2026-08-15 04:20:29,22.3,51.918575,4.553104,0,Capelle aan den IJssel,NL
Rotterdam,Rotterdam_T4,02:00:00:bd:0d:c0,2026-08-15 04:27:39,21.0,51.912598,4.5591,0,Capelle aan den IJssel,NL
Rotterdam,Rotterdam_T4,02:00:00:52:cb:e6,2026-08-15 04:25:37,23.1,51.9176414235296,4.55918770730171,2,Capelle aan den IJssel,NL
Rotterdam,Rotterdam_T4,02:00:00:9d:13:30,2026-08-15 04:23:13,21.2,51.919235,4.57162120000004,0,Capelle aan den IJssel,NL
Rotterdam,Rotterdam_T4,02:00:00:6b:2a:74,2026-08-15 04:22:38,20.9,51.910033,4.590531,0,Krimpen aan den IJssel,NL
Rotterdam,Rotterdam_T4,02:00:00:74:33:ba,2026-08-15 04:21:53,20.2,51.917253,4.581886,2,Krimpen aan den IJssel,NL
Rotterdam,Rotterdam_T4,02:00:00:03:dd:5e,2026-08-15 04:29:17,21.4,51.9143534,4.59623250000004,0,Krimpen aan den IJssel,NL
Rotterdam,Rotterdam_T4,02:00:00:3d:24:60,2026-08-15 04:23:34,22.8,51.9092152187443,4.60752285502784,0,Krimpen aan den IJssel,NL
Rotterdam,Rotterdam_T4,02:00:00:af:7d:d6,2026-08-15 04:22:22,21.0,51.910542,4.610582,0,Krimpen aan den IJssel,NL
Rotterdam,Rotterdam_T4,02:00:00:63:44:d2,2026-08-15 04:22:13,20.2,51.91956969428,4.6570497751236,0,Ouderkerk aan den IJssel,NL
Rotterdam,Rotterdam_T4,02:00:00:34:04:94,2026-08-15 04:25:04,18.0,51.9094901,4.68375689999993,0,Krimpenerwaard,NL
Rotterdam,Rotterdam_T4,02:00:00:02:43:ea,2026-08-15 04:22:12,23.0,51.925408,4.509584,2,Rotterdam,NL
Rotterdam,Rotterdam_T4,02:00:00:03:5d:4c,2026-08-15 04:25:12,21.2,51.92282,4.518588,1,Rotterdam,NL
Rotterdam,Rotterdam_T4,02:00:00:c3:80:a6,2026-08-15 04:23:57,21.4,51.931264,4.550389,0,Rotterdam,NL
Rotterdam,Rotterdam_T4,02:00:00:3c:00:22,2026-08-15 04:28:05,21.4,51.93424,4.553542,0,Rotterdam,NL
Rotterdam,Rotterdam_T4,02:00:00:b5:20:2c,2026-08-15 04:29:20,21.5,51.935394,4.553254,0,Rotterdam,NL
Rotterdam,Rotterdam_T4,02:00:00:bd:1a:90,2026-08-15 04:27:22,19.6,51.9268074035645,4.57429313659668,1,Capelle aan den IJssel,NL
Rotterdam,Rotterdam_T4,02:00:00:2f:0c:10,2026-08-15 04:22:22,22.8,51.9344479606926,4.59018536167076,0,Capelle aan den IJssel,NL
Rotterdam,Rotterdam_T4,02:00:00:63:42:f8,2026-08-15 04:29:38,23.0,51.9293733342703,4.59409007318868,0,Capelle aan den IJssel,NL
Rotterdam,Rotterdam_T4,02:00:00:1e:01:bc,2026-08-15 04:26:56,20.5,51.932337,4.606086,0,Capelle aan den IJssel,NL
Rotterdam,Rotterdam_T4,02:00:00:83:d0:98,2026-08-15 04:25:59,20.3,51.929055,4.61168,0,Capelle aan den IJssel,NL
Rotterdam,Rotterdam_T4,02:00:00:5f:3b:64,2026-08-15 04:23:18,19.6,51.934994,4.73829,0,Krimpenerwaard,NL
Rotterdam,Rotterdam_T4,02:00:00:65:4e:e0,2026-08-15 04:22:49,21.8,51.945285,4.535755,0,Rotterdam,NL
Rotterdam,Rotterdam_T4,02:00:00:01:28:b8,2026-08-15 04:21:24,19.9,51.9411495701722,4.56710300000004,0,Capelle aan den IJssel,NL
Rotterdam,Rotterdam_T4,02:00:00:33:f2:74,2026-08-15 04:28:53,20.3,51.94695,4.5638,0,Rotterdam,NL
Rotterdam,Rotterdam_T4,02:00:00:bd:c2:20,2026-08-15 04:21:10,20.3,51.949393,4.572462,0,Capelle aan den IJssel,NL
Rotterdam,Rotterdam_T4,02:00:00:b5:01:6e,2026-08-15 04:26:07,19.3,51.947535,4.577741,0,Capelle aan den IJssel,NL
Rotterdam,Rotterdam_T4,02:00:00:36:d9:ea,2026-08-15 04:28:55,19.4,51.937104,4.611066,0,Capelle aan den IJssel,NL
Rotterdam,Rotterdam_T4,02:00:00:73:ee:82,2026-08-15 04:26:24,19.9,51.943974,4.7075996,0,Krimpenerwaard,NL
Rotterdam,Rotterdam_T4,02:00:00:90:c6:f6,2026-08-15 04:25:22,20.4,51.9442388535085,4.70877000000014,0,Berkenwoude,NL
Rotterdam,Rotterdam_T4,02:00:00:13:85:7e,2026-08-15 04:24:53,21.5,51.956141511216,4.50468333618164,0,Rotterdam,NL
Rotterdam,Rotterdam_T4,02:00:00:2a:d5:58,2026-08-15 04:24:32,20.2,51.9642850413781,4.50498007983016,0,Rotterdam,NL
Rotterdam,Rotterdam_T4,02:00:00:27:94:a4,2026-08-15 04:28:53,22.0,51.952491,4.51569,0,Rotterdam,NL
Rotterdam,Rotterdam_T4,02:00:00:2f:0f:2e,2026-08-15 04:23:27,21.3,51.9536204,4.5346555,0,Rotterdam,NL
Rotterdam,Rotterdam_T4,02:00:00:90:b5:0c,2026-08-15 04:23:42,20.3,51.954033,4.534729,0,Rotterdam,NL
Rotterdam,Rotterdam_T4,02:00:00:a9:a6:c2,2026-08-15 04:28:30,20.2,51.9637222290039,4.52992153167725,0,Rotterdam,NL
Rotterdam,Rotterdam_T4,02:00:00:03:cb:de,2026-08-15 04:21:45,19.2,51.9617,4.5476,0,Rotterdam,NL
Rotterdam,Rotterdam_T4,02:00:00:bc:ab:08,2026-08-15 04:26:51,20.8,51.955691,4.5518,0,Rotterdam,NL
Rotterdam,Rotterdam_T4,02:00:00:33:c5:7e,2026-08-15 04:22:58,20.2,51.9549659,4.58058359999995,0,Capelle aan den IJssel,NL
Rotterdam,Rotterdam_T4,02:00:00:2e:a5:98,2026-08-15 04:23:08,20.2,51.964966611571,4.57781134581205,0,Rotterdam,NL
Rotterdam,Rotterdam_T4,02:00:00:13:43:b2,2026-08-15 04:27:50,21.5,51.9569458952657,4.58524636924699,0,Capelle aan den IJssel,NL
Rotterdam,Rotterdam_T4,02:00:00:52:e9:96,2026-08-15 04:23:32,22.3,51.9518241882324,4.59466314315796,0,Capelle aan den IJssel,NL
Rotterdam,Rotterdam_T4,02:00:00:1b:2e:28,2026-08-15 04:23:24,20.7,51.951768,4.597816,0,Capelle aan den IJssel,NL
Rotterdam,Rotterdam_T4,02:00:00:c2:37:e4,2026-08-15 04:22:41,20.0,51.964299,4.598212,0,Nieuwerkerk aan den IJssel,NL
Rotterdam,Rotterdam_T4,02:00:00:a4:28:a8,2026-08-15 04:26:24,19.5,51.619805,4.503271,1,Standdaarbuiten,NL
Rotterdam,Rotterdam_T4,02:00:00:af:68:56,2026-08-15 04:26:41,19.9,51.6195220947266,4.72724771499634,0,Breda,NL
Rotterdam,Rotterdam_T4,02:00:00:90:bd:2e,2026-08-15 04:29:01,21.0,51.619105,4.7308,0,Breda,NL
Rotterdam,Rotterdam_T4,02:00:00:03:b8:52,2026-08-15 04:27:52,20.0,51.619173,4.74028,2,Breda,NL
Rotterdam,Rotterdam_T4,02:00:00:58:f4:d4,2026-08-15 04:27:41,19.9,51.6215203879935,4.73909854888916,1,Breda,NL
Rotterdam,Rotterdam_T4,02:00:00:c3:8b:46,2026-08-15 04:26:18,21.5,51.621228,4.745678,0,Breda,NL
Rotterdam,Rotterdam_T4,02:00:00:7f:a8:1a,2026-08-15 04:30:01,22.3,51.6410548,4.534419,0,Noordhoek,NL
Rotterdam,Rotterdam_T4,02:00:00:5e:fc:2c,2026-08-15 04:28:17,21.6,51.6389694213867,4.58760547637939,0,Moerdijk,NL
Rotterdam,Rotterdam_T4,02:00:00:2b:2d:80,2026-08-15 04:24:17,22.3,51.646379,4.590162,0,Zevenbergen,NL
Rotterdam,Rotterdam_T4,02:00:00:33:cf:c8,2026-08-15 04:21:58,21.6,51.6427,4.5961,0,Zevenbergen,NL
Rotterdam,Rotterdam_T4,02:00:00:04:91:3e,2026-08-15 04:25:39,24.1,51.6374824616899,4.59927772356772,0,Moerdijk,NL
Rotterdam,Rotterdam_T4,02:00:00:06:00:2c,2026-08-15 04:22:47,21.1,51.636705,4.600655,0,Zevenbergen,NL
Rotterdam,Rotterdam_T4,02:00:00:1e:21:de,2026-08-15 04:21:58,21.7,51.642065,4.744237,0,Drimmelen,NL
Rotterdam,Rotterdam_T4,02:00:00:03:0d:3c,2026-08-15 04:26:03,21.8,51.645013,4.755716,2,Terheijden,NL
Rotterdam,Rotterdam_T4,02:00:00:a9:d1:fc,2026-08-15 04:23:07,22.5,51.6504440307617,4.58930969238281,1,Zevenbergen,NL
Rotterdam,Rotterdam_T4,02:00:00:12:95:e4,2026-08-15 04:29:38,20.5,51.647162,4.600765,0,Zevenbergen,NL
Rotterdam,Rotterdam_T4,02:00:00:02:5e:18,2026-08-15 04:28:12,22.8,51.647886,4.758551,1,Terheijden,NL
Rotterdam,Rotterdam_T4,02:00:00:6b:64:24,2026-08-15 04:24:42,21.7,51.661648,4.52269,0,Klundert,NL
Rotterdam,Rotterdam_T4,02:00:00:3f:4e:cc,2026-08-15 04:22:10,22.3,51.6623510462909,4.53449203439712,1,Moerdijk,NL
Rotterdam,Rotterdam_T4,02:00:00:01:06:8e,2026-08-15 04:22:43,21.5,51.674017,4.678985,3,Zevenbergschen Hoek,NL
Rotterdam,Rotterdam_T4,02:00:00:69:2e:a8,2026-08-15 04:27:59,20.3,51.705344,4.707075,0,Lage Zwaluwe,NL
Rotterdam,Rotterdam_T4,02:00:00:9d:0d:18,2026-08-15 04:28:11,20.1,51.73732,4.549589,0,Strijen,NL
Rotterdam,Rotterdam_T4,02:00:00:01:e4:28,2026-08-15 04:28:42,20.4,51.73902,4.551534,0,Strijen,NL
Rotterdam,Rotterdam_T4,02:00:00:33:d7:fa,2026-08-15 04:23:11,20.1,51.746345,4.553707,1,Strijen,NL
Rotterdam,Rotterdam_T4,02:00:00:a4:44:86,2026-08-15 04:27:24,20.6,51.7487564086914,4.59236669540405,0,'s-Gravendeel,NL
Rotterdam,Rotterdam_T4,02:00:00:74:41:e0,2026-08-15 04:27:02,22.2,51.7540309522726,4.603035105397,0,Hoeksche Waard,NL
Rotterdam,Rotterdam_T4,02:00:00:53:32:78,2026-08-15 04:28:11,20.4,51.7504501342773,4.61845016479492,0,Hoeksche Waard,NL
Rotterdam,Rotterdam_T4,02:00:00:28:6a:7a,2026-08-15 04:22:33,21.6,51.774143,4.6138062,0,Hoeksche Waard,NL
Rotterdam,Rotterdam_T4,02:00:00:70:1b:dc,2026-08-15 04:25:22,20.3,51.7729074168659,4.65993347846955,0,Dordrecht,NL
Rotterdam,Rotterdam_T4,02:00:00:b5:71:d0,2026-08-15 04:27:13,21.7,51.772762,4.674453,0,Dordrecht,NL
Rotterdam,Rotterdam_T4,02:00:00:ab:bf:08,2026-08-15 04:26:38,22.8,51.776596,4.6821218,1,Dordrecht,NL
Rotterdam,Rotterdam_T4,02:00:00:2e:ad:88,2026-08-15 04:27:42,21.5,51.784425,4.55715,0,Hoeksche Waard,NL
Rotterdam,Rotterdam_T4,02:00:00:96:e0:b4,2026-08-15 04:22:13,21.1,51.787051,4.56029,0,Maasdam,NL
Rotterdam,Rotterdam_T4,02:00:00:05:86:c6,2026-08-15 04:25:58,21.9,51.79149,4.55400000000011,0,Hoeksche Waard,NL
Rotterdam,Rotterdam_T4,02:00:00:63:1e:e6,2026-08-15 04:24:38,21.0,51.782463,4.596613,0,Hoeksche Waard,NL
Rotterdam,Rotterdam_T4,02:00:00:b5:02:84,2026-08-15 04:25:29,21.4,51.782564,4.606451,0,'s-Gravendeel,NL
Rotterdam,Rotterdam_T4,02:00:00:b2:b9:b0,2026-08-15 04:28:11,21.2,51.780144,4.613583,0,'s-Gravendeel,NL
Rotterdam,Rotterdam_T4,02:00:00:73:98:14,2026-08-15 04:20:53,21.1,51.777908,4.62446,0,'s-Gravendeel,NL
Rotterdam,Rotterdam_T4,02:00:00:03:88:2e,2026-08-15 04:22:07,21.7,51.7907752990723,4.65260601043701,4,Dordrecht,NL
Rotterdam,Rotterdam_T4,02:00:00:c2:7f:ba,2026-08-15 04:22:08,21.1,51.7885793,4.6604208,3,Dordrecht,NL
Rotterdam,Rotterdam_T4,02:00:00:b9:40:8c,2026-08-15 04:27:31,21.3,51.7833036,4.67555490000007,0,Dordrecht,NL
Rotterdam,Rotterdam_T4,02:00:00:58:ce:38,2026-08-15 04:22:06,20.2,51.791078910246,4.69140350818634,0,Dordrecht,NL
Rotterdam,Rotterdam_T4,02:00:00:7f:98:b0,2026-08-15 04:20:37,20.4,51.793851,4.277562,0,Goudswaard,NL
Rotterdam,Rotterdam_T4,02:00:00:84:01:f4,2026-08-15 04:23:15,21.3,51.795956,4.316063,0,Piershil,NL
Rotterdam,Rotterdam_T4,02:00:00:a4:53:38,2026-08-15 04:23:41,21.0,51.8061561584473,4.34367895126343,0,Nieuw-Beijerland,NL
Rotterdam,Rotterdam_T4,02:00:00:2e:c2:56,2026-08-15 04:30:21,19.9,51.803969,4.38881000000001,0,Hoeksche Waard,NL
Rotterdam,Rotterdam_T4,02:00:00:02:38:06,2026-08-15 04:25:37,23.6,51.79439,4.48133000000004,0,Hoeksche Waard,NL
Rotterdam,Rotterdam_T4,02:00:00:70:24:c0,2026-08-15 04:22:14,21.2,51.79538,4.47853999999995,0,Hoeksche Waard,NL
Rotterdam,Rotterdam_T4,02:00:00:8d:cf:32,2026-08-15 04:28:32,20.7,51.7989258,4.48003469999999,1,Mijnsheerenland,NL
Rotterdam,Rotterdam_T4,02:00:00:12:63:46,2026-08-15 04:29:16,21.2,51.816084,4.404314,0,Oud-Beijerland,NL
Rotterdam,Rotterdam_T4,02:00:00:7f:ca:72,2026-08-15 04:27:17,21.8,51.819852,4.403548,1,Oud-Beijerland,NL
Rotterdam,Rotterdam_T4,02:00:00:19:32:0a,2026-08-15 04:28:03,22.1,51.8201,4.4265,0,Oud-Beijerland,NL
Rotterdam,Rotterdam_T4,02:00:00:1d:ee:0c,2026-08-15 04:20:45,22.2,51.814618,4.431096,0,Hoeksche Waard,NL
Rotterdam,Rotterdam_T4,02:00:00:a9:d0:4e,2026-08-15 04:27:09,21.2,51.816875,4.432654,0,Oud-Beijerland,NL
Rotterdam,Rotterdam_T4,02:00:00:b0:a7:c6,2026-08-15 04:27:13,21.6,51.8194923400879,4.42992401123047,0,Oud-Beijerland,NL
Rotterdam,Rotterdam_T4,02:00:00:52:d6:1c,2026-08-15 04:24:43,21.9,51.8273166908673,4.24860230421604,0,Nissewaard,NL
Rotterdam,Rotterdam_T4,02:00:00:7b:02:ea,2026-08-15 04:25:14,22.7,51.8268,4.24961,0,Zuidland,NL
Rotterdam,Rotterdam_T4,02:00:00:c6:18:06,2026-08-15 04:25:56,21.3,51.82763,4.25183,0,Zuidland,NL
Rotterdam,Rotterdam_T4,02:00:00:12:ed:2e,2026-08-15 04:24:27,21.3,51.832122,4.281581,0,Simonshaven,NL
Rotterdam,Rotterdam_T4,02:00:00:bc:cb:30,2026-08-15 04:23:44,21.4,51.833767,4.297901,0,Simonshaven,NL
Rotterdam,Rotterdam_T4,02:00:00:2e:be:70,2026-08-15 04:27:36,22.7,51.828405,4.320218,0,Nissewaard,NL
Rotterdam,Rotterdam_T4,02:00:00:83:80:70,2026-08-15 04:28:47,22.9,51.828982,4.321931,0,Spijkenisse,NL
Rotterdam,Rotterdam_T4,02:00:00:b2:c5:16,2026-08-15 04:29:02,22.9,51.833293,4.327577,0,Spijkenisse,NL
Rotterdam,Rotterdam_T4,02:00:00:1c:5d:d8,2026-08-15 04:21:44,21.5,51.831596,4.34732,0,Spijkenisse,NL
Rotterdam,Rotterdam_T4,02:00:00:33:d1:48,2026-08-15 04:29:20,21.7,51.835362,4.340818,0,Spijkenisse,NL
Rotterdam,Rotterdam_T4,02:00:00:b9:64:be,2026-08-15 04:20:37,21.5,51.833401,4.353316,0,Spijkenisse,NL
Rotterdam,Rotterdam_T4,02:00:00:a2:45:50,2026-08-15 04:24:33,21.2,51.833564,4.369612,0,Spijkenisse,NL
Rotterdam,Rotterdam_T4,02:00:00:8d:ce:38,2026-08-15 04:28:43,21.8,51.833848,4.370394,0,Spijkenisse,NL
Rotterdam,Rotterdam_T4,02:00:00:74:51:54,2026-08-15 04:22:58,22.2,51.822471,4.422299,0,Oud-Beijerland,NL
Rotterdam,Rotterdam_T4,02:00:00:b9:1f:9e,2026-08-15 04:29:52,21.1,51.826743,4.418683,2,Oud-Beijerland,NL
Rotterdam,Rotterdam_T4,02:00:00:c2:4d:24,2026-08-15 04:24:41,21.5,51.826379,4.423903,1,Oud-Beijerland,NL
Rotterdam,Rotterdam_T4,02:00:00:a9:8c:2e,2026-08-15 04:28:47,20.9,51.826426,4.459057,0,Heinenoord,NL
Rotterdam,Rotterdam_T4,02:00:00:b0:92:a0,2026-08-15 04:21:13,21.6,51.825342,4.484375,0,Heinenoord,NL
Rotterdam,Rotterdam_T4,02:00:00:13:7c:72,2026-08-15 04:28:49,22.8,51.8485857,4.30565690000003,0,Nissewaard,NL
Rotterdam,Rotterdam_T4,02:00:00:00:c4:a2,2026-08-15 04:27:43,21.8,51.835934,4.315718,0,Spijkenisse,NL
Rotterdam,Rotterdam_T4,02:00:00:90:af:46,2026-08-15 04:26:12,22.8,51.83904,4.319577,0,Spijkenisse,NL
Rotterdam,Rotterdam_T4,02:00:00:65:34:82,2026-08-15 04:20:40,22.3,51.8423805236816,4.31939363479614,0,Spijkenisse,NL
Rotterdam,Rotterdam_T4,02:00:00:7f:c0:78,2026-08-15 04:24:16,21.7,51.84996,4.3388395,0,Spijkenisse,NL
Rotterdam,Rotterdam_T4,02:00:00:a4:28:8e,2026-08-15 04:21:03,21.5,51.8376655578613,4.34094619750977,1,Spijkenisse,NL
Rotterdam,Rotterdam_T4,02:00:00:7a:77:68,2026-08-15 04:28:24,21.7,51.846795,4.341356,1,Spijkenisse,NL
Rotterdam,Rotterdam_T4,02:00:00:2a:ee:60,2026-08-15 04:20:51,21.7,51.836635,4.368071,0,Nissewaard,NL
Rotterdam,Rotterdam_T4,02:00:00:8d:ca:84,2026-08-15 04:23:14,21.5,51.836617,4.371667,0,Spijkenisse,NL
Rotterdam,Rotterdam_T4,02:00:00:19:cc:80,2026-08-15 04:25:49,21.3,51.848418,4.374154,0,Hoogvliet,NL
Rotterdam,Rotterdam_T4,02:00:00:13:6b:d6,2026-08-15 04:23:26,21.1,51.848988,4.417614,0,Poortugaal,NL
Rotterdam,Rotterdam_T4,02:00:00:b5:35:7a,2026-08-15 04:25:00,21.7,51.8507194519043,4.32065153121948,0,Spijkenisse,NL
Rotterdam,Rotterdam_T4,02:00:00:b5:0b:cc,2026-08-15 04:23:09,23.1,51.857194,4.316324,0,Spijkenisse,NL
Rotterdam,Rotterdam_T4,02:00:00:84:8d:ea,2026-08-15 04:22:51,21.6,51.85552,4.318399,0,Spijkenisse,NL
Rotterdam,Rotterdam_T4,02:00:00:96:c1:f0,2026-08-15 04:26:45,21.4,51.8526191711426,4.34237861633301,5,Spijkenisse,NL
Rotterdam,Rotterdam_T4,02:00:00:17:5c:2a,2026-08-15 04:21:12,22.5,51.852885,4.342628,5,Spijkenisse,NL
Rotterdam,Rotterdam_T4,02:00:00:01:55:26,2026-08-15 04:28:15,21.3,51.85022,4.359375,0,Hoogvliet,NL
Rotterdam,Rotterdam_T4,02:00:00:5f:22:3e,2026-08-15 04:26:49,21.2,51.8544044494629,4.3646936416626,0,Rotterdam,NL
Rotterdam,Rotterdam_T4,02:00:00:83:df:7c,2026-08-15 04:21:27,21.3,51.852008,4.377223,1,Hoogvliet,NL
Rotterdam,Rotterdam_T4,02:00:00:bc:d0:3e,2026-08-15 04:27:07,21.1,51.858581,4.392577,0,Poortugaal,NL
Rotterdam,Rotterdam_T4,02:00:00:bc:e1:0c,2026-08-15 04:24:22,22.2,51.8635694,4.39623120000001,0,Poortugaal,NL
Rotterdam,Rotterdam_T4,02:00:00:b5:46:a0,2026-08-15 04:25:54,21.3,51.8617095947266,4.39914417266846,1,Poortugaal,NL
Rotterdam,Rotterdam_T4,02:00:00:01:05:d0,2026-08-15 04:27:31,22.2,51.851921,4.423444,0,Rhoon,NL
Rotterdam,Rotterdam_T4,02:00:00:a2:5c:12,2026-08-15 04:27:09,21.9,51.8594623479853,4.42698154071272,0,Rhoon,NL
Rotterdam,Rotterdam_T4,02:00:00:be:05:6e,2026-08-15 04:28:32,22.2,51.8548644,4.436762,0,Rhoon,NL
Rotterdam,Rotterdam_T4,02:00:00:a2:32:24,2026-08-15 04:24:50,21.5,51.857958,4.432325,0,Rhoon,NL
Rotterdam,Rotterdam_T4,02:00:00:5f:34:da,2026-08-15 04:25:57,22.4,51.8547049,4.47099120000005,0,Rhoon,NL
Rotterdam,Rotterdam_T4,02:00:00:02:c7:50,2026-08-15 04:20:24,22.9,51.856688,4.472128,0,Rhoon,NL
Rotterdam,Rotterdam_T4,02:00:00:b5:a9:6a,2026-08-15 04:26:26,21.5,51.851735,4.484146,0,Albrandswaard,NL
Rotterdam,Rotterdam_T4,02:00:00:2e:ff:9e,2026-08-15 04:21:38,20.9,51.8538824575246,4.48517918586731,0,Barendrecht,NL
Rotterdam,Rotterdam_T4,02:00:00:03:74:d0,2026-08-15 04:20:30,22.3,51.8517608642578,4.49835109710693,0,Barendrecht,NL
Rotterdam,Rotterdam_T4,02:00:00:bd:e9:04,2026-08-15 04:21:06,22.1,51.866558,4.375568,0,Hoogvliet,NL
Rotterdam,Rotterdam_T4,02:00:00:a2:60:fc,2026-08-15 04:25:19,22.6,51.874794,4.466563,0,Rotterdam,NL
Rotterdam,Rotterdam_T4,02:00:00:3f:61:10,2026-08-15 04:20:37,22.2,51.8779278321971,4.49603729871197,6,Rotterdam,NL
Rotterdam,Rotterdam_T4,02:00:00:73:c0:3a,2026-08-15 04:27:32,21.3,51.887171,4.383392,0,Pernis,NL
Rotterdam,Rotterdam_T4,02:00:00:32:e7:f8,2026-08-15 04:22:58,20.6,51.892172,4.386614,3,Pernis,NL
Rotterdam,Rotterdam_T4,02:00:00:1f:7e:90,2026-08-15 04:23:12,22.0,51.8847667,4.4695263,0,Rotterdam,NL
Rotterdam,Rotterdam_T4,02:00:00:12:73:96,2026-08-15 04:26:15,21.5,51.890287,4.477402,2,Rotterdam,NL
Rotterdam,Rotterdam_T4,02:00:00:c3:9b:aa,2026-08-15 04:26:12,23.1,51.888355255127,4.49187803268433,6,Rotterdam,NL
Rotterdam,Rotterdam_T4,02:00:00:c2:33:4e,2026-08-15 04:30:38,20.8,51.907263,4.232915,1,Rozenburg,NL
Rotterdam,Rotterdam_T4,02:00:00:02:d9:74,2026-08-15 04:27:48,21.4,51.9018321151561,4.23758983612055,2,Rozenburg,NL
Rotterdam,Rotterdam_T4,02:00:00:27:7d:68,2026-08-15 04:28:37,21.5,51.902208,4.248835,4,Rozenburg,NL
Rotterdam,Rotterdam_T4,02:00:00:37:27:ba,2026-08-15 04:29:25,23.9,51.906634,4.321553,0,Vlaardingen,NL
Rotterdam,Rotterdam_T4,02:00:00:63:17:f6,2026-08-15 04:21:05,22.5,51.902018,4.342717,3,Vlaardingen,NL
Rotterdam,Rotterdam_T4,02:00:00:a9:ce:0a,2026-08-15 04:27:58,21.7,51.907543182373,4.35149145126343,2,Vlaardingen,NL
Rotterdam,Rotterdam_T4,02:00:00:c2:45:d6,2026-08-15 04:24:23,20.7,51.905582,4.405567,0,Schiedam,NL
Rotterdam,Rotterdam_T4,02:00:00:9d:29:a2,2026-08-15 04:29:12,23.3,51.901312,4.458192,6,Rotterdam,NL
Rotterdam,Rotterdam_T4,02:00:00:53:3b:14,2026-08-15 04:23:00,20.6,51.902036,4.457739,3,Rotterdam,NL
Rotterdam,Rotterdam_T4,02:00:00:2f:1e:fc,2026-08-15 04:27:15,22.2,51.904843,4.463923,2,Rotterdam,NL
Rotterdam,Rotterdam_T4,02:00:00:1f:6b:c0,2026-08-15 04:27:59,21.9,51.8992767333984,4.48442125320435,2,Rotterdam,NL
Rotterdam,Rotterdam_T4,02:00:00:2e:d8:56,2026-08-15 04:30:09,22.9,51.8945090023125,4.49689548713718,3,Rotterdam,NL
Rotterdam,Rotterdam_T4,02:00:00:1f:64:a2,2026-08-15 04:23:27,20.0,51.905960267511,4.48927780293161,3,Rotterdam,NL
Rotterdam,Rotterdam_T4,02:00:00:3c:fa:c8,2026-08-15 04:29:05,21.5,51.911378,4.236979,2,Rotterdam,NL
Rotterdam,Rotterdam_T4,02:00:00:01:7c:12,2026-08-15 04:28:05,21.2,51.920774,4.237957,2,Maassluis,NL
Rotterdam,Rotterdam_T4,02:00:00:18:f8:10,2026-08-15 04:21:55,21.4,51.9087995610964,4.24184925481109,1,Rozenburg,NL
Rotterdam,Rotterdam_T4,02:00:00:83:ef:60,2026-08-15 04:29:46,21.8,51.909076,4.242459,3,Rozenburg,NL
Rotterdam,Rotterdam_T4,02:00:00:1c:83:b4,2026-08-15 04:26:04,22.3,51.917847,4.260043,1,Maassluis,NL
Rotterdam,Rotterdam_T4,02:00:00:22:b8:ee,2026-08-15 04:21:08,22.0,51.9223338059402,4.26270663752473,0,Maassluis,NL
Rotterdam,Rotterdam_T4,02:00:00:b9:43:b0,2026-08-15 04:28:35,20.7,51.908927,4.313466,0,Vlaardingen,NL
Rotterdam,Rotterdam_T4,02:00:00:bc:f6:62,2026-08-15 04:29:29,20.6,51.913163646918,4.31969458235608,0,Vlaardingen,NL
Rotterdam,Rotterdam_T4,02:00:00:12:a4:34,2026-08-15 04:29:35,23.0,51.909151,4.332132,2,Vlaardingen,NL
Rotterdam,Rotterdam_T4,02:00:00:2b:20:2a,2026-08-15 04:27:36,21.0,51.9141002514251,4.33724462985993,1,Vlaardingen,NL
Rotterdam,Rotterdam_T4,02:00:00:02:a2:a6,2026-08-15 04:27:30,20.7,51.9088,4.3444,3,Vlaardingen,NL
Rotterdam,Rotterdam_T4,02:00:00:bd:0a:46,2026-08-15 04:20:45,20.5,51.909511,4.348642,4,Vlaardingen,NL
Rotterdam,Rotterdam_T4,02:00:00:58:c6:ce,2026-08-15 04:29:01,22.5,51.9178282,4.3598377,1,Vlaardingen,NL
Rotterdam,Rotterdam_T4,02:00:00:7f:be:10,2026-08-15 04:27:46,21.1,51.91672,4.3632045,2,Vlaardingen,NL
Rotterdam,Rotterdam_T4,02:00:00:53:5b:da,2026-08-15 04:24:59,21.6,51.908555,4.401612,2,Schiedam,NL
Rotterdam,Rotterdam_T4,02:00:00:7f:b3:02,2026-08-15 04:27:15,20.6,51.91247,4.4030027,4,Schiedam,NL
Rotterdam,Rotterdam_T4,02:00:00:b9:1f:4a,2026-08-15 04:28:26,20.9,51.9213366779173,4.40755754480418,11,Schiedam,NL
Rotterdam,Rotterdam_T4,02:00:00:34:0c:22,2026-08-15 04:26:57,22.1,51.921128016101,4.40852165222168,2,Schiedam,NL
Rotterdam,Rotterdam_T4,02:00:00:2a:f8:5e,2026-08-15 04:21:25,20.7,51.915024,4.4355793,9,Rotterdam,NL
Rotterdam,Rotterdam_T4,02:00:00:ab:ed:0a,2026-08-15 04:20:47,22.4,51.91357,4.450989,4,Rotterdam,NL
Rotterdam,Rotterdam_T4,02:00:00:a9:70:9e,2026-08-15 04:22:11,23.3,51.918565,4.454217,1,Rotterdam,NL
Rotterdam,Rotterdam_T4,02:00:00:84:0b:f4,2026-08-15 04:20:44,20.5,51.910764,4.459764,4,Rotterdam,NL
Rotterdam,Rotterdam_T4,02:00:00:33:2f:18,2026-08-15 04:28:45,22.0,51.911367,4.460016,4,Rotterdam,NL
Rotterdam,Rotterdam_T4,02:00:00:7f:8b:fa,2026-08-15 04:25:35,22.9,51.9101171296848,4.48145787979085,11,Rotterdam,NL
Rotterdam,Rotterdam_T4,02:00:00:9b:51:8a,2026-08-15 04:23:17,21.9,51.9145812294122,4.47774262764995,4,Rotterdam,NL
Rotterdam,Rotterdam_T4,02:00:00:b5:93:7c,2026-08-15 04:20:50,23.2,51.913771,4.481875,4,Rotterdam,NL
Rotterdam,Rotterdam_T4,02:00:00:8d:d1:ba,2026-08-15 04:29:19,21.3,51.9320212,4.2264977,3,Maassluis,NL
Rotterdam,Rotterdam_T4,02:00:00:52:d3:56,2026-08-15 04:24:25,21.4,51.929916,4.232157,4,Maassluis,NL
Rotterdam,Rotterdam_T4,02:00:00:b9:59:00,2026-08-15 04:21:48,21.3,51.92626,4.237906,4,Maassluis,NL
Rotterdam,Rotterdam_T4,02:00:00:b5:3d:e2,2026-08-15 04:27:56,23.0,51.9271297,4.2515983,1,Maassluis,NL
Rotterdam,Rotterdam_T4,02:00:00:5f:15:be,2026-08-15 04:21:37,22.5,51.930806,4.250148,4,Maassluis,NL
Rotterdam,Rotterdam_T4,02:00:00:65:4b:40,2026-08-15 04:25:24,22.6,51.927105,4.254623,0,Maassluis,NL
Rotterdam,Rotterdam_T4,02:00:00:7f:94:b0,2026-08-15 04:23:26,21.6,51.931354,4.269027,0,Maasland,NL
Rotterdam,Rotterdam_T4,02:00:00:29:09:70,2026-08-15 04:20:30,20.9,51.932986,4.267365,1,Maasland,NL
Rotterdam,Rotterdam_T4,02:00:00:b5:74:1c,2026-08-15 04:25:41,20.9,51.93374,4.26775999999999,0,Maasland,NL
Rotterdam,Rotterdam_T4,02:00:00:63:06:60,2026-08-15 04:26:56,23.1,51.934327,4.334653,0,Vlaardingen,NL
Rotterdam,Rotterdam_T4,02:00:00:bc:a8:9c,2026-08-15 04:26:36,22.5,51.931770324707,4.34035110473633,1,Vlaardingen,NL
Rotterdam,Rotterdam_T4,02:00:00:b5:a0:52,2026-08-15 04:24:56,21.7,51.927282,4.347004,0,Vlaardingen,NL
Rotterdam,Rotterdam_T4,02:00:00:36:d7:e4,2026-08-15 04:22:20,20.8,51.9296493530273,4.34874200820923,0,Vlaardingen,NL
Rotterdam,Rotterdam_T4,02:00:00:bc:d1:1c,2026-08-15 04:22:57,20.9,51.9350965,4.36687449999998,2,Schiedam,NL
Rotterdam,Rotterdam_T4,02:00:00:c6:23:6c,2026-08-15 04:28:50,21.0,51.934768,4.381632,0,Schiedam,NL
Rotterdam,Rotterdam_T4,02:00:00:96:ea:9e,2026-08-15 04:22:15,21.1,51.925392,4.39834,2,Schiedam,NL
Rotterdam,Rotterdam_T4,02:00:00:ab:cb:62,2026-08-15 04:24:43,19.7,51.930617,4.445321,0,Rotterdam,NL
Rotterdam,Rotterdam_T4,02:00:00:74:09:f2,2026-08-15 04:26:17,21.1,51.92814,4.456759,1,Rotterdam,NL
Rotterdam,Rotterdam_T4,02:00:00:28:6f:3e,2026-08-15 04:28:18,21.0,51.9340316,4.4594037,5,Rotterdam,NL
Rotterdam,Rotterdam_T4,02:00:00:02:c6:84,2026-08-15 04:29:04,23.3,51.926464,4.470126,3,Rotterdam,NL
Rotterdam,Rotterdam_T4,02:00:00:90:b7:5e,2026-08-15 04:29:03,22.6,51.92631,4.480658,2,Rotterdam,NL
Rotterdam,Rotterdam_T4,02:00:00:59:03:50,2026-08-15 04:20:01,23.5,51.930155,4.480721,3,Rotterdam,NL
Rotterdam,Rotterdam_T4,02:00:00:a9:b5:2e,2026-08-15 04:26:08,23.5,51.92486,4.48449200000008,2,Rotterdam,NL
Rotterdam,Rotterdam_T4,02:00:00:b9:1f:48,2026-08-15 04:20:47,20.6,51.939256,4.230721,1,Maassluis,NL
Rotterdam,Rotterdam_T4,02:00:00:84:0e:9e,2026-08-15 04:28:32,21.6,51.939707,4.230973,0,Maassluis,NL
Rotterdam,Rotterdam_T4,02:00:00:12:fb:ba,2026-08-15 04:24:46,21.1,51.941607,4.230965,2,Maassluis,NL
Rotterdam,Rotterdam_T4,02:00:00:b5:53:1c,2026-08-15 04:25:36,21.2,51.949414,4.270392,0,Maasland,NL
Rotterdam,Rotterdam_T4,02:00:00:7f:d3:b4,2026-08-15 04:24:35,21.1,51.937524,4.359107,1,,NL
Rotterdam,Rotterdam_T4,02:00:00:b2:c3:a2,2026-08-15 04:20:20,20.4,51.9398735,4.37264590000001,0,Schiedam,NL
Rotterdam,Rotterdam_T4,02:00:00:bd:fb:70,2026-08-15 04:29:06,19.7,51.945864,4.366965,0,Schiedam,NL
Rotterdam,Rotterdam_T4,02:00:00:3a:10:aa,2026-08-15 04:28:21,20.5,51.943986,4.367671,0,Schiedam,NL
Rotterdam,Rotterdam_T4,02:00:00:65:38:b0,2026-08-15 04:25:55,20.6,51.942,4.38433999999999,0,Schiedam,NL
Rotterdam,Rotterdam_T4,02:00:00:04:6f:aa,2026-08-15 04:29:36,20.8,51.9441,4.3839,0,Schiedam,NL
Rotterdam,Rotterdam_T4,02:00:00:9c:d6:c8,2026-08-15 04:26:32,21.1,51.9391683837513,4.42066682686317,4,Rotterdam,NL
Rotterdam,Rotterdam_T4,02:00:00:96:bd:fa,2026-08-15 04:22:57,21.4,51.943919,4.426938,1,Rotterdam,NL
Rotterdam,Rotterdam_T4,02:00:00:90:8a:8e,2026-08-15 04:21:04,20.0,51.9372746579483,4.4418073394422,2,Rotterdam,NL
Rotterdam,Rotterdam_T4,02:00:00:7f:93:30,2026-08-15 04:28:27,20.0,51.937051,4.442832,0,Rotterdam,NL
Rotterdam,Rotterdam_T4,02:00:00:2b:02:62,2026-08-15 04:23:42,20.5,51.939917,4.448351,0,Rotterdam,NL
Rotterdam,Rotterdam_T4,02:00:00:bd:e0:c8,2026-08-15 04:28:50,20.4,51.946104,4.46737,0,Rotterdam,NL
Rotterdam,Rotterdam_T4,02:00:00:af:8b:58,2026-08-15 04:22:17,20.7,51.9460220336914,4.47492647171021,0,Rotterdam,NL
Rotterdam,Rotterdam_T4,02:00:00:90:71:58,2026-08-15 04:22:29,20.6,51.93707,4.479222,3,Rotterdam,NL
Rotterdam,Rotterdam_T4,02:00:00:bc:e3:ec,2026-08-15 04:27:22,21.5,51.9374587797425,4.49468157586424,2,Rotterdam,NL
Rotterdam,Rotterdam_T4,02:00:00:bd:de:c6,2026-08-15 04:25:10,20.3,51.937429,4.495607,0,Rotterdam,NL
Rotterdam,Rotterdam_T4,02:00:00:17:e0:1e,2026-08-15 04:24:36,20.5,51.955246,4.314398,0,Maasland,NL
Rotterdam,Rotterdam_T4,02:00:00:a4:41:88,2026-08-15 04:26:28,21.0,51.955283,4.314406,0,Maasland,NL
Rotterdam,Rotterdam_T4,02:00:00:3f:16:82,2026-08-15 04:22:17,20.5,51.962066,4.395128,1,Rotterdam,NL
Rotterdam,Rotterdam_T4,02:00:00:65:28:6e,2026-08-15 04:30:04,21.2,51.95247,4.46971,0,Rotterdam,NL
Rotterdam,Rotterdam_T4,02:00:00:7a:6d:be,2026-08-15 04:28:49,21.7,51.96209,4.471111,0,Rotterdam,NL
Rotterdam,Rotterdam_T4,02:00:00:83:f8:50,2026-08-15 04:25:26,20.8,51.962386,4.475915,0,Rotterdam,NL
Rotterdam,Rotterdam_T4,02:00:00:19:c2:10,2026-08-15 04:27:51,20.4,51.96346,4.48096700000011,0,Rotterdam,NL
Rotterdam,Rotterdam_T4,02:00:00:3f:0a:1a,2026-08-15 04:21:19,21.0,51.962139,4.484953,0,Rotterdam,NL
Rotterdam,Rotterdam_T4,02:00:00:65:85:b0,2026-08-15 04:23:25,20.2,51.958444,4.499749,-2,Hillegersberg,NL
Rotterdam,Rotterdam_T4,02:00:00:63:1a:22,2026-08-15 04:26:15,20.5,51.6236701089152,4.34694113409063,0,Steenbergen,NL
Rotterdam,Rotterdam_T4,02:00:00:c6:2c:46,2026-08-15 04:27:40,21.9,51.631416,4.372295,0,Dinteloord,NL
Rotterdam,Rotterdam_T4,02:00:00:20:b9:22,2026-08-15 04:20:22,22.2,51.6701335,4.4339254,0,Moerdijk,NL
Rotterdam,Rotterdam_T4,02:00:00:03:c6:e6,2026-08-15 04:29:51,20.6,51.67676,4.280786,1,Achthuizen,NL
Rotterdam,Rotterdam_T4,02:00:00:00:c0:58,2026-08-15 04:26:29,23.3,51.6819045,4.34173109999998,0,Ooltgensplaat,NL
Rotterdam,Rotterdam_T4,02:00:00:b4:fb:38,2026-08-15 04:25:10,21.6,51.681307,4.348927,0,Ooltgensplaat,NL
Rotterdam,Rotterdam_T4,02:00:00:b5:8b:d6,2026-08-15 04:27:28,23.3,51.6838863515784,4.44104789634028,0,Moerdijk,NL
Rotterdam,Rotterdam_T4,02:00:00:9c:f8:e2,2026-08-15 04:25:27,21.7,51.68679,4.445939,0,Helwijk,NL
Rotterdam,Rotterdam_T4,02:00:00:a9:e2:48,2026-08-15 04:28:42,20.1,51.701777,4.25903699999997,0,Den Bommel,NL
Rotterdam,Rotterdam_T4,02:00:00:7a:f8:86,2026-08-15 04:29:33,22.9,51.715689,4.281123,0,Den Bommel,NL
Rotterdam,Rotterdam_T4,02:00:00:a4:47:94,2026-08-15 04:22:10,20.3,51.728052,4.43449,0,Numansdorp,NL
Rotterdam,Rotterdam_T4,02:00:00:84:04:a0,2026-08-15 04:20:56,19.7,51.729639,4.443646,0,Numansdorp,NL
Rotterdam,Rotterdam_T4,02:00:00:ab:c1:52,2026-08-15 04:27:21,20.1,51.7272605895996,4.44469356536865,0,Numansdorp,NL
Rotterdam,Rotterdam_T4,02:00:00:a4:79:32,2026-08-15 04:25:40,19.9,51.7287788391113,4.4539942741394,0,Numansdorp,NL
Rotterdam,Rotterdam_T4,02:00:00:2f:24:58,2026-08-15 04:29:37,20.7,51.7388602,4.23624810000001,0,Goeree-Overflakkee,NL
Rotterdam,Rotterdam_T4,02:00:00:bc:cf:e6,2026-08-15 04:29:40,21.5,51.737984,4.443355,0,Numansdorp,NL
Rotterdam,Rotterdam_T4,02:00:00:04:57:14,2026-08-15 04:21:22,23.3,51.74081,4.442848,0,Numansdorp,NL
Rotterdam,Rotterdam_T4,02:00:00:22:ea:64,2026-08-15 04:24:07,19.5,51.757101,4.293702,0,Goudswaard,NL
Rotterdam,Rotterdam_T4,02:00:00:64:1b:1e,2026-08-15 04:27:38,20.4,51.757112,4.343231,0,Zuid-Beijerland,NL
Rotterdam,Rotterdam_T4,02:00:00:b9:01:1c,2026-08-15 04:28:32,21.4,51.752419,4.373465,0,Zuid-Beijerland,NL
Rotterdam,Rotterdam_T4,02:00:00:7f:ba:0e,2026-08-15 04:23:24,21.7,51.753811,4.373477,0,Zuid-Beijerland,NL
Rotterdam,Rotterdam_T4,02:00:00:84:8d:94,2026-08-15 04:28:28,20.7,51.776696,4.324838,0,Zuid-Beijerland,NL
Rotterdam,Rotterdam_T4,02:00:00:bd:1c:46,2026-08-15 04:21:44,18.8,51.767225,4.471495,0,Klaaswaal,NL
Rotterdam,Rotterdam_T4,02:00:00:74:37:3c,2026-08-15 04:23:18,19.8,51.777489,4.487307,0,Strijen,NL
Rotterdam,Rotterdam_T4,02:00:00:ab:e4:a6,2026-08-15 04:22:13,22.0,51.781329,4.365849,0,Hoeksche Waard,NL
Rotterdam,Rotterdam_T4,02:00:00:c3:a9:14,2026-08-15 04:23:29,21.1,51.7901851790411,4.47175113435905,0,Westmaas,NL
Rotterdam,Rotterdam_T4,02:00:00:a9:ac:00,2026-08-15 04:25:47,22.4,51.788327,4.478044,0,Westmaas,NL
