city_area,tile_id,device_id,timestamp_amsterdam,temperature_c,latitude,longitude,altitude_m,location_name,country
Utrecht,Utrecht_T1,02:00:00:a9:7a:0e,2026-08-23 16:03:33,19.6,52.140232,5.0987544,0,Tienhoven,NL
Utrecht,Utrecht_T1,02:00:00:37:12:66,2026-08-23 16:10:18,19.5,52.179145,5.068822,0,Breukeleveen,NL
Utrecht,Utrecht_T1,02:00:00:02:f6:0e,2026-08-23 16:09:49,20.7,52.197652,5.132777,2,Loosdrecht,NL
Utrecht,Utrecht_T1,02:00:00:b0:a9:90,2026-08-23 16:09:28,22.1,52.200455,5.136932,3,Loosdrecht,NL
Utrecht,Utrecht_T1,02:00:00:5f:5a:3c,2026-08-23 16:08:04,22.1,52.203813,5.065594,0,Wijdemeren,NL
Utrecht,Utrecht_T1,02:00:00:64:1b:94,2026-08-23 16:07:42,20.7,52.20692,5.09326999999999,1,Loosdrecht,NL
Utrecht,Utrecht_T1,02:00:00:7a:8e:26,2026-08-23 16:02:47,23.7,52.205303,5.096588,0,Loosdrecht,NL
Utrecht,Utrecht_T1,02:00:00:00:10:50,2026-08-23 16:07:06,19.9,52.2050161837691,5.12837827205658,3,Loosdrecht,NL
Utrecht,Utrecht_T1,02:00:00:7b:01:10,2026-08-23 16:09:42,22.2,52.205692,5.131749,1,Loosdrecht,NL
Utrecht,Utrecht_T1,02:00:00:3c:ed:a2,2026-08-23 16:08:32,21.4,52.204017,5.140781,2,Loosdrecht,NL
Utrecht,Utrecht_T1,02:00:00:bd:fd:a6,2026-08-23 16:07:06,21.8,52.2087615,5.16269899999998,13,Hilversum,NL
Utrecht,Utrecht_T1,02:00:00:27:70:80,2026-08-23 16:02:42,24.7,52.209459,5.167922,18,Hilversum,NL
Utrecht,Utrecht_T1,02:00:00:b5:4f:02,2026-08-23 16:11:34,20.0,52.2167510750697,5.15140235424042,4,Hilversum,NL
Utrecht,Utrecht_T1,02:00:00:c3:82:e2,2026-08-23 16:08:16,19.3,52.212936,5.157038,6,Hilversum,NL
Utrecht,Utrecht_T1,02:00:00:b9:77:1e,2026-08-23 16:09:11,20.6,52.216747,5.156587,6,Hilversum,NL
Utrecht,Utrecht_T1,02:00:00:01:3a:f2,2026-08-23 16:09:41,19.1,52.2149722583813,5.16004279666198,7,Hilversum,NL
Utrecht,Utrecht_T1,02:00:00:2c:c0:f8,2026-08-23 16:01:10,20.8,52.215289,5.191587,6,Hilversum,NL
Utrecht,Utrecht_T1,02:00:00:a9:99:4e,2026-08-23 16:03:59,19.8,52.217244,5.19999860000001,6,Hilversum,NL
Utrecht,Utrecht_T1,02:00:00:53:5a:42,2026-08-23 16:08:34,20.7,52.218062,5.125525,1,Hilversum,NL
Utrecht,Utrecht_T1,02:00:00:32:e1:fc,2026-08-23 16:05:24,20.7,52.21986,5.138679,0,Hilversum,NL
Utrecht,Utrecht_T1,02:00:00:9c:fe:ea,2026-08-23 16:03:18,18.9,52.221093,5.142468,4,Hilversum,NL
Utrecht,Utrecht_T1,02:00:00:27:41:20,2026-08-23 16:02:18,20.1,52.221503317108,5.17643809318542,7,Hilversum,NL
Utrecht,Utrecht_T1,02:00:00:7f:c0:96,2026-08-23 16:08:19,21.9,52.22016524,5.18491051,8,Hilversum,NL
Utrecht,Utrecht_T1,02:00:00:64:32:10,2026-08-23 16:03:14,23.2,52.223183,5.198284,5,Hilversum,NL
Utrecht,Utrecht_T1,02:00:00:9b:49:56,2026-08-23 16:04:20,20.7,52.0555172581761,5.07246375001336,1,Nieuwegein,NL
Utrecht,Utrecht_T1,02:00:00:a4:2e:9e,2026-08-23 16:03:51,19.5,52.057163,5.071938,1,Nieuwegein,NL
Utrecht,Utrecht_T1,02:00:00:a9:c0:b8,2026-08-23 16:03:41,20.8,52.058835,5.135174,4,Utrecht,NL
Utrecht,Utrecht_T1,02:00:00:bd:cd:b0,2026-08-23 16:04:50,21.8,52.061641,5.128472,3,Utrecht,NL
Utrecht,Utrecht_T1,02:00:00:bd:dc:c4,2026-08-23 16:08:14,19.6,52.0630189775525,5.12959063053131,4,Utrecht,NL
Utrecht,Utrecht_T1,02:00:00:27:58:00,2026-08-23 16:09:07,20.8,52.06631,5.128964,4,Utrecht,NL
Utrecht,Utrecht_T1,02:00:00:2e:c2:fe,2026-08-23 16:02:51,20.2,52.060052,5.134025,4,Utrecht,NL
Utrecht,Utrecht_T1,02:00:00:3e:ec:de,2026-08-23 16:04:01,20.8,52.0628885050208,5.13711911594507,4,Utrecht,NL
Utrecht,Utrecht_T1,02:00:00:28:ec:80,2026-08-23 16:05:49,20.6,52.065526,5.200063,5,Bunnik,NL
Utrecht,Utrecht_T1,02:00:00:63:34:44,2026-08-23 16:05:29,22.3,52.0706,5.0769,0,Utrecht,NL
Utrecht,Utrecht_T1,02:00:00:02:f3:b2,2026-08-23 16:03:28,21.5,52.0684013366699,5.10129976272583,4,Utrecht,NL
Utrecht,Utrecht_T1,02:00:00:02:26:50,2026-08-23 16:05:51,21.0,52.0673127854311,5.1019960641861,3,Utrecht,NL
Utrecht,Utrecht_T1,02:00:00:c2:89:3a,2026-08-23 16:01:45,19.8,52.069,5.1024,4,Utrecht,NL
Utrecht,Utrecht_T1,02:00:00:29:08:ec,2026-08-23 16:06:03,20.4,52.072575,5.120578,2,Utrecht,NL
Utrecht,Utrecht_T1,02:00:00:37:1d:2c,2026-08-23 16:09:45,21.3,52.0740013122559,5.11969995498657,1,Utrecht,NL
Utrecht,Utrecht_T1,02:00:00:b5:00:ce,2026-08-23 16:09:39,20.0,52.069854,5.12234250000003,4,Utrecht,NL
Utrecht,Utrecht_T1,02:00:00:a9:6f:5c,2026-08-23 16:10:20,21.1,52.073802947998,5.12334251403809,5,Utrecht,NL
Utrecht,Utrecht_T1,02:00:00:1e:2a:90,2026-08-23 16:01:58,19.8,52.070201,5.125238,4,Utrecht,NL
Utrecht,Utrecht_T1,02:00:00:65:70:6e,2026-08-23 16:03:54,20.0,52.069762,5.187772,3,Bunnik,NL
Utrecht,Utrecht_T1,02:00:00:1b:06:58,2026-08-23 16:05:16,21.2,52.0673070316701,5.19202797330763,5,Bunnik,NL
Utrecht,Utrecht_T1,02:00:00:83:ec:80,2026-08-23 16:01:41,19.0,52.077263,5.0638604,0,Utrecht,NL
Utrecht,Utrecht_T1,02:00:00:90:d2:70,2026-08-23 16:04:46,21.1,52.081236,5.086788,3,Utrecht,NL
Utrecht,Utrecht_T1,02:00:00:12:41:90,2026-08-23 15:37:34,22.5,52.079908,5.110408,3,Utrecht,NL
Utrecht,Utrecht_T1,02:00:00:00:ec:e0,2026-08-23 16:10:12,21.3,52.0783359526579,5.11196332515445,6,Utrecht,NL
Utrecht,Utrecht_T1,02:00:00:69:29:62,2026-08-23 16:05:31,21.2,52.0756661902043,5.13833000000005,6,Utrecht,NL
Utrecht,Utrecht_T1,02:00:00:90:79:e6,2026-08-23 16:06:20,21.7,52.07892,5.14051000000002,4,Utrecht,NL
Utrecht,Utrecht_T1,02:00:00:53:25:54,2026-08-23 16:03:24,19.7,52.081985,5.087011,2,Utrecht,NL
Utrecht,Utrecht_T1,02:00:00:33:e1:4e,2026-08-23 16:08:30,19.1,52.085492,5.089611,4,Utrecht,NL
Utrecht,Utrecht_T1,02:00:00:01:04:a2,2026-08-23 16:10:55,19.3,52.086276,5.08958300000004,8,Utrecht,NL
Utrecht,Utrecht_T1,02:00:00:5f:20:4a,2026-08-23 16:03:47,25.0,52.0821,5.108,1,Utrecht,NL
Utrecht,Utrecht_T1,02:00:00:b5:08:94,2026-08-23 16:04:12,19.7,52.0842805951218,5.12355080298444,8,Utrecht,NL
Utrecht,Utrecht_T1,02:00:00:02:9c:e4,2026-08-23 16:08:29,19.6,52.088481,5.143561,2,Utrecht,NL
Utrecht,Utrecht_T1,02:00:00:5f:0e:c2,2026-08-23 16:06:31,20.7,52.085453,5.1514635,1,Utrecht,NL
Utrecht,Utrecht_T1,02:00:00:84:9e:e4,2026-08-23 16:05:31,20.3,52.085608,5.153452,1,Utrecht,NL
Utrecht,Utrecht_T1,02:00:00:58:71:a0,2026-08-23 16:10:17,22.3,52.0910855835456,5.06979963657994,0,Utrecht,NL
Utrecht,Utrecht_T1,02:00:00:8d:c3:0e,2026-08-23 16:03:57,20.1,52.09396,5.067146,1,Utrecht,NL
Utrecht,Utrecht_T1,02:00:00:5e:f9:3e,2026-08-23 16:04:07,20.4,52.095,5.06790999999997,2,Utrecht,NL
Utrecht,Utrecht_T1,02:00:00:b5:8a:96,2026-08-23 16:05:32,19.5,52.0890953545022,5.07631123065949,1,Utrecht,NL
Utrecht,Utrecht_T1,02:00:00:02:ab:72,2026-08-23 16:01:53,19.0,52.089195,5.089759,4,Utrecht,NL
Utrecht,Utrecht_T1,02:00:00:70:58:26,2026-08-23 16:04:28,20.0,52.093772,5.087235,3,Utrecht,NL
Utrecht,Utrecht_T1,02:00:00:6b:3c:16,2026-08-23 16:08:20,19.3,52.091095,5.0926576,2,Utrecht,NL
Utrecht,Utrecht_T1,02:00:00:b9:42:72,2026-08-23 16:06:54,21.2,52.0899963378906,5.09774255752563,4,Utrecht,NL
Utrecht,Utrecht_T1,02:00:00:52:c7:3e,2026-08-23 16:07:50,22.2,52.090397,5.101962,3,Utrecht,NL
Utrecht,Utrecht_T1,02:00:00:bd:cf:26,2026-08-23 16:03:33,19.8,52.0907374,5.12142010000002,18,Utrecht,NL
Utrecht,Utrecht_T1,02:00:00:27:49:d0,2026-08-23 16:09:39,19.6,52.091476,5.122634,10,Utrecht,NL
Utrecht,Utrecht_T1,02:00:00:53:46:a4,2026-08-23 16:05:32,20.6,52.0944421980704,5.12152537487685,9,Utrecht,NL
Utrecht,Utrecht_T1,02:00:00:5f:20:04,2026-08-23 16:10:29,19.3,52.0938845651776,5.13856323934985,6,Utrecht,NL
Utrecht,Utrecht_T1,02:00:00:c3:a6:ae,2026-08-23 16:05:57,20.2,52.0966653034839,5.07333587462335,0,Utrecht,NL
Utrecht,Utrecht_T1,02:00:00:bd:c5:ea,2026-08-23 16:01:24,19.3,52.1026685527433,5.09375521405393,1,Utrecht,NL
Utrecht,Utrecht_T1,02:00:00:02:bd:78,2026-08-23 16:02:22,20.6,52.1013615,5.09969620000004,3,Utrecht,NL
Utrecht,Utrecht_T1,02:00:00:52:d7:a4,2026-08-23 16:06:26,21.1,52.101415,5.10791,5,Utrecht,NL
Utrecht,Utrecht_T1,02:00:00:28:df:e8,2026-08-23 16:06:43,19.8,52.09981,5.11318999999998,4,Utrecht,NL
Utrecht,Utrecht_T1,02:00:00:b5:97:f6,2026-08-23 16:03:52,20.5,52.100982,5.113231,4,Utrecht,NL
Utrecht,Utrecht_T1,02:00:00:74:7c:d8,2026-08-23 16:04:29,20.7,52.101892,5.11485,3,Utrecht,NL
Utrecht,Utrecht_T1,02:00:00:3c:f5:5e,2026-08-23 16:03:16,19.3,52.095871,5.131864,3,Utrecht,NL
Utrecht,Utrecht_T1,02:00:00:a4:41:f0,2026-08-23 16:04:10,19.9,52.10156,5.1217494,3,Utrecht,NL
Utrecht,Utrecht_T1,02:00:00:84:71:14,2026-08-23 16:02:44,19.8,52.09809,5.1227045,4,Utrecht,NL
Utrecht,Utrecht_T1,02:00:00:29:5e:d2,2026-08-23 16:10:24,19.8,52.097858,5.137552,1,Utrecht,NL
Utrecht,Utrecht_T1,02:00:00:2c:9c:64,2026-08-23 16:03:47,19.8,52.098562,5.141,4,Utrecht,NL
Utrecht,Utrecht_T1,02:00:00:01:91:12,2026-08-23 16:01:43,20.9,52.096668,5.141989,6,Utrecht,NL
Utrecht,Utrecht_T1,02:00:00:64:29:de,2026-08-23 16:11:02,20.0,52.105162,5.100294,2,Utrecht,NL
Utrecht,Utrecht_T1,02:00:00:c3:91:06,2026-08-23 16:06:41,20.0,52.103412,5.115149,7,Utrecht,NL
Utrecht,Utrecht_T1,02:00:00:28:cf:22,2026-08-23 16:05:25,19.3,52.107056,5.121125,2,Utrecht,NL
Utrecht,Utrecht_T1,02:00:00:9c:e4:3c,2026-08-23 16:03:50,19.2,52.103779,5.12255,4,Utrecht,NL
Utrecht,Utrecht_T1,02:00:00:03:ca:56,2026-08-23 16:03:15,19.1,52.106408,5.125732,3,Utrecht,NL
Utrecht,Utrecht_T1,02:00:00:b5:0b:b6,2026-08-23 16:03:30,20.8,52.1083564758301,5.13924789428711,2,Utrecht,NL
Utrecht,Utrecht_T1,02:00:00:58:d2:58,2026-08-23 16:05:45,21.2,52.104095,5.144752,0,Utrecht,NL
Utrecht,Utrecht_T1,02:00:00:14:60:ec,2026-08-23 16:10:13,21.5,52.106249,5.171551,3,De Bilt,NL
Utrecht,Utrecht_T1,02:00:00:a2:02:8a,2026-08-23 16:05:18,21.0,52.106261,5.177714,5,De Bilt,NL
Utrecht,Utrecht_T1,02:00:00:70:4e:ba,2026-08-23 16:04:36,21.6,52.112316,5.090597,1,Utrecht,NL
Utrecht,Utrecht_T1,02:00:00:a4:15:94,2026-08-23 16:10:39,19.5,52.116599,5.10793100000013,4,Utrecht,NL
Utrecht,Utrecht_T1,02:00:00:a9:a9:ac,2026-08-23 16:04:28,19.7,52.11504,5.11446000000007,4,Utrecht,NL
Utrecht,Utrecht_T1,02:00:00:7b:00:16,2026-08-23 16:02:17,22.7,52.116092,5.116809,5,Utrecht,NL
Utrecht,Utrecht_T1,02:00:00:a2:28:d4,2026-08-23 16:11:38,23.5,52.11298,5.176283,3,De Bilt,NL
Utrecht,Utrecht_T1,02:00:00:74:4f:c6,2026-08-23 16:07:19,22.1,52.114273,5.1778874,5,De Bilt,NL
Utrecht,Utrecht_T1,02:00:00:37:16:9a,2026-08-23 16:06:47,18.7,52.1209042,5.0716415,1,Utrecht,NL
Utrecht,Utrecht_T1,02:00:00:b5:07:da,2026-08-23 16:05:13,20.7,52.1185,5.0885,0,Utrecht,NL
Utrecht,Utrecht_T1,02:00:00:9d:2a:ee,2026-08-23 16:08:31,21.0,52.1226012257881,5.09323120411752,2,Utrecht,NL
Utrecht,Utrecht_T1,02:00:00:a9:78:64,2026-08-23 16:04:36,23.2,52.12185,5.114306,4,Utrecht,NL
Utrecht,Utrecht_T1,02:00:00:af:6f:c0,2026-08-23 16:09:41,22.6,52.1203433,5.1160012,4,Utrecht,NL
Utrecht,Utrecht_T1,02:00:00:63:2e:78,2026-08-23 16:07:23,20.7,52.124311,5.149015,3,Groenekan,NL
Utrecht,Utrecht_T1,02:00:00:a4:87:ec,2026-08-23 16:04:27,18.8,52.1316666043838,5.09194861301635,0,Utrecht,NL
Utrecht,Utrecht_T1,02:00:00:7f:b2:0e,2026-08-23 16:05:19,19.4,52.127119,5.100939,4,Utrecht,NL
Utrecht,Utrecht_T1,02:00:00:b5:6e:3a,2026-08-23 16:03:54,20.0,52.124991,5.158267,4,De Bilt,NL
Utrecht,Utrecht_T1,02:00:00:33:2d:6a,2026-08-23 16:04:44,21.7,52.1263389,5.1944393,6,De Bilt,NL
Utrecht,Utrecht_T1,02:00:00:36:a3:68,2026-08-23 16:09:57,21.6,52.12822,5.20124999999999,8,Bilthoven,NL
Utrecht,Utrecht_T1,02:00:00:7a:ff:64,2026-08-23 16:03:08,20.7,52.132211,5.197475,3,Bilthoven,NL
Utrecht,Utrecht_T1,02:00:00:01:50:b6,2026-08-23 16:04:00,21.3,52.1411799412661,5.01502234507166,0,Maarssen,NL
Utrecht,Utrecht_T1,02:00:00:13:51:2c,2026-08-23 16:04:27,19.3,52.1396417101006,5.0186761524582,0,Maarssen,NL
Utrecht,Utrecht_T1,02:00:00:9c:f9:4a,2026-08-23 16:10:34,19.5,52.1400375366211,5.04170799255371,2,Maarssen,NL
Utrecht,Utrecht_T1,02:00:00:04:6a:e8,2026-08-23 16:09:46,19.9,52.140233,5.042324,2,Stichtse Vecht,NL
Utrecht,Utrecht_T1,02:00:00:1c:40:12,2026-08-23 16:06:15,22.9,52.145925,5.043263,0,Maarssen,NL
Utrecht,Utrecht_T1,02:00:00:2c:b8:78,2026-08-23 16:07:11,21.3,52.1517178597221,4.94924400000001,0,Kockengen,NL
Utrecht,Utrecht_T1,02:00:00:9d:25:4e,2026-08-23 16:07:30,20.0,52.15058,4.95477000000003,0,Kockengen,NL
Utrecht,Utrecht_T1,02:00:00:05:38:88,2026-08-23 16:09:05,22.2,52.1500807019266,5.03824532032017,0,Maarssen,NL
Utrecht,Utrecht_T1,02:00:00:27:6f:7e,2026-08-23 16:10:41,20.6,52.150683,5.039803,0,Stichtse Vecht,NL
Utrecht,Utrecht_T1,02:00:00:9b:60:ca,2026-08-23 16:00:35,21.5,52.1661071777344,4.99944877624512,0,Stichtse Vecht,NL
Utrecht,Utrecht_T1,02:00:00:31:b2:30,2026-08-23 16:09:37,19.9,52.179563,5.020723,0,Breukelen,NL
Utrecht,Utrecht_T1,02:00:00:9b:59:44,2026-08-23 16:08:52,20.0,52.175474,5.027806,0,Breukelen,NL
Utrecht,Utrecht_T1,02:00:00:3f:28:4e,2026-08-23 16:04:52,21.7,52.1885295082791,4.98983681201935,0,Nieuwer Ter Aa,NL
Utrecht,Utrecht_T1,02:00:00:52:d3:e8,2026-08-23 16:09:24,19.8,52.2057798738149,5.01490716822919,0,Loenen aan de Vecht,NL
Utrecht,Utrecht_T1,02:00:00:1f:7e:84,2026-08-23 16:08:28,19.5,52.208085,5.015193,0,Loenen aan de Vecht,NL
Utrecht,Utrecht_T1,02:00:00:5e:f1:70,2026-08-23 16:07:50,20.1,52.209506,5.015637,0,Loenen aan de Vecht,NL
Utrecht,Utrecht_T1,02:00:00:bc:d2:3a,2026-08-23 16:06:33,20.4,52.2071006719862,5.01808721691921,0,Loenen aan de Vecht,NL
Utrecht,Utrecht_T1,02:00:00:70:39:30,2026-08-23 16:03:43,19.5,52.2132735899086,4.92226205035142,0,Vinkeveen,NL
Utrecht,Utrecht_T1,02:00:00:14:48:30,2026-08-23 16:02:34,20.1,52.214024,5.026552,0,Loenen aan de Vecht,NL
Utrecht,Utrecht_T1,02:00:00:2b:23:dc,2026-08-23 16:05:51,23.1,52.052497,4.955131,1,Montfoort,NL
Utrecht,Utrecht_T1,02:00:00:b4:f2:26,2026-08-23 16:10:42,23.6,52.0714492797852,5.05338478088379,0,Utrecht,NL
Utrecht,Utrecht_T1,02:00:00:c2:4e:14,2026-08-23 16:10:47,22.7,52.080025,5.00642199999999,0,Utrecht,NL
Utrecht,Utrecht_T1,02:00:00:c2:8a:9a,2026-08-23 16:05:07,19.9,52.078398,5.01515069999999,0,Utrecht,NL
Utrecht,Utrecht_T1,02:00:00:27:5f:76,2026-08-23 16:03:44,20.9,52.077418,5.020574,0,Utrecht,NL
Utrecht,Utrecht_T1,02:00:00:29:3e:f6,2026-08-23 16:06:55,23.0,52.078198,5.020616,0,Utrecht,NL
Utrecht,Utrecht_T1,02:00:00:a4:19:3e,2026-08-23 16:05:12,20.1,52.077895,5.026372,2,Utrecht,NL
Utrecht,Utrecht_T1,02:00:00:a4:3e:00,2026-08-23 16:02:06,20.6,52.0758920140845,5.0307848067002,0,Utrecht,NL
Utrecht,Utrecht_T1,02:00:00:17:7b:70,2026-08-23 16:09:24,20.1,52.0873338,4.9699941,1,Woerden,NL
Utrecht,Utrecht_T1,02:00:00:32:e1:b0,2026-08-23 16:07:50,19.4,52.085795,5.014428,0,Utrecht,NL
Utrecht,Utrecht_T1,02:00:00:63:4a:60,2026-08-23 16:03:42,19.4,52.08632,5.026208,1,Utrecht,NL
Utrecht,Utrecht_T1,02:00:00:5f:5e:f6,2026-08-23 16:05:36,20.8,52.082204,5.032968,3,Utrecht,NL
Utrecht,Utrecht_T1,02:00:00:6b:9b:c2,2026-08-23 16:09:57,18.9,52.08745,5.03213,1,Utrecht,NL
Utrecht,Utrecht_T1,02:00:00:84:0d:58,2026-08-23 16:03:50,20.3,52.083796,5.042289,0,Utrecht,NL
Utrecht,Utrecht_T1,02:00:00:2e:9f:46,2026-08-23 16:06:45,21.0,52.0872737363844,5.0397069563345,1,Utrecht,NL
Utrecht,Utrecht_T1,02:00:00:a9:91:b2,2026-08-23 16:09:18,19.1,52.0840520546178,5.0466138124466,0,Utrecht,NL
Utrecht,Utrecht_T1,02:00:00:84:4c:be,2026-08-23 16:07:54,19.6,52.085796,5.05175,2,Utrecht,NL
Utrecht,Utrecht_T1,02:00:00:63:1e:24,2026-08-23 16:04:17,19.9,52.0841807,5.0583297,1,Utrecht,NL
Utrecht,Utrecht_T1,02:00:00:c2:3c:a4,2026-08-23 16:09:43,19.8,52.088304,5.055145,0,Utrecht,NL
Utrecht,Utrecht_T1,02:00:00:04:6b:b2,2026-08-23 16:10:14,20.2,52.0890216,4.95978960000002,2,Woerden,NL
Utrecht,Utrecht_T1,02:00:00:27:67:9e,2026-08-23 16:09:33,21.0,52.0939775908876,4.95844790679508,1,Woerden,NL
Utrecht,Utrecht_T1,02:00:00:7f:a0:a8,2026-08-23 16:01:03,20.5,52.088885,4.9616,0,Woerden,NL
Utrecht,Utrecht_T1,02:00:00:1c:5a:c4,2026-08-23 16:08:10,20.0,52.091265,4.999434,0,Utrecht,NL
Utrecht,Utrecht_T1,02:00:00:b2:b3:4e,2026-08-23 16:09:51,19.1,52.094791,5.001589,0,Utrecht,NL
Utrecht,Utrecht_T1,02:00:00:b5:b1:bc,2026-08-23 16:03:33,20.0,52.095,5.0099,0,Utrecht,NL
Utrecht,Utrecht_T1,02:00:00:83:ba:de,2026-08-23 16:04:05,19.5,52.092913,5.013408,0,Utrecht,NL
Utrecht,Utrecht_T1,02:00:00:13:51:16,2026-08-23 16:02:51,20.8,52.093582,5.012636,0,Utrecht,NL
Utrecht,Utrecht_T1,02:00:00:90:90:7e,2026-08-23 16:10:13,20.8,52.09193,5.016591,0,Utrecht,NL
Utrecht,Utrecht_T1,02:00:00:34:05:ae,2026-08-23 16:09:09,21.8,52.091745,5.01907,1,Utrecht,NL
Utrecht,Utrecht_T1,02:00:00:c2:47:80,2026-08-23 16:11:30,19.5,52.0893016,5.03434910000001,0,Utrecht,NL
Utrecht,Utrecht_T1,02:00:00:64:2b:54,2026-08-23 16:09:40,20.7,52.0939815413722,5.04236700868549,0,Utrecht,NL
Utrecht,Utrecht_T1,02:00:00:2b:42:7a,2026-08-23 16:07:03,20.6,52.0941,5.0504,2,Utrecht,NL
Utrecht,Utrecht_T1,02:00:00:70:38:92,2026-08-23 16:11:27,18.2,52.099754,4.997049,0,Utrecht,NL
Utrecht,Utrecht_T1,02:00:00:22:ad:c6,2026-08-23 16:07:50,19.2,52.102223,5.009766,0,Utrecht,NL
Utrecht,Utrecht_T1,02:00:00:5e:e2:2e,2026-08-23 16:05:11,20.2,52.0987673336394,5.01320895590376,0,Utrecht,NL
Utrecht,Utrecht_T1,02:00:00:bd:d9:bc,2026-08-23 16:02:46,21.1,52.1012649536133,5.01841592788696,1,Utrecht,NL
Utrecht,Utrecht_T1,02:00:00:a9:50:38,2026-08-23 16:10:54,19.2,52.098376,5.039789,0,Utrecht,NL
Utrecht,Utrecht_T1,02:00:00:bd:c9:2c,2026-08-23 16:02:59,19.6,52.099041,5.042377,0,Utrecht,NL
Utrecht,Utrecht_T1,02:00:00:14:47:d6,2026-08-23 16:02:12,18.7,52.1009393843745,5.04107837233266,0,Utrecht,NL
Utrecht,Utrecht_T1,02:00:00:01:a1:ee,2026-08-23 16:07:45,21.0,52.0960000139971,5.0595535031938,0,Utrecht,NL
Utrecht,Utrecht_T1,02:00:00:3e:ec:2c,2026-08-23 16:09:53,23.2,52.0968945722032,5.05947500118808,0,Utrecht,NL
Utrecht,Utrecht_T1,02:00:00:a9:68:2c,2026-08-23 16:06:21,20.5,52.1086201,4.93817080000002,0,Woerden,NL
Utrecht,Utrecht_T1,02:00:00:2c:f6:ae,2026-08-23 16:05:52,19.6,52.106163,4.981696,0,Utrecht,NL
Utrecht,Utrecht_T1,02:00:00:84:78:2c,2026-08-23 16:08:23,19.0,52.1067630675542,5.02126398724257,1,Utrecht,NL
Utrecht,Utrecht_T1,02:00:00:31:cb:18,2026-08-23 16:03:51,19.7,52.1073892613559,5.02463787381133,0,Utrecht,NL
Utrecht,Utrecht_T1,02:00:00:84:24:48,2026-08-23 16:06:23,18.7,52.1050731,5.0346819,1,Utrecht,NL
Utrecht,Utrecht_T1,02:00:00:32:ed:e0,2026-08-23 16:06:10,18.6,52.1070404052734,5.03613185882568,0,Utrecht,NL
Utrecht,Utrecht_T1,02:00:00:39:fb:5e,2026-08-23 16:06:28,19.1,52.1148094074168,5.00760211705581,0,Utrecht,NL
Utrecht,Utrecht_T1,02:00:00:64:3e:bc,2026-08-23 16:07:26,20.0,52.115205,5.007731,0,Utrecht,NL
Utrecht,Utrecht_T1,02:00:00:84:79:a0,2026-08-23 16:08:58,20.0,52.114201,5.01126,0,Utrecht,NL
Utrecht,Utrecht_T1,02:00:00:3f:0a:32,2026-08-23 16:05:15,19.3,52.110354,5.02495200000003,3,Utrecht,NL
Utrecht,Utrecht_T1,02:00:00:a9:4b:60,2026-08-23 16:11:31,19.1,52.119961,4.99775200000006,3,Utrecht,NL
Utrecht,Utrecht_T1,02:00:00:1c:6e:60,2026-08-23 16:02:51,19.6,52.121309,5.030174,0,Maarssen,NL
Utrecht,Utrecht_T1,02:00:00:5f:44:54,2026-08-23 16:07:36,20.2,52.12292,5.031376,0,Maarssen,NL
Utrecht,Utrecht_T1,02:00:00:02:9b:72,2026-08-23 15:56:42,22.0,52.124334,5.033408,0,Maarssen,NL
Utrecht,Utrecht_T1,02:00:00:29:08:b2,2026-08-23 16:02:46,20.3,52.138664,5.0182734,0,Maarssen,NL
Utrecht,Utrecht_T1,02:00:00:05:4f:28,2026-08-23 16:00:41,21.0,52.133111,5.035686,0,Stichtse Vecht,NL
Utrecht,Utrecht_T1,02:00:00:af:40:24,2026-08-23 16:03:45,21.3,52.1336212158203,5.04450082778931,2,Maarssen,NL
Utrecht,Utrecht_T1,02:00:00:2c:75:f4,2026-08-23 16:02:20,19.4,52.1375923156738,5.05607128143311,1,Stichtse Vecht,NL
Utrecht,Utrecht_T2,02:00:00:74:07:28,2026-08-23 16:07:19,18.3,52.145235,5.210172,10,Bilthoven,NL
Utrecht,Utrecht_T2,02:00:00:c2:35:ac,2026-08-23 16:09:29,19.9,52.1459370151422,5.21551547366956,7,Bilthoven,NL
Utrecht,Utrecht_T2,02:00:00:7f:c4:6a,2026-08-23 16:10:45,21.6,52.1425225952839,5.23391006287104,10,Zeist,NL
Utrecht,Utrecht_T2,02:00:00:b5:78:d6,2026-08-23 16:07:27,20.2,52.146778,5.237025,10,Zeist,NL
Utrecht,Utrecht_T2,02:00:00:5f:15:c0,2026-08-23 16:02:22,22.0,52.16024,5.215069,6,Bilthoven,NL
Utrecht,Utrecht_T2,02:00:00:a2:74:3e,2026-08-23 16:03:04,22.7,52.1600980139711,5.28715847486947,6,Soest,NL
Utrecht,Utrecht_T2,02:00:00:28:9f:7a,2026-08-23 16:06:24,22.4,52.159431,5.300399,7,Soest,NL
Utrecht,Utrecht_T2,02:00:00:a2:74:d8,2026-08-23 16:02:10,22.2,52.159536,5.30479100000001,8,Soest,NL
Utrecht,Utrecht_T2,02:00:00:a4:1a:b8,2026-08-23 16:08:43,21.8,52.15949,5.305391,9,Soest,NL
Utrecht,Utrecht_T2,02:00:00:00:4a:16,2026-08-23 16:09:54,19.6,52.158649,5.33553899999997,6,Soest,NL
Utrecht,Utrecht_T2,02:00:00:7a:8f:48,2026-08-23 16:09:38,21.6,52.161646,5.287263,6,Soest,NL
Utrecht,Utrecht_T2,02:00:00:31:ea:a8,2026-08-23 16:07:12,22.6,52.166694,5.293944,4,Soest,NL
Utrecht,Utrecht_T2,02:00:00:2f:27:36,2026-08-23 16:05:19,21.3,52.1619163569313,5.29985212608884,7,Soest,NL
Utrecht,Utrecht_T2,02:00:00:03:b6:1e,2026-08-23 16:02:47,24.6,52.160626,5.3011,7,Soest,NL
Utrecht,Utrecht_T2,02:00:00:b9:6e:74,2026-08-23 16:06:10,20.4,52.162275,5.303515,5,Soest,NL
Utrecht,Utrecht_T2,02:00:00:70:4e:b4,2026-08-23 16:09:59,22.2,52.1610313078006,5.31033632946336,7,Soest,NL
Utrecht,Utrecht_T2,02:00:00:27:55:54,2026-08-23 16:04:51,21.0,52.161317,5.311697,10,Soest,NL
Utrecht,Utrecht_T2,02:00:00:3f:6d:36,2026-08-23 16:08:22,20.5,52.1615414,5.3120704,10,Soest,NL
Utrecht,Utrecht_T2,02:00:00:9d:12:d6,2026-08-23 16:06:51,20.0,52.173973,5.267367,3,Soest,NL
Utrecht,Utrecht_T2,02:00:00:83:cc:cc,2026-08-23 16:02:27,21.9,52.1690789466029,5.27412414550781,2,Soest,NL
Utrecht,Utrecht_T2,02:00:00:3c:17:5e,2026-08-23 16:10:26,21.7,52.174072,5.286707,4,Soest,NL
Utrecht,Utrecht_T2,02:00:00:b0:a0:da,2026-08-23 16:05:44,20.0,52.167778,5.311431,6,Soest,NL
Utrecht,Utrecht_T2,02:00:00:a9:e6:ca,2026-08-23 16:02:43,20.7,52.1806831359863,5.27848291397095,7,Soest,NL
Utrecht,Utrecht_T2,02:00:00:c2:40:46,2026-08-23 16:06:12,21.8,52.1801791426243,5.30147091530403,12,Soest,NL
Utrecht,Utrecht_T2,02:00:00:c3:a7:7e,2026-08-23 16:11:06,20.2,52.1838930347472,5.27600772213758,5,Soest,NL
Utrecht,Utrecht_T2,02:00:00:02:f3:92,2026-08-23 16:07:30,20.0,52.185829,5.289498,11,Soest,NL
Utrecht,Utrecht_T2,02:00:00:b4:e8:ee,2026-08-23 16:10:24,20.8,52.185532,5.296697,9,Soest,NL
Utrecht,Utrecht_T2,02:00:00:b2:be:4a,2026-08-23 16:04:58,21.9,52.182134,5.302085,8,Soest,NL
Utrecht,Utrecht_T2,02:00:00:7a:b5:60,2026-08-23 16:03:58,20.4,52.189513,5.28451299999998,7,Soest,NL
Utrecht,Utrecht_T2,02:00:00:1d:ec:aa,2026-08-23 16:04:41,22.4,52.190209,5.284914,3,Soest,NL
Utrecht,Utrecht_T2,02:00:00:6b:5e:00,2026-08-23 16:07:29,20.2,52.18958,5.285416,3,Soest,NL
Utrecht,Utrecht_T2,02:00:00:5e:fd:72,2026-08-23 16:03:00,20.3,52.1916211079577,5.29531314838943,2,Baarn,NL
Utrecht,Utrecht_T2,02:00:00:74:36:ec,2026-08-23 16:04:11,20.9,52.1987916,5.29681810000006,0,Baarn,NL
Utrecht,Utrecht_T2,02:00:00:19:19:4c,2026-08-23 16:08:52,21.1,52.20251,5.304628,2,Baarn,NL
Utrecht,Utrecht_T2,02:00:00:b5:a7:2e,2026-08-23 16:05:57,20.1,52.204551,5.29403400000005,4,Baarn,NL
Utrecht,Utrecht_T2,02:00:00:05:5e:4c,2026-08-23 16:06:11,19.3,52.208508,5.285955,8,Baarn,NL
Utrecht,Utrecht_T2,02:00:00:5e:da:38,2026-08-23 16:10:32,19.8,52.20741,5.289788,8,Baarn,NL
Utrecht,Utrecht_T2,02:00:00:6b:4e:c2,2026-08-23 16:03:15,20.2,52.205954,5.303684,1,Baarn,NL
Utrecht,Utrecht_T2,02:00:00:9b:5d:8c,2026-08-23 16:07:20,19.1,52.2144057,5.2672261,15,Baarn,NL
Utrecht,Utrecht_T2,02:00:00:73:a9:6a,2026-08-23 16:02:12,19.1,52.211376,5.2808995,14,Baarn,NL
Utrecht,Utrecht_T2,02:00:00:b2:ca:86,2026-08-23 16:03:18,20.8,52.211498260498,5.29220008850098,8,Baarn,NL
Utrecht,Utrecht_T2,02:00:00:90:7d:3c,2026-08-23 16:07:05,21.3,52.214039,5.301358,4,Baarn,NL
Utrecht,Utrecht_T2,02:00:00:64:24:30,2026-08-23 16:02:11,21.4,52.2223117937543,5.20657381176758,7,Hilversum,NL
Utrecht,Utrecht_T2,02:00:00:5e:d4:3c,2026-08-23 16:06:12,19.8,52.2219,5.2869,0,Kortenhoef,NL
Utrecht,Utrecht_T2,02:00:00:3f:5b:90,2026-08-23 16:06:57,20.3,52.2184876,5.2895261,3,Baarn,NL
Utrecht,Utrecht_T2,02:00:00:7f:da:5c,2026-08-23 16:02:27,21.7,52.0531304369579,5.22815108299255,4,Odijk,NL
Utrecht,Utrecht_T2,02:00:00:6b:5c:40,2026-08-23 16:08:53,20.6,52.054557,5.231227,4,Odijk,NL
Utrecht,Utrecht_T2,02:00:00:6b:66:fe,2026-08-23 16:07:06,20.8,52.054769,5.232745,4,Bunnik,NL
Utrecht,Utrecht_T2,02:00:00:83:93:78,2026-08-23 16:06:08,21.8,52.055734,5.266538,4,Driebergen-Rijsenburg,NL
Utrecht,Utrecht_T2,02:00:00:b2:c5:82,2026-08-23 16:07:10,21.4,52.053513,5.28343899999996,7,Driebergen-Rijsenburg,NL
Utrecht,Utrecht_T2,02:00:00:05:4c:fe,2026-08-23 16:05:35,19.4,52.05599,5.302302,8,Driebergen-Rijsenburg,NL
Utrecht,Utrecht_T2,02:00:00:53:4b:f6,2026-08-23 16:06:07,19.8,52.0663334077756,5.27181981444309,7,Utrechtse Heuvelrug,NL
Utrecht,Utrecht_T2,02:00:00:af:3e:c0,2026-08-23 16:01:17,20.1,52.0609512329102,5.27533054351807,7,Driebergen-Rijsenburg,NL
Utrecht,Utrecht_T2,02:00:00:5f:31:da,2026-08-23 16:03:07,19.3,52.060634,5.303621,9,Driebergen-Rijsenburg,NL
Utrecht,Utrecht_T2,02:00:00:69:2d:ce,2026-08-23 16:05:47,21.9,52.0776864965393,5.21996678862774,2,Zeist,NL
Utrecht,Utrecht_T2,02:00:00:2c:8c:8e,2026-08-23 16:03:45,23.9,52.076028,5.223584,3,Zeist,NL
Utrecht,Utrecht_T2,02:00:00:b5:95:b6,2026-08-23 16:03:23,21.7,52.076054,5.2236304,3,Zeist,NL
Utrecht,Utrecht_T2,02:00:00:1e:2b:70,2026-08-23 16:10:15,19.2,52.077486,5.262767,7,Zeist,NL
Utrecht,Utrecht_T2,02:00:00:6b:50:1c,2026-08-23 16:03:42,24.1,52.0831358136488,5.20810304846899,3,Zeist,NL
Utrecht,Utrecht_T2,02:00:00:3c:09:22,2026-08-23 16:09:06,22.5,52.08636,5.221066,4,Zeist,NL
Utrecht,Utrecht_T2,02:00:00:63:36:3c,2026-08-23 16:07:40,20.8,52.082337,5.230563,5,Zeist,NL
Utrecht,Utrecht_T2,02:00:00:b5:78:be,2026-08-23 16:02:14,21.9,52.0856160136376,5.24176729332961,10,Zeist,NL
Utrecht,Utrecht_T2,02:00:00:71:2a:b6,2026-08-23 16:09:55,22.1,52.0859,5.251713,8,Zeist,NL
Utrecht,Utrecht_T2,02:00:00:b9:52:00,2026-08-23 16:09:49,20.1,52.0816383361816,5.2666335105896,8,Zeist,NL
Utrecht,Utrecht_T2,02:00:00:2b:15:76,2026-08-23 16:03:13,19.7,52.081371,5.269217,9,Zeist,NL
Utrecht,Utrecht_T2,02:00:00:c3:d4:02,2026-08-23 16:02:02,21.1,52.081804,5.271518,9,Zeist,NL
Utrecht,Utrecht_T2,02:00:00:2b:1b:b8,2026-08-23 16:06:11,20.0,52.0832,5.3114,16,Zeist,NL
Utrecht,Utrecht_T2,02:00:00:b5:6c:22,2026-08-23 16:08:13,24.0,52.091126,5.216452,3,Zeist,NL
Utrecht,Utrecht_T2,02:00:00:2d:02:84,2026-08-23 16:03:51,26.6,52.0891283153717,5.22022247314453,4,Zeist,NL
Utrecht,Utrecht_T2,02:00:00:be:08:80,2026-08-23 16:11:40,23.9,52.08921,5.23415,4,Zeist,NL
Utrecht,Utrecht_T2,02:00:00:a9:76:24,2026-08-23 16:06:03,23.5,52.0949630737305,5.24057006835938,6,Zeist,NL
Utrecht,Utrecht_T2,02:00:00:3c:dc:8c,2026-08-23 16:07:55,23.4,52.089476,5.247395,8,Zeist,NL
Utrecht,Utrecht_T2,02:00:00:70:52:12,2026-08-23 16:06:49,20.8,52.0989064,5.2171375,7,Zeist,NL
Utrecht,Utrecht_T2,02:00:00:a9:7b:ee,2026-08-23 16:04:09,20.2,52.101676940918,5.22248458862305,7,Zeist,NL
Utrecht,Utrecht_T2,02:00:00:04:78:82,2026-08-23 16:03:06,20.1,52.1007772460734,5.24760032682437,9,Zeist,NL
Utrecht,Utrecht_T2,02:00:00:c3:89:70,2026-08-23 16:06:50,20.3,52.09627,5.25480000000008,10,Zeist,NL
Utrecht,Utrecht_T2,02:00:00:b5:7f:6e,2026-08-23 16:06:41,18.7,52.096116,5.275819,16,Zeist,NL
Utrecht,Utrecht_T2,02:00:00:00:cf:e2,2026-08-23 16:10:25,21.5,52.1165564224102,5.27588927533017,26,Zeist,NL
Utrecht,Utrecht_T2,02:00:00:2e:f1:88,2026-08-23 16:03:57,20.4,52.118117,5.282257,18,Soest,NL
Utrecht,Utrecht_T2,02:00:00:58:d1:7c,2026-08-23 16:03:08,22.7,52.1175345595035,5.29194567397049,21,Soest,NL
Utrecht,Utrecht_T2,02:00:00:c3:8d:d4,2026-08-23 16:11:22,20.4,52.122499,5.2877,20,Soest,NL
Utrecht,Utrecht_T2,02:00:00:2f:2e:d6,2026-08-23 16:01:52,20.7,52.1253540626594,5.20409166812897,8,Bilthoven,NL
Utrecht,Utrecht_T2,02:00:00:19:a7:d8,2026-08-23 16:04:27,21.4,52.1270529486221,5.20968830477742,9,De Bilt,NL
Utrecht,Utrecht_T2,02:00:00:83:f8:ea,2026-08-23 16:11:01,21.2,52.130348,5.321519,28,Soest,NL
Utrecht,Utrecht_T2,02:00:00:64:3a:06,2026-08-23 16:06:03,19.8,52.135639,5.211466,8,Bilthoven,NL
Utrecht,Utrecht_T2,02:00:00:74:61:a4,2026-08-23 16:10:38,20.1,52.136328,5.220487,9,Bilthoven,NL
Utrecht,Utrecht_T2,02:00:00:b2:c4:4c,2026-08-23 16:09:49,19.1,52.137758,5.221579,12,Bilthoven,NL
Utrecht,Utrecht_T2,02:00:00:84:6f:f6,2026-08-23 16:05:06,20.7,52.138655,5.227653,12,Bilthoven,NL
Amsterdam,Amsterdam_T2,02:00:00:1e:28:64,2026-08-23 16:08:07,18.8,52.5012,5.0626,0,Volendam,NL
Amsterdam,Amsterdam_T2,02:00:00:2d:00:08,2026-08-23 16:09:31,21.0,52.510217,5.066857,0,Edam,NL
Amsterdam,Amsterdam_T2,02:00:00:b5:2c:a4,2026-08-23 16:11:50,19.2,52.51078182865,5.07451386307099,0,Volendam,NL
Amsterdam,Amsterdam_T2,02:00:00:a9:d4:76,2026-08-23 16:05:33,17.2,52.636438,5.157458,0,Wijdenes,NL
Amsterdam,Amsterdam_T2,02:00:00:65:41:36,2026-08-23 16:06:18,19.0,52.640045,5.064139,3,Hoorn,NL
Amsterdam,Amsterdam_T2,02:00:00:2f:35:a2,2026-08-23 16:07:11,17.7,52.6429770416675,5.077702583676,0,Hoorn,NL
Amsterdam,Amsterdam_T2,02:00:00:a2:5e:34,2026-08-23 16:05:18,18.3,52.6517524719238,5.06793403625488,0,Hoorn,NL
Amsterdam,Amsterdam_T2,02:00:00:65:84:72,2026-08-23 16:04:30,19.3,52.6471319,5.0887278,0,Hoorn,NL
Amsterdam,Amsterdam_T2,02:00:00:65:69:1e,2026-08-23 16:10:41,20.5,52.649585,5.097258,0,Hoorn,NL
Amsterdam,Amsterdam_T2,02:00:00:22:ea:76,2026-08-23 16:02:57,18.4,52.6533,5.0955,0,Hoorn,NL
Amsterdam,Amsterdam_T2,02:00:00:12:fe:e4,2026-08-23 16:04:46,17.9,52.3113794,5.15152499999999,3,Gooise Meren,NL
Amsterdam,Amsterdam_T2,02:00:00:29:43:f2,2026-08-23 16:05:25,22.3,52.313681,5.148801,6,Naarden,NL
Amsterdam,Amsterdam_T2,02:00:00:8d:c2:62,2026-08-23 16:09:06,19.3,52.3290573,5.06640220000001,2,Muiden,NL
Amsterdam,Amsterdam_T2,02:00:00:bd:eb:f2,2026-08-23 16:05:34,19.7,52.328728,5.06968,3,Muiden,NL
Amsterdam,Amsterdam_T2,02:00:00:32:d5:be,2026-08-23 16:04:12,20.5,52.329636,5.070703,1,Muiden,NL
Amsterdam,Amsterdam_T2,02:00:00:a9:a8:50,2026-08-23 16:08:53,17.0,52.328905,5.119063,4,Muiderberg,NL
Amsterdam,Amsterdam_T2,02:00:00:90:d2:d0,2026-08-23 16:03:06,18.7,52.326425,5.12370000000006,4,Muiderberg,NL
Amsterdam,Amsterdam_T2,02:00:00:ab:ea:9e,2026-08-23 16:02:41,17.7,52.326316,5.126179,3,Muiderberg,NL
Amsterdam,Amsterdam_T2,02:00:00:2b:f1:24,2026-08-23 16:08:13,18.8,52.3379513,5.19054610000001,0,Almere,NL
Amsterdam,Amsterdam_T2,02:00:00:90:ac:fe,2026-08-23 16:08:51,19.3,52.338809,5.200362,0,Almere,NL
Amsterdam,Amsterdam_T2,02:00:00:9d:29:10,2026-08-23 16:11:47,19.3,52.337369,5.21375,0,Almere,NL
Amsterdam,Amsterdam_T2,02:00:00:31:e8:d4,2026-08-23 16:09:35,21.1,52.337841,5.215197,0,Almere,NL
Amsterdam,Amsterdam_T2,02:00:00:31:dc:12,2026-08-23 16:04:47,20.7,52.334232157563,5.23541811712221,0,Almere,NL
Amsterdam,Amsterdam_T2,02:00:00:19:c1:8c,2026-08-23 16:04:33,24.8,52.339901,5.137316,0,Almere,NL
Amsterdam,Amsterdam_T2,02:00:00:2e:b5:4c,2026-08-23 16:06:50,19.4,52.3430088208381,5.19504211113633,0,Almere,NL
Amsterdam,Amsterdam_T2,02:00:00:b8:f6:48,2026-08-23 16:03:08,21.8,52.3406143188477,5.20010089874268,0,Almere,NL
Amsterdam,Amsterdam_T2,02:00:00:b5:8d:ac,2026-08-23 16:02:45,18.0,52.34163,5.2166333,0,Almere,NL
Amsterdam,Amsterdam_T2,02:00:00:2c:c4:84,2026-08-23 16:06:17,19.7,52.3477676,5.2148857,0,Almere,NL
Amsterdam,Amsterdam_T2,02:00:00:bd:f8:fa,2026-08-23 16:09:27,20.1,52.3424109,5.2190179,0,Almere,NL
Amsterdam,Amsterdam_T2,02:00:00:3f:3f:c2,2026-08-23 16:09:52,17.8,52.343591,5.300593,0,Almere,NL
Amsterdam,Amsterdam_T2,02:00:00:c3:74:e2,2026-08-23 16:06:13,18.5,52.339954,5.30997100000004,0,Almere,NL
Amsterdam,Amsterdam_T2,02:00:00:b5:92:08,2026-08-23 16:10:53,18.7,52.347005,5.313427,0,Almere,NL
Amsterdam,Amsterdam_T2,02:00:00:27:45:f2,2026-08-23 16:04:20,18.1,52.339923,5.322713,0,Almere,NL
Amsterdam,Amsterdam_T2,02:00:00:a2:74:d6,2026-08-23 16:04:59,18.0,52.3410034179688,5.32753562927246,0,Almere,NL
Amsterdam,Amsterdam_T2,02:00:00:c2:7c:f4,2026-08-23 16:06:47,17.7,52.342907,5.329785,0,Almere,NL
Amsterdam,Amsterdam_T2,02:00:00:83:bd:82,2026-08-23 16:02:20,19.9,52.355964,5.150352,0,Almere,NL
Amsterdam,Amsterdam_T2,02:00:00:20:a9:28,2026-08-23 16:10:48,19.0,52.3552207946777,5.15794372558594,0,Almere,NL
Amsterdam,Amsterdam_T2,02:00:00:1f:41:a2,2026-08-23 16:05:18,20.3,52.359159,5.157519,0,Almere,NL
Amsterdam,Amsterdam_T2,02:00:00:bd:f3:22,2026-08-23 16:05:20,20.3,52.3556832426708,5.17759948959218,0,Almere,NL
Amsterdam,Amsterdam_T2,02:00:00:53:27:88,2026-08-23 16:11:04,23.0,52.3599,5.18,0,Almere,NL
Amsterdam,Amsterdam_T2,02:00:00:32:fc:ea,2026-08-23 16:04:47,25.5,52.3599014282227,5.17999982833862,0,Almere,NL
Amsterdam,Amsterdam_T2,02:00:00:3d:0d:d2,2026-08-23 16:04:56,23.7,52.357331,5.180601,0,Almere,NL
Amsterdam,Amsterdam_T2,02:00:00:06:11:d6,2026-08-23 16:05:23,18.0,52.3658206,5.2116575,0,Almere,NL
Amsterdam,Amsterdam_T2,02:00:00:83:cc:f8,2026-08-23 16:09:58,17.1,52.365,5.225,3,Almere,NL
Amsterdam,Amsterdam_T2,02:00:00:74:2f:a0,2026-08-23 16:11:12,19.6,52.361122,5.240015,0,Almere,NL
Amsterdam,Amsterdam_T2,02:00:00:01:e3:f6,2026-08-23 16:11:54,18.6,52.36436,5.23972999999998,0,Almere,NL
Amsterdam,Amsterdam_T2,02:00:00:33:e0:2c,2026-08-23 16:07:32,18.1,52.36486,5.240825,0,Almere,NL
Amsterdam,Amsterdam_T2,02:00:00:27:5a:b2,2026-08-23 16:07:23,19.0,52.362427,5.25434,0,Almere,NL
Amsterdam,Amsterdam_T2,02:00:00:9d:00:80,2026-08-23 16:04:36,18.5,52.367319,5.260293,0,Almere,NL
Amsterdam,Amsterdam_T2,02:00:00:74:32:de,2026-08-23 16:03:34,20.8,52.355048,5.27963999999998,0,Almere,NL
Amsterdam,Amsterdam_T2,02:00:00:b5:0c:90,2026-08-23 16:03:50,17.5,52.361835,5.29245499999999,0,Almere,NL
Amsterdam,Amsterdam_T2,02:00:00:b2:a4:f6,2026-08-23 16:10:24,19.3,52.356743,5.305346,0,Almere,NL
Amsterdam,Amsterdam_T2,02:00:00:7f:d9:58,2026-08-23 16:06:32,20.7,52.35486,5.306933,0,Almere,NL
Amsterdam,Amsterdam_T2,02:00:00:b9:58:8a,2026-08-23 16:11:15,18.9,52.357433,5.307289,0,Almere,NL
Amsterdam,Amsterdam_T2,02:00:00:5f:42:be,2026-08-23 16:06:43,19.0,52.372133,5.184493,0,Almere,NL
Amsterdam,Amsterdam_T2,02:00:00:bc:b5:26,2026-08-23 16:09:04,18.1,52.370647,5.189115,0,Almere,NL
Amsterdam,Amsterdam_T2,02:00:00:5f:51:f6,2026-08-23 16:07:20,18.5,52.3763868010158,5.18871491122013,0,Almere,NL
Amsterdam,Amsterdam_T2,02:00:00:52:d5:9e,2026-08-23 16:02:52,19.8,52.3698,5.213,0,Almere,NL
Amsterdam,Amsterdam_T2,02:00:00:a4:40:a2,2026-08-23 16:04:42,26.5,52.3825,5.2101,0,Almere,NL
Amsterdam,Amsterdam_T2,02:00:00:53:48:18,2026-08-23 16:04:25,19.5,52.37066,5.233283,0,Almere,NL
Amsterdam,Amsterdam_T2,02:00:00:b9:1a:4e,2026-08-23 16:09:44,18.8,52.3704528808594,5.23384428024292,0,Almere,NL
Amsterdam,Amsterdam_T2,02:00:00:00:2e:ae,2026-08-23 16:10:10,18.0,52.38126,5.24338,0,Almere,NL
Amsterdam,Amsterdam_T2,02:00:00:b5:6d:e8,2026-08-23 16:06:44,17.7,52.374999,5.254935,0,Almere,NL
Amsterdam,Amsterdam_T2,02:00:00:63:38:56,2026-08-23 16:05:26,18.6,52.380046,5.256249,0,Almere,NL
Amsterdam,Amsterdam_T2,02:00:00:73:c6:2e,2026-08-23 16:04:47,20.3,52.380726,5.257692,0,Almere,NL
Amsterdam,Amsterdam_T2,02:00:00:03:7c:78,2026-08-23 16:05:11,17.9,52.391575,5.177948,0,Almere,NL
Amsterdam,Amsterdam_T2,02:00:00:12:ed:8e,2026-08-23 16:04:24,23.6,52.3836744484748,5.19456455400282,0,Almere,NL
Amsterdam,Amsterdam_T2,02:00:00:17:7b:d4,2026-08-23 16:07:10,20.1,52.383191,5.221105,0,Almere,NL
Amsterdam,Amsterdam_T2,02:00:00:84:5a:ae,2026-08-23 16:10:33,19.1,52.3883,5.224379,0,Almere,NL
Amsterdam,Amsterdam_T2,02:00:00:c2:33:06,2026-08-23 16:11:12,18.8,52.3873443603516,5.22509145736694,0,Almere,NL
Amsterdam,Amsterdam_T2,02:00:00:a4:6d:b2,2026-08-23 16:11:43,18.7,52.388077,5.240579,0,Almere,NL
Amsterdam,Amsterdam_T2,02:00:00:b9:5a:5a,2026-08-23 16:08:46,17.2,52.3845863342285,5.24989986419678,0,Almere,NL
Amsterdam,Amsterdam_T2,02:00:00:58:e1:26,2026-08-23 16:07:22,17.9,52.384533,5.252609,0,Almere,NL
Amsterdam,Amsterdam_T2,02:00:00:58:bf:ca,2026-08-23 16:11:35,18.6,52.38307,5.265491,0,Almere,NL
Amsterdam,Amsterdam_T2,02:00:00:2c:95:5c,2026-08-23 16:10:25,18.3,52.3892983,5.2656561,0,Almere,NL
Amsterdam,Amsterdam_T2,02:00:00:3d:1b:4c,2026-08-23 16:07:28,18.6,52.3837937593531,5.27678767891788,0,Almere,NL
Amsterdam,Amsterdam_T2,02:00:00:b5:81:a0,2026-08-23 16:03:04,25.4,52.384372,5.281699,0,Almere,NL
Amsterdam,Amsterdam_T2,02:00:00:bd:e8:f0,2026-08-23 16:03:36,19.6,52.3959675,5.3090496,0,Almere,NL
Amsterdam,Amsterdam_T2,02:00:00:1c:52:f2,2026-08-23 16:11:41,20.2,52.3950156,5.3091444,0,Almere,NL
Amsterdam,Amsterdam_T2,02:00:00:71:39:50,2026-08-23 16:06:12,19.9,52.39723,5.164732,0,Almere,NL
Amsterdam,Amsterdam_T2,02:00:00:1f:4f:22,2026-08-23 16:10:46,18.1,52.3979296375149,5.16967981825021,0,Almere,NL
Amsterdam,Amsterdam_T2,02:00:00:33:21:aa,2026-08-23 16:09:11,18.2,52.3975487,5.25251060000002,0,Almere,NL
Amsterdam,Amsterdam_T2,02:00:00:65:44:b2,2026-08-23 16:10:11,18.0,52.4001681563975,5.27203023477341,0,Almere,NL
Amsterdam,Amsterdam_T2,02:00:00:b2:ba:be,2026-08-23 16:04:47,18.4,52.3992347717285,5.2774977684021,0,Almere,NL
Amsterdam,Amsterdam_T2,02:00:00:9c:dc:e4,2026-08-23 16:08:29,19.7,52.400918,5.274714,0,Almere,NL
Amsterdam,Amsterdam_T2,02:00:00:03:cb:e8,2026-08-23 16:02:45,20.2,52.404926,5.287006,0,Almere,NL
Amsterdam,Amsterdam_T2,02:00:00:12:9c:64,2026-08-23 16:10:09,19.9,52.398632,5.308742,0,Almere,NL
Amsterdam,Amsterdam_T2,02:00:00:05:f1:28,2026-08-23 16:02:44,21.4,52.405423,5.299879,0,Almere,NL
Amsterdam,Amsterdam_T2,02:00:00:9b:5a:e8,2026-08-23 16:07:50,17.8,52.3970894,5.32026740000003,0,Almere,NL
Amsterdam,Amsterdam_T2,02:00:00:7f:d3:7a,2026-08-23 16:09:43,19.5,52.3993820578264,5.32481566205385,0,Almere,NL
Amsterdam,Amsterdam_T2,02:00:00:74:7c:9e,2026-08-23 16:07:23,18.4,52.414947,5.280712,0,Almere,NL
Amsterdam,Amsterdam_T2,02:00:00:ab:e9:c0,2026-08-23 16:11:23,17.0,52.456592,5.107932,0,Marken,NL
Amsterdam,Amsterdam_T2,02:00:00:58:e6:76,2026-08-23 16:11:31,18.6,52.460474,5.102583,1,Marken,NL
Amsterdam,Amsterdam_T2,02:00:00:1b:0b:da,2026-08-23 16:06:30,21.8,52.49417,4.78894000000004,2,Wormerveer,NL
Amsterdam,Amsterdam_T2,02:00:00:12:61:86,2026-08-23 16:06:40,22.0,52.4917057073896,4.80021612200147,2,Wormer,NL
Amsterdam,Amsterdam_T2,02:00:00:c2:84:0a,2026-08-23 16:05:07,22.3,52.4948445773121,4.79308347650687,2,Wormerveer,NL
Amsterdam,Amsterdam_T2,02:00:00:65:83:02,2026-08-23 16:12:03,20.2,52.4834613,4.80601730000005,1,Wormerveer,NL
Amsterdam,Amsterdam_T2,02:00:00:a4:18:7c,2026-08-23 16:03:05,22.9,52.493057,4.807123,0,Wormer,NL
Amsterdam,Amsterdam_T2,02:00:00:53:50:2a,2026-08-23 16:08:19,20.8,52.496266,4.819022,1,Wormer,NL
Amsterdam,Amsterdam_T2,02:00:00:8d:d0:7c,2026-08-23 16:09:26,20.4,52.490391116113,4.92924329763459,0,Purmerend,NL
Amsterdam,Amsterdam_T2,02:00:00:03:c7:82,2026-08-23 16:05:26,19.4,52.488343,4.938001,0,Purmerend,NL
Amsterdam,Amsterdam_T2,02:00:00:53:1f:08,2026-08-23 16:10:05,21.6,52.49503,4.92957000000003,0,Purmerend,NL
Amsterdam,Amsterdam_T2,02:00:00:9c:d8:1a,2026-08-23 16:12:04,19.2,52.4915202,4.96165890000017,0,Purmerend,NL
Amsterdam,Amsterdam_T2,02:00:00:c3:93:f6,2026-08-23 16:07:02,18.9,52.49484,4.946418,0,Purmerend,NL
Amsterdam,Amsterdam_T2,02:00:00:74:30:70,2026-08-23 16:03:04,20.4,52.495717,4.951841,0,Purmerend,NL
Amsterdam,Amsterdam_T2,02:00:00:c6:15:e2,2026-08-23 16:09:38,20.8,52.488234762816,4.97100975471119,0,Purmerend,NL
Amsterdam,Amsterdam_T2,02:00:00:36:99:3e,2026-08-23 16:10:10,19.6,52.4873166828203,4.97366015893508,0,Purmerend,NL
Amsterdam,Amsterdam_T2,02:00:00:bc:ab:40,2026-08-23 16:11:33,21.4,52.4950981140137,4.97947788238525,0,Purmerend,NL
Amsterdam,Amsterdam_T2,02:00:00:27:50:a8,2026-08-23 16:06:37,21.8,52.493988,5.047598,0,Volendam,NL
Amsterdam,Amsterdam_T2,02:00:00:13:0f:6c,2026-08-23 16:09:10,21.2,52.500239,4.816214,0,Wormer,NL
Amsterdam,Amsterdam_T2,02:00:00:1c:6d:42,2026-08-23 16:06:48,18.4,52.500429,4.8242,1,Wormer,NL
Amsterdam,Amsterdam_T2,02:00:00:a4:41:de,2026-08-23 16:11:25,19.4,52.4998027881579,4.82577238512022,0,Wormer,NL
Amsterdam,Amsterdam_T2,02:00:00:70:52:6c,2026-08-23 16:08:20,19.3,52.509555,4.84741,0,Jisp,NL
Amsterdam,Amsterdam_T2,02:00:00:02:7e:e2,2026-08-23 16:08:22,21.3,52.50109,4.934905,0,Purmerend,NL
Amsterdam,Amsterdam_T2,02:00:00:b5:86:1a,2026-08-23 16:10:03,19.3,52.499132,4.950515,0,Purmerend,NL
Amsterdam,Amsterdam_T2,02:00:00:1d:eb:96,2026-08-23 16:07:43,21.0,52.505266,4.949082,1,Purmerend,NL
Amsterdam,Amsterdam_T2,02:00:00:7f:cd:5a,2026-08-23 16:11:24,19.8,52.499632,4.954935,0,Purmerend,NL
Amsterdam,Amsterdam_T2,02:00:00:01:fd:6c,2026-08-23 16:09:48,22.4,52.5106950810046,4.97425221656761,0,Purmerend,NL
Amsterdam,Amsterdam_T2,02:00:00:28:ba:8e,2026-08-23 16:06:06,18.5,52.49846,4.985919,0,Purmerend,NL
Amsterdam,Amsterdam_T2,02:00:00:01:cb:8a,2026-08-23 16:05:53,19.6,52.500789,4.986087,0,Purmerend,NL
Amsterdam,Amsterdam_T2,02:00:00:7a:ea:00,2026-08-23 16:05:27,20.6,52.510647,4.9936514,0,Purmerend,NL
Amsterdam,Amsterdam_T2,02:00:00:1f:3e:84,2026-08-23 16:11:04,21.0,52.504946,5.05026,0,Edam-Volendam,NL
Amsterdam,Amsterdam_T2,02:00:00:6b:56:92,2026-08-23 16:05:56,19.7,52.5107399131418,5.05132626109,2,Edam,NL
Amsterdam,Amsterdam_T2,02:00:00:6b:66:84,2026-08-23 15:15:51,17.9,52.503682,5.060672,0,Edam-Volendam,NL
Amsterdam,Amsterdam_T2,02:00:00:70:1b:98,2026-08-23 16:06:05,19.9,52.518831,4.948998,0,Zuidoostbeemster,NL
Amsterdam,Amsterdam_T2,02:00:00:14:48:40,2026-08-23 16:11:46,21.2,52.514999,4.952826,0,Purmerend,NL
Amsterdam,Amsterdam_T2,02:00:00:bd:d2:74,2026-08-23 16:08:33,21.1,52.51736,4.96777,0,Purmerend,NL
Amsterdam,Amsterdam_T2,02:00:00:2e:ec:0a,2026-08-23 16:07:16,18.9,52.513165,4.985127,0,Purmerend,NL
Amsterdam,Amsterdam_T2,02:00:00:7a:a3:b2,2026-08-23 16:10:44,18.4,52.52057,4.9764185,0,Purmerend,NL
Amsterdam,Amsterdam_T2,02:00:00:a4:43:5c,2026-08-23 16:11:23,20.0,52.51412,5.05999,1,Edam,NL
Amsterdam,Amsterdam_T2,02:00:00:5f:01:22,2026-08-23 16:09:21,18.8,52.526959,4.887042,0,Beemster,NL
Amsterdam,Amsterdam_T2,02:00:00:2b:22:ba,2026-08-23 16:10:41,18.4,52.528348,4.978256,1,Kwadijk,NL
Amsterdam,Amsterdam_T2,02:00:00:2f:2a:40,2026-08-23 16:04:40,18.7,52.54467,4.81628,0,Alkmaar,NL
Amsterdam,Amsterdam_T2,02:00:00:2b:20:e2,2026-08-23 16:10:21,20.4,52.557103,4.842962,0,De Rijp,NL
Amsterdam,Amsterdam_T2,02:00:00:c3:cf:e8,2026-08-23 16:06:34,21.6,52.55496,4.848112,0,De Rijp,NL
Amsterdam,Amsterdam_T2,02:00:00:a2:4e:70,2026-08-23 16:11:56,18.2,52.560772,4.83367,0,Graft,NL
Amsterdam,Amsterdam_T2,02:00:00:5e:d1:f0,2026-08-23 16:04:21,19.6,52.557323,4.95315,0,Middenbeemster,NL
Amsterdam,Amsterdam_T2,02:00:00:8d:d2:a6,2026-08-23 16:10:42,18.3,52.5748079414121,4.9975723028183,1,Oosthuizen,NL
Amsterdam,Amsterdam_T2,02:00:00:bd:cf:d4,2026-08-23 16:02:07,19.2,52.583034,4.850177,1,Grootschermer,NL
Amsterdam,Amsterdam_T2,02:00:00:18:fe:32,2026-08-23 16:05:40,19.9,52.589092,4.889988,0,Noordbeemster,NL
Amsterdam,Amsterdam_T2,02:00:00:5e:e2:a2,2026-08-23 16:05:35,19.0,52.590799,4.99267889999998,0,Beets,NL
Amsterdam,Amsterdam_T2,02:00:00:a9:e7:3e,2026-08-23 16:05:17,18.5,52.5977249145508,4.80700254440308,0,Zuidschermer,NL
Amsterdam,Amsterdam_T2,02:00:00:a9:9a:0e,2026-08-23 16:08:30,18.9,52.60907,4.82852,0,Stompetoren,NL
Amsterdam,Amsterdam_T2,02:00:00:a4:1f:24,2026-08-23 16:07:29,20.3,52.601368,4.895885,0,Schermerhorn,NL
Amsterdam,Amsterdam_T2,02:00:00:00:5c:fe,2026-08-23 16:05:13,19.1,52.611835,4.819923,0,Stompetoren,NL
Amsterdam,Amsterdam_T2,02:00:00:a2:05:f0,2026-08-23 16:10:39,19.1,52.61378,4.8226314,0,Stompetoren,NL
Amsterdam,Amsterdam_T2,02:00:00:b5:9f:ce,2026-08-23 16:03:17,20.0,52.616386,4.82743400000004,0,Stompetoren,NL
Amsterdam,Amsterdam_T2,02:00:00:3c:f7:c6,2026-08-23 16:12:23,19.0,52.617355,4.951664,0,Avenhorn,NL
Amsterdam,Amsterdam_T2,02:00:00:6b:31:7e,2026-08-23 16:03:59,18.8,52.634415,4.8763695,0,Rustenburg,NL
Amsterdam,Amsterdam_T2,02:00:00:36:d3:84,2026-08-23 16:06:16,19.7,52.636567,4.911496,0,Ursem,NL
Amsterdam,Amsterdam_T2,02:00:00:9d:00:22,2026-08-23 16:07:05,18.8,52.6390495300293,4.98681020736694,0,Berkhout,NL
Amsterdam,Amsterdam_T2,02:00:00:58:dd:3c,2026-08-23 16:10:09,20.1,52.6367146407962,5.02217284801564,0,Hoorn,NL
Amsterdam,Amsterdam_T2,02:00:00:31:d8:fc,2026-08-23 16:11:01,18.6,52.6358,5.035,1,Hoorn,NL
Amsterdam,Amsterdam_T2,02:00:00:7f:aa:9a,2026-08-23 16:06:45,20.1,52.6374130249023,5.03559350967407,0,Hoorn,NL
Amsterdam,Amsterdam_T2,02:00:00:70:4e:d8,2026-08-23 16:11:47,19.6,52.635018,5.055994,2,Hoorn,NL
Amsterdam,Amsterdam_T2,02:00:00:12:5a:d0,2026-08-23 16:03:15,19.4,52.6491675042269,4.78180266103391,0,Alkmaar,NL
Amsterdam,Amsterdam_T2,02:00:00:70:24:48,2026-08-23 16:05:02,23.6,52.643764,4.811346,0,Heerhugowaard,NL
Amsterdam,Amsterdam_T2,02:00:00:8d:c8:3e,2026-08-23 16:09:11,19.6,52.6458,4.8165,0,Heerhugowaard,NL
Amsterdam,Amsterdam_T2,02:00:00:70:45:b4,2026-08-23 16:07:23,18.5,52.6408805482461,4.82286089912765,0,Heerhugowaard,NL
Amsterdam,Amsterdam_T2,02:00:00:73:a4:18,2026-08-23 16:11:42,24.5,52.651179,4.836669,0,Heerhugowaard,NL
Amsterdam,Amsterdam_T2,02:00:00:84:a4:8a,2026-08-23 16:07:09,19.4,52.65307,4.842089,0,Heerhugowaard,NL
Amsterdam,Amsterdam_T2,02:00:00:12:ae:72,2026-08-23 16:08:04,18.5,52.642342,5.006524,-2,Koggenland,NL
Amsterdam,Amsterdam_T2,02:00:00:ab:e2:60,2026-08-23 16:03:32,19.2,52.6533337948181,5.00276838610966,0,Berkhout,NL
Amsterdam,Amsterdam_T2,02:00:00:bd:f8:2a,2026-08-23 16:04:47,18.3,52.6404246842747,5.01088078453655,0,Berkhout,NL
Amsterdam,Amsterdam_T2,02:00:00:1d:fd:b8,2026-08-23 16:10:47,19.4,52.6441,5.051928,0,Haarlemmermeer,NL
Amsterdam,Amsterdam_T2,02:00:00:a2:62:b0,2026-08-23 16:09:28,19.5,52.644273,5.058899,0,Hoorn,NL
Amsterdam,Amsterdam_T2,02:00:00:ab:e6:7e,2026-08-23 16:07:22,18.5,52.6451580761367,5.06099598419189,0,Hoorn,NL
Amsterdam,Amsterdam_T2,02:00:00:05:4b:44,2026-08-23 16:03:56,20.4,52.311724,4.866482,0,Amstelveen,NL
Amsterdam,Amsterdam_T2,02:00:00:3d:0e:66,2026-08-23 16:06:50,18.4,52.3116821436819,4.86693327521717,0,Amstelveen,NL
Amsterdam,Amsterdam_T2,02:00:00:2f:24:f4,2026-08-23 16:11:24,20.7,52.3131760328984,4.9050662899177,0,Amstelveen,NL
Amsterdam,Amsterdam_T2,02:00:00:90:ba:a6,2026-08-23 16:03:49,20.9,52.3243254,4.945702,1,Amsterdam,NL
Amsterdam,Amsterdam_T2,02:00:00:64:f4:40,2026-08-23 16:04:35,21.2,52.323489,4.949922,0,Amsterdam,NL
Amsterdam,Amsterdam_T2,02:00:00:a9:c7:92,2026-08-23 16:04:48,19.6,52.3181934768859,4.99123257230989,0,Amsterdam,NL
Amsterdam,Amsterdam_T2,02:00:00:b9:52:60,2026-08-23 16:05:13,20.1,52.3166694641113,5.02612543106079,0,Weesp,NL
Amsterdam,Amsterdam_T2,02:00:00:52:d8:ce,2026-08-23 16:07:45,21.6,52.3187292818219,5.03482381473692,0,Weesp,NL
Amsterdam,Amsterdam_T2,02:00:00:a9:70:6c,2026-08-23 16:05:29,19.1,52.319796,5.037465,0,Weesp,NL
Amsterdam,Amsterdam_T2,02:00:00:1e:02:e4,2026-08-23 16:02:58,21.8,52.317602,5.04012000000006,0,Weesp,NL
Amsterdam,Amsterdam_T2,02:00:00:a2:21:4c,2026-08-23 16:09:44,22.2,52.3212356567383,5.04339694976807,0,Weesp,NL
Amsterdam,Amsterdam_T2,02:00:00:bc:ac:0e,2026-08-23 16:08:10,19.8,52.317851,5.049238,0,Weesp,NL
Amsterdam,Amsterdam_T2,02:00:00:8d:e3:a0,2026-08-23 16:02:56,21.0,52.333433,4.791664,0,Badhoevedorp,NL
Amsterdam,Amsterdam_T2,02:00:00:a4:21:fc,2026-08-23 16:06:01,19.7,52.3272787,4.86810710000012,0,Amsterdam,NL
Amsterdam,Amsterdam_T2,02:00:00:53:18:1c,2026-08-23 16:03:29,19.7,52.3359671746926,4.87311174029132,0,Amsterdam,NL
Amsterdam,Amsterdam_T2,02:00:00:6b:54:3c,2026-08-23 16:12:09,21.3,52.3274342242951,4.87812453825795,4,Amsterdam,NL
Amsterdam,Amsterdam_T2,02:00:00:bd:1d:3e,2026-08-23 16:03:56,20.0,52.331773,4.888536,4,Amsterdam,NL
Amsterdam,Amsterdam_T2,02:00:00:a4:51:b4,2026-08-23 16:04:58,19.4,52.337832,4.894324,4,Amsterdam,NL
Amsterdam,Amsterdam_T2,02:00:00:70:4c:80,2026-08-23 16:02:25,23.2,52.3385,4.9168,3,Amsterdam,NL
Amsterdam,Amsterdam_T2,02:00:00:9c:da:94,2026-08-23 16:02:26,19.4,52.332847,4.936642,4,Duivendrecht,NL
Amsterdam,Amsterdam_T2,02:00:00:9d:0c:d8,2026-08-23 16:10:08,19.9,52.32961,4.961911,2,Diemen,NL
Amsterdam,Amsterdam_T2,02:00:00:27:76:38,2026-08-23 16:09:16,21.3,52.3363586,4.9621297,0,Diemen,NL
Amsterdam,Amsterdam_T2,02:00:00:b5:71:d4,2026-08-23 16:09:53,20.6,52.3371353071573,4.96234081685543,0,Diemen,NL
Amsterdam,Amsterdam_T2,02:00:00:18:f9:e8,2026-08-23 16:06:10,21.7,52.325482,4.97447,3,Amsterdam,NL
Amsterdam,Amsterdam_T2,02:00:00:27:51:b8,2026-08-23 16:08:18,19.6,52.326592,4.978735,0,Amsterdam,NL
Amsterdam,Amsterdam_T2,02:00:00:83:90:6a,2026-08-23 16:02:57,22.3,52.327777,4.979477,0,Amsterdam,NL
Amsterdam,Amsterdam_T2,02:00:00:83:bf:80,2026-08-23 16:10:33,20.4,52.333599,5.061164,2,Muiden,NL
Amsterdam,Amsterdam_T2,02:00:00:01:6c:5e,2026-08-23 16:02:29,21.3,52.3446448698127,4.79225000001364,0,Amsterdam,NL
Amsterdam,Amsterdam_T2,02:00:00:63:45:58,2026-08-23 16:02:19,21.0,52.3414578220111,4.79799399999996,1,Amsterdam,NL
Amsterdam,Amsterdam_T2,02:00:00:00:c9:c8,2026-08-23 16:10:59,22.8,52.3535947951943,4.79096345471049,2,Amsterdam,NL
Amsterdam,Amsterdam_T2,02:00:00:27:63:7e,2026-08-23 16:03:29,20.4,52.349896,4.810742,0,Amsterdam,NL
Amsterdam,Amsterdam_T2,02:00:00:84:73:aa,2026-08-23 16:09:28,22.6,52.342971,4.825803,0,Amsterdam,NL
Amsterdam,Amsterdam_T2,02:00:00:84:03:f4,2026-08-23 16:08:34,23.0,52.34298,4.825876,0,Amsterdam,NL
Amsterdam,Amsterdam_T2,02:00:00:65:84:16,2026-08-23 16:03:48,21.1,52.34792,4.846243,4,Amsterdam,NL
Amsterdam,Amsterdam_T2,02:00:00:84:4c:e4,2026-08-23 16:10:28,21.1,52.349351,4.845073,1,Amsterdam,NL
Amsterdam,Amsterdam_T2,02:00:00:5f:1f:26,2026-08-23 16:12:16,20.7,52.3457181372478,4.86503304724545,2,Amsterdam,NL
Amsterdam,Amsterdam_T2,02:00:00:03:b9:ce,2026-08-23 16:10:05,21.3,52.347706,4.871382,6,Amsterdam,NL
Amsterdam,Amsterdam_T2,02:00:00:74:60:90,2026-08-23 16:09:40,19.9,52.343761,4.875174,3,Amsterdam,NL
Amsterdam,Amsterdam_T2,02:00:00:01:ca:e6,2026-08-23 16:02:31,20.5,52.34572,4.876628,4,Amsterdam,NL
Amsterdam,Amsterdam_T2,02:00:00:a4:37:d4,2026-08-23 16:09:50,20.6,52.3475151062012,4.87605476379395,5,Amsterdam,NL
Amsterdam,Amsterdam_T2,02:00:00:22:e1:1a,2026-08-23 16:06:45,19.7,52.343674,4.907335,5,Amsterdam,NL
Amsterdam,Amsterdam_T2,02:00:00:83:ef:18,2026-08-23 16:06:28,18.5,52.34854,4.90630999999996,5,Amsterdam,NL
Amsterdam,Amsterdam_T2,02:00:00:c6:2c:e4,2026-08-23 16:04:52,20.1,52.352244,4.899948,7,Amsterdam,NL
Amsterdam,Amsterdam_T2,02:00:00:b9:59:14,2026-08-23 16:11:12,20.6,52.352879,4.928205,0,Amsterdam,NL
Amsterdam,Amsterdam_T2,02:00:00:2a:db:3c,2026-08-23 16:03:00,20.3,52.347729,4.941162,0,Amsterdam,NL
Amsterdam,Amsterdam_T2,02:00:00:2c:f1:9a,2026-08-23 16:05:40,19.6,52.34402,4.952192,0,Amsterdam,NL
Amsterdam,Amsterdam_T2,02:00:00:13:3c:4c,2026-08-23 16:10:39,21.4,52.3399512086528,4.96276274283001,2,Diemen,NL
Amsterdam,Amsterdam_T2,02:00:00:bd:c0:be,2026-08-23 16:10:09,19.3,52.350442,4.98087900000004,6,Diemen,NL
Amsterdam,Amsterdam_T2,02:00:00:70:51:ce,2026-08-23 16:07:37,21.8,52.3533443,4.99812519999998,0,Amsterdam,NL
Amsterdam,Amsterdam_T2,02:00:00:5f:2d:ec,2026-08-23 16:02:33,20.7,52.350554,5.003617,0,Amsterdam,NL
Amsterdam,Amsterdam_T2,02:00:00:53:21:30,2026-08-23 16:05:46,23.1,52.355412,4.787642,0,Amsterdam,NL
Amsterdam,Amsterdam_T2,02:00:00:5e:f9:38,2026-08-23 16:05:09,19.9,52.354861,4.832611,0,Amsterdam,NL
Amsterdam,Amsterdam_T2,02:00:00:04:69:08,2026-08-23 16:06:09,21.4,52.356992,4.849782,5,Amsterdam,NL
Amsterdam,Amsterdam_T2,02:00:00:05:4c:f0,2026-08-23 16:08:05,18.9,52.3583,4.8488,2,Amsterdam,NL
Amsterdam,Amsterdam_T2,02:00:00:63:33:0c,2026-08-23 16:10:54,19.9,52.365672,4.85523999999998,1,Amsterdam,NL
Amsterdam,Amsterdam_T2,02:00:00:a4:1b:60,2026-08-23 16:12:15,22.1,52.354291,4.861925,4,Amsterdam,NL
Amsterdam,Amsterdam_T2,02:00:00:5f:10:56,2026-08-23 16:09:40,19.9,52.3575455,4.8667305,4,Amsterdam,NL
Amsterdam,Amsterdam_T2,02:00:00:7a:85:20,2026-08-23 16:07:22,21.8,52.354887,4.876879,4,Amsterdam,NL
Amsterdam,Amsterdam_T2,02:00:00:b5:54:dc,2026-08-23 16:09:40,21.4,52.3564,4.8802,2,Amsterdam,NL
Amsterdam,Amsterdam_T2,02:00:00:73:a0:86,2026-08-23 16:03:17,19.8,52.3543,4.8951,1,Amsterdam,NL
Amsterdam,Amsterdam_T2,02:00:00:02:b1:be,2026-08-23 16:07:42,19.0,52.3573648188524,4.89851619487149,4,Amsterdam,NL
Amsterdam,Amsterdam_T2,02:00:00:3a:24:be,2026-08-23 16:04:02,19.7,52.3540842,4.90596159999996,5,Amsterdam,NL
Amsterdam,Amsterdam_T2,02:00:00:70:42:62,2026-08-23 16:11:25,21.4,52.356221,4.909817,3,Amsterdam,NL
Amsterdam,Amsterdam_T2,02:00:00:04:a6:8a,2026-08-23 16:09:47,19.8,52.3607,4.9243,1,Amsterdam,NL
Amsterdam,Amsterdam_T2,02:00:00:b2:b2:58,2026-08-23 16:08:54,19.7,52.357371,4.926031,3,Amsterdam,NL
Amsterdam,Amsterdam_T2,02:00:00:9b:51:e4,2026-08-23 16:07:04,20.0,52.360158,4.925819,2,Amsterdam,NL
Amsterdam,Amsterdam_T2,02:00:00:2a:fe:a6,2026-08-23 16:02:56,21.2,52.3572889935944,4.94533920674587,0,Amsterdam,NL
Amsterdam,Amsterdam_T2,02:00:00:3f:6a:62,2026-08-23 16:08:29,20.9,52.363079,4.979751,0,Amsterdam,NL
Amsterdam,Amsterdam_T2,02:00:00:b2:c1:1a,2026-08-23 16:04:34,20.1,52.359813,4.995219,0,Amsterdam,NL
Amsterdam,Amsterdam_T2,02:00:00:c6:24:60,2026-08-23 16:02:17,20.5,52.3561316,5.0025093,0,Amsterdam,NL
Amsterdam,Amsterdam_T2,02:00:00:83:d1:bc,2026-08-23 16:11:39,22.4,52.373107,4.810869,0,Amsterdam,NL
Amsterdam,Amsterdam_T2,02:00:00:83:eb:6a,2026-08-23 16:04:30,22.3,52.3771819548297,4.818619891921,1,Amsterdam,NL
Amsterdam,Amsterdam_T2,02:00:00:1b:1b:36,2026-08-23 16:09:01,21.2,52.374821,4.822411,3,Amsterdam,NL
Amsterdam,Amsterdam_T2,02:00:00:53:50:72,2026-08-23 16:08:56,20.3,52.375709,4.83394,1,Amsterdam,NL
Amsterdam,Amsterdam_T2,02:00:00:af:8c:48,2026-08-23 16:02:32,21.0,52.379386,4.839399,2,Amsterdam,NL
Amsterdam,Amsterdam_T2,02:00:00:7a:7d:7c,2026-08-23 16:05:23,20.2,52.376183,4.8480215,3,Amsterdam,NL
Amsterdam,Amsterdam_T2,02:00:00:2b:49:82,2026-08-23 16:08:39,20.3,52.3727766,4.8646089,4,Amsterdam,NL
Amsterdam,Amsterdam_T2,02:00:00:6b:32:8c,2026-08-23 16:11:07,19.9,52.370501,4.874214,6,Amsterdam,NL
Amsterdam,Amsterdam_T2,02:00:00:af:9a:18,2026-08-23 16:04:28,19.6,52.371666,4.881638,9,Amsterdam,NL
Amsterdam,Amsterdam_T2,02:00:00:83:ef:48,2026-08-23 16:06:33,18.7,52.3716,4.8883,0,Vijfhuizen,NL
Amsterdam,Amsterdam_T2,02:00:00:a4:39:8a,2026-08-23 16:05:31,18.9,52.3719,4.8829,9,Amsterdam,NL
Amsterdam,Amsterdam_T2,02:00:00:6b:3b:94,2026-08-23 16:04:58,20.7,52.3824,4.8995,5,Amsterdam,NL
Amsterdam,Amsterdam_T2,02:00:00:02:b1:b4,2026-08-23 16:10:09,21.1,52.3824005126953,4.89949989318848,1,Amsterdam,NL
Amsterdam,Amsterdam_T2,02:00:00:bd:e9:ec,2026-08-23 16:04:36,19.5,52.368624,4.906635,9,Amsterdam,NL
Amsterdam,Amsterdam_T2,02:00:00:6b:27:ca,2026-08-23 16:08:24,21.9,52.3687377628581,4.93161678314209,1,Amsterdam,NL
Amsterdam,Amsterdam_T2,02:00:00:bd:07:a6,2026-08-23 15:53:45,21.2,52.375199,4.931954,1,Amsterdam,NL
Amsterdam,Amsterdam_T2,02:00:00:65:41:06,2026-08-23 16:02:46,19.5,52.379093,4.927459,4,Amsterdam,NL
Amsterdam,Amsterdam_T2,02:00:00:28:9a:9a,2026-08-23 16:02:24,18.6,52.369183,4.95507,0,Amsterdam,NL
Amsterdam,Amsterdam_T2,02:00:00:c6:26:24,2026-08-23 16:06:02,19.3,52.3731658712137,4.96877610683441,1,Amsterdam,NL
Amsterdam,Amsterdam_T2,02:00:00:a2:31:fc,2026-08-23 16:03:33,20.8,52.3845558166504,4.86922264099121,7,Amsterdam,NL
Amsterdam,Amsterdam_T2,02:00:00:36:9f:fe,2026-08-23 16:07:08,19.7,52.383123,4.874172,6,Amsterdam,NL
Amsterdam,Amsterdam_T2,02:00:00:84:46:e2,2026-08-23 16:05:49,20.6,52.3929199123918,4.88645911216736,0,Amsterdam,NL
Amsterdam,Amsterdam_T2,02:00:00:af:30:44,2026-08-23 16:09:08,21.6,52.385656,4.891618,0,Amsterdam,NL
Amsterdam,Amsterdam_T2,02:00:00:9d:1b:ac,2026-08-23 16:09:14,21.3,52.386736,4.900561,4,Amsterdam,NL
Amsterdam,Amsterdam_T2,02:00:00:1c:5a:de,2026-08-23 16:07:11,25.8,52.3861524614255,4.90178911562291,1,Amsterdam,NL
Amsterdam,Amsterdam_T2,02:00:00:31:ea:9a,2026-08-23 16:01:54,22.1,52.386666,4.905248,3,Amsterdam,NL
Amsterdam,Amsterdam_T2,02:00:00:2a:d6:c6,2026-08-23 16:03:01,19.5,52.3936767578125,4.9279146194458,0,Amsterdam,NL
Amsterdam,Amsterdam_T2,02:00:00:58:da:86,2026-08-23 16:10:10,18.9,52.3937631533699,4.93177643254458,1,Amsterdam,NL
Amsterdam,Amsterdam_T2,02:00:00:b2:ad:ea,2026-08-23 16:10:21,19.2,52.396946,4.937041,0,Amsterdam,NL
Amsterdam,Amsterdam_T2,02:00:00:00:f7:8e,2026-08-23 16:07:06,24.2,52.4091,4.8896,0,Amsterdam,NL
Amsterdam,Amsterdam_T2,02:00:00:65:70:14,2026-08-23 16:06:49,21.1,52.406578,4.898823,3,Amsterdam,NL
Amsterdam,Amsterdam_T2,02:00:00:b5:76:26,2026-08-23 16:04:49,19.5,52.403811,4.914876,2,Amsterdam,NL
Amsterdam,Amsterdam_T2,02:00:00:84:9d:b8,2026-08-23 16:03:16,19.3,52.409513391525,4.90777124931917,3,Amsterdam,NL
Amsterdam,Amsterdam_T2,02:00:00:bd:d9:9e,2026-08-23 16:03:16,20.7,52.407674,4.932463,0,Amsterdam,NL
Amsterdam,Amsterdam_T2,02:00:00:7f:d5:6c,2026-08-23 16:02:16,20.0,52.407289,4.935319,0,Amsterdam,NL
Amsterdam,Amsterdam_T2,02:00:00:63:2c:2a,2026-08-23 16:02:02,18.7,52.402984,4.945694,2,Amsterdam,NL
Amsterdam,Amsterdam_T2,02:00:00:63:32:ca,2026-08-23 16:08:59,19.8,52.400011,4.948339,0,Amsterdam,NL
Amsterdam,Amsterdam_T2,02:00:00:7f:c1:54,2026-08-23 16:09:10,19.9,52.3997152224585,4.95156731297681,0,Amsterdam,NL
Amsterdam,Amsterdam_T2,02:00:00:74:33:d4,2026-08-23 16:03:08,23.4,52.417055,4.825916,2,Amsterdam,NL
Amsterdam,Amsterdam_T2,02:00:00:84:a0:80,2026-08-23 16:03:57,19.4,52.414189,4.871251,1,Amsterdam,NL
Amsterdam,Amsterdam_T2,02:00:00:bd:c8:28,2026-08-23 16:12:09,19.5,52.4225551,4.8995336,0,Amsterdam,NL
Amsterdam,Amsterdam_T2,02:00:00:b2:be:dc,2026-08-23 16:06:37,20.4,52.4336802968209,4.80540275573731,0,Zaanstad,NL
Amsterdam,Amsterdam_T2,02:00:00:c3:9d:f2,2026-08-23 16:06:21,19.5,52.432236,4.828755,2,Zaandam,NL
Amsterdam,Amsterdam_T2,02:00:00:a4:5d:e2,2026-08-23 16:11:48,19.8,52.429596,4.834617,2,Zaandam,NL
Amsterdam,Amsterdam_T2,02:00:00:01:16:2a,2026-08-23 16:02:26,20.7,52.434544,4.873619,0,Oostzaan,NL
Amsterdam,Amsterdam_T2,02:00:00:b9:17:08,2026-08-23 16:05:23,23.6,52.4381332397461,4.87382507324219,1,Oostzaan,NL
Amsterdam,Amsterdam_T2,02:00:00:a2:0e:c0,2026-08-23 16:11:28,23.3,52.4381484985352,4.87386560440063,1,Oostzaan,NL
Amsterdam,Amsterdam_T2,02:00:00:b5:05:fe,2026-08-23 16:04:23,20.4,52.43446,4.876556,0,Oostzaan,NL
Amsterdam,Amsterdam_T2,02:00:00:b8:ec:c0,2026-08-23 16:04:42,18.9,52.434645,4.88352290000002,0,Oostzaan,NL
Amsterdam,Amsterdam_T2,02:00:00:a4:16:16,2026-08-23 16:07:07,18.7,52.437968,4.884335,1,Oostzaan,NL
Amsterdam,Amsterdam_T2,02:00:00:2c:81:ba,2026-08-23 16:09:48,19.1,52.42855131,4.90767144000006,0,Landsmeer,NL
Amsterdam,Amsterdam_T2,02:00:00:84:97:78,2026-08-23 16:11:35,19.1,52.4303782,4.9118837,0,Landsmeer,NL
Amsterdam,Amsterdam_T2,02:00:00:7f:8e:40,2026-08-23 16:02:12,18.4,52.4295166584759,4.91431653499603,1,Landsmeer,NL
Amsterdam,Amsterdam_T2,02:00:00:19:9f:a0,2026-08-23 16:09:23,20.3,52.42952,4.922538,2,Landsmeer,NL
Amsterdam,Amsterdam_T2,02:00:00:b2:a8:40,2026-08-23 16:10:04,17.9,52.4277367607842,4.97108750037114,0,Watergang,NL
Amsterdam,Amsterdam_T2,02:00:00:5f:16:d6,2026-08-23 16:02:25,17.9,52.4284796,4.9963295,0,Broek in Waterland,NL
Amsterdam,Amsterdam_T2,02:00:00:03:66:0a,2026-08-23 16:11:37,18.1,52.435455,4.998643,0,Waterland,NL
Amsterdam,Amsterdam_T2,02:00:00:c5:39:e6,2026-08-23 16:05:05,18.7,52.4318871,5.00355289999993,0,Waterland,NL
Amsterdam,Amsterdam_T2,02:00:00:74:2f:bc,2026-08-23 16:02:37,19.2,52.441813,4.800982,2,Zaandam,NL
Amsterdam,Amsterdam_T2,02:00:00:28:b4:66,2026-08-23 16:08:25,18.3,52.44171,4.801541,2,Zaandam,NL
Amsterdam,Amsterdam_T2,02:00:00:2b:51:e0,2026-08-23 16:08:06,19.4,52.4437952340714,4.80843538190147,0,Zaandam,NL
Amsterdam,Amsterdam_T2,02:00:00:3b:e3:ba,2026-08-23 16:02:52,20.9,52.446107,4.818733,4,Zaandam,NL
Amsterdam,Amsterdam_T2,02:00:00:90:6d:84,2026-08-23 16:09:10,20.2,52.451797,4.81541440000003,0,Zaandam,NL
Amsterdam,Amsterdam_T2,02:00:00:64:1b:8a,2026-08-23 16:07:44,21.1,52.44757,4.87087999999997,0,Oostzaan,NL
Amsterdam,Amsterdam_T2,02:00:00:70:51:98,2026-08-23 16:05:57,19.1,52.449376,4.873678,0,Oostzaan,NL
Amsterdam,Amsterdam_T2,02:00:00:8d:e0:2e,2026-08-23 16:03:19,19.8,52.453716,5.033896,1,Monnickendam,NL
Amsterdam,Amsterdam_T2,02:00:00:74:38:ae,2026-08-23 16:02:33,21.6,52.448765,5.040629,0,Monnickendam,NL
Amsterdam,Amsterdam_T2,02:00:00:65:7b:60,2026-08-23 16:11:39,20.4,52.45517,4.796338,0,Koog aan de Zaan,NL
Amsterdam,Amsterdam_T2,02:00:00:65:85:14,2026-08-23 16:02:24,20.3,52.460911,4.798072,0,Koog aan de Zaan,NL
Amsterdam,Amsterdam_T2,02:00:00:70:59:8a,2026-08-23 16:04:10,18.7,52.461746,4.800009,0,Zaanstad,NL
Amsterdam,Amsterdam_T2,02:00:00:b2:a4:56,2026-08-23 16:05:12,19.9,52.458013,4.806933,1,Koog aan de Zaan,NL
Amsterdam,Amsterdam_T2,02:00:00:12:55:1a,2026-08-23 16:04:43,19.7,52.4596497323282,4.81831419827456,3,Zaanstad,NL
Amsterdam,Amsterdam_T2,02:00:00:a9:c1:1c,2026-08-23 16:02:43,21.9,52.4684745,4.8413454,2,Zaandam,NL
Amsterdam,Amsterdam_T2,02:00:00:65:59:44,2026-08-23 16:02:34,19.4,52.46492,4.947995,0,Landsmeer,NL
Amsterdam,Amsterdam_T2,02:00:00:36:b5:10,2026-08-23 16:05:43,18.9,52.4607855,5.0354233,5,Waterland,NL
Amsterdam,Amsterdam_T2,02:00:00:74:32:a4,2026-08-23 16:08:07,20.6,52.4731842031282,4.79222238063812,0,Zaandijk,NL
Amsterdam,Amsterdam_T2,02:00:00:b9:41:ba,2026-08-23 16:09:37,19.0,52.468595,4.827322,2,Zaandam,NL
Amsterdam,Amsterdam_T2,02:00:00:af:6e:4c,2026-08-23 16:08:19,20.0,52.472511,4.809806,1,Zaandijk,NL
Amsterdam,Amsterdam_T2,02:00:00:14:3f:f0,2026-08-23 16:11:18,19.5,52.478533,4.808805,0,Zaandijk,NL
Amsterdam,Amsterdam_T2,02:00:00:ab:f0:04,2026-08-23 16:05:14,19.8,52.4732402,4.82852159999997,1,Zaanstad,NL
Amsterdam,Amsterdam_T3,02:00:00:b5:b2:22,2026-08-23 16:08:19,18.8,52.180305,4.866178,0,Wilnis,NL
Amsterdam,Amsterdam_T3,02:00:00:b9:1f:00,2026-08-23 16:11:28,20.6,52.1843654615619,4.8412770498544,0,Mijdrecht,NL
Amsterdam,Amsterdam_T3,02:00:00:9c:de:20,2026-08-23 16:07:11,20.3,52.1958658,4.86264180000002,0,Mijdrecht,NL
Amsterdam,Amsterdam_T3,02:00:00:5f:44:8a,2026-08-23 16:10:01,18.5,52.1946220397949,4.864089012146,0,De Ronde Venen,NL
Amsterdam,Amsterdam_T3,02:00:00:39:f9:dc,2026-08-23 16:03:46,20.7,52.202356,4.852284,0,Mijdrecht,NL
Amsterdam,Amsterdam_T3,02:00:00:c2:8b:66,2026-08-23 16:04:51,20.3,52.2024134198857,4.86232912167743,0,De Ronde Venen,NL
Amsterdam,Amsterdam_T3,02:00:00:64:f2:e6,2026-08-23 16:11:02,20.8,52.202097,4.867608,0,Mijdrecht,NL
Amsterdam,Amsterdam_T3,02:00:00:36:9e:aa,2026-08-23 16:12:26,21.4,52.1987979923771,4.88789952274533,0,De Ronde Venen,NL
Amsterdam,Amsterdam_T3,02:00:00:65:5c:52,2026-08-23 16:04:09,21.2,52.201575,4.888829,0,Wilnis,NL
Amsterdam,Amsterdam_T3,02:00:00:c3:8b:28,2026-08-23 16:05:44,20.6,52.204623,4.888187,0,Wilnis,NL
Amsterdam,Amsterdam_T3,02:00:00:59:08:9a,2026-08-23 16:02:13,19.9,52.206286,4.920018,0,Vinkeveen,NL
Amsterdam,Amsterdam_T3,02:00:00:bd:eb:2a,2026-08-23 16:09:12,21.1,52.2142662937636,4.86259564698173,0,De Ronde Venen,NL
Amsterdam,Amsterdam_T3,02:00:00:83:9c:f6,2026-08-23 16:05:14,20.8,52.214242,4.868094,0,Mijdrecht,NL
Amsterdam,Amsterdam_T3,02:00:00:83:bf:38,2026-08-23 16:05:08,23.5,52.232445,4.81057,0,Uithoorn,NL
Amsterdam,Amsterdam_T3,02:00:00:1c:65:c8,2026-08-23 16:08:31,22.3,52.233621,4.809495,0,Uithoorn,NL
Amsterdam,Amsterdam_T3,02:00:00:c3:91:d0,2026-08-23 16:03:06,21.9,52.236612,4.807596,0,Uithoorn,NL
Amsterdam,Amsterdam_T3,02:00:00:2d:08:dc,2026-08-23 16:06:41,18.3,52.232,4.8319,0,Amstelhoek,NL
Amsterdam,Amsterdam_T3,02:00:00:13:79:76,2026-08-23 16:03:54,16.0,52.233425,4.833803,4,Uithoorn,NL
Amsterdam,Amsterdam_T3,02:00:00:c2:87:00,2026-08-23 16:02:01,20.4,52.238525,4.967143,0,Vinkeveen,NL
Amsterdam,Amsterdam_T3,02:00:00:32:c6:08,2026-08-23 16:08:49,19.5,52.2411689758301,4.79375600814819,0,Uithoorn,NL
Amsterdam,Amsterdam_T3,02:00:00:58:75:48,2026-08-23 16:07:12,21.2,52.249742,4.801575,0,Uithoorn,NL
Amsterdam,Amsterdam_T3,02:00:00:c2:3d:10,2026-08-23 16:05:13,22.2,52.2475852966309,4.80956983566284,0,Uithoorn,NL
Amsterdam,Amsterdam_T3,02:00:00:74:4d:d2,2026-08-23 16:03:14,21.5,52.252629,4.81731699999996,0,Uithoorn,NL
Amsterdam,Amsterdam_T3,02:00:00:52:ea:00,2026-08-23 16:08:17,23.1,52.2513635184711,4.82396519849737,0,Uithoorn,NL
Amsterdam,Amsterdam_T3,02:00:00:af:23:1a,2026-08-23 16:06:26,19.6,52.24463,4.83123,0,Uithoorn,NL
Amsterdam,Amsterdam_T3,02:00:00:1c:81:58,2026-08-23 16:08:32,20.3,52.247325,4.836755,0,Uithoorn,NL
Amsterdam,Amsterdam_T3,02:00:00:90:96:08,2026-08-23 16:08:18,20.4,52.25234,4.956786,0,Vinkeveen,NL
Amsterdam,Amsterdam_T3,02:00:00:a4:6b:32,2026-08-23 16:11:34,19.1,52.25339,4.959288,0,Vinkeveen,NL
Amsterdam,Amsterdam_T3,02:00:00:65:62:cc,2026-08-23 16:11:27,19.8,52.23966,4.972592,0,Vinkeveen,NL
Amsterdam,Amsterdam_T3,02:00:00:2e:95:68,2026-08-23 16:09:20,18.5,52.242711,5.04575,0,Vreeland,NL
Amsterdam,Amsterdam_T3,02:00:00:a4:37:4a,2026-08-23 16:05:16,19.2,52.2536454,5.04736049999997,0,Nederhorst den Berg,NL
Amsterdam,Amsterdam_T3,02:00:00:c3:d3:be,2026-08-23 16:09:50,20.5,52.276226,4.786397,0,Aalsmeer,NL
Amsterdam,Amsterdam_T3,02:00:00:29:47:02,2026-08-23 16:11:59,19.7,52.2751,4.7914,0,Aalsmeer,NL
Amsterdam,Amsterdam_T3,02:00:00:5e:d5:82,2026-08-23 16:03:02,22.9,52.2759595,4.7924495,0,Aalsmeer,NL
Amsterdam,Amsterdam_T3,02:00:00:af:5c:a8,2026-08-23 16:03:06,19.9,52.279588,4.807665,0,Aalsmeer,NL
Amsterdam,Amsterdam_T3,02:00:00:58:c4:5a,2026-08-23 16:11:31,19.8,52.27291,4.8268547,0,Amstelveen,NL
Amsterdam,Amsterdam_T3,02:00:00:65:54:ae,2026-08-23 16:09:58,20.0,52.275087,4.819074,0,,NL
Amsterdam,Amsterdam_T3,02:00:00:b5:b6:fe,2026-08-23 16:09:54,20.0,52.2803576108898,4.83137900000014,0,Amstelveen,NL
Amsterdam,Amsterdam_T3,02:00:00:2b:50:5e,2026-08-23 16:10:31,20.7,52.2791747,4.84435499999995,0,Amstelveen,NL
Amsterdam,Amsterdam_T3,02:00:00:01:d5:c4,2026-08-23 16:02:53,20.0,52.2782201990729,4.84656731118297,0,Amstelveen,NL
Amsterdam,Amsterdam_T3,02:00:00:64:38:08,2026-08-23 16:08:54,19.9,52.277126,4.855131,0,Amstelveen,NL
Amsterdam,Amsterdam_T3,02:00:00:b5:20:34,2026-08-23 16:03:20,20.1,52.270742,4.881992,0,Ouderkerk aan de Amstel,NL
Amsterdam,Amsterdam_T3,02:00:00:2a:d6:7a,2026-08-23 16:03:17,20.4,52.2696126098744,4.96684000945569,0,De Ronde Venen,NL
Amsterdam,Amsterdam_T3,02:00:00:69:26:be,2026-08-23 16:05:51,23.6,52.277725,4.972173,0,De Ronde Venen,NL
Amsterdam,Amsterdam_T3,02:00:00:90:8f:d2,2026-08-23 16:06:33,21.1,52.28312,4.82091999999998,0,Amstelveen,NL
Amsterdam,Amsterdam_T3,02:00:00:a4:1c:84,2026-08-23 16:08:50,20.0,52.2838261,4.82931780000006,0,Amstelveen,NL
Amsterdam,Amsterdam_T3,02:00:00:28:78:00,2026-08-23 16:10:46,22.0,52.284613,4.828821,0,Amstelveen,NL
Amsterdam,Amsterdam_T3,02:00:00:52:c6:8a,2026-08-23 16:02:39,20.3,52.290750006649,4.8284928930409,0,Amstelveen,NL
Amsterdam,Amsterdam_T3,02:00:00:1d:e4:b2,2026-08-23 16:08:37,20.4,52.2832132669251,4.85250011221136,0,Amstelveen,NL
Amsterdam,Amsterdam_T3,02:00:00:05:82:46,2026-08-23 16:08:40,18.8,52.2844,4.8662,0,Amstelveen,NL
Amsterdam,Amsterdam_T3,02:00:00:b5:0c:6c,2026-08-23 16:11:44,19.4,52.29291,4.862722,0,Amstelveen,NL
Amsterdam,Amsterdam_T3,02:00:00:58:bb:aa,2026-08-23 16:08:32,20.0,52.291399,4.906819,0,Ouder-Amstel,NL
Amsterdam,Amsterdam_T3,02:00:00:bd:fa:d8,2026-08-23 16:11:21,19.1,52.2940673828125,4.90632486343384,0,Ouder-Amstel,NL
Amsterdam,Amsterdam_T3,02:00:00:7f:91:08,2026-08-23 16:11:02,19.8,52.2949,4.9116,0,Ouderkerk aan de Amstel,NL
Amsterdam,Amsterdam_T3,02:00:00:bd:bf:ee,2026-08-23 16:08:35,19.9,52.293971,4.969643,0,Amsterdam,NL
Amsterdam,Amsterdam_T3,02:00:00:a9:e1:5c,2026-08-23 16:09:34,19.8,52.2913856506348,4.98309993743896,0,Amsterdam,NL
Amsterdam,Amsterdam_T3,02:00:00:70:5c:6e,2026-08-23 16:04:33,19.0,52.295512,4.99334,1,Amsterdam,NL
Amsterdam,Amsterdam_T3,02:00:00:36:a2:ee,2026-08-23 16:09:51,20.1,52.2997402181942,4.85346257686615,0,Amstelveen,NL
Amsterdam,Amsterdam_T3,02:00:00:7f:ed:f6,2026-08-23 16:07:32,23.2,52.3022440001073,4.85541709109702,0,Amstelveen,NL
Amsterdam,Amsterdam_T3,02:00:00:00:c8:ee,2026-08-23 16:11:18,19.8,52.3100964,4.85365419999994,0,Amstelveen,NL
Amsterdam,Amsterdam_T3,02:00:00:31:b5:52,2026-08-23 16:10:43,21.8,52.3018417358398,4.87595748901367,0,Amstelveen,NL
Amsterdam,Amsterdam_T3,02:00:00:2b:42:8e,2026-08-23 16:06:18,19.8,52.2987889273546,4.90443549467524,0,Ouderkerk aan de Amstel,NL
Amsterdam,Amsterdam_T3,02:00:00:01:3d:1e,2026-08-23 16:11:28,19.2,52.3109,4.9453,2,Amsterdam,NL
Amsterdam,Amsterdam_T3,02:00:00:53:58:44,2026-08-23 16:02:58,20.4,52.30087,4.959429,0,Amsterdam,NL
Amsterdam,Amsterdam_T3,02:00:00:63:1b:64,2026-08-23 16:05:06,19.7,52.303522,4.968488,0,Amsterdam,NL
Amsterdam,Amsterdam_T3,02:00:00:b5:98:ba,2026-08-23 16:05:51,22.5,52.2985992431641,4.97279977798462,1,Amsterdam,NL
Amsterdam,Amsterdam_T3,02:00:00:03:b8:62,2026-08-23 16:06:45,21.6,52.3082015,4.98595279999995,1,Amsterdam,NL
Amsterdam,Amsterdam_T3,02:00:00:3b:fd:5e,2026-08-23 16:11:22,19.5,52.306607,5.037148,5,Weesp,NL
Amsterdam,Amsterdam_T3,02:00:00:90:bd:86,2026-08-23 16:07:53,18.5,52.305363,5.039419,5,Weesp,NL
Amsterdam,Amsterdam_T3,02:00:00:b5:73:e8,2026-08-23 16:11:04,20.5,52.301728,5.041241,0,Weesp,NL
Amsterdam,Amsterdam_T3,02:00:00:c3:de:1c,2026-08-23 16:07:37,19.3,52.3050727844238,5.04161167144775,2,Weesp,NL
Amsterdam,Amsterdam_T3,02:00:00:a9:5f:3c,2026-08-23 16:11:15,20.2,52.3233565620573,4.58888893347402,2,Bennebroek,NL
Amsterdam,Amsterdam_T3,02:00:00:74:30:a2,2026-08-23 16:11:45,20.9,52.31667,4.601682,2,Bennebroek,NL
Amsterdam,Amsterdam_T3,02:00:00:52:ff:4a,2026-08-23 16:06:03,23.5,52.316234,4.613678,0,Zwaanshoek,NL
Amsterdam,Amsterdam_T3,02:00:00:04:e0:62,2026-08-23 16:11:24,20.2,52.3190344282112,4.59699478325753,2,Bennebroek,NL
Amsterdam,Amsterdam_T3,02:00:00:58:dc:8e,2026-08-23 16:06:39,19.7,52.314828,4.626092,0,Zwaanshoek,NL
Amsterdam,Amsterdam_T3,02:00:00:34:0d:20,2026-08-23 16:07:19,21.4,52.314469,4.637147,0,Haarlemmermeer,NL
Amsterdam,Amsterdam_T3,02:00:00:8d:cc:36,2026-08-23 16:04:11,21.5,52.3125,4.6445,0,Hoofddorp,NL
Amsterdam,Amsterdam_T3,02:00:00:06:02:ae,2026-08-23 16:02:43,20.5,52.313344,4.652007,0,Haarlemmermeer,NL
Amsterdam,Amsterdam_T3,02:00:00:00:d2:c8,2026-08-23 16:08:02,19.3,52.3246564313998,4.64318761619814,0,Haarlemmermeer,NL
Amsterdam,Amsterdam_T3,02:00:00:2b:51:7c,2026-08-23 16:10:02,19.6,52.314801,4.664166,0,Hoofddorp,NL
Amsterdam,Amsterdam_T3,02:00:00:12:6f:32,2026-08-23 16:10:05,19.8,52.318731,4.675906,0,Hoofddorp,NL
Amsterdam,Amsterdam_T3,02:00:00:04:a8:18,2026-08-23 16:02:10,22.1,52.3118591308594,4.69132137298584,0,Haarlemmermeer,NL
Amsterdam,Amsterdam_T3,02:00:00:53:40:ac,2026-08-23 16:02:01,22.2,52.3348254552263,4.61766521558033,1,Heemstede,NL
Amsterdam,Amsterdam_T3,02:00:00:8d:d6:b0,2026-08-23 16:05:43,20.6,52.335645,4.632993,0,Cruquius,NL
Amsterdam,Amsterdam_T3,02:00:00:be:07:f0,2026-08-23 16:03:52,19.3,52.3348065616568,4.64470551369772,0,Cruquius,NL
Amsterdam,Amsterdam_T3,02:00:00:c2:49:e6,2026-08-23 16:04:34,19.2,52.336126,4.644912,0,Cruquius,NL
Amsterdam,Amsterdam_T3,02:00:00:b5:9e:1e,2026-08-23 16:09:16,19.3,52.3426322937012,4.60296392440796,3,Heemstede,NL
Amsterdam,Amsterdam_T3,02:00:00:bd:c0:ba,2026-08-23 16:11:18,20.7,52.3423288406971,4.60312933229977,2,Heemstede,NL
Amsterdam,Amsterdam_T3,02:00:00:b4:f1:9a,2026-08-23 16:03:17,20.5,52.3455882986117,4.6028138830537,3,Heemstede,NL
Amsterdam,Amsterdam_T3,02:00:00:b5:4a:8a,2026-08-23 16:05:03,24.9,52.346112,4.624803,2,Heemstede,NL
Amsterdam,Amsterdam_T3,02:00:00:b2:b9:40,2026-08-23 16:04:53,19.7,52.3414526,4.6261209,3,Heemstede,NL
Amsterdam,Amsterdam_T3,02:00:00:04:73:0e,2026-08-23 16:03:54,22.5,52.3530274,4.63461050000001,5,Heemstede,NL
Amsterdam,Amsterdam_T3,02:00:00:74:5c:56,2026-08-23 16:04:10,21.6,52.350723,4.644351,0,Haarlem,NL
Amsterdam,Amsterdam_T3,02:00:00:9c:f8:c4,2026-08-23 16:11:30,20.6,52.3476130477796,4.650423771551,2,Haarlem,NL
Amsterdam,Amsterdam_T3,02:00:00:02:9b:e4,2026-08-23 16:04:19,19.9,52.347191,4.652659,1,Haarlem,NL
Amsterdam,Amsterdam_T3,02:00:00:3a:25:94,2026-08-23 16:05:00,21.5,52.34347,4.674454,0,Vijfhuizen,NL
Amsterdam,Amsterdam_T3,02:00:00:ab:ea:fc,2026-08-23 16:06:09,20.2,52.343516,4.674352,0,Vijfhuizen,NL
Amsterdam,Amsterdam_T3,02:00:00:64:1b:22,2026-08-23 16:07:02,23.2,52.3475604591872,4.67093580894672,1,Haarlemmermeer,NL
Amsterdam,Amsterdam_T3,02:00:00:19:41:f0,2026-08-23 16:07:58,19.5,52.34581,4.772238,0,Badhoevedorp,NL
Amsterdam,Amsterdam_T3,02:00:00:bd:de:aa,2026-08-23 16:07:54,19.2,52.35104,4.773909,0,Amsterdam,NL
Amsterdam,Amsterdam_T3,02:00:00:ab:db:e0,2026-08-23 16:06:02,23.9,52.364787,4.52086100000004,14,Zandvoort,NL
Amsterdam,Amsterdam_T3,02:00:00:a9:8b:b6,2026-08-23 16:11:25,22.9,52.3675,4.5304,6,Zandvoort,NL
Amsterdam,Amsterdam_T3,02:00:00:3c:ed:32,2026-08-23 16:03:19,20.0,52.3671946,4.54155539999998,6,Zandvoort,NL
Amsterdam,Amsterdam_T3,02:00:00:b0:97:dc,2026-08-23 16:08:54,21.0,52.367772,4.606125,2,Haarlem,NL
Amsterdam,Amsterdam_T3,02:00:00:63:3e:0e,2026-08-23 16:11:10,22.7,52.357028,4.615857,5,Heemstede,NL
Amsterdam,Amsterdam_T3,02:00:00:8d:db:c6,2026-08-23 16:02:11,20.3,52.36765,4.61563000000001,1,Haarlem,NL
Amsterdam,Amsterdam_T3,02:00:00:31:c4:74,2026-08-23 16:08:51,22.7,52.356443,4.618759,2,Heemstede,NL
Amsterdam,Amsterdam_T3,02:00:00:9d:10:06,2026-08-23 16:05:49,25.6,52.354224,4.625271,2,Heemstede,NL
Amsterdam,Amsterdam_T3,02:00:00:b2:b2:54,2026-08-23 16:02:55,20.3,52.357489,4.625746,4,Heemstede,NL
Amsterdam,Amsterdam_T3,02:00:00:03:9c:a2,2026-08-23 16:06:13,22.6,52.3547002557013,4.64688848693248,0,Haarlem,NL
Amsterdam,Amsterdam_T3,02:00:00:01:8b:04,2026-08-23 16:08:26,20.0,52.357799252269,4.64295928937645,4,Haarlem,NL
Amsterdam,Amsterdam_T3,02:00:00:3d:18:c6,2026-08-23 16:04:22,22.0,52.3615,4.6419,2,Haarlem,NL
Amsterdam,Amsterdam_T3,02:00:00:b4:f0:46,2026-08-23 16:12:00,20.7,52.3692474365234,4.5371298789978,8,Zandvoort,NL
Amsterdam,Amsterdam_T3,02:00:00:1c:57:72,2026-08-23 16:10:24,20.4,52.3705376377954,4.53681784129898,5,Zandvoort,NL
Amsterdam,Amsterdam_T3,02:00:00:3f:4c:f4,2026-08-23 16:06:04,20.5,52.372587,4.530564,6,Zandvoort,NL
Amsterdam,Amsterdam_T3,02:00:00:c2:32:aa,2026-08-23 16:08:13,18.6,52.372037,4.59458,8,Aerdenhout,NL
Amsterdam,Amsterdam_T3,02:00:00:b5:b1:0c,2026-08-23 16:03:45,20.5,52.3695997,4.6135729,1,Haarlem,NL
Amsterdam,Amsterdam_T3,02:00:00:c3:ec:bc,2026-08-23 16:10:41,20.5,52.3714478705273,4.62272452350821,1,Haarlem,NL
Amsterdam,Amsterdam_T3,02:00:00:c6:5f:ac,2026-08-23 16:03:03,20.8,52.371608,4.62487800000002,5,Haarlem,NL
Amsterdam,Amsterdam_T3,02:00:00:bd:fb:06,2026-08-23 16:07:05,21.8,52.3736267089844,4.61951780319214,0,Haarlem,NL
Amsterdam,Amsterdam_T3,02:00:00:83:b1:9e,2026-08-23 16:04:16,19.3,52.381217,4.641662,3,Haarlem,NL
Amsterdam,Amsterdam_T3,02:00:00:90:b9:a6,2026-08-23 16:06:27,20.7,52.3803,4.6422,2,Haarlem,NL
Amsterdam,Amsterdam_T3,02:00:00:33:d2:64,2026-08-23 16:02:29,20.0,52.3809272917764,4.64569719847814,1,Haarlem,NL
Amsterdam,Amsterdam_T3,02:00:00:1f:3b:4a,2026-08-23 16:07:04,20.2,52.37831,4.669574,1,Haarlem,NL
Amsterdam,Amsterdam_T3,02:00:00:bd:02:30,2026-08-23 16:09:06,19.1,52.378145,4.670558,1,Haarlem,NL
Amsterdam,Amsterdam_T3,02:00:00:a9:82:9a,2026-08-23 16:07:57,19.8,52.378145,4.670558,1,Haarlem,NL
Amsterdam,Amsterdam_T3,02:00:00:27:b4:36,2026-08-23 16:07:48,21.8,52.3779792785645,4.7358570098877,0,Haarlemmermeer,NL
Amsterdam,Amsterdam_T3,02:00:00:27:4b:10,2026-08-23 16:04:13,23.5,52.37942,4.744301,0,Haarlemmermeer,NL
Amsterdam,Amsterdam_T3,02:00:00:1e:21:d8,2026-08-23 16:08:01,21.5,52.3836936950684,4.60500431060791,3,Haarlem,NL
Amsterdam,Amsterdam_T3,02:00:00:3f:4b:00,2026-08-23 16:08:04,21.0,52.3919181,4.6090654,10,Bloemendaal,NL
Amsterdam,Amsterdam_T3,02:00:00:90:90:54,2026-08-23 16:02:29,20.1,52.3920090859054,4.61050858570127,4,Overveen,NL
Amsterdam,Amsterdam_T3,02:00:00:ab:e0:5c,2026-08-23 16:08:26,20.4,52.382743416844,4.62757179341502,3,Haarlem,NL
Amsterdam,Amsterdam_T3,02:00:00:36:97:c0,2026-08-23 16:04:07,19.7,52.384901,4.618702,2,Haarlem,NL
Amsterdam,Amsterdam_T3,02:00:00:6b:2a:8e,2026-08-23 16:07:20,20.9,52.383527,4.626926,4,Haarlem,NL
Amsterdam,Amsterdam_T3,02:00:00:a4:29:1a,2026-08-23 16:03:44,20.3,52.39233,4.64477999999999,2,Haarlem,NL
Amsterdam,Amsterdam_T3,02:00:00:19:12:9e,2026-08-23 16:02:37,19.1,52.395697,4.646471,2,Haarlem,NL
Amsterdam,Amsterdam_T3,02:00:00:29:68:b8,2026-08-23 16:09:28,20.1,52.396323,4.647771,1,Haarlem,NL
Amsterdam,Amsterdam_T3,02:00:00:03:70:e8,2026-08-23 16:01:00,21.2,52.383225,4.726661,0,Zwanenburg,NL
Amsterdam,Amsterdam_T3,02:00:00:33:d0:b6,2026-08-23 16:01:59,16.2,52.387142,4.757172,1,Halfweg,NL
Amsterdam,Amsterdam_T3,02:00:00:13:52:76,2026-08-23 16:03:40,19.2,52.3991470336914,4.62305593490601,2,Bloemendaal,NL
Amsterdam,Amsterdam_T3,02:00:00:c5:40:ea,2026-08-23 16:09:14,20.3,52.400092,4.623392,4,Bloemendaal,NL
Amsterdam,Amsterdam_T3,02:00:00:83:f0:02,2026-08-23 16:06:32,19.8,52.405965,4.631168,2,Haarlem,NL
Amsterdam,Amsterdam_T3,02:00:00:65:6b:94,2026-08-23 16:04:19,19.7,52.406331,4.652223,0,Haarlem,NL
Amsterdam,Amsterdam_T3,02:00:00:1c:67:e6,2026-08-23 16:11:47,21.4,52.416089,4.628222,3,Santpoort-Zuid,NL
Amsterdam,Amsterdam_T3,02:00:00:7f:be:68,2026-08-23 16:04:36,19.2,52.424201965332,4.62889003753662,9,Velsen,NL
Amsterdam,Amsterdam_T3,02:00:00:5e:d7:a8,2026-08-23 16:11:26,19.6,52.424377,4.633687,9,Santpoort-Zuid,NL
Amsterdam,Amsterdam_T3,02:00:00:2f:2c:10,2026-08-23 16:11:03,20.9,52.4139580938156,4.64802011595694,0,Haarlem,NL
Amsterdam,Amsterdam_T3,02:00:00:a2:0a:b0,2026-08-23 16:10:32,21.4,52.418751,4.6510605,1,Haarlem,NL
Amsterdam,Amsterdam_T3,02:00:00:b9:1c:8a,2026-08-23 16:09:21,21.1,52.4189992,4.65495759999998,0,Haarlem,NL
Amsterdam,Amsterdam_T3,02:00:00:be:06:98,2026-08-23 16:02:36,20.1,52.4134979248047,4.68100881576538,0,Haarlem,NL
Amsterdam,Amsterdam_T3,02:00:00:03:cf:ae,2026-08-23 16:08:23,20.6,52.430961,4.626516,7,Santpoort-Noord,NL
Amsterdam,Amsterdam_T3,02:00:00:a2:25:f2,2026-08-23 16:10:59,20.7,52.430885,4.633629,5,Santpoort-Noord,NL
Amsterdam,Amsterdam_T3,02:00:00:6b:54:fc,2026-08-23 16:11:06,21.2,52.43138,4.637592,7,Santpoort-Noord,NL
Amsterdam,Amsterdam_T3,02:00:00:1f:64:4e,2026-08-23 16:04:30,20.1,52.430948,4.651523,0,Velserbroek,NL
Amsterdam,Amsterdam_T3,02:00:00:34:06:e2,2026-08-23 16:06:51,21.4,52.43278,4.654448,3,Velserbroek,NL
Amsterdam,Amsterdam_T3,02:00:00:b5:b6:ae,2026-08-23 16:10:53,21.4,52.4339768,4.6563109,1,Velsen,NL
Amsterdam,Amsterdam_T3,02:00:00:ab:ec:c4,2026-08-23 16:04:51,19.8,52.4282927,4.6653309,0,Velserbroek,NL
Amsterdam,Amsterdam_T3,02:00:00:bd:ec:92,2026-08-23 16:07:04,21.9,52.4288634,4.67031360000004,0,Velserbroek,NL
Amsterdam,Amsterdam_T3,02:00:00:bc:b6:d4,2026-08-23 16:11:09,20.6,52.4456,4.5918,11,IJmuiden,NL
Amsterdam,Amsterdam_T3,02:00:00:b2:aa:ac,2026-08-23 16:05:39,18.6,52.448609,4.590747,10,IJmuiden,NL
Amsterdam,Amsterdam_T3,02:00:00:a2:3b:be,2026-08-23 16:02:47,20.1,52.442508,4.632853,5,Driehuis NH,NL
Amsterdam,Amsterdam_T3,02:00:00:7f:98:e4,2026-08-23 16:06:11,18.9,52.4443464,4.6335944,7,Driehuis NH,NL
Amsterdam,Amsterdam_T3,02:00:00:a9:65:06,2026-08-23 16:02:36,20.8,52.4453624156696,4.63662952934719,6,Driehuis NH,NL
Amsterdam,Amsterdam_T3,02:00:00:27:13:90,2026-08-23 16:10:18,20.0,52.44252,4.65480000000011,2,Velserbroek,NL
Amsterdam,Amsterdam_T3,02:00:00:9c:fa:06,2026-08-23 16:11:10,21.1,52.4489951330939,4.64108121865961,6,Driehuis NH,NL
Amsterdam,Amsterdam_T3,02:00:00:b5:93:86,2026-08-23 16:06:38,18.9,52.443132,4.68768400000007,0,Velsen-Zuid,NL
Amsterdam,Amsterdam_T3,02:00:00:37:27:c4,2026-08-23 16:05:57,25.6,52.462665,4.602491,9,IJmuiden,NL
Amsterdam,Amsterdam_T3,02:00:00:6b:9c:56,2026-08-23 16:11:09,21.3,52.4615355374391,4.62213646156055,7,IJmuiden,NL
Amsterdam,Amsterdam_T3,02:00:00:33:ff:50,2026-08-23 16:07:52,22.1,52.47222,4.64417,3,Velsen-Noord,NL
Amsterdam,Amsterdam_T3,02:00:00:8d:c5:b8,2026-08-23 16:02:06,19.0,52.481261073535,4.65143322944641,3,Beverwijk,NL
Amsterdam,Amsterdam_T3,02:00:00:73:c3:3e,2026-08-23 16:03:17,20.4,52.469413,4.748364,0,Assendelft,NL
Amsterdam,Amsterdam_T3,02:00:00:a2:60:a8,2026-08-23 16:06:14,19.9,52.4727440027025,4.74969940572919,0,Assendelft,NL
Amsterdam,Amsterdam_T3,02:00:00:7b:03:34,2026-08-23 16:02:44,21.5,52.14816,4.500888,0,Leiden,NL
Amsterdam,Amsterdam_T3,02:00:00:5f:35:68,2026-08-23 16:06:02,19.3,52.149227142334,4.50348806381226,2,Leiden,NL
Amsterdam,Amsterdam_T3,02:00:00:c5:38:26,2026-08-23 16:03:14,21.2,52.141874,4.512709,0,Zoeterwoude,NL
Amsterdam,Amsterdam_T3,02:00:00:01:42:9e,2026-08-23 16:02:23,21.9,52.140906,4.534202,1,Zoeterwoude,NL
Amsterdam,Amsterdam_T3,02:00:00:a2:35:c6,2026-08-23 16:09:24,21.3,52.14029,4.536627,0,Zoeterwoude,NL
Amsterdam,Amsterdam_T3,02:00:00:02:77:5e,2026-08-23 16:02:47,21.2,52.1448411184345,4.52764477723822,0,Leiderdorp,NL
Amsterdam,Amsterdam_T3,02:00:00:a9:52:dc,2026-08-23 16:08:32,21.2,52.1443095,4.6508122,0,Alphen aan den Rijn,NL
Amsterdam,Amsterdam_T3,02:00:00:90:f7:7a,2026-08-23 16:04:50,22.6,52.146214,4.6518717,0,Alphen aan den Rijn,NL
Amsterdam,Amsterdam_T3,02:00:00:b0:9c:78,2026-08-23 16:06:17,20.0,52.145522,4.657015,0,Alphen aan den Rijn,NL
Amsterdam,Amsterdam_T3,02:00:00:01:6c:1c,2026-08-23 16:03:25,21.4,52.1399723999613,4.67088000000008,0,Alphen aan den Rijn,NL
Amsterdam,Amsterdam_T3,02:00:00:74:7a:b2,2026-08-23 16:10:17,23.0,52.141687,4.666902,0,Alphen aan den Rijn,NL
Amsterdam,Amsterdam_T3,02:00:00:2b:53:9e,2026-08-23 16:11:01,24.0,52.1513161,4.66576310000005,0,Alphen aan den Rijn,NL
Amsterdam,Amsterdam_T3,02:00:00:33:d1:80,2026-08-23 16:11:17,19.2,52.142567,4.728438,0,Aarlanderveen,NL
Amsterdam,Amsterdam_T3,02:00:00:28:8f:36,2026-08-23 16:04:46,20.1,52.146449,4.7686720000001,0,Nieuwkoop,NL
Amsterdam,Amsterdam_T3,02:00:00:12:cc:52,2026-08-23 16:03:54,21.1,52.147432,4.76853900000003,0,Nieuwkoop,NL
Amsterdam,Amsterdam_T3,02:00:00:84:47:74,2026-08-23 16:08:31,23.9,52.15301,4.78038200000014,0,Nieuwkoop,NL
Amsterdam,Amsterdam_T3,02:00:00:3e:e0:9a,2026-08-23 16:12:04,20.0,52.161192,4.50144,1,Leiden,NL
Amsterdam,Amsterdam_T3,02:00:00:83:9d:d8,2026-08-23 16:10:31,19.1,52.1586889351553,4.50260069020393,1,Leiden,NL
Amsterdam,Amsterdam_T3,02:00:00:b9:40:8e,2026-08-23 16:08:23,19.7,52.160327911377,4.50235891342163,2,Leiden,NL
Amsterdam,Amsterdam_T3,02:00:00:27:5b:44,2026-08-23 16:03:07,20.7,52.1626537177977,4.53790140151978,0,Leiderdorp,NL
Amsterdam,Amsterdam_T3,02:00:00:7a:c3:80,2026-08-23 16:07:23,21.5,52.162409,4.542551,0,Leiderdorp,NL
Amsterdam,Amsterdam_T3,02:00:00:af:50:1c,2026-08-23 16:06:34,22.4,52.1666831970215,4.53444862365723,1,Leiderdorp,NL
Amsterdam,Amsterdam_T3,02:00:00:02:be:00,2026-08-23 16:02:27,20.8,52.1533851623535,4.65606546401978,0,Alphen aan den Rijn,NL
Amsterdam,Amsterdam_T3,02:00:00:29:78:6e,2026-08-23 16:09:15,21.5,52.154164,4.65799200000001,0,Alphen aan den Rijn,NL
Amsterdam,Amsterdam_T3,02:00:00:19:9b:18,2026-08-23 16:02:03,23.5,52.1559257,4.66168180000011,0,Alphen aan den Rijn,NL
Amsterdam,Amsterdam_T3,02:00:00:65:7e:88,2026-08-23 16:08:53,21.9,52.154239,4.667607,0,Alphen aan den Rijn,NL
Amsterdam,Amsterdam_T3,02:00:00:27:28:d6,2026-08-23 16:04:29,21.0,52.163754,4.727356,0,Ter Aar,NL
Amsterdam,Amsterdam_T3,02:00:00:a4:29:7c,2026-08-23 16:10:12,21.4,52.1643447875977,4.72910165786743,0,Ter Aar,NL
Amsterdam,Amsterdam_T3,02:00:00:2d:08:fc,2026-08-23 16:04:45,23.0,52.1566532188554,4.77878178383779,0,Nieuwkoop,NL
Amsterdam,Amsterdam_T3,02:00:00:a9:80:3a,2026-08-23 16:07:26,20.6,52.1757382786811,4.51585644675129,1,Leiden,NL
Amsterdam,Amsterdam_T3,02:00:00:05:4d:86,2026-08-23 16:09:16,23.8,52.1684195813875,4.52365448028215,0,Leiderdorp,NL
Amsterdam,Amsterdam_T3,02:00:00:3f:0a:64,2026-08-23 16:07:46,20.6,52.167967,4.525627,0,Leiderdorp,NL
Amsterdam,Amsterdam_T3,02:00:00:5f:42:c2,2026-08-23 16:07:27,22.7,52.1707484020713,4.53269621650751,0,Leiderdorp,NL
Amsterdam,Amsterdam_T3,02:00:00:5f:61:f8,2026-08-23 16:12:04,21.1,52.17337,4.6298833,0,Woubrugge,NL
Amsterdam,Amsterdam_T3,02:00:00:17:c1:e0,2026-08-23 16:02:09,20.6,52.16938,4.634362,0,Woubrugge,NL
Amsterdam,Amsterdam_T3,02:00:00:ab:f6:20,2026-08-23 16:03:45,21.4,52.174608,4.632151,0,Woubrugge,NL
Amsterdam,Amsterdam_T3,02:00:00:a4:5b:ca,2026-08-23 16:09:23,19.2,52.190566,4.503065,0,Warmond,NL
Amsterdam,Amsterdam_T3,02:00:00:bd:ba:86,2026-08-23 16:04:42,19.2,52.182112,4.506149,1,Leiden,NL
Amsterdam,Amsterdam_T3,02:00:00:bd:c0:00,2026-08-23 16:10:48,19.1,52.183604,4.507239,2,Leiden,NL
Amsterdam,Amsterdam_T3,02:00:00:3f:52:44,2026-08-23 16:08:50,21.4,52.193246,4.544332,0,Teylingen,NL
Amsterdam,Amsterdam_T3,02:00:00:12:c9:6c,2026-08-23 16:02:51,19.2,52.184724,4.5896386,1,Rijpwetering,NL
Amsterdam,Amsterdam_T3,02:00:00:64:2a:32,2026-08-23 16:04:38,20.2,52.1872722,4.6977901,0,Kaag en Braassem,NL
Amsterdam,Amsterdam_T3,02:00:00:03:64:d6,2026-08-23 16:10:24,19.7,52.194439,4.705226,0,Ter Aar,NL
Amsterdam,Amsterdam_T3,02:00:00:7f:8b:fe,2026-08-23 16:07:23,21.4,52.190956,4.7552314,0,Nieuwveen,NL
Amsterdam,Amsterdam_T3,02:00:00:9d:0f:ac,2026-08-23 16:11:20,19.7,52.193178,4.754738,0,Nieuwveen,NL
Amsterdam,Amsterdam_T3,02:00:00:64:35:be,2026-08-23 16:06:45,22.2,52.205606,4.616234,0,Kaag en Braassem,NL
Amsterdam,Amsterdam_T3,02:00:00:b4:ee:24,2026-08-23 15:54:39,22.1,52.200526,4.63337600000008,0,Roelofarendsveen,NL
Amsterdam,Amsterdam_T3,02:00:00:63:10:34,2026-08-23 16:11:09,20.4,52.197176,4.711405,0,Nieuwkoop,NL
Amsterdam,Amsterdam_T3,02:00:00:37:28:16,2026-08-23 16:10:09,21.3,52.199941,4.759428,0,Nieuwveen,NL
Amsterdam,Amsterdam_T3,02:00:00:b9:14:aa,2026-08-23 16:03:37,19.1,52.220093,4.506084,0,Sassenheim,NL
Amsterdam,Amsterdam_T3,02:00:00:73:cb:f4,2026-08-23 16:07:43,19.1,52.219608,4.506889,0,Sassenheim,NL
Amsterdam,Amsterdam_T3,02:00:00:31:c7:b6,2026-08-23 16:10:05,19.4,52.2243288,4.52245489999996,1,Teylingen,NL
Amsterdam,Amsterdam_T3,02:00:00:7f:d6:6a,2026-08-23 16:09:17,19.0,52.22341,4.530361,1,Sassenheim,NL
Amsterdam,Amsterdam_T3,02:00:00:73:a4:76,2026-08-23 16:02:39,17.1,52.222199,4.53317500000003,0,Sassenheim,NL
Amsterdam,Amsterdam_T3,02:00:00:84:02:9e,2026-08-23 16:07:46,20.3,52.216465,4.558161,0,Kaag,NL
Amsterdam,Amsterdam_T3,02:00:00:62:ff:da,2026-08-23 16:08:19,21.7,52.211627,4.6430572,0,Oude Wetering,NL
Amsterdam,Amsterdam_T3,02:00:00:3d:00:9a,2026-08-23 16:05:37,21.2,52.2112017,4.64651869999997,0,Oude Wetering,NL
Amsterdam,Amsterdam_T3,02:00:00:83:ac:ee,2026-08-23 16:02:30,21.6,52.214876,4.645154,0,Oude Wetering,NL
Amsterdam,Amsterdam_T3,02:00:00:70:40:80,2026-08-23 16:06:58,19.2,52.225735,4.501063,0,Voorhout,NL
Amsterdam,Amsterdam_T3,02:00:00:58:f7:34,2026-08-23 16:04:54,20.3,52.2273134539933,4.68486487480471,0,Aalsmeer,NL
Amsterdam,Amsterdam_T3,02:00:00:ab:e3:e0,2026-08-23 16:04:42,20.7,52.2331181,4.75635320000001,0,Aalsmeer,NL
Amsterdam,Amsterdam_T3,02:00:00:52:ea:f0,2026-08-23 16:05:39,19.3,52.233768,4.756648,0,Aalsmeer,NL
Amsterdam,Amsterdam_T3,02:00:00:c2:89:3c,2026-08-23 16:02:57,19.4,52.237688,4.755142,0,Aalsmeer,NL
Amsterdam,Amsterdam_T3,02:00:00:63:07:c8,2026-08-23 16:05:48,18.3,52.240259,4.54156,0,Lisse,NL
Amsterdam,Amsterdam_T3,02:00:00:05:f8:0e,2026-08-23 16:11:10,21.4,52.241284,4.560116,0,Lisse,NL
Amsterdam,Amsterdam_T3,02:00:00:02:39:6c,2026-08-23 16:07:19,21.7,52.243684,4.560772,0,Lisse,NL
Amsterdam,Amsterdam_T3,02:00:00:b9:53:f0,2026-08-23 16:11:55,21.0,52.2532806396484,4.55268144607544,1,Lisse,NL
Amsterdam,Amsterdam_T3,02:00:00:9b:5b:10,2026-08-23 16:11:03,19.7,52.2406594049526,4.7535080909729,0,Aalsmeer,NL
Amsterdam,Amsterdam_T3,02:00:00:a9:ab:9a,2026-08-23 16:10:22,19.8,52.258763,4.500574,1,Noordwijk,NL
Amsterdam,Amsterdam_T3,02:00:00:b2:b6:8e,2026-08-23 16:03:25,19.2,52.257173,4.547704,1,Lisse,NL
Amsterdam,Amsterdam_T3,02:00:00:5f:5c:b0,2026-08-23 16:05:26,20.3,52.2589063,4.55015320000004,0,Lisse,NL
Amsterdam,Amsterdam_T3,02:00:00:6b:93:92,2026-08-23 16:11:47,20.3,52.258213986549,4.55175096498672,2,Lisse,NL
Amsterdam,Amsterdam_T3,02:00:00:1e:0c:6c,2026-08-23 16:03:33,20.3,52.254381,4.574299,0,Lisserbroek,NL
Amsterdam,Amsterdam_T3,02:00:00:7a:c4:c4,2026-08-23 16:04:04,20.8,52.2553855604041,4.57307485801721,0,Lisserbroek,NL
Amsterdam,Amsterdam_T3,02:00:00:04:69:d0,2026-08-23 16:08:14,20.8,52.2678816139251,4.60520267486572,0,Nieuw-Vennep,NL
Amsterdam,Amsterdam_T3,02:00:00:33:de:18,2026-08-23 16:10:27,22.6,52.265319,4.611127,0,Haarlemmermeer,NL
Amsterdam,Amsterdam_T3,02:00:00:be:01:54,2026-08-23 16:04:19,23.0,52.263414,4.616771,0,Haarlemmermeer,NL
Amsterdam,Amsterdam_T3,02:00:00:04:91:16,2026-08-23 16:08:34,21.0,52.2679929198165,4.63278969460699,0,Haarlemmermeer,NL
Amsterdam,Amsterdam_T3,02:00:00:ab:d3:c0,2026-08-23 16:11:08,20.3,52.262134,4.641842,0,Nieuw-Vennep,NL
Amsterdam,Amsterdam_T3,02:00:00:c2:2e:68,2026-08-23 16:08:26,21.7,52.257818,4.705748,0,Rijsenhout,NL
Amsterdam,Amsterdam_T3,02:00:00:ab:ef:e6,2026-08-23 16:08:39,23.3,52.258925,4.709788,0,Rijsenhout,NL
Amsterdam,Amsterdam_T3,02:00:00:2c:8f:94,2026-08-23 16:06:14,21.9,52.2557,4.7136,1,Rijsenhout,NL
Amsterdam,Amsterdam_T3,02:00:00:a9:d2:88,2026-08-23 16:11:49,19.8,52.2617816302565,4.7177267074585,0,Rijsenhout,NL
Amsterdam,Amsterdam_T3,02:00:00:00:45:7a,2026-08-23 16:10:51,20.8,52.2604978021127,4.72876241421723,1,Aalsmeer,NL
Amsterdam,Amsterdam_T3,02:00:00:b5:06:8c,2026-08-23 16:07:26,19.8,52.2593561,4.76086150000002,0,Aalsmeer,NL
Amsterdam,Amsterdam_T3,02:00:00:70:50:ec,2026-08-23 16:02:45,21.6,52.28026,4.58363999999996,1,Hillegom,NL
Amsterdam,Amsterdam_T3,02:00:00:36:a1:5e,2026-08-23 16:05:53,22.3,52.272289276123,4.61073160171509,0,Haarlemmermeer,NL
Amsterdam,Amsterdam_T3,02:00:00:c5:41:0e,2026-08-23 16:08:07,20.7,52.268771,4.614682,0,Haarlemmermeer,NL
Amsterdam,Amsterdam_T3,02:00:00:05:f6:da,2026-08-23 16:04:09,23.0,52.2694883,4.6143998,0,Haarlemmermeer,NL
Amsterdam,Amsterdam_T3,02:00:00:b5:33:50,2026-08-23 16:02:57,19.8,52.272833,4.62205300000007,0,Nieuw-Vennep,NL
Amsterdam,Amsterdam_T3,02:00:00:28:8c:16,2026-08-23 16:05:09,23.7,52.2701110839844,4.62496519088745,0,Haarlemmermeer,NL
Amsterdam,Amsterdam_T3,02:00:00:7a:eb:e8,2026-08-23 16:04:22,20.9,52.2695265,4.6269616,0,Nieuw-Vennep,NL
Amsterdam,Amsterdam_T3,02:00:00:70:5b:08,2026-08-23 16:06:14,19.5,52.2704520230828,4.64109063148504,0,Nieuw-Vennep,NL
Amsterdam,Amsterdam_T3,02:00:00:27:87:a6,2026-08-23 16:09:00,21.2,52.271603,4.747902,1,Aalsmeer,NL
Amsterdam,Amsterdam_T3,02:00:00:bd:c1:d8,2026-08-23 16:08:54,19.8,52.2719283892474,4.75864973891189,2,Aalsmeer,NL
Amsterdam,Amsterdam_T3,02:00:00:7f:99:2a,2026-08-23 16:07:09,19.7,52.284849,4.505254,2,Noordwijk,NL
Amsterdam,Amsterdam_T3,02:00:00:bd:d4:56,2026-08-23 16:10:40,20.6,52.282842,4.573196,1,Hillegom,NL
Amsterdam,Amsterdam_T3,02:00:00:a9:9a:c0,2026-08-23 16:10:04,21.2,52.2850256671856,4.57413466944628,0,Hillegom,NL
Amsterdam,Amsterdam_T3,02:00:00:ab:e4:7a,2026-08-23 16:11:38,22.5,52.288833,4.575956,1,Hillegom,NL
Amsterdam,Amsterdam_T3,02:00:00:ab:ed:78,2026-08-23 16:09:15,19.8,52.2926323,4.6576058,0,Hoofddorp,NL
Amsterdam,Amsterdam_T3,02:00:00:90:64:a4,2026-08-23 16:09:01,23.7,52.29021,4.658809,0,Hoofddorp,NL
Amsterdam,Amsterdam_T3,02:00:00:b5:95:dc,2026-08-23 16:03:49,20.5,52.2948024141077,4.65833830477996,0,Haarlemmermeer,NL
Amsterdam,Amsterdam_T3,02:00:00:7a:fc:64,2026-08-23 16:02:54,21.2,52.2958984375,4.66769981384277,0,Haarlemmermeer,NL
Amsterdam,Amsterdam_T3,02:00:00:1e:01:86,2026-08-23 16:08:05,20.3,52.2942651400619,4.69299365114933,0,Haarlemmermeer,NL
Amsterdam,Amsterdam_T3,02:00:00:84:a3:4e,2026-08-23 16:09:05,21.8,52.2966613769531,4.69120836257935,0,Hoofddorp,NL
Amsterdam,Amsterdam_T3,02:00:00:c2:81:f2,2026-08-23 16:04:25,20.1,52.2832,4.7521,0,Schiphol,NL
Amsterdam,Amsterdam_T3,02:00:00:bd:c9:0e,2026-08-23 16:06:46,21.4,52.303827,4.54746,0,Noordwijk,NL
Amsterdam,Amsterdam_T3,02:00:00:90:ae:fa,2026-08-23 16:06:48,20.7,52.3039033,4.54748825,0,Noordwijk,NL
Amsterdam,Amsterdam_T3,02:00:00:13:20:e6,2026-08-23 16:07:09,22.5,52.301301,4.57108,1,Hillegom,NL
Amsterdam,Amsterdam_T3,02:00:00:c3:9a:a4,2026-08-23 16:04:30,20.6,52.299727,4.580897,2,Hillegom,NL
Amsterdam,Amsterdam_T3,02:00:00:a2:09:b8,2026-08-23 16:02:44,22.7,52.298534,4.582844,4,Hillegom,NL
Amsterdam,Amsterdam_T3,02:00:00:6b:60:74,2026-08-23 16:10:21,23.3,52.3056584,4.6281179,0,Haarlemmermeer,NL
Amsterdam,Amsterdam_T3,02:00:00:af:71:90,2026-08-23 16:06:51,19.9,52.3017578125,4.63483810424805,0,Haarlemmermeer,NL
Amsterdam,Amsterdam_T3,02:00:00:65:3c:26,2026-08-23 16:09:19,20.1,52.308498,4.629693,0,Hoofddorp,NL
Amsterdam,Amsterdam_T3,02:00:00:c3:7e:da,2026-08-23 16:07:05,20.7,52.298948,4.64121,0,Hoofddorp,NL
Amsterdam,Amsterdam_T3,02:00:00:65:31:6e,2026-08-23 16:05:49,19.2,52.3043126639953,4.65336717353921,0,Haarlemmermeer,NL
Amsterdam,Amsterdam_T3,02:00:00:20:c6:0e,2026-08-23 16:03:25,21.9,52.309175,4.656132,0,Hoofddorp,NL
Amsterdam,Amsterdam_T3,02:00:00:01:cc:ce,2026-08-23 16:02:56,19.2,52.297203,4.664856,0,Hoofddorp,NL
Amsterdam,Amsterdam_T3,02:00:00:b5:16:b8,2026-08-23 16:08:10,19.5,52.2970073,4.6658259,0,Hoofddorp,NL
Amsterdam,Amsterdam_T3,02:00:00:9d:0f:26,2026-08-23 16:02:30,21.4,52.3032026,4.67342200000001,0,Hoofddorp,NL
Amsterdam,Amsterdam_T3,02:00:00:03:d6:30,2026-08-23 16:08:43,21.0,52.3030514321702,4.68862533498523,0,Hoofddorp,NL
Amsterdam,Amsterdam_T3,02:00:00:37:28:a6,2026-08-23 16:05:11,22.3,52.303769,4.696577,0,Hoofddorp,NL
Amsterdam,Amsterdam_T3,02:00:00:33:e1:a0,2026-08-23 16:05:11,21.2,52.297694,4.697439,0,Hoofddorp,NL
Amsterdam,Amsterdam_T3,02:00:00:b9:1a:94,2026-08-23 16:10:27,20.5,52.302276,4.711949,0,Hoofddorp,NL
Amsterdam,Amsterdam_T4,02:00:00:29:0c:f2,2026-08-23 16:07:34,19.8,52.227555,5.08386,0,Kortenhoef,NL
Amsterdam,Amsterdam_T4,02:00:00:3c:f5:64,2026-08-23 16:02:05,18.7,52.2325422,5.09723780000001,0,Kortenhoef,NL
Amsterdam,Amsterdam_T4,02:00:00:2c:bd:b2,2026-08-23 16:02:32,22.7,52.2356,5.1103,1,Kortenhoef,NL
Amsterdam,Amsterdam_T4,02:00:00:69:32:9c,2026-08-23 16:03:31,19.5,52.2388220189283,5.10986566543579,0,Kortenhoef,NL
Amsterdam,Amsterdam_T4,02:00:00:70:52:52,2026-08-23 16:09:57,19.8,52.2312,5.1544,17,Hilversum,NL
Amsterdam,Amsterdam_T4,02:00:00:70:55:58,2026-08-23 16:10:04,20.0,52.2351843,5.1552920000001,12,Hilversum,NL
Amsterdam,Amsterdam_T4,02:00:00:74:75:84,2026-08-23 16:10:33,19.9,52.230074,5.157847,10,Hilversum,NL
Amsterdam,Amsterdam_T4,02:00:00:c3:92:12,2026-08-23 16:04:43,18.4,52.238763,5.16284799999995,17,Hilversum,NL
Amsterdam,Amsterdam_T4,02:00:00:27:6a:5a,2026-08-23 16:06:41,19.9,52.2291696,5.16689740000004,21,Hilversum,NL
Amsterdam,Amsterdam_T4,02:00:00:65:71:1c,2026-08-23 16:07:28,19.8,52.234066,5.179928,8,Hilversum,NL
Amsterdam,Amsterdam_T4,02:00:00:a4:38:20,2026-08-23 16:10:47,19.8,52.2281,5.198,7,Hilversum,NL
Amsterdam,Amsterdam_T4,02:00:00:b2:bd:2c,2026-08-23 16:08:20,21.5,52.225197,5.201846,7,Hilversum,NL
Amsterdam,Amsterdam_T4,02:00:00:7f:b5:f0,2026-08-23 16:02:17,19.9,52.244442,5.115084,0,Kortenhoef,NL
Amsterdam,Amsterdam_T4,02:00:00:b8:ef:e6,2026-08-23 16:11:11,19.3,52.244014,5.117409,0,Kortenhoef,NL
Amsterdam,Amsterdam_T4,02:00:00:a4:38:70,2026-08-23 16:07:39,18.8,52.250536,5.224434,6,Laren,NL
Amsterdam,Amsterdam_T4,02:00:00:c5:40:be,2026-08-23 16:02:02,19.0,52.251322,5.211686,18,Laren,NL
Amsterdam,Amsterdam_T4,02:00:00:83:7e:f0,2026-08-23 16:09:55,18.2,52.251473,5.219376,10,Laren,NL
Amsterdam,Amsterdam_T4,02:00:00:74:2a:78,2026-08-23 16:08:31,20.5,52.248047,5.251525,0,Eemnes,NL
Amsterdam,Amsterdam_T4,02:00:00:63:24:3c,2026-08-23 16:10:12,19.3,52.249223,5.25385,2,Eemnes,NL
Amsterdam,Amsterdam_T4,02:00:00:9d:28:b2,2026-08-23 16:07:13,20.0,52.2487106323242,5.25836563110352,0,Eemnes,NL
Amsterdam,Amsterdam_T4,02:00:00:02:7b:da,2026-08-23 16:07:58,20.4,52.2670890638603,5.13611126961837,1,Hilversum,NL
Amsterdam,Amsterdam_T4,02:00:00:02:3e:4c,2026-08-23 16:08:47,19.4,52.26342,5.16939000000001,7,Bussum,NL
Amsterdam,Amsterdam_T4,02:00:00:5f:48:72,2026-08-23 16:05:18,20.0,52.265510559082,5.18823289871216,14,Gooise Meren,NL
Amsterdam,Amsterdam_T4,02:00:00:7f:98:f0,2026-08-23 16:10:21,18.7,52.260707,5.221112,11,Laren,NL
Amsterdam,Amsterdam_T4,02:00:00:1f:80:64,2026-08-23 16:08:16,18.1,52.2607512784917,5.22108647843914,11,Laren,NL
Amsterdam,Amsterdam_T4,02:00:00:53:3c:cc,2026-08-23 16:05:39,19.2,52.260924,5.230403,6,Laren,NL
Amsterdam,Amsterdam_T4,02:00:00:70:30:6a,2026-08-23 16:10:18,19.3,52.2575399,5.2351154,5,Laren,NL
Amsterdam,Amsterdam_T4,02:00:00:84:4f:78,2026-08-23 16:03:28,18.0,52.256795,5.244953,5,Blaricum,NL
Amsterdam,Amsterdam_T4,02:00:00:90:d0:a8,2026-08-23 16:09:42,19.9,52.25711,5.25711,0,Eemnes,NL
Amsterdam,Amsterdam_T4,02:00:00:27:78:d4,2026-08-23 16:03:38,19.8,52.270871,5.135441,2,Hilversum,NL
Amsterdam,Amsterdam_T4,02:00:00:65:51:5c,2026-08-23 16:07:53,18.6,52.272394,5.138071,0,Hilversum,NL
Amsterdam,Amsterdam_T4,02:00:00:20:93:06,2026-08-23 16:10:12,19.1,52.278192,5.147376,3,Bussum,NL
Amsterdam,Amsterdam_T4,02:00:00:5e:fc:ba,2026-08-23 16:11:11,19.5,52.2813847125862,5.1640435942111,2,Bussum,NL
Amsterdam,Amsterdam_T4,02:00:00:02:e5:72,2026-08-23 16:07:43,18.8,52.2774,5.1728,6,Bussum,NL
Amsterdam,Amsterdam_T4,02:00:00:53:19:8e,2026-08-23 16:04:03,18.6,52.279817,5.17271000000011,3,Bussum,NL
Amsterdam,Amsterdam_T4,02:00:00:53:19:a4,2026-08-23 16:07:53,19.9,52.27287,5.181633,9,Bussum,NL
Amsterdam,Amsterdam_T4,02:00:00:1b:33:80,2026-08-23 16:09:47,18.7,52.27802,5.183551,7,Bussum,NL
Amsterdam,Amsterdam_T4,02:00:00:3a:0f:10,2026-08-23 16:07:11,18.9,52.269676,5.186201,11,Gooise Meren,NL
Amsterdam,Amsterdam_T4,02:00:00:ab:e1:94,2026-08-23 16:07:08,18.5,52.273692,5.2380480000001,9,Blaricum,NL
Amsterdam,Amsterdam_T4,02:00:00:2e:a7:74,2026-08-23 16:08:03,19.4,52.296135,5.067416,0,Weesp,NL
Amsterdam,Amsterdam_T4,02:00:00:27:2a:1e,2026-08-23 16:03:48,19.1,52.2833510592975,5.10046184062958,0,Weesp,NL
Amsterdam,Amsterdam_T4,02:00:00:63:0e:70,2026-08-23 16:06:19,19.7,52.283004,5.150282,3,Gooise Meren,NL
Amsterdam,Amsterdam_T4,02:00:00:74:34:48,2026-08-23 16:06:12,19.0,52.285847,5.145681,0,Naarden,NL
Amsterdam,Amsterdam_T4,02:00:00:00:e6:96,2026-08-23 16:05:25,19.2,52.2874298064609,5.14652182865052,1,Naarden,NL
Amsterdam,Amsterdam_T4,02:00:00:22:de:fe,2026-08-23 16:07:28,19.5,52.284047,5.1598064,3,Naarden,NL
Amsterdam,Amsterdam_T4,02:00:00:12:c6:f0,2026-08-23 16:09:50,19.3,52.2862021,5.16103320000002,4,Gooise Meren,NL
Amsterdam,Amsterdam_T4,02:00:00:36:e2:9a,2026-08-23 16:12:15,19.4,52.284748,5.165268,0,Naarden,NL
Amsterdam,Amsterdam_T4,02:00:00:bc:aa:94,2026-08-23 16:07:18,18.9,52.285146,5.180716,3,Naarden,NL
Amsterdam,Amsterdam_T4,02:00:00:c3:75:7e,2026-08-23 16:12:03,19.0,52.294065,5.219145,18,Huizen,NL
Amsterdam,Amsterdam_T4,02:00:00:13:4b:ea,2026-08-23 16:08:27,21.2,52.2946799134965,5.22363178778204,15,Huizen,NL
Amsterdam,Amsterdam_T4,02:00:00:c3:a9:aa,2026-08-23 16:06:45,18.6,52.2941,5.228617,13,Huizen,NL
Amsterdam,Amsterdam_T4,02:00:00:b5:96:2e,2026-08-23 16:03:58,18.4,52.291742,5.231742,6,Huizen,NL
Amsterdam,Amsterdam_T4,02:00:00:c5:83:7c,2026-08-23 16:09:25,18.1,52.287618,5.249953,2,Huizen,NL
Amsterdam,Amsterdam_T4,02:00:00:c3:a4:48,2026-08-23 16:06:48,20.5,52.2875773951352,5.25933862877475,5,Huizen,NL
Amsterdam,Amsterdam_T4,02:00:00:27:36:90,2026-08-23 16:10:25,21.6,52.286104,5.261744,5,Blaricum,NL
Amsterdam,Amsterdam_T4,02:00:00:3f:2b:3a,2026-08-23 16:05:49,19.2,52.292332,5.257277,3,Huizen,NL
Amsterdam,Amsterdam_T4,02:00:00:06:8d:38,2026-08-23 16:05:22,19.6,52.28867,5.27809999999999,0,Blaricum,NL
Amsterdam,Amsterdam_T4,02:00:00:ab:e4:78,2026-08-23 16:07:28,20.2,52.2910580615653,5.27538319850199,0,Blaricum,NL
Amsterdam,Amsterdam_T4,02:00:00:00:cc:3c,2026-08-23 16:02:15,20.8,52.292528,5.275142,0,Blaricum,NL
Amsterdam,Amsterdam_T4,02:00:00:6b:5f:0c,2026-08-23 16:06:56,19.3,52.300827,5.148435,0,Naarden,NL
Amsterdam,Amsterdam_T4,02:00:00:b2:b0:92,2026-08-23 16:06:51,18.4,52.3079845,5.14825859999996,2,Gooise Meren,NL
Amsterdam,Amsterdam_T4,02:00:00:03:a1:fe,2026-08-23 16:06:57,18.5,52.310783,5.15064599999999,1,Naarden,NL
Amsterdam,Amsterdam_T4,02:00:00:bd:d1:56,2026-08-23 16:03:57,18.1,52.3085038,5.15708010000004,3,Naarden,NL
Amsterdam,Amsterdam_T4,02:00:00:52:e4:b0,2026-08-23 16:02:54,21.8,52.3021774291992,5.18526268005371,5,Gooise Meren,NL
Amsterdam,Amsterdam_T4,02:00:00:27:3e:7a,2026-08-23 16:06:40,19.0,52.297392,5.218971,10,Huizen,NL
Amsterdam,Amsterdam_T4,02:00:00:9c:fc:da,2026-08-23 16:12:28,20.0,52.29853,5.225884,8,Huizen,NL
Amsterdam,Amsterdam_T4,02:00:00:b5:14:dc,2026-08-23 16:04:51,20.6,52.300334,5.23821,4,Huizen,NL
Amsterdam,Amsterdam_T4,02:00:00:31:e3:f2,2026-08-23 16:08:03,21.8,52.302524,5.250574,2,Huizen,NL
Amsterdam,Amsterdam_T4,02:00:00:65:61:82,2026-08-23 16:07:47,19.1,52.29902,5.2517557,3,Huizen,NL
Amsterdam,Amsterdam_T4,02:00:00:63:1b:3c,2026-08-23 16:02:44,18.8,52.297011,5.256784,1,Huizen,NL
Rotterdam,Rotterdam_T3,02:00:00:7f:98:b0,2026-08-23 16:02:35,20.2,51.793851,4.277562,0,Goudswaard,NL
Rotterdam,Rotterdam_T3,02:00:00:84:01:f4,2026-08-23 16:03:17,21.1,51.795956,4.316063,0,Piershil,NL
Rotterdam,Rotterdam_T3,02:00:00:a4:53:38,2026-08-23 16:06:02,22.3,51.8061561584473,4.34367895126343,0,Nieuw-Beijerland,NL
Rotterdam,Rotterdam_T3,02:00:00:2e:c2:56,2026-08-23 16:11:46,20.2,51.803969,4.38881000000001,0,Hoeksche Waard,NL
Rotterdam,Rotterdam_T3,02:00:00:02:38:06,2026-08-23 16:08:33,22.2,51.79439,4.48133000000004,0,Hoeksche Waard,NL
Rotterdam,Rotterdam_T3,02:00:00:70:24:c0,2026-08-23 16:05:33,21.5,51.79538,4.47853999999995,0,Hoeksche Waard,NL
Rotterdam,Rotterdam_T3,02:00:00:8d:cf:32,2026-08-23 16:09:10,20.1,51.7989258,4.48003469999999,1,Mijnsheerenland,NL
Rotterdam,Rotterdam_T3,02:00:00:73:f0:94,2026-08-23 16:07:37,22.2,51.817669,4.261111,0,Zuidland,NL
Rotterdam,Rotterdam_T3,02:00:00:9d:1a:da,2026-08-23 16:10:30,22.2,51.8196411132812,4.26557016372681,0,Zuidland,NL
Rotterdam,Rotterdam_T3,02:00:00:c5:82:d8,2026-08-23 16:09:18,23.3,51.8128971033672,4.33869545012491,0,Nieuw-Beijerland,NL
Rotterdam,Rotterdam_T3,02:00:00:17:f3:8c,2026-08-23 16:02:42,20.7,51.813893,4.338688,0,Hoeksche Waard,NL
Rotterdam,Rotterdam_T3,02:00:00:12:63:46,2026-08-23 16:03:03,20.9,51.816084,4.404314,0,Oud-Beijerland,NL
Rotterdam,Rotterdam_T3,02:00:00:19:32:0a,2026-08-23 16:11:25,22.5,51.8201,4.4265,0,Oud-Beijerland,NL
Rotterdam,Rotterdam_T3,02:00:00:b0:a7:c6,2026-08-23 16:11:22,22.7,51.8194923400879,4.42992401123047,0,Oud-Beijerland,NL
Rotterdam,Rotterdam_T3,02:00:00:2e:d0:d0,2026-08-23 16:12:13,20.9,51.819656,4.43884,0,Oud-Beijerland,NL
Rotterdam,Rotterdam_T3,02:00:00:52:d6:1c,2026-08-23 16:09:18,22.5,51.8273166908673,4.24860230421604,0,Nissewaard,NL
Rotterdam,Rotterdam_T3,02:00:00:7b:02:ea,2026-08-23 16:08:09,21.8,51.8268,4.24961,0,Zuidland,NL
Rotterdam,Rotterdam_T3,02:00:00:63:0e:9a,2026-08-23 16:05:29,23.7,51.8228896113569,4.25690523338619,0,Nissewaard,NL
Rotterdam,Rotterdam_T3,02:00:00:12:ed:2e,2026-08-23 16:04:56,20.5,51.832122,4.281581,0,Simonshaven,NL
Rotterdam,Rotterdam_T3,02:00:00:bc:cb:30,2026-08-23 16:03:35,19.8,51.833767,4.297901,0,Simonshaven,NL
Rotterdam,Rotterdam_T3,02:00:00:2e:be:70,2026-08-23 16:04:50,23.3,51.828405,4.320218,0,Nissewaard,NL
Rotterdam,Rotterdam_T3,02:00:00:83:80:70,2026-08-23 16:12:34,22.7,51.828982,4.321931,0,Spijkenisse,NL
Rotterdam,Rotterdam_T3,02:00:00:53:4a:06,2026-08-23 16:11:01,24.5,51.8337911377233,4.31269107774341,0,Spijkenisse,NL
Rotterdam,Rotterdam_T3,02:00:00:1c:5d:d8,2026-08-23 16:11:55,22.3,51.831596,4.34732,0,Spijkenisse,NL
Rotterdam,Rotterdam_T3,02:00:00:74:30:f8,2026-08-23 16:11:05,22.8,51.83397,4.33733000000001,0,Spijkenisse,NL
Rotterdam,Rotterdam_T3,02:00:00:33:d1:48,2026-08-23 16:04:01,21.5,51.835362,4.340818,0,Spijkenisse,NL
Rotterdam,Rotterdam_T3,02:00:00:a2:45:50,2026-08-23 16:09:54,22.5,51.833564,4.369612,0,Spijkenisse,NL
Rotterdam,Rotterdam_T3,02:00:00:b9:1f:9e,2026-08-23 16:07:44,21.5,51.826743,4.418683,2,Oud-Beijerland,NL
Rotterdam,Rotterdam_T3,02:00:00:2f:24:b0,2026-08-23 16:12:19,19.9,51.82603,4.423475,1,Oud-Beijerland,NL
Rotterdam,Rotterdam_T3,02:00:00:c2:4d:24,2026-08-23 16:06:44,21.5,51.826379,4.423903,1,Oud-Beijerland,NL
Rotterdam,Rotterdam_T3,02:00:00:a9:8c:2e,2026-08-23 16:02:57,20.4,51.826426,4.459057,0,Heinenoord,NL
Rotterdam,Rotterdam_T3,02:00:00:2f:24:0e,2026-08-23 16:06:44,25.8,51.8277587,4.47300369999995,1,Heinenoord,NL
Rotterdam,Rotterdam_T3,02:00:00:b0:92:a0,2026-08-23 16:07:12,24.2,51.825342,4.484375,0,Heinenoord,NL
Rotterdam,Rotterdam_T3,02:00:00:13:7c:72,2026-08-23 16:06:04,21.8,51.8485857,4.30565690000003,0,Nissewaard,NL
Rotterdam,Rotterdam_T3,02:00:00:b9:2d:18,2026-08-23 16:07:47,23.8,51.836025,4.3121552,0,Nissewaard,NL
Rotterdam,Rotterdam_T3,02:00:00:90:af:46,2026-08-23 16:08:08,21.0,51.83904,4.319577,0,Spijkenisse,NL
Rotterdam,Rotterdam_T3,02:00:00:65:34:82,2026-08-23 16:07:00,20.1,51.8423805236816,4.31939363479614,0,Spijkenisse,NL
Rotterdam,Rotterdam_T3,02:00:00:53:16:f4,2026-08-23 16:05:40,19.8,51.8404577297484,4.32209551334381,0,Spijkenisse,NL
Rotterdam,Rotterdam_T3,02:00:00:7f:c0:78,2026-08-23 16:07:16,22.1,51.84996,4.3388395,0,Spijkenisse,NL
Rotterdam,Rotterdam_T3,02:00:00:a4:28:8e,2026-08-23 16:10:07,22.7,51.8376655578613,4.34094619750977,1,Spijkenisse,NL
Rotterdam,Rotterdam_T3,02:00:00:28:9b:d0,2026-08-23 16:09:42,22.1,51.836851,4.352763,0,Spijkenisse,NL
Rotterdam,Rotterdam_T3,02:00:00:2a:ee:60,2026-08-23 16:03:07,22.5,51.836635,4.368071,0,Nissewaard,NL
Rotterdam,Rotterdam_T3,02:00:00:12:fb:d2,2026-08-23 16:09:33,20.8,51.8374458439446,4.37149661379999,1,Nissewaard,NL
Rotterdam,Rotterdam_T3,02:00:00:19:cc:80,2026-08-23 16:10:50,21.1,51.848418,4.374154,0,Hoogvliet,NL
Rotterdam,Rotterdam_T3,02:00:00:13:6b:d6,2026-08-23 16:11:47,20.2,51.848988,4.417614,0,Poortugaal,NL
Rotterdam,Rotterdam_T3,02:00:00:b5:35:7a,2026-08-23 16:08:30,20.2,51.8507194519043,4.32065153121948,0,Spijkenisse,NL
Rotterdam,Rotterdam_T3,02:00:00:b5:0b:cc,2026-08-23 16:06:48,23.7,51.857194,4.316324,0,Spijkenisse,NL
Rotterdam,Rotterdam_T3,02:00:00:a2:46:e2,2026-08-23 16:11:56,23.3,51.857365,4.316291,0,Spijkenisse,NL
Rotterdam,Rotterdam_T3,02:00:00:6b:34:e8,2026-08-23 16:06:10,21.4,51.853658,4.341445,9,Spijkenisse,NL
Rotterdam,Rotterdam_T3,02:00:00:01:55:26,2026-08-23 16:10:45,20.3,51.85022,4.359375,0,Hoogvliet,NL
Rotterdam,Rotterdam_T3,02:00:00:5f:22:3e,2026-08-23 16:06:05,20.1,51.8544044494629,4.3646936416626,0,Rotterdam,NL
Rotterdam,Rotterdam_T3,02:00:00:83:df:7c,2026-08-23 16:05:20,21.9,51.852008,4.377223,1,Hoogvliet,NL
Rotterdam,Rotterdam_T3,02:00:00:b2:be:60,2026-08-23 16:07:26,21.4,51.857295,4.394365,1,Poortugaal,NL
Rotterdam,Rotterdam_T3,02:00:00:bc:d0:3e,2026-08-23 16:04:44,21.0,51.858581,4.392577,0,Poortugaal,NL
Rotterdam,Rotterdam_T3,02:00:00:7f:c7:60,2026-08-23 16:08:38,22.5,51.85831,4.3942885,3,Poortugaal,NL
Rotterdam,Rotterdam_T3,02:00:00:01:05:d0,2026-08-23 16:07:34,22.6,51.851921,4.423444,0,Rhoon,NL
Rotterdam,Rotterdam_T3,02:00:00:02:74:06,2026-08-23 16:08:49,22.6,51.858646,4.4091473,0,Poortugaal,NL
Rotterdam,Rotterdam_T3,02:00:00:a2:5c:12,2026-08-23 16:08:53,24.4,51.8594623479853,4.42698154071272,0,Rhoon,NL
Rotterdam,Rotterdam_T3,02:00:00:a2:32:24,2026-08-23 15:36:18,24.9,51.857958,4.432325,0,Rhoon,NL
Rotterdam,Rotterdam_T3,02:00:00:5f:34:da,2026-08-23 16:04:08,29.5,51.8547049,4.47099120000005,0,Rhoon,NL
Rotterdam,Rotterdam_T3,02:00:00:02:c7:50,2026-08-23 16:08:39,23.9,51.856688,4.472128,0,Rhoon,NL
Rotterdam,Rotterdam_T3,02:00:00:63:0e:a4,2026-08-23 16:10:22,22.4,51.8575608827219,4.47265219690053,0,Albrandswaard,NL
Rotterdam,Rotterdam_T3,02:00:00:2a:d4:c8,2026-08-23 16:09:50,21.2,51.8570636,4.48758950000001,0,Barendrecht,NL
Rotterdam,Rotterdam_T3,02:00:00:bd:e9:04,2026-08-23 16:04:17,21.3,51.866558,4.375568,0,Hoogvliet,NL
Rotterdam,Rotterdam_T3,02:00:00:2b:21:e6,2026-08-23 16:10:29,22.0,51.866558,4.375568,0,Hoogvliet,NL
Rotterdam,Rotterdam_T3,02:00:00:01:01:b4,2026-08-23 16:03:44,22.0,51.8652629979766,4.39664993821385,0,Albrandswaard,NL
Rotterdam,Rotterdam_T3,02:00:00:a2:60:fc,2026-08-23 16:11:08,26.1,51.874794,4.466563,0,Rotterdam,NL
Rotterdam,Rotterdam_T3,02:00:00:3f:61:10,2026-08-23 16:07:55,20.3,51.8779278321971,4.49603729871197,6,Rotterdam,NL
Rotterdam,Rotterdam_T3,02:00:00:73:c0:3a,2026-08-23 16:05:09,21.0,51.887171,4.383392,0,Pernis,NL
Rotterdam,Rotterdam_T3,02:00:00:32:e7:f8,2026-08-23 16:11:56,20.0,51.892172,4.386614,3,Pernis,NL
Rotterdam,Rotterdam_T3,02:00:00:1f:7e:90,2026-08-23 16:04:29,20.6,51.8847667,4.4695263,0,Rotterdam,NL
Rotterdam,Rotterdam_T3,02:00:00:12:73:96,2026-08-23 16:08:23,20.3,51.890287,4.477402,2,Rotterdam,NL
Rotterdam,Rotterdam_T3,02:00:00:c3:9b:aa,2026-08-23 16:05:01,23.9,51.888355255127,4.49187803268433,6,Rotterdam,NL
Rotterdam,Rotterdam_T3,02:00:00:c2:33:4e,2026-08-23 16:10:50,21.2,51.907263,4.232915,1,Rozenburg,NL
Rotterdam,Rotterdam_T3,02:00:00:02:d9:74,2026-08-23 16:08:58,21.0,51.9018321151561,4.23758983612055,2,Rozenburg,NL
Rotterdam,Rotterdam_T3,02:00:00:27:7d:68,2026-08-23 16:06:50,20.0,51.902208,4.248835,4,Rozenburg,NL
Rotterdam,Rotterdam_T3,02:00:00:37:27:ba,2026-08-23 16:05:04,20.7,51.906634,4.321553,0,Vlaardingen,NL
Rotterdam,Rotterdam_T3,02:00:00:63:17:f6,2026-08-23 16:04:33,22.0,51.902018,4.342717,3,Vlaardingen,NL
Rotterdam,Rotterdam_T3,02:00:00:74:32:c6,2026-08-23 16:08:55,20.3,51.904912,4.345329,3,Vlaardingen,NL
Rotterdam,Rotterdam_T3,02:00:00:c2:45:d6,2026-08-23 16:10:31,21.5,51.905582,4.405567,0,Schiedam,NL
Rotterdam,Rotterdam_T3,02:00:00:9d:29:a2,2026-08-23 16:08:15,19.6,51.901312,4.458192,6,Rotterdam,NL
Rotterdam,Rotterdam_T3,02:00:00:53:3b:14,2026-08-23 16:02:19,20.4,51.902036,4.457739,3,Rotterdam,NL
Rotterdam,Rotterdam_T3,02:00:00:74:01:48,2026-08-23 16:08:58,22.0,51.8981435405119,4.48277876129779,1,Rotterdam,NL
Rotterdam,Rotterdam_T3,02:00:00:1f:6b:c0,2026-08-23 16:10:03,19.9,51.8992767333984,4.48442125320435,2,Rotterdam,NL
Rotterdam,Rotterdam_T3,02:00:00:2e:d8:56,2026-08-23 16:10:17,22.3,51.8945090023125,4.49689548713718,3,Rotterdam,NL
Rotterdam,Rotterdam_T3,02:00:00:83:d5:b2,2026-08-23 16:03:56,22.8,51.9090338875657,4.23565328121185,0,Rozenburg,NL
Rotterdam,Rotterdam_T3,02:00:00:63:45:86,2026-08-23 16:11:59,21.8,51.909344,4.23864,1,Rozenburg,NL
Rotterdam,Rotterdam_T3,02:00:00:3c:fa:c8,2026-08-23 16:10:20,21.3,51.911378,4.236979,2,Rotterdam,NL
Rotterdam,Rotterdam_T3,02:00:00:83:ef:60,2026-08-23 16:10:26,22.9,51.909076,4.242459,3,Rozenburg,NL
Rotterdam,Rotterdam_T3,02:00:00:a9:4f:c2,2026-08-23 16:04:47,21.0,51.916124,4.24886000000006,3,Maassluis,NL
Rotterdam,Rotterdam_T3,02:00:00:1c:83:b4,2026-08-23 16:02:25,22.1,51.917847,4.260043,1,Maassluis,NL
Rotterdam,Rotterdam_T3,02:00:00:b9:43:b0,2026-08-23 16:05:10,23.0,51.908927,4.313466,0,Vlaardingen,NL
Rotterdam,Rotterdam_T3,02:00:00:bc:f6:62,2026-08-23 16:05:54,20.8,51.913163646918,4.31969458235608,0,Vlaardingen,NL
Rotterdam,Rotterdam_T3,02:00:00:74:5d:08,2026-08-23 16:12:04,21.0,51.912452208961,4.3338788262849,0,Vlaardingen,NL
Rotterdam,Rotterdam_T3,02:00:00:2b:20:2a,2026-08-23 16:09:27,20.0,51.9141002514251,4.33724462985993,1,Vlaardingen,NL
Rotterdam,Rotterdam_T3,02:00:00:02:a2:a6,2026-08-23 16:07:12,20.8,51.9088,4.3444,3,Vlaardingen,NL
Rotterdam,Rotterdam_T3,02:00:00:bd:0a:46,2026-08-23 16:06:39,19.4,51.909511,4.348642,4,Vlaardingen,NL
Rotterdam,Rotterdam_T3,02:00:00:7f:be:10,2026-08-23 16:03:05,20.5,51.91672,4.3632045,2,Vlaardingen,NL
Rotterdam,Rotterdam_T3,02:00:00:53:5b:da,2026-08-23 16:11:07,21.7,51.908555,4.401612,2,Schiedam,NL
Rotterdam,Rotterdam_T3,02:00:00:b9:1f:4a,2026-08-23 16:11:21,22.3,51.9213366779173,4.40755754480418,11,Schiedam,NL
Rotterdam,Rotterdam_T3,02:00:00:2a:f8:5e,2026-08-23 16:02:47,22.5,51.915024,4.4355793,9,Rotterdam,NL
Rotterdam,Rotterdam_T3,02:00:00:96:ec:a8,2026-08-23 16:05:20,21.2,51.9101295471191,4.44982385635376,3,Rotterdam,NL
Rotterdam,Rotterdam_T3,02:00:00:ab:ed:0a,2026-08-23 16:06:14,21.8,51.91357,4.450989,4,Rotterdam,NL
Rotterdam,Rotterdam_T3,02:00:00:84:0b:f4,2026-08-23 16:06:01,19.5,51.910764,4.459764,4,Rotterdam,NL
Rotterdam,Rotterdam_T3,02:00:00:33:2f:18,2026-08-23 16:02:42,20.5,51.911367,4.460016,4,Rotterdam,NL
Rotterdam,Rotterdam_T3,02:00:00:01:40:74,2026-08-23 16:10:41,23.2,51.918188,4.456922,5,Rotterdam,NL
Rotterdam,Rotterdam_T3,02:00:00:b5:93:7c,2026-08-23 16:03:08,20.9,51.913771,4.481875,4,Rotterdam,NL
Rotterdam,Rotterdam_T3,02:00:00:17:b3:54,2026-08-23 16:10:30,22.8,51.916415,4.480851,7,Rotterdam,NL
Rotterdam,Rotterdam_T3,02:00:00:03:c6:96,2026-08-23 16:08:46,21.4,51.909569,4.482874,7,Rotterdam,NL
Rotterdam,Rotterdam_T3,02:00:00:8d:d1:ba,2026-08-23 16:09:49,23.8,51.9320212,4.2264977,3,Maassluis,NL
Rotterdam,Rotterdam_T3,02:00:00:52:d3:56,2026-08-23 16:02:07,19.9,51.929916,4.232157,4,Maassluis,NL
Rotterdam,Rotterdam_T3,02:00:00:b9:51:52,2026-08-23 16:09:09,19.1,51.929904,4.233498,5,Maassluis,NL
Rotterdam,Rotterdam_T3,02:00:00:b5:3d:e2,2026-08-23 16:07:17,22.0,51.9271297,4.2515983,1,Maassluis,NL
Rotterdam,Rotterdam_T3,02:00:00:5f:15:be,2026-08-23 16:06:17,22.0,51.930806,4.250148,4,Maassluis,NL
Rotterdam,Rotterdam_T3,02:00:00:65:4b:40,2026-08-23 16:05:01,21.6,51.927105,4.254623,0,Maassluis,NL
Rotterdam,Rotterdam_T3,02:00:00:7f:94:b0,2026-08-23 16:12:15,20.3,51.931354,4.269027,0,Maasland,NL
Rotterdam,Rotterdam_T3,02:00:00:29:09:70,2026-08-23 16:04:50,19.7,51.932986,4.267365,1,Maasland,NL
Rotterdam,Rotterdam_T3,02:00:00:b5:74:1c,2026-08-23 16:06:48,19.6,51.93374,4.26775999999999,0,Maasland,NL
Rotterdam,Rotterdam_T3,02:00:00:bc:a8:9c,2026-08-23 16:09:26,20.9,51.931770324707,4.34035110473633,1,Vlaardingen,NL
Rotterdam,Rotterdam_T3,02:00:00:b5:a0:52,2026-08-23 16:09:12,21.2,51.927282,4.347004,0,Vlaardingen,NL
Rotterdam,Rotterdam_T3,02:00:00:36:d7:e4,2026-08-23 16:06:14,20.3,51.9296493530273,4.34874200820923,0,Vlaardingen,NL
Rotterdam,Rotterdam_T3,02:00:00:64:20:80,2026-08-23 16:04:16,20.3,51.9364242553711,4.36015510559082,0,Vlaardingen,NL
Rotterdam,Rotterdam_T3,02:00:00:bc:d1:1c,2026-08-23 16:11:47,20.5,51.9350965,4.36687449999998,2,Schiedam,NL
Rotterdam,Rotterdam_T3,02:00:00:c6:23:6c,2026-08-23 16:09:11,24.1,51.934768,4.381632,0,Schiedam,NL
Rotterdam,Rotterdam_T3,02:00:00:b9:05:64,2026-08-23 16:11:30,27.5,51.936828,4.386344,0,Schiedam,NL
Rotterdam,Rotterdam_T3,02:00:00:ab:cb:62,2026-08-23 16:04:00,19.8,51.930617,4.445321,0,Rotterdam,NL
Rotterdam,Rotterdam_T3,02:00:00:74:09:f2,2026-08-23 16:10:51,19.6,51.92814,4.456759,1,Rotterdam,NL
Rotterdam,Rotterdam_T3,02:00:00:28:6f:3e,2026-08-23 16:08:04,22.5,51.9340316,4.4594037,5,Rotterdam,NL
Rotterdam,Rotterdam_T3,02:00:00:02:c6:84,2026-08-23 16:03:14,21.7,51.926464,4.470126,3,Rotterdam,NL
Rotterdam,Rotterdam_T3,02:00:00:90:b7:5e,2026-08-23 16:06:58,24.5,51.92631,4.480658,2,Rotterdam,NL
Rotterdam,Rotterdam_T3,02:00:00:59:03:50,2026-08-23 16:12:03,21.9,51.930155,4.480721,3,Rotterdam,NL
Rotterdam,Rotterdam_T3,02:00:00:a9:b5:2e,2026-08-23 16:11:19,24.3,51.92486,4.48449200000008,2,Rotterdam,NL
Rotterdam,Rotterdam_T3,02:00:00:b9:1f:48,2026-08-23 16:07:10,21.1,51.939256,4.230721,1,Maassluis,NL
Rotterdam,Rotterdam_T3,02:00:00:84:0e:9e,2026-08-23 16:03:48,20.2,51.939707,4.230973,0,Maassluis,NL
Rotterdam,Rotterdam_T3,02:00:00:12:fb:ba,2026-08-23 16:08:32,20.7,51.941607,4.230965,2,Maassluis,NL
Rotterdam,Rotterdam_T3,02:00:00:b5:53:1c,2026-08-23 16:06:48,24.5,51.949414,4.270392,0,Maasland,NL
Rotterdam,Rotterdam_T3,02:00:00:c5:33:20,2026-08-23 16:06:47,21.1,51.940538,4.34364800000001,0,Vlaardingen,NL
Rotterdam,Rotterdam_T3,02:00:00:70:4d:76,2026-08-23 16:06:21,21.3,51.940698,4.344899,0,Vlaardingen,NL
Rotterdam,Rotterdam_T3,02:00:00:7f:d3:b4,2026-08-23 16:08:50,20.4,51.937524,4.359107,1,,NL
Rotterdam,Rotterdam_T3,02:00:00:28:74:22,2026-08-23 16:09:20,21.1,51.939015,4.368109,0,Schiedam,NL
Rotterdam,Rotterdam_T3,02:00:00:b2:c3:a2,2026-08-23 16:06:05,20.6,51.9398735,4.37264590000001,0,Schiedam,NL
Rotterdam,Rotterdam_T3,02:00:00:bd:fb:70,2026-08-23 16:06:56,19.8,51.945864,4.366965,0,Schiedam,NL
Rotterdam,Rotterdam_T3,02:00:00:65:38:b0,2026-08-23 16:07:25,19.9,51.942,4.38433999999999,0,Schiedam,NL
Rotterdam,Rotterdam_T3,02:00:00:9c:d6:c8,2026-08-23 16:10:05,21.2,51.9391683837513,4.42066682686317,4,Rotterdam,NL
Rotterdam,Rotterdam_T3,02:00:00:96:bd:fa,2026-08-23 16:07:08,21.8,51.943919,4.426938,1,Rotterdam,NL
Rotterdam,Rotterdam_T3,02:00:00:90:8a:8e,2026-08-23 16:09:36,19.9,51.9372746579483,4.4418073394422,2,Rotterdam,NL
Rotterdam,Rotterdam_T3,02:00:00:7f:93:30,2026-08-23 16:04:38,20.8,51.937051,4.442832,0,Rotterdam,NL
Rotterdam,Rotterdam_T3,02:00:00:2b:02:62,2026-08-23 16:10:16,20.4,51.939917,4.448351,0,Rotterdam,NL
Rotterdam,Rotterdam_T3,02:00:00:bd:e0:c8,2026-08-23 16:05:00,22.4,51.946104,4.46737,0,Rotterdam,NL
Rotterdam,Rotterdam_T3,02:00:00:af:8b:58,2026-08-23 16:11:54,23.3,51.9460220336914,4.47492647171021,0,Rotterdam,NL
Rotterdam,Rotterdam_T3,02:00:00:90:71:58,2026-08-23 16:09:26,19.8,51.93707,4.479222,3,Rotterdam,NL
Rotterdam,Rotterdam_T3,02:00:00:bc:e3:ec,2026-08-23 16:05:21,21.4,51.9374587797425,4.49468157586424,2,Rotterdam,NL
Rotterdam,Rotterdam_T3,02:00:00:bd:de:c6,2026-08-23 16:10:04,19.5,51.937429,4.495607,0,Rotterdam,NL
Rotterdam,Rotterdam_T3,02:00:00:17:e0:1e,2026-08-23 16:02:10,20.5,51.955246,4.314398,0,Maasland,NL
Rotterdam,Rotterdam_T3,02:00:00:a4:41:88,2026-08-23 16:11:48,21.7,51.955283,4.314406,0,Maasland,NL
Rotterdam,Rotterdam_T3,02:00:00:65:28:6e,2026-08-23 16:09:42,23.8,51.95247,4.46971,0,Rotterdam,NL
Rotterdam,Rotterdam_T3,02:00:00:28:79:a0,2026-08-23 16:04:42,22.0,51.9583,4.4668,0,Rotterdam,NL
Rotterdam,Rotterdam_T3,02:00:00:83:f8:50,2026-08-23 16:09:42,21.5,51.962386,4.475915,0,Rotterdam,NL
Rotterdam,Rotterdam_T3,02:00:00:19:c2:10,2026-08-23 16:10:33,24.0,51.96346,4.48096700000011,0,Rotterdam,NL
Rotterdam,Rotterdam_T3,02:00:00:3f:0a:1a,2026-08-23 16:05:30,20.6,51.962139,4.484953,0,Rotterdam,NL
Rotterdam,Rotterdam_T3,02:00:00:65:85:b0,2026-08-23 16:11:32,19.8,51.958444,4.499749,-2,Hillegersberg,NL
Rotterdam,Rotterdam_T3,02:00:00:63:1a:22,2026-08-23 16:05:04,21.9,51.6236701089152,4.34694113409063,0,Steenbergen,NL
Rotterdam,Rotterdam_T3,02:00:00:c6:2c:46,2026-08-23 16:02:44,24.0,51.631416,4.372295,0,Dinteloord,NL
Rotterdam,Rotterdam_T3,02:00:00:20:b9:22,2026-08-23 16:05:15,23.2,51.6701335,4.4339254,0,Moerdijk,NL
Rotterdam,Rotterdam_T3,02:00:00:9c:dc:78,2026-08-23 16:11:11,30.5,51.688968,4.220192,0,Oude-Tonge,NL
Rotterdam,Rotterdam_T3,02:00:00:03:c6:e6,2026-08-23 16:02:43,23.5,51.67676,4.280786,1,Achthuizen,NL
Rotterdam,Rotterdam_T3,02:00:00:00:c0:58,2026-08-23 16:02:13,23.5,51.6819045,4.34173109999998,0,Ooltgensplaat,NL
Rotterdam,Rotterdam_T3,02:00:00:27:a4:b8,2026-08-23 16:02:27,22.1,51.6812508926277,4.35058694333247,1,Goeree-Overflakkee,NL
Rotterdam,Rotterdam_T3,02:00:00:b5:8b:d6,2026-08-23 16:04:37,21.5,51.6838863515784,4.44104789634028,0,Moerdijk,NL
Rotterdam,Rotterdam_T3,02:00:00:9c:f8:e2,2026-08-23 16:10:27,20.5,51.68679,4.445939,0,Helwijk,NL
Rotterdam,Rotterdam_T3,02:00:00:a9:e2:48,2026-08-23 16:08:00,19.6,51.701777,4.25903699999997,0,Den Bommel,NL
Rotterdam,Rotterdam_T3,02:00:00:7a:f8:86,2026-08-23 16:10:21,23.0,51.715689,4.281123,0,Den Bommel,NL
Rotterdam,Rotterdam_T3,02:00:00:a4:47:94,2026-08-23 16:02:37,21.4,51.728052,4.43449,0,Numansdorp,NL
Rotterdam,Rotterdam_T3,02:00:00:84:04:a0,2026-08-23 16:03:14,22.4,51.729639,4.443646,0,Numansdorp,NL
Rotterdam,Rotterdam_T3,02:00:00:ab:c1:52,2026-08-23 16:08:24,23.2,51.7272605895996,4.44469356536865,0,Numansdorp,NL
Rotterdam,Rotterdam_T3,02:00:00:a4:79:32,2026-08-23 16:06:27,21.9,51.7287788391113,4.4539942741394,0,Numansdorp,NL
Rotterdam,Rotterdam_T3,02:00:00:2f:24:58,2026-08-23 16:06:09,20.5,51.7388602,4.23624810000001,0,Goeree-Overflakkee,NL
Rotterdam,Rotterdam_T3,02:00:00:a2:1f:5c,2026-08-23 16:06:03,21.7,51.740426,4.44279,0,Numansdorp,NL
Rotterdam,Rotterdam_T3,02:00:00:04:57:14,2026-08-23 16:08:17,22.5,51.74081,4.442848,0,Numansdorp,NL
Rotterdam,Rotterdam_T3,02:00:00:22:ea:64,2026-08-23 16:03:14,24.8,51.757101,4.293702,0,Goudswaard,NL
Rotterdam,Rotterdam_T3,02:00:00:64:1b:1e,2026-08-23 16:07:14,21.4,51.757112,4.343231,0,Zuid-Beijerland,NL
Rotterdam,Rotterdam_T3,02:00:00:b9:01:1c,2026-08-23 16:05:24,23.3,51.752419,4.373465,0,Zuid-Beijerland,NL
Rotterdam,Rotterdam_T3,02:00:00:7f:ba:0e,2026-08-23 16:05:15,23.6,51.753811,4.373477,0,Zuid-Beijerland,NL
Rotterdam,Rotterdam_T3,02:00:00:bd:1c:46,2026-08-23 16:11:34,19.9,51.767225,4.471495,0,Klaaswaal,NL
Rotterdam,Rotterdam_T3,02:00:00:74:37:3c,2026-08-23 16:05:06,21.7,51.777489,4.487307,0,Strijen,NL
Rotterdam,Rotterdam_T3,02:00:00:64:24:5a,2026-08-23 16:08:45,25.4,51.791358,4.316241,0,Piershil,NL
Rotterdam,Rotterdam_T3,02:00:00:a9:e7:4c,2026-08-23 16:07:34,21.4,51.788367,4.337116,0,Piershil,NL
Rotterdam,Rotterdam_T3,02:00:00:3f:02:c2,2026-08-23 16:11:42,21.1,51.7791628378921,4.35718958692851,0,Nieuw-Beijerland,NL
Rotterdam,Rotterdam_T3,02:00:00:ab:e4:a6,2026-08-23 16:04:36,22.9,51.781329,4.365849,0,Hoeksche Waard,NL
Rotterdam,Rotterdam_T3,02:00:00:c3:a9:14,2026-08-23 16:11:39,23.5,51.7901851790411,4.47175113435905,0,Westmaas,NL
Rotterdam,Rotterdam_T3,02:00:00:a9:ac:00,2026-08-23 16:08:24,23.5,51.788327,4.478044,0,Westmaas,NL
Rotterdam,Rotterdam_T4,02:00:00:bc:ca:a8,2026-08-23 16:09:34,21.9,51.8065071105957,4.559166431427,0,Puttershoek,NL
Rotterdam,Rotterdam_T4,02:00:00:05:86:20,2026-08-23 16:09:25,23.0,51.803765,4.562099,0,Puttershoek,NL
Rotterdam,Rotterdam_T4,02:00:00:12:80:42,2026-08-23 16:05:23,22.1,51.8035,4.5663,1,Puttershoek,NL
Rotterdam,Rotterdam_T4,02:00:00:bd:01:b0,2026-08-23 16:04:22,21.0,51.800308,4.578861,0,Puttershoek,NL
Rotterdam,Rotterdam_T4,02:00:00:70:37:fe,2026-08-23 16:02:55,20.6,51.801144,4.652298,1,Dordrecht,NL
Rotterdam,Rotterdam_T4,02:00:00:c3:74:de,2026-08-23 16:10:45,21.1,51.79714,4.65988000000005,1,Dordrecht,NL
Rotterdam,Rotterdam_T4,02:00:00:12:cf:60,2026-08-23 16:02:23,24.4,51.798983,4.666386,0,Dordrecht,NL
Rotterdam,Rotterdam_T4,02:00:00:65:55:2c,2026-08-23 16:06:47,22.0,51.804122,4.669069,0,Dordrecht,NL
Rotterdam,Rotterdam_T4,02:00:00:1b:1c:3c,2026-08-23 16:09:07,24.5,51.795881,4.677935,0,Dordrecht,NL
Rotterdam,Rotterdam_T4,02:00:00:a2:59:34,2026-08-23 16:02:53,20.6,51.794101,4.694167,0,Dordrecht,NL
Rotterdam,Rotterdam_T4,02:00:00:02:e6:40,2026-08-23 16:08:12,20.5,51.794481,4.702242,0,Dordrecht,NL
Rotterdam,Rotterdam_T4,02:00:00:05:ff:a0,2026-08-23 16:05:31,21.9,51.7949564,4.70649070000002,0,Dordrecht,NL
Rotterdam,Rotterdam_T4,02:00:00:ab:e3:7e,2026-08-23 16:02:56,23.2,51.7951201232099,4.73186731338501,1,Dordrecht,NL
Rotterdam,Rotterdam_T4,02:00:00:2f:25:48,2026-08-23 16:12:18,21.9,51.8022,4.7264,0,Dordrecht,NL
Rotterdam,Rotterdam_T4,02:00:00:7a:de:20,2026-08-23 16:11:12,24.4,51.802605,4.7325187,0,Dordrecht,NL
Rotterdam,Rotterdam_T4,02:00:00:83:fd:8e,2026-08-23 16:09:01,21.0,51.8074509,4.57323399999998,0,Puttershoek,NL
Rotterdam,Rotterdam_T4,02:00:00:65:02:1c,2026-08-23 16:09:35,20.2,51.815606,4.596438,0,Zwijndrecht,NL
Rotterdam,Rotterdam_T4,02:00:00:6b:33:f6,2026-08-23 16:07:05,22.6,51.81689,4.6076784,2,Zwijndrecht,NL
Rotterdam,Rotterdam_T4,02:00:00:03:5d:90,2026-08-23 16:04:00,21.2,51.8145148947276,4.61673617362976,0,Zwijndrecht,NL
Rotterdam,Rotterdam_T4,02:00:00:a4:87:ca,2026-08-23 16:07:30,22.0,51.8068809509277,4.63342380523682,1,Zwijndrecht,NL
Rotterdam,Rotterdam_T4,02:00:00:06:79:9e,2026-08-23 16:06:31,22.0,51.8092263212837,4.63623495422598,0,Zwijndrecht,NL
Rotterdam,Rotterdam_T4,02:00:00:c3:73:86,2026-08-23 16:04:47,21.5,51.8150071,4.6373981,0,Zwijndrecht,NL
Rotterdam,Rotterdam_T4,02:00:00:2d:0a:22,2026-08-23 16:08:00,22.4,51.820895,4.643838,0,Zwijndrecht,NL
Rotterdam,Rotterdam_T4,02:00:00:05:5b:2a,2026-08-23 16:08:22,21.8,51.820512,4.646394,1,Zwijndrecht,NL
Rotterdam,Rotterdam_T4,02:00:00:7f:a4:62,2026-08-23 16:09:49,22.2,51.819806,4.652466,0,Zwijndrecht,NL
Rotterdam,Rotterdam_T4,02:00:00:90:71:d0,2026-08-23 16:08:51,20.3,51.8089773,4.6692312,1,Dordrecht,NL
Rotterdam,Rotterdam_T4,02:00:00:2b:45:d6,2026-08-23 16:09:41,20.9,51.8089773,4.6692312,1,Dordrecht,NL
Rotterdam,Rotterdam_T4,02:00:00:53:19:f2,2026-08-23 16:06:20,21.4,51.81028,4.67508,2,Dordrecht,NL
Rotterdam,Rotterdam_T4,02:00:00:33:e7:ec,2026-08-23 16:04:47,27.1,51.8094,4.6923,0,Dordrecht,NL
Rotterdam,Rotterdam_T4,02:00:00:b5:47:56,2026-08-23 16:10:07,23.9,51.818188,4.696665,0,Dordrecht,NL
Rotterdam,Rotterdam_T4,02:00:00:58:e3:da,2026-08-23 16:05:42,21.6,51.8084349724763,4.70842254348099,0,Dordrecht,NL
Rotterdam,Rotterdam_T4,02:00:00:74:52:96,2026-08-23 16:05:19,23.2,51.808978,4.712347,1,Dordrecht,NL
Rotterdam,Rotterdam_T4,02:00:00:73:e7:5e,2026-08-23 16:09:09,20.8,51.812169,4.721084,3,Dordrecht,NL
Rotterdam,Rotterdam_T4,02:00:00:5f:2b:2a,2026-08-23 16:09:10,21.9,51.820938,4.776139,0,Sliedrecht,NL
Rotterdam,Rotterdam_T4,02:00:00:03:08:c4,2026-08-23 16:03:32,22.4,51.8260290881141,4.63469352136255,0,Zwijndrecht,NL
Rotterdam,Rotterdam_T4,02:00:00:17:60:dc,2026-08-23 16:11:22,22.9,51.826808,4.635451,0,Hendrik-Ido-Ambacht,NL
Rotterdam,Rotterdam_T4,02:00:00:b5:04:f6,2026-08-23 16:04:08,21.5,51.83483,4.63553300000004,0,Hendrik-Ido-Ambacht,NL
Rotterdam,Rotterdam_T4,02:00:00:96:ed:3c,2026-08-23 16:12:17,25.7,51.82454,4.641504,1,Zwijndrecht,NL
Rotterdam,Rotterdam_T4,02:00:00:ab:be:ca,2026-08-23 16:09:10,22.0,51.831313,4.650972,0,Hendrik-Ido-Ambacht,NL
Rotterdam,Rotterdam_T4,02:00:00:90:5e:02,2026-08-23 16:11:25,22.1,51.8328687987182,4.65461719960314,0,Hendrik-Ido-Ambacht,NL
Rotterdam,Rotterdam_T4,02:00:00:9c:fc:66,2026-08-23 16:10:38,19.6,51.8301,4.6825104,0,Papendrecht,NL
Rotterdam,Rotterdam_T4,02:00:00:3f:04:fa,2026-08-23 16:04:43,20.2,51.830445,4.684899,0,Papendrecht,NL
Rotterdam,Rotterdam_T4,02:00:00:2e:f5:66,2026-08-23 16:08:18,25.1,51.8246479517936,4.69556886943296,3,Papendrecht,NL
Rotterdam,Rotterdam_T4,02:00:00:02:f8:d2,2026-08-23 16:02:30,20.9,51.830784,4.693737,0,Papendrecht,NL
Rotterdam,Rotterdam_T4,02:00:00:05:3a:d4,2026-08-23 16:08:51,20.2,51.835116,4.699154,0,Papendrecht,NL
Rotterdam,Rotterdam_T4,02:00:00:01:6c:ba,2026-08-23 16:09:32,22.7,51.832822,4.716019,0,Papendrecht,NL
Rotterdam,Rotterdam_T4,02:00:00:a4:2f:a0,2026-08-23 16:11:04,23.6,51.834282,4.725904,0,Papendrecht,NL
Rotterdam,Rotterdam_T4,02:00:00:90:63:78,2026-08-23 16:04:39,24.8,51.829632,4.741648,0,Sliedrecht,NL
Rotterdam,Rotterdam_T4,02:00:00:2e:a2:60,2026-08-23 16:04:26,20.6,51.823319,4.769529,2,Sliedrecht,NL
Rotterdam,Rotterdam_T4,02:00:00:b9:51:62,2026-08-23 16:12:25,21.4,51.826993,4.768938,0,Sliedrecht,NL
Rotterdam,Rotterdam_T4,02:00:00:58:e7:dc,2026-08-23 16:09:45,22.8,51.82893,4.7746744,0,Sliedrecht,NL
Rotterdam,Rotterdam_T4,02:00:00:2b:47:3a,2026-08-23 16:09:17,20.4,51.8462791442871,4.50497102737427,0,Barendrecht,NL
Rotterdam,Rotterdam_T4,02:00:00:9c:e3:aa,2026-08-23 16:11:09,23.5,51.84917,4.527803,0,Barendrecht,NL
Rotterdam,Rotterdam_T4,02:00:00:13:6d:1e,2026-08-23 16:05:31,22.8,51.8457068299844,4.53018609416509,0,Barendrecht,NL
Rotterdam,Rotterdam_T4,02:00:00:83:fc:1a,2026-08-23 16:12:41,24.0,51.847268,4.532562,1,Barendrecht,NL
Rotterdam,Rotterdam_T4,02:00:00:bd:ca:ee,2026-08-23 16:10:36,19.4,51.837578,4.56538,0,Zwijndrecht,NL
Rotterdam,Rotterdam_T4,02:00:00:53:51:ca,2026-08-23 16:08:06,22.0,51.8461,4.6222,0,Hendrik-Ido-Ambacht,NL
Rotterdam,Rotterdam_T4,02:00:00:a4:32:cc,2026-08-23 16:10:57,22.8,51.837101,4.62578,0,Hendrik-Ido-Ambacht,NL
Rotterdam,Rotterdam_T4,02:00:00:c3:9b:96,2026-08-23 16:03:52,21.1,51.8400840759277,4.62910270690918,0,Hendrik-Ido-Ambacht,NL
Rotterdam,Rotterdam_T4,02:00:00:bd:fd:d2,2026-08-23 16:06:07,22.0,51.8412863280112,4.64518904685974,0,Hendrik-Ido-Ambacht,NL
Rotterdam,Rotterdam_T4,02:00:00:a4:3e:1a,2026-08-23 16:03:01,22.3,51.841907358078,4.64551280998919,0,Hendrik-Ido-Ambacht,NL
Rotterdam,Rotterdam_T4,02:00:00:1e:2a:48,2026-08-23 16:08:18,23.6,51.846038,4.644288,0,Hendrik-Ido-Ambacht,NL
Rotterdam,Rotterdam_T4,02:00:00:13:43:fc,2026-08-23 16:08:52,21.6,51.838594,4.687114,0,Papendrecht,NL
Rotterdam,Rotterdam_T4,02:00:00:83:fd:4e,2026-08-23 16:11:00,19.7,51.84061,4.6882443,0,Papendrecht,NL
Rotterdam,Rotterdam_T4,02:00:00:05:4f:b4,2026-08-23 16:07:13,20.7,51.837783,4.6947,0,Papendrecht,NL
Rotterdam,Rotterdam_T4,02:00:00:52:ce:60,2026-08-23 16:05:25,23.5,51.837197,4.695891,0,Papendrecht,NL
Rotterdam,Rotterdam_T4,02:00:00:90:bf:70,2026-08-23 16:04:05,19.6,51.845082,4.759073,0,Wijngaarden,NL
Rotterdam,Rotterdam_T4,02:00:00:58:d4:88,2026-08-23 16:05:59,23.2,51.845867,4.767669,0,Wijngaarden,NL
Rotterdam,Rotterdam_T4,02:00:00:b5:35:2e,2026-08-23 16:05:21,21.8,51.8509902954102,4.50090408325195,0,Barendrecht,NL
Rotterdam,Rotterdam_T4,02:00:00:2c:a8:f4,2026-08-23 16:09:57,21.8,51.8550282,4.50185869999996,1,Barendrecht,NL
Rotterdam,Rotterdam_T4,02:00:00:7f:a4:46,2026-08-23 16:04:21,22.2,51.851529,4.522241,0,Barendrecht,NL
Rotterdam,Rotterdam_T4,02:00:00:c3:b2:18,2026-08-23 16:04:10,24.1,51.8521,4.5326,0,Barendrecht,NL
Rotterdam,Rotterdam_T4,02:00:00:c6:1e:9c,2026-08-23 16:10:45,20.2,51.8512913,4.5388609,0,Barendrecht,NL
Rotterdam,Rotterdam_T4,02:00:00:a4:78:e8,2026-08-23 16:10:23,19.8,51.850333,4.540042,2,Barendrecht,NL
Rotterdam,Rotterdam_T4,02:00:00:b2:c8:82,2026-08-23 16:03:01,20.2,51.851793,4.551932,0,Barendrecht,NL
Rotterdam,Rotterdam_T4,02:00:00:1e:20:3a,2026-08-23 16:07:56,20.2,51.863885,4.618079,2,Ridderkerk,NL
Rotterdam,Rotterdam_T4,02:00:00:c2:3e:26,2026-08-23 16:03:11,22.2,51.8606071472168,4.62559986114502,0,Ridderkerk,NL
Rotterdam,Rotterdam_T4,02:00:00:65:5f:5e,2026-08-23 16:05:05,21.6,51.861743,4.626069,0,Ridderkerk,NL
Rotterdam,Rotterdam_T4,02:00:00:74:08:42,2026-08-23 16:07:15,21.6,51.8638061815087,4.66653974298046,0,Alblasserdam,NL
Rotterdam,Rotterdam_T4,02:00:00:9d:2a:ae,2026-08-23 16:04:19,23.1,51.8615989685059,4.67215013504028,0,Alblasserdam,NL
Rotterdam,Rotterdam_T4,02:00:00:32:df:04,2026-08-23 16:05:05,22.7,51.863296,4.674894,0,Alblasserdam,NL
Rotterdam,Rotterdam_T4,02:00:00:52:df:62,2026-08-23 16:03:04,21.1,51.873433,4.51783,0,Rotterdam,NL
Rotterdam,Rotterdam_T4,02:00:00:a2:2b:36,2026-08-23 16:03:28,22.7,51.869744,4.528011,0,Rotterdam,NL
Rotterdam,Rotterdam_T4,02:00:00:5e:ff:d4,2026-08-23 16:07:44,20.1,51.8771436,4.5560899,0,Rotterdam,NL
Rotterdam,Rotterdam_T4,02:00:00:1c:85:22,2026-08-23 16:10:14,21.0,51.870378,4.58902600000004,0,Ridderkerk,NL
Rotterdam,Rotterdam_T4,02:00:00:00:63:40,2026-08-23 16:02:30,21.1,51.8693408421565,4.5906463265419,0,Ridderkerk,NL
Rotterdam,Rotterdam_T4,02:00:00:04:6c:20,2026-08-23 16:04:29,25.7,51.870793,4.599033,1,Ridderkerk,NL
Rotterdam,Rotterdam_T4,02:00:00:2b:1a:52,2026-08-23 16:11:12,20.4,51.867130128204,4.61134004556698,0,Ridderkerk,NL
Rotterdam,Rotterdam_T4,02:00:00:7b:03:7e,2026-08-23 16:05:39,21.0,51.865452,4.621353,0,Ridderkerk,NL
Rotterdam,Rotterdam_T4,02:00:00:1e:29:ba,2026-08-23 16:05:38,20.5,51.8652853599595,4.62251235910136,0,Ridderkerk,NL
Rotterdam,Rotterdam_T4,02:00:00:37:16:28,2026-08-23 16:11:25,19.9,51.872911,4.635849,2,Alblasserdam,NL
Rotterdam,Rotterdam_T4,02:00:00:a9:93:ca,2026-08-23 16:10:56,23.0,51.8696937561035,4.65859460830688,0,Alblasserdam,NL
Rotterdam,Rotterdam_T4,02:00:00:1e:29:cc,2026-08-23 16:05:46,20.9,51.86924,4.6605825,0,Alblasserdam,NL
Rotterdam,Rotterdam_T4,02:00:00:2b:50:0e,2026-08-23 16:06:01,20.8,51.8712989,4.65991630000008,0,Alblasserdam,NL
Rotterdam,Rotterdam_T4,02:00:00:9d:2a:32,2026-08-23 16:10:48,21.0,51.869708,4.664244,0,Alblasserdam,NL
Rotterdam,Rotterdam_T4,02:00:00:9c:d9:88,2026-08-23 16:05:47,21.9,51.865708,4.672487,0,Alblasserdam,NL
Rotterdam,Rotterdam_T4,02:00:00:a4:89:38,2026-08-23 16:09:39,24.5,51.8930892944336,4.50360250473022,0,Rotterdam,NL
Rotterdam,Rotterdam_T4,02:00:00:c3:ad:1a,2026-08-23 16:10:57,20.7,51.8807193,4.50595980000008,0,Rotterdam,NL
Rotterdam,Rotterdam_T4,02:00:00:c2:2f:c0,2026-08-23 16:08:55,20.3,51.889758,4.545007,1,Rotterdam,NL
Rotterdam,Rotterdam_T4,02:00:00:8d:e1:c2,2026-08-23 16:05:09,18.3,51.8884899381623,4.54850133742931,0,Rotterdam,NL
Rotterdam,Rotterdam_T4,02:00:00:84:0b:be,2026-08-23 16:08:58,22.7,51.889212,4.579173,0,Ridderkerk,NL
Rotterdam,Rotterdam_T4,02:00:00:58:db:7c,2026-08-23 16:08:09,21.5,51.890317,4.584484,0,Ridderkerk,NL
Rotterdam,Rotterdam_T4,02:00:00:a4:31:1c,2026-08-23 16:03:58,22.2,51.879825592041,4.59871816635132,0,Ridderkerk,NL
Rotterdam,Rotterdam_T4,02:00:00:73:c7:46,2026-08-23 16:07:29,22.9,51.8810577392578,4.62089109420776,2,Ridderkerk,NL
Rotterdam,Rotterdam_T4,02:00:00:b5:1e:34,2026-08-23 16:05:55,21.4,51.8856163024902,4.63144016265869,0,Kinderdijk,NL
Rotterdam,Rotterdam_T4,02:00:00:52:d7:a6,2026-08-23 16:03:48,21.9,51.8914709229222,4.62865591049194,1,Krimpenerwaard,NL
Rotterdam,Rotterdam_T4,02:00:00:2e:ef:ca,2026-08-23 16:06:05,21.2,51.884896,4.675329,0,Nieuw-Lekkerland,NL
Rotterdam,Rotterdam_T4,02:00:00:6b:33:b2,2026-08-23 16:10:59,21.9,51.88994,4.6878767,1,Nieuw-Lekkerland,NL
Rotterdam,Rotterdam_T4,02:00:00:bd:03:12,2026-08-23 16:06:56,29.1,51.883711,4.713311,0,Nieuw-Lekkerland,NL
Rotterdam,Rotterdam_T4,02:00:00:01:7f:1c,2026-08-23 16:11:14,21.8,51.8943,4.5082,0,Rotterdam,NL
Rotterdam,Rotterdam_T4,02:00:00:58:de:d6,2026-08-23 16:03:21,21.2,51.8943,4.5082,0,Rotterdam,NL
Rotterdam,Rotterdam_T4,02:00:00:b5:52:44,2026-08-23 16:09:15,20.2,51.897498,4.521842,3,Rotterdam,NL
Rotterdam,Rotterdam_T4,02:00:00:90:7f:7a,2026-08-23 16:11:41,20.6,51.898163,4.583361,2,Ridderkerk,NL
Rotterdam,Rotterdam_T4,02:00:00:a4:1d:76,2026-08-23 16:03:57,20.9,51.8956518077123,4.58617498801652,2,Ridderkerk,NL
Rotterdam,Rotterdam_T4,02:00:00:04:a2:ee,2026-08-23 16:05:52,21.9,51.89378,4.63195999999998,0,Krimpen aan de Lek,NL
Rotterdam,Rotterdam_T4,02:00:00:02:d1:3e,2026-08-23 16:09:47,22.8,51.8949535894151,4.63425776535564,5,Krimpenerwaard,NL
Rotterdam,Rotterdam_T4,02:00:00:70:58:6c,2026-08-23 16:09:01,25.1,51.898848,4.7463,0,Streefkerk,NL
Rotterdam,Rotterdam_T4,02:00:00:31:b2:be,2026-08-23 16:08:31,19.2,51.912961,4.502522,0,Rotterdam,NL
Rotterdam,Rotterdam_T4,02:00:00:21:1a:8c,2026-08-23 16:12:16,19.8,51.920843,4.512827,6,Rotterdam,NL
Rotterdam,Rotterdam_T4,02:00:00:70:3e:4c,2026-08-23 16:03:30,23.4,51.918575,4.553104,0,Capelle aan den IJssel,NL
Rotterdam,Rotterdam_T4,02:00:00:bd:0d:c0,2026-08-23 16:07:41,24.3,51.912598,4.5591,0,Capelle aan den IJssel,NL
Rotterdam,Rotterdam_T4,02:00:00:52:cb:e6,2026-08-23 16:10:55,26.0,51.9176414235296,4.55918770730171,2,Capelle aan den IJssel,NL
Rotterdam,Rotterdam_T4,02:00:00:9d:13:30,2026-08-23 16:08:23,19.8,51.919235,4.57162120000004,0,Capelle aan den IJssel,NL
Rotterdam,Rotterdam_T4,02:00:00:6b:2a:74,2026-08-23 16:07:11,21.1,51.910033,4.590531,0,Krimpen aan den IJssel,NL
Rotterdam,Rotterdam_T4,02:00:00:74:33:ba,2026-08-23 16:06:29,20.2,51.917253,4.581886,2,Krimpen aan den IJssel,NL
Rotterdam,Rotterdam_T4,02:00:00:c3:da:1e,2026-08-23 16:06:30,26.2,51.9144,4.6006,0,Krimpen aan den IJssel,NL
Rotterdam,Rotterdam_T4,02:00:00:3d:24:60,2026-08-23 16:05:45,24.2,51.9092152187443,4.60752285502784,0,Krimpen aan den IJssel,NL
Rotterdam,Rotterdam_T4,02:00:00:af:7d:d6,2026-08-23 16:04:22,20.8,51.910542,4.610582,0,Krimpen aan den IJssel,NL
Rotterdam,Rotterdam_T4,02:00:00:63:44:d2,2026-08-23 16:06:26,20.3,51.91956969428,4.6570497751236,0,Ouderkerk aan den IJssel,NL
Rotterdam,Rotterdam_T4,02:00:00:34:04:94,2026-08-23 16:08:26,23.4,51.9094901,4.68375689999993,0,Krimpenerwaard,NL
Rotterdam,Rotterdam_T4,02:00:00:1c:7f:58,2026-08-23 16:04:57,20.8,51.9246940612793,4.5013689994812,2,Rotterdam,NL
Rotterdam,Rotterdam_T4,02:00:00:02:43:ea,2026-08-23 16:10:05,19.7,51.925408,4.509584,2,Rotterdam,NL
Rotterdam,Rotterdam_T4,02:00:00:03:5d:4c,2026-08-23 16:10:05,24.5,51.92282,4.518588,1,Rotterdam,NL
Rotterdam,Rotterdam_T4,02:00:00:02:80:d0,2026-08-23 16:09:44,23.6,51.930263,4.547694,0,Rotterdam,NL
Rotterdam,Rotterdam_T4,02:00:00:c3:80:a6,2026-08-23 16:07:12,23.7,51.931264,4.550389,0,Rotterdam,NL
Rotterdam,Rotterdam_T4,02:00:00:3c:00:22,2026-08-23 16:00:18,23.6,51.93424,4.553542,0,Rotterdam,NL
Rotterdam,Rotterdam_T4,02:00:00:28:97:a6,2026-08-23 16:06:01,21.4,51.931049,4.584571,0,Capelle aan den IJssel,NL
Rotterdam,Rotterdam_T4,02:00:00:2f:0c:10,2026-08-23 16:06:45,23.2,51.9344479606926,4.59018536167076,0,Capelle aan den IJssel,NL
Rotterdam,Rotterdam_T4,02:00:00:63:42:f8,2026-08-23 16:11:52,24.4,51.9293733342703,4.59409007318868,0,Capelle aan den IJssel,NL
Rotterdam,Rotterdam_T4,02:00:00:1e:01:bc,2026-08-23 16:03:14,21.5,51.932337,4.606086,0,Capelle aan den IJssel,NL
Rotterdam,Rotterdam_T4,02:00:00:83:d0:98,2026-08-23 16:07:01,20.5,51.929055,4.61168,0,Capelle aan den IJssel,NL
Rotterdam,Rotterdam_T4,02:00:00:af:65:fc,2026-08-23 16:12:07,21.6,51.92348,4.624417,0,Krimpen aan den IJssel,NL
Rotterdam,Rotterdam_T4,02:00:00:5f:3b:64,2026-08-23 16:11:41,18.9,51.934994,4.73829,0,Krimpenerwaard,NL
Rotterdam,Rotterdam_T4,02:00:00:27:89:3a,2026-08-23 16:10:33,24.1,51.949039,4.503576,0,Rotterdam,NL
Rotterdam,Rotterdam_T4,02:00:00:65:4e:e0,2026-08-23 16:07:59,19.2,51.945285,4.535755,0,Rotterdam,NL
Rotterdam,Rotterdam_T4,02:00:00:01:28:b8,2026-08-23 16:04:47,22.4,51.9411495701722,4.56710300000004,0,Capelle aan den IJssel,NL
Rotterdam,Rotterdam_T4,02:00:00:33:f2:74,2026-08-23 16:10:33,24.9,51.94695,4.5638,0,Rotterdam,NL
Rotterdam,Rotterdam_T4,02:00:00:bd:c2:20,2026-08-23 16:08:11,23.4,51.949393,4.572462,0,Capelle aan den IJssel,NL
Rotterdam,Rotterdam_T4,02:00:00:b5:01:6e,2026-08-23 16:08:42,20.2,51.947535,4.577741,0,Capelle aan den IJssel,NL
Rotterdam,Rotterdam_T4,02:00:00:36:d9:ea,2026-08-23 16:03:44,21.5,51.937104,4.611066,0,Capelle aan den IJssel,NL
Rotterdam,Rotterdam_T4,02:00:00:33:f1:dc,2026-08-23 16:12:19,23.6,51.937788,4.6366892,1,Krimpenerwaard,NL
Rotterdam,Rotterdam_T4,02:00:00:90:c6:f6,2026-08-23 16:10:43,22.6,51.9442388535085,4.70877000000014,0,Berkenwoude,NL
Rotterdam,Rotterdam_T4,02:00:00:03:a2:42,2026-08-23 16:03:21,19.5,51.959495,4.500036,0,Rotterdam,NL
Rotterdam,Rotterdam_T4,02:00:00:2a:d5:58,2026-08-23 16:11:34,18.5,51.9642850413781,4.50498007983016,0,Rotterdam,NL
Rotterdam,Rotterdam_T4,02:00:00:27:94:a4,2026-08-23 16:06:37,22.1,51.952491,4.51569,0,Rotterdam,NL
Rotterdam,Rotterdam_T4,02:00:00:2f:0f:2e,2026-08-23 16:04:12,20.7,51.9536204,4.5346555,0,Rotterdam,NL
Rotterdam,Rotterdam_T4,02:00:00:90:b5:0c,2026-08-23 16:08:14,19.5,51.954033,4.534729,0,Rotterdam,NL
Rotterdam,Rotterdam_T4,02:00:00:a9:a6:c2,2026-08-23 16:02:06,20.5,51.9637222290039,4.52992153167725,0,Rotterdam,NL
Rotterdam,Rotterdam_T4,02:00:00:bc:ab:08,2026-08-23 16:07:55,21.6,51.955691,4.5518,0,Rotterdam,NL
Rotterdam,Rotterdam_T4,02:00:00:36:e3:e0,2026-08-23 16:07:09,21.0,51.9613543477029,4.55115616321564,0,Rotterdam,NL
Rotterdam,Rotterdam_T4,02:00:00:83:a1:aa,2026-08-23 16:03:51,22.0,51.961257,4.56482,0,Rotterdam,NL
Rotterdam,Rotterdam_T4,02:00:00:33:c5:7e,2026-08-23 16:12:09,21.0,51.9549659,4.58058359999995,0,Capelle aan den IJssel,NL
Rotterdam,Rotterdam_T4,02:00:00:2e:a5:98,2026-08-23 16:02:38,23.7,51.964966611571,4.57781134581205,0,Rotterdam,NL
Rotterdam,Rotterdam_T4,02:00:00:13:43:b2,2026-08-23 16:03:07,22.5,51.9569458952657,4.58524636924699,0,Capelle aan den IJssel,NL
Rotterdam,Rotterdam_T4,02:00:00:52:e9:96,2026-08-23 16:06:42,21.2,51.9518241882324,4.59466314315796,0,Capelle aan den IJssel,NL
Rotterdam,Rotterdam_T4,02:00:00:1b:2e:28,2026-08-23 16:06:59,21.4,51.951768,4.597816,0,Capelle aan den IJssel,NL
Rotterdam,Rotterdam_T4,02:00:00:74:0c:3c,2026-08-23 16:03:57,21.6,51.955207,4.605644,0,Nieuwerkerk aan den IJssel,NL
Rotterdam,Rotterdam_T4,02:00:00:a4:28:a8,2026-08-23 16:05:03,20.6,51.619805,4.503271,1,Standdaarbuiten,NL
Rotterdam,Rotterdam_T4,02:00:00:af:68:56,2026-08-23 16:05:46,23.2,51.6195220947266,4.72724771499634,0,Breda,NL
Rotterdam,Rotterdam_T4,02:00:00:03:b8:52,2026-08-23 16:04:55,24.2,51.619173,4.74028,2,Breda,NL
Rotterdam,Rotterdam_T4,02:00:00:58:f4:d4,2026-08-23 16:09:37,21.3,51.6215203879935,4.73909854888916,1,Breda,NL
Rotterdam,Rotterdam_T4,02:00:00:7f:d6:98,2026-08-23 16:12:40,22.6,51.628025,4.7378445,3,Breda,NL
Rotterdam,Rotterdam_T4,02:00:00:7f:a8:1a,2026-08-23 16:11:29,20.7,51.6410548,4.534419,0,Noordhoek,NL
Rotterdam,Rotterdam_T4,02:00:00:5e:fc:2c,2026-08-23 16:02:30,21.9,51.6389694213867,4.58760547637939,0,Moerdijk,NL
Rotterdam,Rotterdam_T4,02:00:00:2b:2d:80,2026-08-23 16:10:04,22.3,51.646379,4.590162,0,Zevenbergen,NL
Rotterdam,Rotterdam_T4,02:00:00:04:91:3e,2026-08-23 16:08:50,20.4,51.6374824616899,4.59927772356772,0,Moerdijk,NL
Rotterdam,Rotterdam_T4,02:00:00:06:00:2c,2026-08-23 16:02:41,20.9,51.636705,4.600655,0,Zevenbergen,NL
Rotterdam,Rotterdam_T4,02:00:00:02:96:12,2026-08-23 16:10:24,21.4,51.6369220170065,4.60304491819187,0,Zevenbergen,NL
Rotterdam,Rotterdam_T4,02:00:00:a4:83:38,2026-08-23 16:09:20,22.8,51.637588,4.662299,0,Langeweg,NL
Rotterdam,Rotterdam_T4,02:00:00:1e:21:de,2026-08-23 16:08:12,19.8,51.642065,4.744237,0,Drimmelen,NL
Rotterdam,Rotterdam_T4,02:00:00:03:0d:3c,2026-08-23 16:06:00,21.5,51.645013,4.755716,2,Terheijden,NL
Rotterdam,Rotterdam_T4,02:00:00:a9:d1:fc,2026-08-23 16:09:34,26.5,51.6504440307617,4.58930969238281,1,Zevenbergen,NL
Rotterdam,Rotterdam_T4,02:00:00:12:95:e4,2026-08-23 16:06:01,22.6,51.647162,4.600765,0,Zevenbergen,NL
Rotterdam,Rotterdam_T4,02:00:00:02:5e:18,2026-08-23 16:07:52,21.3,51.647886,4.758551,1,Terheijden,NL
Rotterdam,Rotterdam_T4,02:00:00:6b:64:24,2026-08-23 16:03:04,23.0,51.661648,4.52269,0,Klundert,NL
Rotterdam,Rotterdam_T4,02:00:00:5e:ef:f6,2026-08-23 16:02:27,22.7,51.66303,4.524503,0,Klundert,NL
Rotterdam,Rotterdam_T4,02:00:00:01:06:8e,2026-08-23 16:06:04,21.6,51.674017,4.678985,3,Zevenbergschen Hoek,NL
Rotterdam,Rotterdam_T4,02:00:00:69:2e:a8,2026-08-23 16:06:16,21.3,51.705344,4.707075,0,Lage Zwaluwe,NL
Rotterdam,Rotterdam_T4,02:00:00:9d:0d:18,2026-08-23 16:03:41,21.8,51.73732,4.549589,0,Strijen,NL
Rotterdam,Rotterdam_T4,02:00:00:33:d7:fa,2026-08-23 16:03:41,21.1,51.746345,4.553707,1,Strijen,NL
Rotterdam,Rotterdam_T4,02:00:00:5f:62:96,2026-08-23 16:12:41,23.9,51.7492420431945,4.54995453357697,0,Strijen,NL
Rotterdam,Rotterdam_T4,02:00:00:a4:44:86,2026-08-23 16:10:39,20.2,51.7487564086914,4.59236669540405,0,'s-Gravendeel,NL
Rotterdam,Rotterdam_T4,02:00:00:74:41:e0,2026-08-23 16:03:28,23.3,51.7540309522726,4.603035105397,0,Hoeksche Waard,NL
Rotterdam,Rotterdam_T4,02:00:00:53:32:78,2026-08-23 16:04:27,20.7,51.7504501342773,4.61845016479492,0,Hoeksche Waard,NL
Rotterdam,Rotterdam_T4,02:00:00:28:6a:7a,2026-08-23 16:03:36,19.7,51.774143,4.6138062,0,Hoeksche Waard,NL
Rotterdam,Rotterdam_T4,02:00:00:02:f7:56,2026-08-23 16:06:31,20.1,51.7758978724622,4.61312867271064,0,'s-Gravendeel,NL
Rotterdam,Rotterdam_T4,02:00:00:b4:e8:e8,2026-08-23 16:03:08,22.2,51.770848,4.659682,0,Dordrecht,NL
Rotterdam,Rotterdam_T4,02:00:00:70:1b:dc,2026-08-23 16:07:45,22.5,51.7729074168659,4.65993347846955,0,Dordrecht,NL
Rotterdam,Rotterdam_T4,02:00:00:01:79:92,2026-08-23 16:07:54,21.9,51.774377,4.667812,0,Dordrecht,NL
Rotterdam,Rotterdam_T4,02:00:00:1f:78:9a,2026-08-23 16:04:41,19.3,51.777599,4.676314,0,Dordrecht,NL
Rotterdam,Rotterdam_T4,02:00:00:ab:bf:08,2026-08-23 16:11:15,22.3,51.776596,4.6821218,1,Dordrecht,NL
Rotterdam,Rotterdam_T4,02:00:00:2e:ad:88,2026-08-23 16:06:50,20.1,51.784425,4.55715,0,Hoeksche Waard,NL
Rotterdam,Rotterdam_T4,02:00:00:96:e0:b4,2026-08-23 16:02:45,20.9,51.787051,4.56029,0,Maasdam,NL
Rotterdam,Rotterdam_T4,02:00:00:05:86:c6,2026-08-23 16:05:50,21.6,51.79149,4.55400000000011,0,Hoeksche Waard,NL
Rotterdam,Rotterdam_T4,02:00:00:63:1e:e6,2026-08-23 16:08:02,19.9,51.782463,4.596613,0,Hoeksche Waard,NL
Rotterdam,Rotterdam_T4,02:00:00:b5:02:84,2026-08-23 16:04:59,20.7,51.782564,4.606451,0,'s-Gravendeel,NL
Rotterdam,Rotterdam_T4,02:00:00:b2:b9:b0,2026-08-23 16:10:01,19.8,51.780144,4.613583,0,'s-Gravendeel,NL
Rotterdam,Rotterdam_T4,02:00:00:03:88:2e,2026-08-23 16:09:14,21.5,51.7907752990723,4.65260601043701,4,Dordrecht,NL
Rotterdam,Rotterdam_T4,02:00:00:c2:7f:ba,2026-08-23 16:10:57,20.7,51.7885793,4.6604208,3,Dordrecht,NL
Rotterdam,Rotterdam_T4,02:00:00:b9:40:8c,2026-08-23 16:03:18,20.2,51.7833036,4.67555490000007,0,Dordrecht,NL
Rotterdam,Rotterdam_T4,02:00:00:58:ce:38,2026-08-23 16:06:01,22.7,51.791078910246,4.69140350818634,0,Dordrecht,NL
