city_area,tile_id,device_id,timestamp_amsterdam,temperature_c,latitude,longitude,altitude_m,location_name,country
Utrecht,Utrecht_T1,02:00:00:a9:7a:0e,2026-09-01 22:34:58,13.5,52.140232,5.0987544,0,Tienhoven,NL
Utrecht,Utrecht_T1,02:00:00:37:12:66,2026-09-01 22:33:27,15.2,52.179145,5.068822,0,Breukeleveen,NL
Utrecht,Utrecht_T1,02:00:00:02:f6:0e,2026-09-01 22:33:31,14.7,52.197652,5.132777,2,Loosdrecht,NL
Utrecht,Utrecht_T1,02:00:00:b0:a9:90,2026-09-01 22:33:29,15.6,52.200455,5.136932,3,Loosdrecht,NL
Utrecht,Utrecht_T1,02:00:00:01:ad:e6,2026-09-01 22:34:54,16.8,52.2024453567653,5.13724302708387,4,Loosdrecht,NL
Utrecht,Utrecht_T1,02:00:00:5f:5a:3c,2026-09-01 21:37:57,19.5,52.203813,5.065594,0,Wijdemeren,NL
Utrecht,Utrecht_T1,02:00:00:64:1b:94,2026-09-01 22:28:19,14.7,52.20692,5.09326999999999,1,Loosdrecht,NL
Utrecht,Utrecht_T1,02:00:00:7a:8e:26,2026-09-01 22:35:59,14.0,52.205303,5.096588,0,Loosdrecht,NL
Utrecht,Utrecht_T1,02:00:00:00:10:50,2026-09-01 22:29:33,15.7,52.2050161837691,5.12837827205658,3,Loosdrecht,NL
Utrecht,Utrecht_T1,02:00:00:7b:01:10,2026-09-01 22:36:22,15.3,52.205692,5.131749,1,Loosdrecht,NL
Utrecht,Utrecht_T1,02:00:00:3c:ed:a2,2026-09-01 22:32:42,14.4,52.204017,5.140781,2,Loosdrecht,NL
Utrecht,Utrecht_T1,02:00:00:bd:fd:a6,2026-09-01 22:33:03,16.2,52.2087615,5.16269899999998,13,Hilversum,NL
Utrecht,Utrecht_T1,02:00:00:c3:82:e2,2026-09-01 22:30:21,15.3,52.212936,5.157038,6,Hilversum,NL
Utrecht,Utrecht_T1,02:00:00:01:3a:f2,2026-09-01 22:34:57,15.2,52.2149722583813,5.16004279666198,7,Hilversum,NL
Utrecht,Utrecht_T1,02:00:00:7a:7b:b6,2026-09-01 22:27:28,15.8,52.216152,5.1599503,9,Hilversum,NL
Utrecht,Utrecht_T1,02:00:00:27:9d:5e,2026-09-01 22:28:31,16.3,52.2139047447403,5.17507553100586,15,Hilversum,NL
Utrecht,Utrecht_T1,02:00:00:2c:c0:f8,2026-09-01 22:33:13,16.3,52.215289,5.191587,6,Hilversum,NL
Utrecht,Utrecht_T1,02:00:00:a9:99:4e,2026-09-01 22:33:04,15.1,52.217244,5.19999860000001,6,Hilversum,NL
Utrecht,Utrecht_T1,02:00:00:53:5a:42,2026-09-01 22:30:06,16.8,52.218062,5.125525,1,Hilversum,NL
Utrecht,Utrecht_T1,02:00:00:32:e1:fc,2026-09-01 22:29:57,18.2,52.21986,5.138679,0,Hilversum,NL
Utrecht,Utrecht_T1,02:00:00:9c:fe:ea,2026-09-01 22:26:25,16.8,52.221093,5.142468,4,Hilversum,NL
Utrecht,Utrecht_T1,02:00:00:7f:c0:96,2026-09-01 22:34:37,17.1,52.22016524,5.18491051,8,Hilversum,NL
Utrecht,Utrecht_T1,02:00:00:9b:49:56,2026-09-01 22:27:13,16.2,52.0555172581761,5.07246375001336,1,Nieuwegein,NL
Utrecht,Utrecht_T1,02:00:00:a9:c0:b8,2026-09-01 22:27:29,16.8,52.058835,5.135174,4,Utrecht,NL
Utrecht,Utrecht_T1,02:00:00:bd:cd:b0,2026-09-01 22:29:52,15.9,52.061641,5.128472,3,Utrecht,NL
Utrecht,Utrecht_T1,02:00:00:bd:dc:c4,2026-09-01 22:26:46,15.6,52.0630189775525,5.12959063053131,4,Utrecht,NL
Utrecht,Utrecht_T1,02:00:00:27:58:00,2026-09-01 22:35:26,15.1,52.06631,5.128964,4,Utrecht,NL
Utrecht,Utrecht_T1,02:00:00:2e:c2:fe,2026-09-01 22:27:36,15.2,52.060052,5.134025,4,Utrecht,NL
Utrecht,Utrecht_T1,02:00:00:28:ec:80,2026-09-01 22:28:19,14.4,52.065526,5.200063,5,Bunnik,NL
Utrecht,Utrecht_T1,02:00:00:63:34:44,2026-09-01 22:29:31,14.5,52.0706,5.0769,0,Utrecht,NL
Utrecht,Utrecht_T1,02:00:00:02:f3:b2,2026-09-01 22:32:19,17.1,52.0684013366699,5.10129976272583,4,Utrecht,NL
Utrecht,Utrecht_T1,02:00:00:02:26:50,2026-09-01 22:34:39,16.8,52.0673127854311,5.1019960641861,3,Utrecht,NL
Utrecht,Utrecht_T1,02:00:00:71:39:d4,2026-09-01 22:31:07,16.9,52.067007,5.108216,3,Utrecht,NL
Utrecht,Utrecht_T1,02:00:00:29:08:ec,2026-09-01 22:33:00,17.0,52.072575,5.120578,2,Utrecht,NL
Utrecht,Utrecht_T1,02:00:00:b5:00:ce,2026-09-01 22:30:30,16.3,52.069854,5.12234250000003,4,Utrecht,NL
Utrecht,Utrecht_T1,02:00:00:a9:6f:5c,2026-09-01 22:29:21,16.6,52.073802947998,5.12334251403809,5,Utrecht,NL
Utrecht,Utrecht_T1,02:00:00:1e:2a:90,2026-09-01 22:30:33,15.8,52.070201,5.125238,4,Utrecht,NL
Utrecht,Utrecht_T1,02:00:00:65:70:6e,2026-09-01 22:29:06,14.1,52.069762,5.187772,3,Bunnik,NL
Utrecht,Utrecht_T1,02:00:00:1b:06:58,2026-09-01 22:27:53,15.5,52.0673070316701,5.19202797330763,5,Bunnik,NL
Utrecht,Utrecht_T1,02:00:00:00:ec:e0,2026-09-01 22:30:31,17.4,52.0783359526579,5.11196332515445,6,Utrecht,NL
Utrecht,Utrecht_T1,02:00:00:a9:6f:60,2026-09-01 22:33:01,16.7,52.079962,5.114904,2,Utrecht,NL
Utrecht,Utrecht_T1,02:00:00:2f:04:02,2026-09-01 22:32:32,17.4,52.08055,5.122316,6,Utrecht,NL
Utrecht,Utrecht_T1,02:00:00:9c:fc:b4,2026-09-01 22:34:55,15.7,52.0790023803711,5.13050746917725,2,Utrecht,NL
Utrecht,Utrecht_T1,02:00:00:69:29:62,2026-09-01 22:28:03,14.8,52.0756661902043,5.13833000000005,6,Utrecht,NL
Utrecht,Utrecht_T1,02:00:00:2f:06:e0,2026-09-01 22:35:44,15.0,52.085492,5.089611,4,Utrecht,NL
Utrecht,Utrecht_T1,02:00:00:33:e1:4e,2026-09-01 22:35:34,14.4,52.085492,5.089611,4,Utrecht,NL
Utrecht,Utrecht_T1,02:00:00:01:04:a2,2026-09-01 22:27:26,15.1,52.086276,5.08958300000004,8,Utrecht,NL
Utrecht,Utrecht_T1,02:00:00:5f:20:4a,2026-09-01 22:33:01,15.7,52.0821,5.108,1,Utrecht,NL
Utrecht,Utrecht_T1,02:00:00:b5:08:94,2026-09-01 22:34:16,16.6,52.0842805951218,5.12355080298444,8,Utrecht,NL
Utrecht,Utrecht_T1,02:00:00:a2:3c:08,2026-09-01 22:29:44,16.1,52.081358764963,5.13511598110199,2,Utrecht,NL
Utrecht,Utrecht_T1,02:00:00:63:37:c0,2026-09-01 22:29:26,16.8,52.0846376741441,5.14990675244556,4,Utrecht,NL
Utrecht,Utrecht_T1,02:00:00:84:9e:e4,2026-09-01 22:32:49,17.6,52.085608,5.153452,1,Utrecht,NL
Utrecht,Utrecht_T1,02:00:00:58:71:a0,2026-09-01 22:35:04,18.7,52.0910855835456,5.06979963657994,0,Utrecht,NL
Utrecht,Utrecht_T1,02:00:00:8d:c3:0e,2026-09-01 22:30:53,18.8,52.09396,5.067146,1,Utrecht,NL
Utrecht,Utrecht_T1,02:00:00:5e:f9:3e,2026-09-01 22:33:15,18.5,52.095,5.06790999999997,2,Utrecht,NL
Utrecht,Utrecht_T1,02:00:00:b5:8a:96,2026-09-01 22:31:52,16.1,52.0890953545022,5.07631123065949,1,Utrecht,NL
Utrecht,Utrecht_T1,02:00:00:02:ab:72,2026-09-01 22:34:56,16.3,52.089195,5.089759,4,Utrecht,NL
Utrecht,Utrecht_T1,02:00:00:70:58:26,2026-09-01 22:28:24,15.2,52.093772,5.087235,3,Utrecht,NL
Utrecht,Utrecht_T1,02:00:00:b5:3c:02,2026-09-01 22:30:01,16.9,52.0945,5.09406000000001,4,Utrecht,NL
Utrecht,Utrecht_T1,02:00:00:52:c7:3e,2026-09-01 22:30:02,18.1,52.090397,5.101962,3,Utrecht,NL
Utrecht,Utrecht_T1,02:00:00:3c:db:f4,2026-09-01 22:34:06,18.5,52.092422,5.120636,12,Utrecht,NL
Utrecht,Utrecht_T1,02:00:00:bd:cf:26,2026-09-01 22:30:51,17.4,52.0907374,5.12142010000002,18,Utrecht,NL
Utrecht,Utrecht_T1,02:00:00:27:49:d0,2026-09-01 22:29:51,16.9,52.091476,5.122634,10,Utrecht,NL
Utrecht,Utrecht_T1,02:00:00:5f:23:9a,2026-09-01 22:29:25,18.8,52.0947967203465,5.12172407991812,9,Utrecht,NL
Utrecht,Utrecht_T1,02:00:00:5f:20:04,2026-09-01 22:30:59,15.9,52.0938845651776,5.13856323934985,6,Utrecht,NL
Utrecht,Utrecht_T1,02:00:00:7a:71:9a,2026-09-01 22:29:59,18.0,52.096183,5.065176,1,Utrecht,NL
Utrecht,Utrecht_T1,02:00:00:c3:a6:ae,2026-09-01 22:30:18,17.5,52.0966653034839,5.07333587462335,0,Utrecht,NL
Utrecht,Utrecht_T1,02:00:00:bd:c5:ea,2026-09-01 22:28:19,17.2,52.1026685527433,5.09375521405393,1,Utrecht,NL
Utrecht,Utrecht_T1,02:00:00:52:d7:a4,2026-09-01 22:30:44,16.9,52.101415,5.10791,5,Utrecht,NL
Utrecht,Utrecht_T1,02:00:00:b5:97:f6,2026-09-01 22:28:15,17.0,52.100982,5.113231,4,Utrecht,NL
Utrecht,Utrecht_T1,02:00:00:74:7c:d8,2026-09-01 22:26:39,16.8,52.101892,5.11485,3,Utrecht,NL
Utrecht,Utrecht_T1,02:00:00:a9:76:3c,2026-09-01 22:29:23,16.2,52.099474,5.11834,6,Utrecht,NL
Utrecht,Utrecht_T1,02:00:00:3c:f5:5e,2026-09-01 22:30:04,16.3,52.095871,5.131864,3,Utrecht,NL
Utrecht,Utrecht_T1,02:00:00:b4:ee:1a,2026-09-01 22:36:49,15.9,52.099659,5.124221,4,Utrecht,NL
Utrecht,Utrecht_T1,02:00:00:ab:f5:26,2026-09-01 22:32:40,15.7,52.099,5.128,0,Utrecht,NL
Utrecht,Utrecht_T1,02:00:00:29:5e:d2,2026-09-01 22:35:44,15.0,52.097858,5.137552,1,Utrecht,NL
Utrecht,Utrecht_T1,02:00:00:2c:9c:64,2026-09-01 22:27:27,15.3,52.098562,5.141,4,Utrecht,NL
Utrecht,Utrecht_T1,02:00:00:64:29:de,2026-09-01 22:30:07,16.8,52.105162,5.100294,2,Utrecht,NL
Utrecht,Utrecht_T1,02:00:00:28:cf:22,2026-09-01 22:34:14,14.7,52.107056,5.121125,2,Utrecht,NL
Utrecht,Utrecht_T1,02:00:00:9c:e4:3c,2026-09-01 22:35:02,15.4,52.103779,5.12255,4,Utrecht,NL
Utrecht,Utrecht_T1,02:00:00:03:ca:56,2026-09-01 22:35:57,15.8,52.106408,5.125732,3,Utrecht,NL
Utrecht,Utrecht_T1,02:00:00:b5:0b:b6,2026-09-01 22:31:40,14.1,52.1083564758301,5.13924789428711,2,Utrecht,NL
Utrecht,Utrecht_T1,02:00:00:7f:c5:ac,2026-09-01 22:30:16,14.9,52.106043,5.143182,5,Utrecht,NL
Utrecht,Utrecht_T1,02:00:00:58:d2:58,2026-09-01 22:28:51,15.2,52.104095,5.144752,0,Utrecht,NL
Utrecht,Utrecht_T1,02:00:00:14:60:ec,2026-09-01 22:33:34,16.5,52.106249,5.171551,3,De Bilt,NL
Utrecht,Utrecht_T1,02:00:00:a2:02:8a,2026-09-01 22:35:47,16.0,52.106261,5.177714,5,De Bilt,NL
Utrecht,Utrecht_T1,02:00:00:70:4e:ba,2026-09-01 22:34:47,16.3,52.112316,5.090597,1,Utrecht,NL
Utrecht,Utrecht_T1,02:00:00:a9:a9:ac,2026-09-01 22:34:16,18.2,52.11504,5.11446000000007,4,Utrecht,NL
Utrecht,Utrecht_T1,02:00:00:7b:00:16,2026-09-01 22:31:52,18.6,52.116092,5.116809,5,Utrecht,NL
Utrecht,Utrecht_T1,02:00:00:33:fc:c2,2026-09-01 22:36:48,15.1,52.112909,5.143128,1,Utrecht,NL
Utrecht,Utrecht_T1,02:00:00:3d:0c:b8,2026-09-01 22:27:39,16.7,52.1120604,5.1477574,2,Utrecht,NL
Utrecht,Utrecht_T1,02:00:00:a2:28:d4,2026-09-01 22:34:15,16.2,52.11298,5.176283,3,De Bilt,NL
Utrecht,Utrecht_T1,02:00:00:74:4f:c6,2026-09-01 22:29:21,15.1,52.114273,5.1778874,5,De Bilt,NL
Utrecht,Utrecht_T1,02:00:00:37:16:9a,2026-09-01 22:31:14,17.6,52.1209042,5.0716415,1,Utrecht,NL
Utrecht,Utrecht_T1,02:00:00:b5:07:da,2026-09-01 22:30:57,14.6,52.1185,5.0885,0,Utrecht,NL
Utrecht,Utrecht_T1,02:00:00:6b:8c:a6,2026-09-01 22:33:12,15.1,52.121922,5.09350500000013,2,Utrecht,NL
Utrecht,Utrecht_T1,02:00:00:9d:2a:ee,2026-09-01 22:36:12,15.2,52.1226012257881,5.09323120411752,2,Utrecht,NL
Utrecht,Utrecht_T1,02:00:00:af:6f:c0,2026-09-01 22:32:57,17.7,52.1203433,5.1160012,4,Utrecht,NL
Utrecht,Utrecht_T1,02:00:00:63:2e:78,2026-09-01 22:33:47,15.5,52.124311,5.149015,3,Groenekan,NL
Utrecht,Utrecht_T1,02:00:00:2e:bd:ce,2026-09-01 22:27:43,14.7,52.122233,5.200776,10,Bilthoven,NL
Utrecht,Utrecht_T1,02:00:00:a4:87:ec,2026-09-01 22:31:30,14.5,52.1316666043838,5.09194861301635,0,Utrecht,NL
Utrecht,Utrecht_T1,02:00:00:7f:b2:0e,2026-09-01 22:35:55,15.1,52.127119,5.100939,4,Utrecht,NL
Utrecht,Utrecht_T1,02:00:00:b5:6e:3a,2026-09-01 22:34:25,14.4,52.124991,5.158267,4,De Bilt,NL
Utrecht,Utrecht_T1,02:00:00:a2:45:c2,2026-09-01 22:32:49,13.2,52.130604,5.188466,5,Bilthoven,NL
Utrecht,Utrecht_T1,02:00:00:33:2d:6a,2026-09-01 22:33:22,13.9,52.1263389,5.1944393,6,De Bilt,NL
Utrecht,Utrecht_T1,02:00:00:36:a3:68,2026-09-01 22:30:36,14.4,52.12822,5.20124999999999,8,Bilthoven,NL
Utrecht,Utrecht_T1,02:00:00:7a:ff:64,2026-09-01 22:28:09,13.6,52.132211,5.197475,3,Bilthoven,NL
Utrecht,Utrecht_T1,02:00:00:2c:9c:48,2026-09-01 22:36:07,16.7,52.140412,5.009436,0,Stichtse Vecht,NL
Utrecht,Utrecht_T1,02:00:00:01:50:b6,2026-09-01 22:31:48,15.6,52.1411799412661,5.01502234507166,0,Maarssen,NL
Utrecht,Utrecht_T1,02:00:00:04:6a:e8,2026-09-01 22:26:27,15.0,52.140233,5.042324,2,Stichtse Vecht,NL
Utrecht,Utrecht_T1,02:00:00:1c:40:12,2026-09-01 22:33:10,14.9,52.145925,5.043263,0,Maarssen,NL
Utrecht,Utrecht_T1,02:00:00:2c:b8:78,2026-09-01 22:29:59,17.7,52.1517178597221,4.94924400000001,0,Kockengen,NL
Utrecht,Utrecht_T1,02:00:00:9d:25:4e,2026-09-01 22:35:23,15.4,52.15058,4.95477000000003,0,Kockengen,NL
Utrecht,Utrecht_T1,02:00:00:a4:59:54,2026-09-01 22:27:51,14.6,52.1487083,5.03985960000006,0,Maarssen,NL
Utrecht,Utrecht_T1,02:00:00:27:6f:7e,2026-09-01 22:35:55,15.3,52.150683,5.039803,0,Stichtse Vecht,NL
Utrecht,Utrecht_T1,02:00:00:31:b2:30,2026-09-01 22:29:03,15.2,52.179563,5.020723,0,Breukelen,NL
Utrecht,Utrecht_T1,02:00:00:9b:59:44,2026-09-01 22:35:35,15.4,52.175474,5.027806,0,Breukelen,NL
Utrecht,Utrecht_T1,02:00:00:3f:28:4e,2026-09-01 22:32:05,16.0,52.1885295082791,4.98983681201935,0,Nieuwer Ter Aa,NL
Utrecht,Utrecht_T1,02:00:00:37:28:66,2026-09-01 22:34:09,16.7,52.208307,4.923314,0,Vinkeveen,NL
Utrecht,Utrecht_T1,02:00:00:1f:7e:84,2026-09-01 22:36:20,16.2,52.208085,5.015193,0,Loenen aan de Vecht,NL
Utrecht,Utrecht_T1,02:00:00:5e:f1:70,2026-09-01 22:29:33,14.3,52.209506,5.015637,0,Loenen aan de Vecht,NL
Utrecht,Utrecht_T1,02:00:00:bc:d2:3a,2026-09-01 22:30:48,14.5,52.2071006719862,5.01808721691921,0,Loenen aan de Vecht,NL
Utrecht,Utrecht_T1,02:00:00:14:48:30,2026-09-01 22:33:56,16.1,52.214024,5.026552,0,Loenen aan de Vecht,NL
Utrecht,Utrecht_T1,02:00:00:2b:23:dc,2026-09-01 22:30:12,15.9,52.052497,4.955131,1,Montfoort,NL
Utrecht,Utrecht_T1,02:00:00:c2:4e:14,2026-09-01 22:34:47,16.4,52.080025,5.00642199999999,0,Utrecht,NL
Utrecht,Utrecht_T1,02:00:00:c2:8a:9a,2026-09-01 22:29:29,14.9,52.078398,5.01515069999999,0,Utrecht,NL
Utrecht,Utrecht_T1,02:00:00:27:5f:76,2026-09-01 22:31:20,14.6,52.077418,5.020574,0,Utrecht,NL
Utrecht,Utrecht_T1,02:00:00:b5:b7:16,2026-09-01 22:28:49,14.3,52.0759,5.026621,0,Utrecht,NL
Utrecht,Utrecht_T1,02:00:00:a4:19:3e,2026-09-01 22:29:21,14.5,52.077895,5.026372,2,Utrecht,NL
Utrecht,Utrecht_T1,02:00:00:a4:3e:00,2026-09-01 22:31:36,15.1,52.0758920140845,5.0307848067002,0,Utrecht,NL
Utrecht,Utrecht_T1,02:00:00:2b:5f:7e,2026-09-01 22:33:58,14.4,52.079872,5.030363,1,Utrecht,NL
Utrecht,Utrecht_T1,02:00:00:c3:8d:fe,2026-09-01 22:34:37,17.5,52.0775,5.0599,0,Utrecht,NL
Utrecht,Utrecht_T1,02:00:00:32:e1:b0,2026-09-01 22:28:12,15.3,52.085795,5.014428,0,Utrecht,NL
Utrecht,Utrecht_T1,02:00:00:63:4a:60,2026-09-01 22:27:22,15.8,52.08632,5.026208,1,Utrecht,NL
Utrecht,Utrecht_T1,02:00:00:a4:6c:14,2026-09-01 22:27:55,15.3,52.082503,5.035357,2,Utrecht,NL
Utrecht,Utrecht_T1,02:00:00:84:0d:58,2026-09-01 22:35:05,15.8,52.083796,5.042289,0,Utrecht,NL
Utrecht,Utrecht_T1,02:00:00:1c:75:b0,2026-09-01 22:27:15,16.4,52.083493,5.0442,1,Utrecht,NL
Utrecht,Utrecht_T1,02:00:00:a9:91:b2,2026-09-01 22:26:25,15.7,52.0840520546178,5.0466138124466,0,Utrecht,NL
Utrecht,Utrecht_T1,02:00:00:84:4c:be,2026-09-01 22:31:59,16.1,52.085796,5.05175,2,Utrecht,NL
Utrecht,Utrecht_T1,02:00:00:63:1e:24,2026-09-01 22:32:47,15.8,52.0841807,5.0583297,1,Utrecht,NL
Utrecht,Utrecht_T1,02:00:00:a2:64:3a,2026-09-01 22:32:03,17.7,52.08912,4.955397,1,Woerden,NL
Utrecht,Utrecht_T1,02:00:00:04:6b:b2,2026-09-01 22:35:56,17.4,52.0890216,4.95978960000002,2,Woerden,NL
Utrecht,Utrecht_T1,02:00:00:27:67:9e,2026-09-01 22:27:37,16.1,52.0939775908876,4.95844790679508,1,Woerden,NL
Utrecht,Utrecht_T1,02:00:00:7f:a0:a8,2026-09-01 22:29:52,17.0,52.088885,4.9616,0,Woerden,NL
Utrecht,Utrecht_T1,02:00:00:1c:5a:c4,2026-09-01 22:27:09,15.8,52.091265,4.999434,0,Utrecht,NL
Utrecht,Utrecht_T1,02:00:00:b2:b3:4e,2026-09-01 22:34:09,16.0,52.094791,5.001589,0,Utrecht,NL
Utrecht,Utrecht_T1,02:00:00:83:ba:de,2026-09-01 22:30:07,16.8,52.092913,5.013408,0,Utrecht,NL
Utrecht,Utrecht_T1,02:00:00:01:14:58,2026-09-01 22:33:37,15.5,52.089916,5.01991400000001,0,Utrecht,NL
Utrecht,Utrecht_T1,02:00:00:90:90:7e,2026-09-01 22:29:54,16.3,52.09193,5.016591,0,Utrecht,NL
Utrecht,Utrecht_T1,02:00:00:34:05:ae,2026-09-01 22:30:26,17.2,52.091745,5.01907,1,Utrecht,NL
Utrecht,Utrecht_T1,02:00:00:c2:47:80,2026-09-01 22:28:53,15.9,52.0893016,5.03434910000001,0,Utrecht,NL
Utrecht,Utrecht_T1,02:00:00:64:2b:54,2026-09-01 22:27:04,16.1,52.0939815413722,5.04236700868549,0,Utrecht,NL
Utrecht,Utrecht_T1,02:00:00:7a:c6:dc,2026-09-01 22:29:01,15.5,52.096533,5.002674,0,Utrecht,NL
Utrecht,Utrecht_T1,02:00:00:22:ad:c6,2026-09-01 22:34:41,15.5,52.102223,5.009766,0,Utrecht,NL
Utrecht,Utrecht_T1,02:00:00:5e:e2:2e,2026-09-01 22:29:44,15.3,52.0987673336394,5.01320895590376,0,Utrecht,NL
Utrecht,Utrecht_T1,02:00:00:bd:d9:bc,2026-09-01 22:34:50,15.5,52.1012649536133,5.01841592788696,1,Utrecht,NL
Utrecht,Utrecht_T1,02:00:00:31:e8:2e,2026-09-01 22:28:15,15.8,52.0997439,5.03196639999999,1,Utrecht,NL
Utrecht,Utrecht_T1,02:00:00:01:86:10,2026-09-01 22:36:44,16.8,52.09855,5.039822,0,Utrecht,NL
Utrecht,Utrecht_T1,02:00:00:bd:c9:2c,2026-09-01 22:33:37,17.1,52.099041,5.042377,0,Utrecht,NL
Utrecht,Utrecht_T1,02:00:00:14:47:d6,2026-09-01 22:34:34,16.7,52.1009393843745,5.04107837233266,0,Utrecht,NL
Utrecht,Utrecht_T1,02:00:00:73:be:5a,2026-09-01 22:32:17,15.6,52.097817,5.051997,3,Utrecht,NL
Utrecht,Utrecht_T1,02:00:00:2c:f6:ae,2026-09-01 22:34:47,14.3,52.106163,4.981696,0,Utrecht,NL
Utrecht,Utrecht_T1,02:00:00:31:cb:18,2026-09-01 22:33:58,15.6,52.1073892613559,5.02463787381133,0,Utrecht,NL
Utrecht,Utrecht_T1,02:00:00:84:24:48,2026-09-01 22:31:30,16.0,52.1050731,5.0346819,1,Utrecht,NL
Utrecht,Utrecht_T1,02:00:00:32:ed:e0,2026-09-01 22:34:47,15.6,52.1070404052734,5.03613185882568,0,Utrecht,NL
Utrecht,Utrecht_T1,02:00:00:39:fb:5e,2026-09-01 22:36:04,15.8,52.1148094074168,5.00760211705581,0,Utrecht,NL
Utrecht,Utrecht_T1,02:00:00:64:3e:bc,2026-09-01 22:34:31,15.7,52.115205,5.007731,0,Utrecht,NL
Utrecht,Utrecht_T1,02:00:00:84:79:a0,2026-09-01 22:29:32,15.4,52.114201,5.01126,0,Utrecht,NL
Utrecht,Utrecht_T1,02:00:00:3f:0a:32,2026-09-01 22:31:26,14.9,52.110354,5.02495200000003,3,Utrecht,NL
Utrecht,Utrecht_T1,02:00:00:a9:4b:60,2026-09-01 22:26:53,14.0,52.119961,4.99775200000006,3,Utrecht,NL
Utrecht,Utrecht_T1,02:00:00:5f:44:54,2026-09-01 22:28:32,16.1,52.12292,5.031376,0,Maarssen,NL
Utrecht,Utrecht_T1,02:00:00:70:2f:1c,2026-09-01 22:28:13,15.9,52.122375,5.033245,0,Stichtse Vecht,NL
Utrecht,Utrecht_T1,02:00:00:02:9b:72,2026-09-01 22:28:18,15.8,52.124334,5.033408,0,Maarssen,NL
Utrecht,Utrecht_T1,02:00:00:3d:25:42,2026-09-01 22:35:11,16.0,52.135743,5.016961,0,Maarssen,NL
Utrecht,Utrecht_T1,02:00:00:29:08:b2,2026-09-01 22:29:31,16.2,52.138664,5.0182734,0,Maarssen,NL
Utrecht,Utrecht_T1,02:00:00:05:4f:28,2026-09-01 22:29:02,16.0,52.133111,5.035686,0,Stichtse Vecht,NL
Utrecht,Utrecht_T1,02:00:00:a9:65:bc,2026-09-01 22:35:19,16.0,52.1340026855469,5.04215478897095,1,Maarssen,NL
Utrecht,Utrecht_T1,02:00:00:2c:75:f4,2026-09-01 22:31:12,14.2,52.1375923156738,5.05607128143311,1,Stichtse Vecht,NL
Utrecht,Utrecht_T2,02:00:00:c2:35:ac,2026-09-01 22:31:20,13.9,52.1459370151422,5.21551547366956,7,Bilthoven,NL
Utrecht,Utrecht_T2,02:00:00:7f:c4:6a,2026-09-01 22:29:59,15.4,52.1425225952839,5.23391006287104,10,Zeist,NL
Utrecht,Utrecht_T2,02:00:00:74:64:38,2026-09-01 22:28:10,16.1,52.1411243623068,5.23903367633706,11,Zeist,NL
Utrecht,Utrecht_T2,02:00:00:5f:15:c0,2026-09-01 22:28:01,12.8,52.16024,5.215069,6,Bilthoven,NL
Utrecht,Utrecht_T2,02:00:00:a2:74:3e,2026-09-01 22:28:56,13.9,52.1600980139711,5.28715847486947,6,Soest,NL
Utrecht,Utrecht_T2,02:00:00:a2:74:d8,2026-09-01 22:33:12,15.2,52.159536,5.30479100000001,8,Soest,NL
Utrecht,Utrecht_T2,02:00:00:a4:1a:b8,2026-09-01 22:29:11,15.2,52.15949,5.305391,9,Soest,NL
Utrecht,Utrecht_T2,02:00:00:00:4a:16,2026-09-01 22:33:26,13.7,52.158649,5.33553899999997,6,Soest,NL
Utrecht,Utrecht_T2,02:00:00:31:ea:a8,2026-09-01 22:33:27,14.0,52.166694,5.293944,4,Soest,NL
Utrecht,Utrecht_T2,02:00:00:02:d0:f6,2026-09-01 22:30:28,14.9,52.161993,5.306616,5,Soest,NL
Utrecht,Utrecht_T2,02:00:00:70:4e:b4,2026-09-01 22:31:20,15.0,52.1610313078006,5.31033632946336,7,Soest,NL
Utrecht,Utrecht_T2,02:00:00:27:55:54,2026-09-01 22:28:58,14.7,52.161317,5.311697,10,Soest,NL
Utrecht,Utrecht_T2,02:00:00:3f:6d:36,2026-09-01 22:31:09,14.9,52.1615414,5.3120704,10,Soest,NL
Utrecht,Utrecht_T2,02:00:00:9d:12:d6,2026-09-01 22:28:19,13.9,52.173973,5.267367,3,Soest,NL
Utrecht,Utrecht_T2,02:00:00:83:cc:cc,2026-09-01 22:27:20,13.0,52.1690789466029,5.27412414550781,2,Soest,NL
Utrecht,Utrecht_T2,02:00:00:3c:17:5e,2026-09-01 22:35:47,14.6,52.174072,5.286707,4,Soest,NL
Utrecht,Utrecht_T2,02:00:00:ab:f5:36,2026-09-01 22:30:24,13.8,52.167732,5.294024,6,Soest,NL
Utrecht,Utrecht_T2,02:00:00:b0:a0:da,2026-09-01 22:28:15,14.9,52.167778,5.311431,6,Soest,NL
Utrecht,Utrecht_T2,02:00:00:a9:e6:ca,2026-09-01 22:28:09,14.1,52.1806831359863,5.27848291397095,7,Soest,NL
Utrecht,Utrecht_T2,02:00:00:c2:40:46,2026-09-01 22:33:25,18.2,52.1801791426243,5.30147091530403,12,Soest,NL
Utrecht,Utrecht_T2,02:00:00:c3:a7:7e,2026-09-01 22:27:10,14.0,52.1838930347472,5.27600772213758,5,Soest,NL
Utrecht,Utrecht_T2,02:00:00:b4:e8:ee,2026-09-01 22:33:16,18.1,52.185532,5.296697,9,Soest,NL
Utrecht,Utrecht_T2,02:00:00:b2:be:4a,2026-09-01 22:30:57,14.9,52.182134,5.302085,8,Soest,NL
Utrecht,Utrecht_T2,02:00:00:7a:b5:60,2026-09-01 22:31:41,14.5,52.189513,5.28451299999998,7,Soest,NL
Utrecht,Utrecht_T2,02:00:00:6b:5e:00,2026-09-01 22:27:47,14.4,52.18958,5.285416,3,Soest,NL
Utrecht,Utrecht_T2,02:00:00:a4:42:62,2026-09-01 22:29:28,15.4,52.189439359515,5.28560091059452,4,Soest,NL
Utrecht,Utrecht_T2,02:00:00:74:36:ec,2026-09-01 22:30:17,15.8,52.1987916,5.29681810000006,0,Baarn,NL
Utrecht,Utrecht_T2,02:00:00:19:19:4c,2026-09-01 22:26:57,15.6,52.20251,5.304628,2,Baarn,NL
Utrecht,Utrecht_T2,02:00:00:b5:a7:2e,2026-09-01 22:35:01,14.1,52.204551,5.29403400000005,4,Baarn,NL
Utrecht,Utrecht_T2,02:00:00:05:5e:4c,2026-09-01 22:31:23,15.2,52.208508,5.285955,8,Baarn,NL
Utrecht,Utrecht_T2,02:00:00:5e:da:38,2026-09-01 22:27:24,14.4,52.20741,5.289788,8,Baarn,NL
Utrecht,Utrecht_T2,02:00:00:5e:ff:d6,2026-09-01 22:31:47,16.2,52.2067815282989,5.29985652570758,2,Baarn,NL
Utrecht,Utrecht_T2,02:00:00:03:a5:92,2026-09-01 22:29:44,14.9,52.205826,5.303774,1,Baarn,NL
Utrecht,Utrecht_T2,02:00:00:9b:5d:8c,2026-09-01 22:34:49,14.5,52.2144057,5.2672261,15,Baarn,NL
Utrecht,Utrecht_T2,02:00:00:53:56:18,2026-09-01 22:29:03,14.6,52.216041,5.267333,13,Baarn,NL
Utrecht,Utrecht_T2,02:00:00:73:a9:6a,2026-09-01 22:34:43,14.1,52.211376,5.2808995,14,Baarn,NL
Utrecht,Utrecht_T2,02:00:00:b5:a6:f4,2026-09-01 22:27:56,15.1,52.2157187,5.28150870000002,6,Baarn,NL
Utrecht,Utrecht_T2,02:00:00:1e:21:48,2026-09-01 22:34:49,15.3,52.215519,5.288773,6,Baarn,NL
Utrecht,Utrecht_T2,02:00:00:b2:ca:86,2026-09-01 22:33:26,15.4,52.211498260498,5.29220008850098,8,Baarn,NL
Utrecht,Utrecht_T2,02:00:00:90:7d:3c,2026-09-01 22:33:56,15.7,52.214039,5.301358,4,Baarn,NL
Utrecht,Utrecht_T2,02:00:00:9b:5f:dc,2026-09-01 22:28:21,18.0,52.2212383821664,5.28185230527447,3,Baarn,NL
Utrecht,Utrecht_T2,02:00:00:3f:5b:90,2026-09-01 22:35:22,15.9,52.2184876,5.2895261,3,Baarn,NL
Utrecht,Utrecht_T2,02:00:00:7f:da:5c,2026-09-01 22:28:52,15.6,52.0531304369579,5.22815108299255,4,Odijk,NL
Utrecht,Utrecht_T2,02:00:00:6b:5c:40,2026-09-01 22:29:27,14.3,52.054557,5.231227,4,Odijk,NL
Utrecht,Utrecht_T2,02:00:00:6b:66:fe,2026-09-01 22:35:01,14.9,52.054769,5.232745,4,Bunnik,NL
Utrecht,Utrecht_T2,02:00:00:6b:48:fa,2026-09-01 22:28:46,15.8,52.054625,5.268526,6,Driebergen-Rijsenburg,NL
Utrecht,Utrecht_T2,02:00:00:c2:2d:da,2026-09-01 22:27:04,17.2,52.058667,5.280097,10,Driebergen-Rijsenburg,NL
Utrecht,Utrecht_T2,02:00:00:b2:c5:82,2026-09-01 22:34:21,15.1,52.053513,5.28343899999996,7,Driebergen-Rijsenburg,NL
Utrecht,Utrecht_T2,02:00:00:05:4c:fe,2026-09-01 22:30:22,14.1,52.05599,5.302302,8,Driebergen-Rijsenburg,NL
Utrecht,Utrecht_T2,02:00:00:5f:31:da,2026-09-01 22:32:29,15.3,52.060634,5.303621,9,Driebergen-Rijsenburg,NL
Utrecht,Utrecht_T2,02:00:00:12:fa:c2,2026-09-01 22:30:42,15.0,52.0734988364436,5.26520848274231,11,Zeist,NL
Utrecht,Utrecht_T2,02:00:00:69:2d:ce,2026-09-01 22:29:05,15.1,52.0776864965393,5.21996678862774,2,Zeist,NL
Utrecht,Utrecht_T2,02:00:00:2c:8c:8e,2026-09-01 22:30:14,15.7,52.076028,5.223584,3,Zeist,NL
Utrecht,Utrecht_T2,02:00:00:b2:bb:54,2026-09-01 22:32:21,16.1,52.0786513426098,5.22461088050372,4,Zeist,NL
Utrecht,Utrecht_T2,02:00:00:22:e9:30,2026-09-01 22:28:49,14.2,52.0765091878968,5.26901300000007,11,Zeist,NL
Utrecht,Utrecht_T2,02:00:00:a9:8d:d8,2026-09-01 22:32:20,16.6,52.085205078125,5.20746994018555,3,Zeist,NL
Utrecht,Utrecht_T2,02:00:00:3c:09:22,2026-09-01 22:33:12,15.5,52.08636,5.221066,4,Zeist,NL
Utrecht,Utrecht_T2,02:00:00:b5:a7:22,2026-09-01 22:35:57,13.9,52.086941,5.225881,3,Zeist,NL
Utrecht,Utrecht_T2,02:00:00:63:36:3c,2026-09-01 22:27:20,15.2,52.082337,5.230563,5,Zeist,NL
Utrecht,Utrecht_T2,02:00:00:04:96:34,2026-09-01 22:33:37,14.4,52.0873,5.2297,5,Zeist,NL
Utrecht,Utrecht_T2,02:00:00:b5:78:be,2026-09-01 22:35:33,14.9,52.0856160136376,5.24176729332961,10,Zeist,NL
Utrecht,Utrecht_T2,02:00:00:71:2a:b6,2026-09-01 22:28:26,14.6,52.0859,5.251713,8,Zeist,NL
Utrecht,Utrecht_T2,02:00:00:b9:52:00,2026-09-01 22:29:38,16.1,52.0816383361816,5.2666335105896,8,Zeist,NL
Utrecht,Utrecht_T2,02:00:00:2b:15:76,2026-09-01 22:31:55,13.8,52.081371,5.269217,9,Zeist,NL
Utrecht,Utrecht_T2,02:00:00:c3:d4:02,2026-09-01 22:28:01,15.1,52.081804,5.271518,9,Zeist,NL
Utrecht,Utrecht_T2,02:00:00:2b:1b:b8,2026-09-01 22:28:31,13.1,52.0832,5.3114,16,Zeist,NL
Utrecht,Utrecht_T2,02:00:00:b5:6c:22,2026-09-01 22:28:27,15.2,52.091126,5.216452,3,Zeist,NL
Utrecht,Utrecht_T2,02:00:00:2d:02:84,2026-09-01 22:36:44,17.1,52.0891283153717,5.22022247314453,4,Zeist,NL
Utrecht,Utrecht_T2,02:00:00:90:64:1a,2026-09-01 22:36:29,15.1,52.095281,5.224389,6,Zeist,NL
Utrecht,Utrecht_T2,02:00:00:be:08:80,2026-09-01 22:35:45,15.0,52.08921,5.23415,4,Zeist,NL
Utrecht,Utrecht_T2,02:00:00:65:5f:98,2026-09-01 22:31:50,17.4,52.092372,5.258088,13,Zeist,NL
Utrecht,Utrecht_T2,02:00:00:53:1f:58,2026-09-01 22:32:14,18.2,52.098804473877,5.21371459960938,6,De Bilt,NL
Utrecht,Utrecht_T2,02:00:00:7a:86:6c,2026-09-01 22:30:15,15.1,52.096791,5.223656,6,Zeist,NL
Utrecht,Utrecht_T2,02:00:00:70:52:12,2026-09-01 22:32:40,15.8,52.0989064,5.2171375,7,Zeist,NL
Utrecht,Utrecht_T2,02:00:00:1b:26:ca,2026-09-01 22:28:02,16.9,52.100902557373,5.22507286071777,11,Zeist,NL
Utrecht,Utrecht_T2,02:00:00:01:97:ee,2026-09-01 22:35:59,15.9,52.095773,5.238273,8,Zeist,NL
Utrecht,Utrecht_T2,02:00:00:04:8d:d4,2026-09-01 22:36:02,15.9,52.0991028774139,5.24481058252604,6,Zeist,NL
Utrecht,Utrecht_T2,02:00:00:04:78:82,2026-09-01 22:31:28,15.3,52.1007772460734,5.24760032682437,9,Zeist,NL
Utrecht,Utrecht_T2,02:00:00:c3:89:70,2026-09-01 22:29:50,14.8,52.09627,5.25480000000008,10,Zeist,NL
Utrecht,Utrecht_T2,02:00:00:b5:7f:6e,2026-09-01 22:31:43,13.5,52.096116,5.275819,16,Zeist,NL
Utrecht,Utrecht_T2,02:00:00:1e:22:fc,2026-09-01 22:29:24,15.0,52.1147665420416,5.23625329385042,10,Zeist,NL
Utrecht,Utrecht_T2,02:00:00:00:cf:e2,2026-09-01 22:36:00,13.8,52.1165564224102,5.27588927533017,26,Zeist,NL
Utrecht,Utrecht_T2,02:00:00:32:d5:b4,2026-09-01 22:30:04,15.2,52.120705,5.242738,11,Zeist,NL
Utrecht,Utrecht_T2,02:00:00:2e:f1:88,2026-09-01 22:29:40,13.9,52.118117,5.282257,18,Soest,NL
Utrecht,Utrecht_T2,02:00:00:bd:cd:7c,2026-09-01 22:29:28,15.0,52.118207,5.289362,19,Soest,NL
Utrecht,Utrecht_T2,02:00:00:58:d1:7c,2026-09-01 22:33:49,15.7,52.1175345595035,5.29194567397049,21,Soest,NL
Utrecht,Utrecht_T2,02:00:00:2f:2e:d6,2026-09-01 22:32:22,14.5,52.1253540626594,5.20409166812897,8,Bilthoven,NL
Utrecht,Utrecht_T2,02:00:00:19:a7:d8,2026-09-01 22:28:00,16.5,52.1270529486221,5.20968830477742,9,De Bilt,NL
Utrecht,Utrecht_T2,02:00:00:1c:70:32,2026-09-01 22:29:37,15.3,52.1276989082711,5.20827054977417,6,Bilthoven,NL
Utrecht,Utrecht_T2,02:00:00:83:f8:ea,2026-09-01 22:36:40,14.6,52.130348,5.321519,28,Soest,NL
Utrecht,Utrecht_T2,02:00:00:64:3a:06,2026-09-01 22:29:26,15.3,52.135639,5.211466,8,Bilthoven,NL
Utrecht,Utrecht_T2,02:00:00:b2:c4:4c,2026-09-01 22:31:51,14.3,52.137758,5.221579,12,Bilthoven,NL
Utrecht,Utrecht_T2,02:00:00:33:d9:9a,2026-09-01 22:30:39,14.7,52.134636,5.224104,9,Bilthoven,NL
Utrecht,Utrecht_T3,02:00:00:7a:fc:c0,2026-09-01 22:34:28,15.1,51.985681,5.077175,5,Vianen,NL
Utrecht,Utrecht_T3,02:00:00:bc:e5:5a,2026-09-01 22:36:13,16.1,51.985033,5.080696,3,Vianen,NL
Utrecht,Utrecht_T3,02:00:00:af:80:9e,2026-09-01 22:33:20,16.0,51.984738,5.086291,2,Vianen,NL
Utrecht,Utrecht_T3,02:00:00:31:ed:ec,2026-09-01 22:28:09,15.1,51.983323,5.093653,2,Vianen,NL
Utrecht,Utrecht_T3,02:00:00:7f:8d:c4,2026-09-01 22:32:44,17.3,51.9830332883009,5.12328207492826,3,Hagestein,NL
Utrecht,Utrecht_T3,02:00:00:b9:1e:ca,2026-09-01 22:34:55,16.0,51.9914952649266,5.10561422229253,2,Vianen,NL
Utrecht,Utrecht_T3,02:00:00:af:60:8a,2026-09-01 22:30:12,18.3,51.991964,5.118164,1,Hoef en Haag,NL
Utrecht,Utrecht_T3,02:00:00:52:ed:28,2026-09-01 22:34:06,15.9,51.993881,5.120075,3,Hoef en Haag,NL
Utrecht,Utrecht_T3,02:00:00:a9:87:e4,2026-09-01 22:36:35,16.5,51.9912528991699,5.12258720397949,0,Hoef en Haag,NL
Utrecht,Utrecht_T3,02:00:00:28:d9:60,2026-09-01 22:29:28,15.9,52.008254895269,5.07912755012512,1,Nieuwegein,NL
Utrecht,Utrecht_T3,02:00:00:06:71:46,2026-09-01 22:33:57,16.8,52.0032156734361,5.08314549922943,8,Nieuwegein,NL
Utrecht,Utrecht_T3,02:00:00:2f:21:6e,2026-09-01 22:29:24,17.0,52.00266,5.08989000000006,7,Nieuwegein,NL
Utrecht,Utrecht_T3,02:00:00:28:f1:f2,2026-09-01 22:28:49,16.4,52.004566,5.0946593,5,Nieuwegein,NL
Utrecht,Utrecht_T3,02:00:00:af:32:52,2026-09-01 22:31:01,15.0,52.0100655920947,5.07965231726042,3,Nieuwegein,NL
Utrecht,Utrecht_T3,02:00:00:58:b3:02,2026-09-01 22:28:30,16.0,52.010572,5.08619999999997,1,Nieuwegein,NL
Utrecht,Utrecht_T3,02:00:00:03:58:16,2026-09-01 22:30:15,16.0,52.010896,5.092813,2,Nieuwegein,NL
Utrecht,Utrecht_T3,02:00:00:37:29:34,2026-09-01 22:29:03,17.6,52.0121,5.0976,0,Nieuwegein,NL
Utrecht,Utrecht_T3,02:00:00:bc:aa:ca,2026-09-01 22:33:36,16.4,52.0104637145996,5.09828901290894,1,Nieuwegein,NL
Utrecht,Utrecht_T3,02:00:00:2c:96:ec,2026-09-01 22:27:42,15.9,52.0109091557339,5.09877757132759,0,Nieuwegein,NL
Utrecht,Utrecht_T3,02:00:00:12:63:b8,2026-09-01 22:34:56,16.4,52.0151322,5.16602090000003,0,Houten,NL
Utrecht,Utrecht_T3,02:00:00:33:c8:80,2026-09-01 22:31:09,16.2,52.012465,5.168464,0,Houten,NL
Utrecht,Utrecht_T3,02:00:00:a2:03:fe,2026-09-01 22:35:06,15.1,52.013622,5.186657,3,Houten,NL
Utrecht,Utrecht_T3,02:00:00:33:c3:4a,2026-09-01 22:36:52,17.3,52.014978,5.187588,1,Houten,NL
Utrecht,Utrecht_T3,02:00:00:b2:a5:e2,2026-09-01 22:33:18,15.1,52.0213043701897,5.0796202400924,2,Nieuwegein,NL
Utrecht,Utrecht_T3,02:00:00:84:57:1c,2026-09-01 22:33:27,14.9,52.0224339,5.080256,0,Nieuwegein,NL
Utrecht,Utrecht_T3,02:00:00:c3:d0:08,2026-09-01 22:28:19,16.4,52.02109,5.159084,3,Houten,NL
Utrecht,Utrecht_T3,02:00:00:b5:8f:e6,2026-09-01 22:36:08,17.3,52.018731,5.165264,1,Houten,NL
Utrecht,Utrecht_T3,02:00:00:c5:35:18,2026-09-01 22:27:55,15.8,52.0215,5.1638,0,Houten,NL
Utrecht,Utrecht_T3,02:00:00:c2:84:82,2026-09-01 22:31:00,15.6,52.019263,5.17283,2,Houten,NL
Utrecht,Utrecht_T3,02:00:00:c2:33:88,2026-09-01 22:29:32,17.0,52.0217981,5.1755385,1,Houten,NL
Utrecht,Utrecht_T3,02:00:00:65:4f:8c,2026-09-01 22:33:42,16.5,52.0177737114648,5.18543422222138,2,Houten,NL
Utrecht,Utrecht_T3,02:00:00:74:5a:e8,2026-09-01 22:35:04,16.4,52.020733,5.186188,3,Houten,NL
Utrecht,Utrecht_T3,02:00:00:74:3b:36,2026-09-01 22:28:51,15.7,52.0223,5.1895,0,Houten,NL
Utrecht,Utrecht_T3,02:00:00:04:93:06,2026-09-01 22:34:04,17.5,52.0289905,5.07187920000001,4,Nieuwegein,NL
Utrecht,Utrecht_T3,02:00:00:b8:f9:c8,2026-09-01 22:26:47,18.6,52.0287780761719,5.08565378189087,6,Nieuwegein,NL
Utrecht,Utrecht_T3,02:00:00:05:4b:50,2026-09-01 22:35:23,16.9,52.0289077758789,5.09456300735474,2,Nieuwegein,NL
Utrecht,Utrecht_T3,02:00:00:32:db:f2,2026-09-01 22:28:58,15.4,52.0269902,5.1541533,3,Houten,NL
Utrecht,Utrecht_T3,02:00:00:01:06:72,2026-09-01 22:33:00,15.2,52.028695,5.154845,2,Houten,NL
Utrecht,Utrecht_T3,02:00:00:33:19:c6,2026-09-01 22:36:04,17.8,52.0243587320194,5.18782782552989,4,Houten,NL
Utrecht,Utrecht_T3,02:00:00:a2:16:ca,2026-09-01 22:34:16,15.9,52.0239254,5.1937902,4,Houten,NL
Utrecht,Utrecht_T3,02:00:00:58:f8:20,2026-09-01 22:30:22,15.9,52.026073,5.1916294,2,Houten,NL
Utrecht,Utrecht_T3,02:00:00:2b:24:a4,2026-09-01 22:33:27,17.9,52.031801,5.068737,2,Nieuwegein,NL
Utrecht,Utrecht_T3,02:00:00:33:32:f2,2026-09-01 22:34:51,17.4,52.033787,5.08994400000002,2,Nieuwegein,NL
Utrecht,Utrecht_T3,02:00:00:12:f7:00,2026-09-01 22:35:18,17.3,52.033787,5.08994400000002,2,Nieuwegein,NL
Utrecht,Utrecht_T3,02:00:00:70:44:b6,2026-09-01 22:35:13,16.4,52.031138,5.153576,3,Houten,NL
Utrecht,Utrecht_T3,02:00:00:a4:45:fc,2026-09-01 22:32:37,15.4,52.036554,5.148482,3,Houten,NL
Utrecht,Utrecht_T3,02:00:00:74:59:5e,2026-09-01 22:28:59,15.3,52.032651,5.150862,2,Houten,NL
Utrecht,Utrecht_T3,02:00:00:ab:dd:0a,2026-09-01 22:34:04,16.3,52.0323257446289,5.16029739379883,3,Houten,NL
Utrecht,Utrecht_T3,02:00:00:6b:2a:78,2026-09-01 22:34:20,15.5,52.0377721438269,5.16268372535706,3,Houten,NL
Utrecht,Utrecht_T3,02:00:00:b2:ba:cc,2026-09-01 22:28:21,17.2,52.033281,5.166277,2,Houten,NL
Utrecht,Utrecht_T3,02:00:00:28:c7:0c,2026-09-01 22:32:37,17.8,52.037256,5.182483,2,Houten,NL
Utrecht,Utrecht_T3,02:00:00:12:64:3c,2026-09-01 22:29:43,17.0,52.042369,5.07917,3,Nieuwegein,NL
Utrecht,Utrecht_T3,02:00:00:63:0f:fc,2026-09-01 22:31:42,15.7,52.043643951416,5.09791469573975,3,Nieuwegein,NL
Utrecht,Utrecht_T3,02:00:00:70:3c:28,2026-09-01 22:29:00,16.1,52.0407289705737,5.167678504783,4,Houten,NL
Utrecht,Utrecht_T3,02:00:00:27:4c:ba,2026-09-01 22:27:51,16.8,52.0392598482285,5.17176222376594,2,Houten,NL
Utrecht,Utrecht_T3,02:00:00:02:95:d6,2026-09-01 22:29:09,17.8,52.0402984619141,5.17449998855591,2,Houten,NL
Utrecht,Utrecht_T3,02:00:00:69:27:06,2026-09-01 22:27:01,16.4,52.040443,5.176922,4,Houten,NL
Utrecht,Utrecht_T3,02:00:00:b5:93:ca,2026-09-01 22:28:38,16.6,52.0392990112305,5.18340015411377,5,Houten,NL
Utrecht,Utrecht_T3,02:00:00:3f:58:86,2026-09-01 22:35:14,15.5,52.0481972904497,5.06761884202619,1,Nieuwegein,NL
Utrecht,Utrecht_T3,02:00:00:5f:01:94,2026-09-01 22:32:36,16.6,52.0484008789062,5.06870937347412,1,Nieuwegein,NL
Utrecht,Utrecht_T3,02:00:00:70:2b:d4,2026-09-01 22:28:10,15.3,52.045972,5.07087,1,Nieuwegein,NL
Utrecht,Utrecht_T3,02:00:00:a2:79:5e,2026-09-01 22:35:12,16.5,52.0471801757812,5.09753036499023,1,Nieuwegein,NL
Utrecht,Utrecht_T3,02:00:00:7f:c1:6a,2026-09-01 22:27:10,16.5,52.048702,5.096273,1,Nieuwegein,NL
Utrecht,Utrecht_T3,02:00:00:02:81:ca,2026-09-01 22:32:25,16.1,52.051337,5.095642,5,Nieuwegein,NL
Utrecht,Utrecht_T3,02:00:00:7f:b5:5c,2026-09-01 22:30:40,16.6,51.974848,4.929508,1,Lopik,NL
Utrecht,Utrecht_T3,02:00:00:b5:39:c0,2026-09-01 22:34:51,16.6,51.9745063781738,4.95626163482666,0,Lopik,NL
Utrecht,Utrecht_T3,02:00:00:63:1c:34,2026-09-01 22:26:22,15.7,52.0063413154935,4.96732978016446,0,Benschop,NL
Utrecht,Utrecht_T3,02:00:00:5e:dd:b6,2026-09-01 22:29:40,15.4,52.005729,4.980607,0,Benschop,NL
Utrecht,Utrecht_T3,02:00:00:9b:49:f4,2026-09-01 22:31:19,14.5,52.0064039,4.98390829999994,0,Lopik,NL
Utrecht,Utrecht_T3,02:00:00:b0:9a:d2,2026-09-01 22:34:29,16.3,52.014820098877,5.01039123535156,0,Benschop,NL
Utrecht,Utrecht_T3,02:00:00:12:46:62,2026-09-01 22:34:42,15.8,52.0157017,5.0266633,3,IJsselstein,NL
Utrecht,Utrecht_T3,02:00:00:29:68:c4,2026-09-01 22:35:48,16.8,52.013960485049,5.03387331962586,0,IJsselstein,NL
Utrecht,Utrecht_T3,02:00:00:3f:06:f0,2026-09-01 22:36:00,16.3,52.0137931,5.0453837,2,IJsselstein,NL
Utrecht,Utrecht_T3,02:00:00:06:0a:a0,2026-09-01 22:33:41,15.5,52.020902,5.03721599999998,2,IJsselstein,NL
Utrecht,Utrecht_T3,02:00:00:27:6e:f4,2026-09-01 22:33:01,14.6,52.0231,5.0448,1,IJsselstein,NL
Utrecht,Utrecht_T3,02:00:00:65:75:7c,2026-09-01 22:27:53,17.0,52.02251,5.0480266,2,IJsselstein,NL
Utrecht,Utrecht_T3,02:00:00:a9:49:d8,2026-09-01 22:29:57,14.8,52.0178530526017,5.05878868242119,3,IJsselstein,NL
Utrecht,Utrecht_T3,02:00:00:84:4d:fa,2026-09-01 22:29:20,14.3,52.023834,5.0222745,1,IJsselstein,NL
Utrecht,Utrecht_T3,02:00:00:c2:2d:ba,2026-09-01 22:27:59,14.4,52.024674,5.043599,2,IJsselstein,NL
Utrecht,Utrecht_T3,02:00:00:9b:4b:36,2026-09-01 22:33:49,15.7,52.0398213211055,4.94864881038666,0,Montfoort,NL
Utrecht,Utrecht_T3,02:00:00:af:35:f4,2026-09-01 22:33:13,16.5,52.042610168457,5.0585732460022,0,Utrecht,NL
Utrecht,Utrecht_T3,02:00:00:9d:0a:64,2026-09-01 22:32:56,16.1,52.046832,4.955603,2,Montfoort,NL
Utrecht,Utrecht_T4,02:00:00:6b:3d:f0,2026-09-01 22:32:24,16.0,51.97041,5.3251667,4,Wijk bij Duurstede,NL
Utrecht,Utrecht_T4,02:00:00:af:66:ac,2026-09-01 22:28:40,18.8,51.9718856811523,5.32466840744019,6,Wijk bij Duurstede,NL
Utrecht,Utrecht_T4,02:00:00:b9:7e:bc,2026-09-01 22:34:30,16.2,51.9745712280273,5.32293891906738,4,Wijk bij Duurstede,NL
Utrecht,Utrecht_T4,02:00:00:13:80:bc,2026-09-01 22:33:24,16.4,51.973609,5.3299,8,Wijk bij Duurstede,NL
Utrecht,Utrecht_T4,02:00:00:5f:31:b2,2026-09-01 22:28:06,17.5,51.994175,5.309416,4,Wijk bij Duurstede,NL
Utrecht,Utrecht_T4,02:00:00:36:9b:82,2026-09-01 22:28:55,15.6,51.999313,5.289134,3,Wijk bij Duurstede,NL
Utrecht,Utrecht_T4,02:00:00:90:f2:7e,2026-09-01 22:36:53,16.1,51.99773,5.309787,5,Wijk bij Duurstede,NL
Utrecht,Utrecht_T4,02:00:00:28:b2:f6,2026-09-01 22:30:23,15.3,52.023606,5.240075,3,Werkhoven,NL
Utrecht,Utrecht_T4,02:00:00:a9:e1:5e,2026-09-01 22:29:29,14.0,52.0263927164212,5.24514555931091,5,Werkhoven,NL
Utrecht,Utrecht_T4,02:00:00:7a:eb:c2,2026-09-01 22:31:41,14.8,52.036995,5.3325458,13,Doorn,NL
Utrecht,Utrecht_T4,02:00:00:a2:48:d0,2026-09-01 22:33:02,14.8,52.0388313921198,5.32877147197723,13,Doorn,NL
Utrecht,Utrecht_T4,02:00:00:af:5d:be,2026-09-01 22:27:36,14.8,52.0412,5.3359,11,Doorn,NL
Utrecht,Utrecht_T4,02:00:00:a9:e7:96,2026-09-01 22:36:44,13.8,52.051119,5.235411,3,Odijk,NL
Utrecht,Utrecht_T4,02:00:00:b5:84:ee,2026-09-01 22:27:29,12.1,52.0466380367294,5.26715040206909,4,Driebergen-Rijsenburg,NL
Utrecht,Utrecht_T4,02:00:00:70:1a:66,2026-09-01 22:35:39,13.3,52.047747,5.278028,4,Driebergen-Rijsenburg,NL
Utrecht,Utrecht_T4,02:00:00:70:20:ea,2026-09-01 22:35:42,15.6,52.049884,5.282535,6,Driebergen-Rijsenburg,NL
Amsterdam,Amsterdam_T1,02:00:00:1b:0b:da,2026-09-01 22:27:19,15.8,52.49417,4.78894000000004,2,Wormerveer,NL
Amsterdam,Amsterdam_T1,02:00:00:12:61:86,2026-09-01 22:30:18,17.4,52.4917057073896,4.80021612200147,2,Wormer,NL
Amsterdam,Amsterdam_T1,02:00:00:c2:84:0a,2026-09-01 22:34:38,15.7,52.4948445773121,4.79308347650687,2,Wormerveer,NL
Amsterdam,Amsterdam_T1,02:00:00:65:83:02,2026-09-01 22:29:10,20.2,52.4834613,4.80601730000005,1,Wormerveer,NL
Amsterdam,Amsterdam_T1,02:00:00:a4:18:7c,2026-09-01 22:36:54,16.6,52.493057,4.807123,0,Wormer,NL
Amsterdam,Amsterdam_T1,02:00:00:03:c7:82,2026-09-01 22:27:26,14.5,52.488343,4.938001,0,Purmerend,NL
Amsterdam,Amsterdam_T1,02:00:00:53:1f:08,2026-09-01 22:34:27,15.5,52.49503,4.92957000000003,0,Purmerend,NL
Amsterdam,Amsterdam_T1,02:00:00:58:f7:dc,2026-09-01 22:30:26,15.8,52.496575,4.927704,0,Purmerend,NL
Amsterdam,Amsterdam_T1,02:00:00:9c:d8:1a,2026-09-01 22:31:31,13.7,52.4915202,4.96165890000017,0,Purmerend,NL
Amsterdam,Amsterdam_T1,02:00:00:36:99:3e,2026-09-01 22:32:54,15.2,52.4873166828203,4.97366015893508,0,Purmerend,NL
Amsterdam,Amsterdam_T1,02:00:00:27:27:2a,2026-09-01 22:33:30,13.2,52.4883303898198,4.97515391663844,0,Purmerend,NL
Amsterdam,Amsterdam_T1,02:00:00:02:f5:96,2026-09-01 22:35:19,14.7,52.496988,5.050034,0,Volendam,NL
Amsterdam,Amsterdam_T1,02:00:00:1c:6d:42,2026-09-01 22:35:48,15.5,52.500429,4.8242,1,Wormer,NL
Amsterdam,Amsterdam_T1,02:00:00:70:52:6c,2026-09-01 22:29:07,17.2,52.509555,4.84741,0,Jisp,NL
Amsterdam,Amsterdam_T1,02:00:00:b5:b8:40,2026-09-01 22:31:20,14.7,52.5068085021421,4.91711662457473,0,Neck,NL
Amsterdam,Amsterdam_T1,02:00:00:02:7e:e2,2026-09-01 22:29:21,16.2,52.50109,4.934905,0,Purmerend,NL
Amsterdam,Amsterdam_T1,02:00:00:9d:13:34,2026-09-01 22:29:36,15.6,52.498358,4.94377,0,Purmerend,NL
Amsterdam,Amsterdam_T1,02:00:00:b5:86:1a,2026-09-01 22:26:50,14.6,52.499132,4.950515,0,Purmerend,NL
Amsterdam,Amsterdam_T1,02:00:00:1d:eb:96,2026-09-01 22:29:14,15.4,52.505266,4.949082,1,Purmerend,NL
Amsterdam,Amsterdam_T1,02:00:00:7f:cd:5a,2026-09-01 22:28:35,15.6,52.499632,4.954935,0,Purmerend,NL
Amsterdam,Amsterdam_T1,02:00:00:28:ba:8e,2026-09-01 22:31:35,13.9,52.49846,4.985919,0,Purmerend,NL
Amsterdam,Amsterdam_T1,02:00:00:b2:a8:8a,2026-09-01 22:32:45,14.3,52.5045,4.9867,0,Purmerend,NL
Amsterdam,Amsterdam_T1,02:00:00:7a:ea:00,2026-09-01 22:36:25,15.1,52.510647,4.9936514,0,Purmerend,NL
Amsterdam,Amsterdam_T1,02:00:00:b5:47:24,2026-09-01 22:31:10,15.8,52.510277,5.041457,0,Edam,NL
Amsterdam,Amsterdam_T1,02:00:00:1f:3e:84,2026-09-01 22:30:44,14.0,52.504946,5.05026,0,Edam-Volendam,NL
Amsterdam,Amsterdam_T1,02:00:00:ab:f4:ec,2026-09-01 22:33:10,15.7,52.503962,5.060446,0,Volendam,NL
Amsterdam,Amsterdam_T1,02:00:00:7f:af:0c,2026-09-01 22:28:39,15.8,52.514489,4.963296,0,Purmerend,NL
Amsterdam,Amsterdam_T1,02:00:00:14:48:40,2026-09-01 22:33:59,16.6,52.514999,4.952826,0,Purmerend,NL
Amsterdam,Amsterdam_T1,02:00:00:c5:3a:c0,2026-09-01 22:32:31,16.8,52.524065,4.956779,1,Purmerend,NL
Amsterdam,Amsterdam_T1,02:00:00:2e:ec:0a,2026-09-01 22:35:14,14.1,52.513165,4.985127,0,Purmerend,NL
Amsterdam,Amsterdam_T1,02:00:00:7a:a3:b2,2026-09-01 22:26:55,13.9,52.52057,4.9764185,0,Purmerend,NL
Amsterdam,Amsterdam_T1,02:00:00:a4:43:5c,2026-09-01 22:31:18,15.5,52.51412,5.05999,1,Edam,NL
Amsterdam,Amsterdam_T1,02:00:00:5f:01:22,2026-09-01 22:31:45,14.2,52.526959,4.887042,0,Beemster,NL
Amsterdam,Amsterdam_T1,02:00:00:2b:22:ba,2026-09-01 22:27:03,13.9,52.528348,4.978256,1,Kwadijk,NL
Amsterdam,Amsterdam_T1,02:00:00:2f:2a:40,2026-09-01 22:35:49,16.2,52.54467,4.81628,0,Alkmaar,NL
Amsterdam,Amsterdam_T1,02:00:00:a2:13:1c,2026-09-01 22:32:38,14.6,52.558278,4.84079299999996,0,De Rijp,NL
Amsterdam,Amsterdam_T1,02:00:00:2b:20:e2,2026-09-01 22:28:30,14.8,52.557103,4.842962,0,De Rijp,NL
Amsterdam,Amsterdam_T1,02:00:00:a2:4e:70,2026-09-01 22:32:52,13.9,52.560772,4.83367,0,Graft,NL
Amsterdam,Amsterdam_T1,02:00:00:5e:d1:f0,2026-09-01 22:34:40,14.7,52.557323,4.95315,0,Middenbeemster,NL
Amsterdam,Amsterdam_T1,02:00:00:8d:d2:a6,2026-09-01 22:33:25,14.9,52.5748079414121,4.9975723028183,1,Oosthuizen,NL
Amsterdam,Amsterdam_T1,02:00:00:bd:cf:d4,2026-09-01 22:35:16,15.8,52.583034,4.850177,1,Grootschermer,NL
Amsterdam,Amsterdam_T1,02:00:00:18:fe:32,2026-09-01 22:32:13,14.4,52.589092,4.889988,0,Noordbeemster,NL
Amsterdam,Amsterdam_T1,02:00:00:5e:e2:a2,2026-09-01 22:37:10,13.3,52.590799,4.99267889999998,0,Beets,NL
Amsterdam,Amsterdam_T1,02:00:00:a9:e7:3e,2026-09-01 22:30:33,13.8,52.5977249145508,4.80700254440308,0,Zuidschermer,NL
Amsterdam,Amsterdam_T1,02:00:00:a9:9a:0e,2026-09-01 22:31:41,14.2,52.60907,4.82852,0,Stompetoren,NL
Amsterdam,Amsterdam_T1,02:00:00:a4:1f:24,2026-09-01 22:35:37,14.2,52.601368,4.895885,0,Schermerhorn,NL
Amsterdam,Amsterdam_T1,02:00:00:00:5c:fe,2026-09-01 22:35:35,15.4,52.611835,4.819923,0,Stompetoren,NL
Amsterdam,Amsterdam_T1,02:00:00:a2:05:f0,2026-09-01 22:32:17,15.4,52.61378,4.8226314,0,Stompetoren,NL
Amsterdam,Amsterdam_T1,02:00:00:3c:f7:c6,2026-09-01 22:33:32,13.5,52.617355,4.951664,0,Avenhorn,NL
Amsterdam,Amsterdam_T1,02:00:00:8d:c6:de,2026-09-01 22:33:45,15.5,52.619774,4.99351,0,Grosthuizen,NL
Amsterdam,Amsterdam_T1,02:00:00:6b:31:7e,2026-09-01 22:30:20,14.1,52.634415,4.8763695,0,Rustenburg,NL
Amsterdam,Amsterdam_T1,02:00:00:36:d3:84,2026-09-01 22:28:33,14.5,52.636567,4.911496,0,Ursem,NL
Amsterdam,Amsterdam_T1,02:00:00:9d:00:22,2026-09-01 22:36:00,16.3,52.6390495300293,4.98681020736694,0,Berkhout,NL
Amsterdam,Amsterdam_T1,02:00:00:58:dd:3c,2026-09-01 22:28:32,16.1,52.6367146407962,5.02217284801564,0,Hoorn,NL
Amsterdam,Amsterdam_T1,02:00:00:31:d8:fc,2026-09-01 22:33:03,16.5,52.6358,5.035,1,Hoorn,NL
Amsterdam,Amsterdam_T1,02:00:00:7f:aa:9a,2026-09-01 22:34:38,17.2,52.6374130249023,5.03559350967407,0,Hoorn,NL
Amsterdam,Amsterdam_T1,02:00:00:70:4e:d8,2026-09-01 22:30:52,17.6,52.635018,5.055994,2,Hoorn,NL
Amsterdam,Amsterdam_T1,02:00:00:12:5a:d0,2026-09-01 22:28:15,16.7,52.6491675042269,4.78180266103391,0,Alkmaar,NL
Amsterdam,Amsterdam_T1,02:00:00:70:24:48,2026-09-01 22:35:38,14.4,52.643764,4.811346,0,Heerhugowaard,NL
Amsterdam,Amsterdam_T1,02:00:00:70:45:b4,2026-09-01 22:34:47,14.1,52.6408805482461,4.82286089912765,0,Heerhugowaard,NL
Amsterdam,Amsterdam_T1,02:00:00:02:09:d6,2026-09-01 22:34:59,15.5,52.6489,4.8179,0,Heerhugowaard,NL
Amsterdam,Amsterdam_T1,02:00:00:7f:bf:4c,2026-09-01 22:33:09,13.3,52.648259,4.831611,0,Heerhugowaard,NL
Amsterdam,Amsterdam_T1,02:00:00:73:a4:18,2026-09-01 22:28:40,14.7,52.651179,4.836669,0,Heerhugowaard,NL
Amsterdam,Amsterdam_T1,02:00:00:c3:e3:ec,2026-09-01 22:33:46,14.9,52.651959,4.836277,0,Heerhugowaard,NL
Amsterdam,Amsterdam_T1,02:00:00:12:ae:72,2026-09-01 22:34:15,16.1,52.642342,5.006524,-2,Koggenland,NL
Amsterdam,Amsterdam_T1,02:00:00:1d:fd:b8,2026-09-01 22:27:37,16.1,52.6441,5.051928,0,Haarlemmermeer,NL
Amsterdam,Amsterdam_T1,02:00:00:1f:4d:3c,2026-09-01 22:31:58,16.7,52.640192,5.056347,2,Hoorn,NL
Amsterdam,Amsterdam_T1,02:00:00:a2:62:b0,2026-09-01 22:27:52,16.8,52.644273,5.058899,0,Hoorn,NL
Amsterdam,Amsterdam_T1,02:00:00:3d:0e:66,2026-09-01 22:35:53,14.8,52.3116821436819,4.86693327521717,0,Amstelveen,NL
Amsterdam,Amsterdam_T1,02:00:00:2f:24:f4,2026-09-01 22:35:24,15.0,52.3131760328984,4.9050662899177,0,Amstelveen,NL
Amsterdam,Amsterdam_T1,02:00:00:90:ba:a6,2026-09-01 22:29:54,17.3,52.3243254,4.945702,1,Amsterdam,NL
Amsterdam,Amsterdam_T1,02:00:00:64:f4:40,2026-09-01 22:28:18,18.9,52.323489,4.949922,0,Amsterdam,NL
Amsterdam,Amsterdam_T1,02:00:00:a9:70:6c,2026-09-01 22:33:32,14.4,52.319796,5.037465,0,Weesp,NL
Amsterdam,Amsterdam_T1,02:00:00:bc:ac:0e,2026-09-01 22:35:31,15.2,52.317851,5.049238,0,Weesp,NL
Amsterdam,Amsterdam_T1,02:00:00:63:2c:4e,2026-09-01 22:31:03,15.5,52.3184684,5.05026849999997,0,Weesp,NL
Amsterdam,Amsterdam_T1,02:00:00:01:6d:ca,2026-09-01 22:33:57,15.0,52.318328,5.05127300000006,0,Weesp,NL
Amsterdam,Amsterdam_T1,02:00:00:8d:e3:a0,2026-09-01 22:27:34,15.8,52.333433,4.791664,0,Badhoevedorp,NL
Amsterdam,Amsterdam_T1,02:00:00:8d:d6:dc,2026-09-01 22:34:26,13.8,52.337084,4.79042,0,Badhoevedorp,NL
Amsterdam,Amsterdam_T1,02:00:00:a4:21:fc,2026-09-01 22:29:33,17.2,52.3272787,4.86810710000012,0,Amsterdam,NL
Amsterdam,Amsterdam_T1,02:00:00:53:18:1c,2026-09-01 22:28:19,17.3,52.3359671746926,4.87311174029132,0,Amsterdam,NL
Amsterdam,Amsterdam_T1,02:00:00:bd:1d:3e,2026-09-01 22:34:31,16.7,52.331773,4.888536,4,Amsterdam,NL
Amsterdam,Amsterdam_T1,02:00:00:a4:51:b4,2026-09-01 22:29:04,14.8,52.337832,4.894324,4,Amsterdam,NL
Amsterdam,Amsterdam_T1,02:00:00:9c:da:94,2026-09-01 22:33:31,16.0,52.332847,4.936642,4,Duivendrecht,NL
Amsterdam,Amsterdam_T1,02:00:00:9d:0c:d8,2026-09-01 22:33:22,18.7,52.32961,4.961911,2,Diemen,NL
Amsterdam,Amsterdam_T1,02:00:00:27:76:38,2026-09-01 22:35:37,16.0,52.3363586,4.9621297,0,Diemen,NL
Amsterdam,Amsterdam_T1,02:00:00:b5:71:d4,2026-09-01 22:27:40,16.4,52.3371353071573,4.96234081685543,0,Diemen,NL
Amsterdam,Amsterdam_T1,02:00:00:18:f9:e8,2026-09-01 22:30:31,16.4,52.325482,4.97447,3,Amsterdam,NL
Amsterdam,Amsterdam_T1,02:00:00:37:27:a2,2026-09-01 22:28:23,18.5,52.325691,4.975271,4,Amsterdam,NL
Amsterdam,Amsterdam_T1,02:00:00:27:51:b8,2026-09-01 22:27:16,15.7,52.326592,4.978735,0,Amsterdam,NL
Amsterdam,Amsterdam_T1,02:00:00:83:bf:80,2026-09-01 22:29:13,16.8,52.333599,5.061164,2,Muiden,NL
Amsterdam,Amsterdam_T1,02:00:00:01:6c:5e,2026-09-01 22:32:21,16.8,52.3446448698127,4.79225000001364,0,Amsterdam,NL
Amsterdam,Amsterdam_T1,02:00:00:63:45:58,2026-09-01 22:27:34,15.5,52.3414578220111,4.79799399999996,1,Amsterdam,NL
Amsterdam,Amsterdam_T1,02:00:00:00:c9:c8,2026-09-01 22:28:40,18.0,52.3535947951943,4.79096345471049,2,Amsterdam,NL
Amsterdam,Amsterdam_T1,02:00:00:27:63:7e,2026-09-01 22:29:59,19.1,52.349896,4.810742,0,Amsterdam,NL
Amsterdam,Amsterdam_T1,02:00:00:84:73:aa,2026-09-01 22:30:29,22.9,52.342971,4.825803,0,Amsterdam,NL
Amsterdam,Amsterdam_T1,02:00:00:84:03:f4,2026-09-01 22:28:48,23.2,52.34298,4.825876,0,Amsterdam,NL
Amsterdam,Amsterdam_T1,02:00:00:65:84:16,2026-09-01 22:35:10,18.0,52.34792,4.846243,4,Amsterdam,NL
Amsterdam,Amsterdam_T1,02:00:00:04:75:d4,2026-09-01 22:34:21,19.2,52.3449817790461,4.85212203743075,0,Amsterdam,NL
Amsterdam,Amsterdam_T1,02:00:00:5f:1f:26,2026-09-01 22:32:45,17.3,52.3457181372478,4.86503304724545,2,Amsterdam,NL
Amsterdam,Amsterdam_T1,02:00:00:29:77:f8,2026-09-01 22:34:17,21.7,52.352721,4.860868,4,Amsterdam,NL
Amsterdam,Amsterdam_T1,02:00:00:74:60:90,2026-09-01 22:31:48,17.1,52.343761,4.875174,3,Amsterdam,NL
Amsterdam,Amsterdam_T1,02:00:00:01:ca:e6,2026-09-01 22:29:13,19.0,52.34572,4.876628,4,Amsterdam,NL
Amsterdam,Amsterdam_T1,02:00:00:a4:37:d4,2026-09-01 22:30:47,19.2,52.3475151062012,4.87605476379395,5,Amsterdam,NL
Amsterdam,Amsterdam_T1,02:00:00:22:e1:1a,2026-09-01 22:31:41,17.5,52.343674,4.907335,5,Amsterdam,NL
Amsterdam,Amsterdam_T1,02:00:00:83:ef:18,2026-09-01 22:32:47,16.1,52.34854,4.90630999999996,5,Amsterdam,NL
Amsterdam,Amsterdam_T1,02:00:00:c6:2c:e4,2026-09-01 22:32:30,17.0,52.352244,4.899948,7,Amsterdam,NL
Amsterdam,Amsterdam_T1,02:00:00:b9:59:14,2026-09-01 22:29:23,15.9,52.352879,4.928205,0,Amsterdam,NL
Amsterdam,Amsterdam_T1,02:00:00:2a:db:3c,2026-09-01 22:29:23,18.2,52.347729,4.941162,0,Amsterdam,NL
Amsterdam,Amsterdam_T1,02:00:00:7a:89:24,2026-09-01 22:21:56,17.2,52.348087,4.941446,0,Amsterdam,NL
Amsterdam,Amsterdam_T1,02:00:00:2c:f1:9a,2026-09-01 22:30:16,15.6,52.34402,4.952192,0,Amsterdam,NL
Amsterdam,Amsterdam_T1,02:00:00:13:3c:4c,2026-09-01 22:27:14,16.2,52.3399512086528,4.96276274283001,2,Diemen,NL
Amsterdam,Amsterdam_T1,02:00:00:bd:c0:be,2026-09-01 22:35:32,18.2,52.350442,4.98087900000004,6,Diemen,NL
Amsterdam,Amsterdam_T1,02:00:00:c2:2e:4a,2026-09-01 21:43:00,16.5,52.351406,5.001968,0,Amsterdam,NL
Amsterdam,Amsterdam_T1,02:00:00:5f:2d:ec,2026-09-01 22:31:30,17.3,52.350554,5.003617,0,Amsterdam,NL
Amsterdam,Amsterdam_T1,02:00:00:53:21:30,2026-09-01 22:34:41,18.6,52.355412,4.787642,0,Amsterdam,NL
Amsterdam,Amsterdam_T1,02:00:00:84:0b:ca,2026-09-01 22:29:54,24.1,52.367164,4.83112,0,Amsterdam,NL
Amsterdam,Amsterdam_T1,02:00:00:04:69:08,2026-09-01 22:28:42,21.7,52.356992,4.849782,5,Amsterdam,NL
Amsterdam,Amsterdam_T1,02:00:00:6b:5d:da,2026-09-01 22:34:15,24.6,52.366386,4.841466,4,Amsterdam,NL
Amsterdam,Amsterdam_T1,02:00:00:63:33:0c,2026-09-01 22:37:02,17.5,52.365672,4.85523999999998,1,Amsterdam,NL
Amsterdam,Amsterdam_T1,02:00:00:a4:1b:60,2026-09-01 22:35:33,22.0,52.354291,4.861925,4,Amsterdam,NL
Amsterdam,Amsterdam_T1,02:00:00:b5:9e:5c,2026-09-01 22:36:02,18.4,52.355088,4.871859,6,Amsterdam,NL
Amsterdam,Amsterdam_T1,02:00:00:7a:85:20,2026-09-01 22:33:10,16.6,52.354887,4.876879,4,Amsterdam,NL
Amsterdam,Amsterdam_T1,02:00:00:b5:54:dc,2026-09-01 22:31:05,17.2,52.3564,4.8802,2,Amsterdam,NL
Amsterdam,Amsterdam_T1,02:00:00:73:a0:86,2026-09-01 22:30:22,16.6,52.3543,4.8951,1,Amsterdam,NL
Amsterdam,Amsterdam_T1,02:00:00:02:b1:be,2026-09-01 22:35:37,16.7,52.3573648188524,4.89851619487149,4,Amsterdam,NL
Amsterdam,Amsterdam_T1,02:00:00:3a:24:be,2026-09-01 22:30:51,17.8,52.3540842,4.90596159999996,5,Amsterdam,NL
Amsterdam,Amsterdam_T1,02:00:00:70:42:62,2026-09-01 22:29:30,17.9,52.356221,4.909817,3,Amsterdam,NL
Amsterdam,Amsterdam_T1,02:00:00:04:a6:8a,2026-09-01 22:27:24,17.4,52.3607,4.9243,1,Amsterdam,NL
Amsterdam,Amsterdam_T1,02:00:00:b5:3b:42,2026-09-01 22:35:17,16.1,52.3554232097861,4.93370711764691,0,Amsterdam,NL
Amsterdam,Amsterdam_T1,02:00:00:84:4f:92,2026-09-01 22:28:41,17.2,52.356235,4.939207,0,Amsterdam,NL
Amsterdam,Amsterdam_T1,02:00:00:2a:fe:a6,2026-09-01 22:29:39,18.0,52.3572889935944,4.94533920674587,0,Amsterdam,NL
Amsterdam,Amsterdam_T1,02:00:00:3f:6a:62,2026-09-01 22:34:31,18.9,52.363079,4.979751,0,Amsterdam,NL
Amsterdam,Amsterdam_T1,02:00:00:b2:c1:1a,2026-09-01 22:36:01,17.8,52.359813,4.995219,0,Amsterdam,NL
Amsterdam,Amsterdam_T1,02:00:00:83:d1:bc,2026-09-01 22:30:03,22.4,52.373107,4.810869,0,Amsterdam,NL
Amsterdam,Amsterdam_T1,02:00:00:83:eb:6a,2026-09-01 22:30:24,19.7,52.3771819548297,4.818619891921,1,Amsterdam,NL
Amsterdam,Amsterdam_T1,02:00:00:53:50:72,2026-09-01 22:29:47,17.6,52.375709,4.83394,1,Amsterdam,NL
Amsterdam,Amsterdam_T1,02:00:00:af:8c:48,2026-09-01 22:34:45,16.5,52.379386,4.839399,2,Amsterdam,NL
Amsterdam,Amsterdam_T1,02:00:00:7a:7d:7c,2026-09-01 22:30:54,16.8,52.376183,4.8480215,3,Amsterdam,NL
Amsterdam,Amsterdam_T1,02:00:00:2b:49:82,2026-09-01 22:28:38,18.7,52.3727766,4.8646089,4,Amsterdam,NL
Amsterdam,Amsterdam_T1,02:00:00:71:1d:7e,2026-09-01 22:35:37,14.9,52.3796,4.8778,1,Amsterdam,NL
Amsterdam,Amsterdam_T1,02:00:00:af:9a:18,2026-09-01 22:33:11,17.4,52.371666,4.881638,9,Amsterdam,NL
Amsterdam,Amsterdam_T1,02:00:00:b8:e7:f0,2026-09-01 22:31:45,17.8,52.371671,4.887671,9,Amsterdam,NL
Amsterdam,Amsterdam_T1,02:00:00:00:83:86,2026-09-01 22:30:13,17.6,52.3824005126953,4.89949989318848,1,Amsterdam,NL
Amsterdam,Amsterdam_T1,02:00:00:6b:3b:94,2026-09-01 22:33:48,16.0,52.3824,4.8995,5,Amsterdam,NL
Amsterdam,Amsterdam_T1,02:00:00:27:4a:1c,2026-09-01 22:34:34,16.8,52.3824,4.8995,5,Amsterdam,NL
Amsterdam,Amsterdam_T1,02:00:00:9b:59:de,2026-09-01 22:34:20,17.6,52.369161,4.9326972000001,4,Amsterdam,NL
Amsterdam,Amsterdam_T1,02:00:00:bd:07:a6,2026-09-01 22:36:12,17.8,52.375199,4.931954,1,Amsterdam,NL
Amsterdam,Amsterdam_T1,02:00:00:65:41:06,2026-09-01 22:31:42,17.4,52.379093,4.927459,4,Amsterdam,NL
Amsterdam,Amsterdam_T1,02:00:00:c6:26:24,2026-09-01 22:35:39,18.2,52.3731658712137,4.96877610683441,1,Amsterdam,NL
Amsterdam,Amsterdam_T1,02:00:00:a2:31:fc,2026-09-01 22:35:52,18.3,52.3845558166504,4.86922264099121,7,Amsterdam,NL
Amsterdam,Amsterdam_T1,02:00:00:36:9f:fe,2026-09-01 22:35:48,16.9,52.383123,4.874172,6,Amsterdam,NL
Amsterdam,Amsterdam_T1,02:00:00:84:46:e2,2026-09-01 22:29:47,17.9,52.3929199123918,4.88645911216736,0,Amsterdam,NL
Amsterdam,Amsterdam_T1,02:00:00:af:30:44,2026-09-01 22:27:12,19.2,52.385656,4.891618,0,Amsterdam,NL
Amsterdam,Amsterdam_T1,02:00:00:01:29:cc,2026-09-01 22:35:51,16.8,52.385014,4.891942,2,Amsterdam,NL
Amsterdam,Amsterdam_T1,02:00:00:9d:1b:ac,2026-09-01 22:33:15,18.4,52.386736,4.900561,4,Amsterdam,NL
Amsterdam,Amsterdam_T1,02:00:00:7f:be:6c,2026-09-01 22:34:21,17.6,52.385614,4.901338,2,Amsterdam,NL
Amsterdam,Amsterdam_T1,02:00:00:1c:5a:de,2026-09-01 22:35:58,18.2,52.3861524614255,4.90178911562291,1,Amsterdam,NL
Amsterdam,Amsterdam_T1,02:00:00:2a:d6:c6,2026-09-01 22:36:35,16.8,52.3936767578125,4.9279146194458,0,Amsterdam,NL
Amsterdam,Amsterdam_T1,02:00:00:b2:ad:ea,2026-09-01 22:33:45,18.2,52.396946,4.937041,0,Amsterdam,NL
Amsterdam,Amsterdam_T1,02:00:00:53:1a:1a,2026-09-01 22:31:04,18.6,52.4043956578345,4.88842248916626,1,Amsterdam,NL
Amsterdam,Amsterdam_T1,02:00:00:b5:76:26,2026-09-01 22:28:31,16.4,52.403811,4.914876,2,Amsterdam,NL
Amsterdam,Amsterdam_T1,02:00:00:84:9d:b8,2026-09-01 22:26:48,15.8,52.409513391525,4.90777124931917,3,Amsterdam,NL
Amsterdam,Amsterdam_T1,02:00:00:9b:5a:46,2026-09-01 22:32:25,15.9,52.4092,4.911,1,Amsterdam,NL
Amsterdam,Amsterdam_T1,02:00:00:bd:d9:9e,2026-09-01 22:36:21,15.8,52.407674,4.932463,0,Amsterdam,NL
Amsterdam,Amsterdam_T1,02:00:00:7f:d5:6c,2026-09-01 22:30:20,16.8,52.407289,4.935319,0,Amsterdam,NL
Amsterdam,Amsterdam_T1,02:00:00:63:2c:2a,2026-09-01 22:29:39,17.1,52.402984,4.945694,2,Amsterdam,NL
Amsterdam,Amsterdam_T1,02:00:00:63:32:ca,2026-09-01 22:30:28,16.5,52.400011,4.948339,0,Amsterdam,NL
Amsterdam,Amsterdam_T1,02:00:00:7f:c1:54,2026-09-01 22:32:46,19.1,52.3997152224585,4.95156731297681,0,Amsterdam,NL
Amsterdam,Amsterdam_T1,02:00:00:bd:c8:28,2026-09-01 22:35:41,17.2,52.4225551,4.8995336,0,Amsterdam,NL
Amsterdam,Amsterdam_T1,02:00:00:bd:d6:68,2026-09-01 22:34:36,13.9,52.4134732394671,5.02463681500691,0,Amsterdam,NL
Amsterdam,Amsterdam_T1,02:00:00:b2:be:dc,2026-09-01 22:34:28,15.6,52.4336802968209,4.80540275573731,0,Zaanstad,NL
Amsterdam,Amsterdam_T1,02:00:00:84:7f:c4,2026-09-01 22:29:00,15.6,52.4315445597503,4.8274827003479,2,Zaandam,NL
Amsterdam,Amsterdam_T1,02:00:00:c3:9d:f2,2026-09-01 22:35:04,17.0,52.432236,4.828755,2,Zaandam,NL
Amsterdam,Amsterdam_T1,02:00:00:63:1e:a2,2026-09-01 22:29:42,16.8,52.432955,4.829382,3,Zaandam,NL
Amsterdam,Amsterdam_T1,02:00:00:73:c0:fe,2026-09-01 22:30:24,18.0,52.428103,4.835043,0,Zaandam,NL
Amsterdam,Amsterdam_T1,02:00:00:04:60:50,2026-09-01 22:31:54,17.1,52.4362386996961,4.8581631145293,0,Oostzaan,NL
Amsterdam,Amsterdam_T1,02:00:00:01:16:2a,2026-09-01 22:35:26,17.7,52.434544,4.873619,0,Oostzaan,NL
Amsterdam,Amsterdam_T1,02:00:00:b2:a7:20,2026-09-01 22:32:21,17.0,52.4381484985352,4.87386560440063,1,Oostzaan,NL
Amsterdam,Amsterdam_T1,02:00:00:b5:05:fe,2026-09-01 22:29:13,16.8,52.43446,4.876556,0,Oostzaan,NL
Amsterdam,Amsterdam_T1,02:00:00:b8:ec:c0,2026-09-01 22:33:48,16.8,52.434645,4.88352290000002,0,Oostzaan,NL
Amsterdam,Amsterdam_T1,02:00:00:2c:81:ba,2026-09-01 22:31:36,18.2,52.42855131,4.90767144000006,0,Landsmeer,NL
Amsterdam,Amsterdam_T1,02:00:00:7f:8e:40,2026-09-01 22:31:44,16.9,52.4295166584759,4.91431653499603,1,Landsmeer,NL
Amsterdam,Amsterdam_T1,02:00:00:b2:ac:88,2026-09-01 22:28:37,16.1,52.430258,4.915548,1,Landsmeer,NL
Amsterdam,Amsterdam_T1,02:00:00:19:9f:a0,2026-09-01 22:31:09,15.9,52.42952,4.922538,2,Landsmeer,NL
Amsterdam,Amsterdam_T1,02:00:00:b2:a8:40,2026-09-01 22:32:35,15.2,52.4277367607842,4.97108750037114,0,Watergang,NL
Amsterdam,Amsterdam_T1,02:00:00:58:c1:a2,2026-09-01 22:30:28,14.5,52.427962,4.971568,0,Watergang,NL
Amsterdam,Amsterdam_T1,02:00:00:5f:16:d6,2026-09-01 22:36:33,15.6,52.4284796,4.9963295,0,Broek in Waterland,NL
Amsterdam,Amsterdam_T1,02:00:00:03:66:0a,2026-09-01 22:32:38,14.1,52.435455,4.998643,0,Waterland,NL
Amsterdam,Amsterdam_T1,02:00:00:c5:39:e6,2026-09-01 22:31:00,14.3,52.4318871,5.00355289999993,0,Waterland,NL
Amsterdam,Amsterdam_T1,02:00:00:74:2f:bc,2026-09-01 22:27:34,16.3,52.441813,4.800982,2,Zaandam,NL
Amsterdam,Amsterdam_T1,02:00:00:28:b4:66,2026-09-01 22:34:14,15.2,52.44171,4.801541,2,Zaandam,NL
Amsterdam,Amsterdam_T1,02:00:00:3b:e3:ba,2026-09-01 22:27:12,17.0,52.446107,4.818733,4,Zaandam,NL
Amsterdam,Amsterdam_T1,02:00:00:90:6d:84,2026-09-01 22:30:50,15.5,52.451797,4.81541440000003,0,Zaandam,NL
Amsterdam,Amsterdam_T1,02:00:00:84:6d:0c,2026-09-01 22:30:54,15.7,52.451021,4.819376,0,Zaandam,NL
Amsterdam,Amsterdam_T1,02:00:00:64:1b:8a,2026-09-01 22:30:27,17.3,52.44757,4.87087999999997,0,Oostzaan,NL
Amsterdam,Amsterdam_T1,02:00:00:70:48:54,2026-09-01 22:31:55,15.5,52.4493083,4.87009850000007,0,Oostzaan,NL
Amsterdam,Amsterdam_T1,02:00:00:70:51:98,2026-09-01 22:34:57,15.4,52.449376,4.873678,0,Oostzaan,NL
Amsterdam,Amsterdam_T1,02:00:00:8d:e0:2e,2026-09-01 22:27:42,13.3,52.453716,5.033896,1,Monnickendam,NL
Amsterdam,Amsterdam_T1,02:00:00:74:38:ae,2026-09-01 22:29:52,16.1,52.448765,5.040629,0,Monnickendam,NL
Amsterdam,Amsterdam_T1,02:00:00:65:7b:60,2026-09-01 22:31:58,14.7,52.45517,4.796338,0,Koog aan de Zaan,NL
Amsterdam,Amsterdam_T1,02:00:00:65:85:14,2026-09-01 22:34:07,15.0,52.460911,4.798072,0,Koog aan de Zaan,NL
Amsterdam,Amsterdam_T1,02:00:00:70:59:8a,2026-09-01 22:26:51,15.2,52.461746,4.800009,0,Zaanstad,NL
Amsterdam,Amsterdam_T1,02:00:00:b2:a4:56,2026-09-01 22:28:50,16.2,52.458013,4.806933,1,Koog aan de Zaan,NL
Amsterdam,Amsterdam_T1,02:00:00:12:55:1a,2026-09-01 22:27:27,18.3,52.4596497323282,4.81831419827456,3,Zaanstad,NL
Amsterdam,Amsterdam_T1,02:00:00:83:c1:36,2026-09-01 22:27:59,16.1,52.46779,4.833544,2,Zaandam,NL
Amsterdam,Amsterdam_T1,02:00:00:65:59:44,2026-09-01 22:33:15,15.5,52.46492,4.947995,0,Landsmeer,NL
Amsterdam,Amsterdam_T1,02:00:00:36:b5:10,2026-09-01 22:29:39,13.7,52.4607855,5.0354233,5,Waterland,NL
Amsterdam,Amsterdam_T1,02:00:00:83:fe:54,2026-09-01 22:32:17,15.6,52.473273,4.792316,1,Zaandijk,NL
Amsterdam,Amsterdam_T1,02:00:00:af:6e:4c,2026-09-01 22:34:32,15.0,52.472511,4.809806,1,Zaandijk,NL
Amsterdam,Amsterdam_T1,02:00:00:ab:f0:04,2026-09-01 22:34:17,15.7,52.4732402,4.82852159999997,1,Zaanstad,NL
Amsterdam,Amsterdam_T1,02:00:00:a2:61:20,2026-09-01 22:32:38,17.6,52.4932975227619,4.60278952387853,8,Wijk aan Zee,NL
Amsterdam,Amsterdam_T1,02:00:00:b5:31:48,2026-09-01 22:30:55,17.9,52.48672,4.649581,3,Beverwijk,NL
Amsterdam,Amsterdam_T1,02:00:00:03:9e:56,2026-09-01 22:33:45,19.8,52.4833850346124,4.65639000000004,2,Beverwijk,NL
Amsterdam,Amsterdam_T1,02:00:00:a4:41:2c,2026-09-01 22:36:31,17.6,52.493777,4.651065,3,Beverwijk,NL
Amsterdam,Amsterdam_T1,02:00:00:58:c6:9e,2026-09-01 22:32:44,18.6,52.488462,4.665948,4,Beverwijk,NL
Amsterdam,Amsterdam_T1,02:00:00:27:38:1e,2026-09-01 22:32:35,17.4,52.490058,4.675492,0,Beverwijk,NL
Amsterdam,Amsterdam_T1,02:00:00:1f:75:1e,2026-09-01 22:27:20,15.7,52.495347,4.671976,3,Beverwijk,NL
Amsterdam,Amsterdam_T1,02:00:00:c2:3f:1a,2026-09-01 22:32:51,17.5,52.494114652513,4.69021010199475,0,Heemskerk,NL
Amsterdam,Amsterdam_T1,02:00:00:74:2b:b0,2026-09-01 22:29:16,15.0,52.491181,4.741493,0,Assendelft,NL
Amsterdam,Amsterdam_T1,02:00:00:b9:7d:88,2026-09-01 22:26:45,15.4,52.49439,4.74019999999999,0,Assendelft,NL
Amsterdam,Amsterdam_T1,02:00:00:bd:ca:8e,2026-09-01 22:31:42,14.3,52.486042,4.749684,0,Assendelft,NL
Amsterdam,Amsterdam_T1,02:00:00:bd:ba:0a,2026-09-01 22:27:57,14.6,52.485389,4.760449,0,Assendelft,NL
Amsterdam,Amsterdam_T1,02:00:00:64:00:98,2026-09-01 22:34:54,15.1,52.487216,4.759611,0,Assendelft,NL
Amsterdam,Amsterdam_T1,02:00:00:c3:9b:7c,2026-09-01 22:36:48,17.4,52.508597,4.657421,1,Heemskerk,NL
Amsterdam,Amsterdam_T1,02:00:00:64:29:c8,2026-09-01 22:28:08,16.8,52.509686,4.657991,3,Heemskerk,NL
Amsterdam,Amsterdam_T1,02:00:00:5f:27:32,2026-09-01 22:30:02,16.5,52.507020773057,4.66796492578298,2,Heemskerk,NL
Amsterdam,Amsterdam_T1,02:00:00:70:4f:d8,2026-09-01 22:32:07,15.9,52.5015798,4.66960700000006,1,Heemskerk,NL
Amsterdam,Amsterdam_T1,02:00:00:83:fd:bc,2026-09-01 22:29:44,16.8,52.5056967,4.67361610000001,4,Heemskerk,NL
Amsterdam,Amsterdam_T1,02:00:00:73:f5:76,2026-09-01 22:34:45,15.7,52.499622,4.6940675,0,Heemskerk,NL
Amsterdam,Amsterdam_T1,02:00:00:1a:fe:50,2026-09-01 22:35:03,16.7,52.5053081762322,4.75592475261492,1,Krommenie,NL
Amsterdam,Amsterdam_T1,02:00:00:bd:f4:02,2026-09-01 22:28:15,16.0,52.4973426347924,4.76018432436422,0,Zaanstad,NL
Amsterdam,Amsterdam_T1,02:00:00:03:85:30,2026-09-01 22:28:39,17.1,52.504607,4.76235500000008,3,Krommenie,NL
Amsterdam,Amsterdam_T1,02:00:00:c3:dd:06,2026-09-01 22:29:51,15.3,52.5044019083239,4.77092044039439,0,Krommenie,NL
Amsterdam,Amsterdam_T1,02:00:00:2c:be:d2,2026-09-01 22:32:04,16.7,52.512672,4.666764,1,Heemskerk,NL
Amsterdam,Amsterdam_T1,02:00:00:74:32:2e,2026-09-01 22:28:19,17.6,52.512731,4.670313,3,Heemskerk,NL
Amsterdam,Amsterdam_T1,02:00:00:b5:4b:60,2026-09-01 22:32:30,16.1,52.520013986194,4.68461215496063,3,Heemskerk,NL
Amsterdam,Amsterdam_T1,02:00:00:b4:f1:96,2026-09-01 22:29:49,16.7,52.5120620727539,4.68826818466187,1,Heemskerk,NL
Amsterdam,Amsterdam_T1,02:00:00:19:33:4e,2026-09-01 22:35:07,18.1,52.5206,4.6901,0,Heemskerk,NL
Amsterdam,Amsterdam_T1,02:00:00:65:54:c4,2026-09-01 22:27:06,16.6,52.5206,4.6901,0,Heemskerk,NL
Amsterdam,Amsterdam_T1,02:00:00:b9:5f:90,2026-09-01 22:34:19,15.5,52.533084264192,4.71261564257397,0,Uitgeest,NL
Amsterdam,Amsterdam_T1,02:00:00:63:2d:f0,2026-09-01 22:35:33,15.4,52.533104,4.712557,0,Uitgeest,NL
Amsterdam,Amsterdam_T1,02:00:00:b5:8b:c2,2026-09-01 22:34:45,16.3,52.529381,4.713874,2,Uitgeest,NL
Amsterdam,Amsterdam_T1,02:00:00:b5:a6:8a,2026-09-01 22:37:02,15.9,52.530517,4.778969,0,Markenbinnen,NL
Amsterdam,Amsterdam_T1,02:00:00:b9:52:2e,2026-09-01 22:27:31,16.0,52.543081,4.660629,1,Castricum,NL
Amsterdam,Amsterdam_T1,02:00:00:c3:93:02,2026-09-01 22:32:59,17.3,52.5421867370605,4.66557216644287,2,Castricum,NL
Amsterdam,Amsterdam_T1,02:00:00:00:f7:ea,2026-09-01 22:32:32,15.8,52.552456056786,4.66874740076037,2,Castricum,NL
Amsterdam,Amsterdam_T1,02:00:00:2a:e4:a6,2026-09-01 22:36:15,16.2,52.54548,4.67022000000002,1,Castricum,NL
Amsterdam,Amsterdam_T1,02:00:00:27:2c:12,2026-09-01 22:31:13,16.2,52.5579643249512,4.65175914764404,11,Castricum,NL
Amsterdam,Amsterdam_T1,02:00:00:00:56:b0,2026-09-01 22:28:41,17.7,52.559481,4.645325,8,Castricum,NL
Amsterdam,Amsterdam_T1,02:00:00:36:a3:a2,2026-09-01 22:33:14,16.8,52.561176,4.647979,12,Castricum,NL
Amsterdam,Amsterdam_T1,02:00:00:c3:74:74,2026-09-01 22:29:47,16.7,52.556907,4.668744,1,Castricum,NL
Amsterdam,Amsterdam_T1,02:00:00:74:76:8c,2026-09-01 22:30:39,15.6,52.554901,4.671133,3,Castricum,NL
Amsterdam,Amsterdam_T1,02:00:00:bd:e4:0a,2026-09-01 22:35:51,15.6,52.557114,4.6693296,0,Castricum,NL
Amsterdam,Amsterdam_T1,02:00:00:bd:db:96,2026-09-01 22:34:43,15.2,52.5677,4.688097,2,Castricum,NL
Amsterdam,Amsterdam_T1,02:00:00:83:f9:38,2026-09-01 22:33:18,15.3,52.5667610168457,4.69240951538086,4,Castricum,NL
Amsterdam,Amsterdam_T1,02:00:00:bd:d4:66,2026-09-01 22:28:37,15.3,52.5567058594671,4.72576493881832,0,Castricum,NL
Amsterdam,Amsterdam_T1,02:00:00:b0:a9:ae,2026-09-01 22:36:36,15.2,52.556932,4.728066,0,Castricum,NL
Amsterdam,Amsterdam_T1,02:00:00:2c:f9:46,2026-09-01 22:36:37,16.8,52.5711657,4.69811320000005,2,Castricum,NL
Amsterdam,Amsterdam_T1,02:00:00:7f:ca:86,2026-09-01 22:29:51,16.8,52.575198,4.701347,2,Castricum,NL
Amsterdam,Amsterdam_T1,02:00:00:83:b0:d6,2026-09-01 22:30:42,16.1,52.592226,4.690301,0,Heiloo,NL
Amsterdam,Amsterdam_T1,02:00:00:3f:6f:6c,2026-09-01 22:28:02,15.4,52.5883517,4.71341809999999,0,Heiloo,NL
Amsterdam,Amsterdam_T1,02:00:00:5f:28:b6,2026-09-01 22:29:56,13.4,52.593292,4.713329,0,Heiloo,NL
Amsterdam,Amsterdam_T1,02:00:00:13:81:dc,2026-09-01 22:33:15,13.5,52.5917217300149,4.71660864874474,1,Heiloo,NL
Amsterdam,Amsterdam_T1,02:00:00:14:4a:16,2026-09-01 22:32:56,14.9,52.5979706,4.68623639999998,2,Heiloo,NL
Amsterdam,Amsterdam_T1,02:00:00:27:49:96,2026-09-01 22:29:10,16.6,52.596877,4.700662,2,Heiloo,NL
Amsterdam,Amsterdam_T1,02:00:00:b2:c5:8e,2026-09-01 22:28:47,14.3,52.607205,4.694133,1,Heiloo,NL
Amsterdam,Amsterdam_T1,02:00:00:bd:0d:f4,2026-09-01 22:35:25,14.4,52.608246,4.707137,1,Heiloo,NL
Amsterdam,Amsterdam_T1,02:00:00:15:dc:9e,2026-09-01 22:31:47,16.4,52.607723,4.716598,6,Heiloo,NL
Amsterdam,Amsterdam_T1,02:00:00:64:09:44,2026-09-01 22:29:41,14.7,52.602954864502,4.7196626663208,2,Heiloo,NL
Amsterdam,Amsterdam_T1,02:00:00:ab:f5:58,2026-09-01 22:32:40,16.5,52.6041166997843,4.72310379860246,1,Heiloo,NL
Amsterdam,Amsterdam_T1,02:00:00:02:63:54,2026-09-01 22:28:28,17.6,52.6134354354965,4.62090881276794,20,Bergen,NL
Amsterdam,Amsterdam_T1,02:00:00:b5:ac:40,2026-09-01 22:29:06,17.5,52.622938,4.628717,11,Bergen,NL
Amsterdam,Amsterdam_T1,02:00:00:00:da:fe,2026-09-01 22:27:43,18.4,52.62333,4.630068,11,Bergen,NL
Amsterdam,Amsterdam_T1,02:00:00:31:ea:ec,2026-09-01 22:34:49,17.1,52.6170874425851,4.65225869437614,1,Bergen (NH),NL
Amsterdam,Amsterdam_T1,02:00:00:64:29:b6,2026-09-01 22:36:31,15.9,52.6201341308608,4.6524031553414,3,Bergen (NH),NL
Amsterdam,Amsterdam_T1,02:00:00:2f:07:0e,2026-09-01 22:29:31,16.6,52.619869,4.74062129999993,2,Alkmaar,NL
Amsterdam,Amsterdam_T1,02:00:00:c2:7c:c6,2026-09-01 22:30:24,17.0,52.625301,4.656129,4,Bergen,NL
Amsterdam,Amsterdam_T1,02:00:00:01:aa:12,2026-09-01 22:28:32,16.6,52.633442,4.7215387,2,Alkmaar,NL
Amsterdam,Amsterdam_T1,02:00:00:ab:c4:e2,2026-09-01 22:28:50,16.4,52.6328430175781,4.72380399703979,2,Alkmaar,NL
Amsterdam,Amsterdam_T1,02:00:00:a9:e8:0a,2026-09-01 22:34:38,15.7,52.638329,4.728889,3,Alkmaar,NL
Amsterdam,Amsterdam_T1,02:00:00:9b:4e:12,2026-09-01 22:34:58,16.0,52.6366402163491,4.74007593934657,3,Alkmaar,NL
Amsterdam,Amsterdam_T1,02:00:00:1f:79:cc,2026-09-01 22:34:46,15.6,52.636603,4.745265,4,Alkmaar,NL
Amsterdam,Amsterdam_T1,02:00:00:b5:9a:a0,2026-09-01 22:34:24,15.5,52.637733,4.745801,4,Alkmaar,NL
Amsterdam,Amsterdam_T1,02:00:00:c2:2e:b6,2026-09-01 22:36:02,15.5,52.633771,4.75851099999995,2,Alkmaar,NL
Amsterdam,Amsterdam_T1,02:00:00:64:01:d0,2026-09-01 22:36:16,14.8,52.634199,4.759869,6,Alkmaar,NL
Amsterdam,Amsterdam_T1,02:00:00:63:37:be,2026-09-01 22:33:12,14.8,52.633652,4.765127,1,Alkmaar,NL
Amsterdam,Amsterdam_T1,02:00:00:ab:df:8c,2026-09-01 22:28:21,15.8,52.641745,4.756303,1,Alkmaar,NL
Amsterdam,Amsterdam_T1,02:00:00:c2:38:70,2026-09-01 22:34:16,14.3,52.64382,4.75634999999998,2,Alkmaar,NL
Amsterdam,Amsterdam_T1,02:00:00:58:bc:d2,2026-09-01 22:27:08,13.5,52.6466445922852,4.75525665283203,1,Alkmaar,NL
Amsterdam,Amsterdam_T1,02:00:00:12:7e:c4,2026-09-01 22:28:04,14.8,52.6525888583169,4.76428381045071,1,Alkmaar,NL
Amsterdam,Amsterdam_T1,02:00:00:83:c1:72,2026-09-01 22:28:17,15.3,52.651228,4.779918,1,Sint Pancras,NL
Amsterdam,Amsterdam_T1,02:00:00:c6:27:d8,2026-09-01 22:36:41,15.1,52.6525816965179,4.77996415413952,2,Broek Op Langedijk,NL
Amsterdam,Amsterdam_T1,02:00:00:a9:5f:3c,2026-09-01 22:36:47,15.4,52.3233565620573,4.58888893347402,2,Bennebroek,NL
Amsterdam,Amsterdam_T1,02:00:00:52:ff:4a,2026-09-01 22:36:16,15.7,52.316234,4.613678,0,Zwaanshoek,NL
Amsterdam,Amsterdam_T1,02:00:00:04:e0:62,2026-09-01 22:36:06,16.4,52.3190344282112,4.59699478325753,2,Bennebroek,NL
Amsterdam,Amsterdam_T1,02:00:00:01:52:28,2026-09-01 22:33:34,15.2,52.321617,4.59779800000001,4,Bennebroek,NL
Amsterdam,Amsterdam_T1,02:00:00:34:0d:20,2026-09-01 22:30:54,17.1,52.314469,4.637147,0,Haarlemmermeer,NL
Amsterdam,Amsterdam_T1,02:00:00:8d:cc:36,2026-09-01 22:31:48,17.2,52.3125,4.6445,0,Hoofddorp,NL
Amsterdam,Amsterdam_T1,02:00:00:06:02:ae,2026-09-01 22:30:22,16.3,52.313344,4.652007,0,Haarlemmermeer,NL
Amsterdam,Amsterdam_T1,02:00:00:00:d2:c8,2026-09-01 22:27:30,14.2,52.3246564313998,4.64318761619814,0,Haarlemmermeer,NL
Amsterdam,Amsterdam_T1,02:00:00:2b:51:7c,2026-09-01 22:36:20,17.0,52.314801,4.664166,0,Hoofddorp,NL
Amsterdam,Amsterdam_T1,02:00:00:53:40:ac,2026-09-01 22:32:25,17.1,52.3348254552263,4.61766521558033,1,Heemstede,NL
Amsterdam,Amsterdam_T1,02:00:00:8d:d6:b0,2026-09-01 22:27:55,17.4,52.335645,4.632993,0,Cruquius,NL
Amsterdam,Amsterdam_T1,02:00:00:be:07:f0,2026-09-01 22:33:26,15.1,52.3348065616568,4.64470551369772,0,Cruquius,NL
Amsterdam,Amsterdam_T1,02:00:00:c2:49:e6,2026-09-01 22:31:13,14.5,52.336126,4.644912,0,Cruquius,NL
Amsterdam,Amsterdam_T1,02:00:00:b5:9e:1e,2026-09-01 22:27:53,14.2,52.3426322937012,4.60296392440796,3,Heemstede,NL
Amsterdam,Amsterdam_T1,02:00:00:bd:c0:ba,2026-09-01 22:34:05,13.8,52.3423288406971,4.60312933229977,2,Heemstede,NL
Amsterdam,Amsterdam_T1,02:00:00:b4:f1:9a,2026-09-01 22:29:16,14.7,52.3455882986117,4.6028138830537,3,Heemstede,NL
Amsterdam,Amsterdam_T1,02:00:00:b5:4a:8a,2026-09-01 22:29:47,19.2,52.346112,4.624803,2,Heemstede,NL
Amsterdam,Amsterdam_T1,02:00:00:04:73:0e,2026-09-01 22:28:24,17.5,52.3530274,4.63461050000001,5,Heemstede,NL
Amsterdam,Amsterdam_T1,02:00:00:9c:f8:c4,2026-09-01 22:28:38,16.1,52.3476130477796,4.650423771551,2,Haarlem,NL
Amsterdam,Amsterdam_T1,02:00:00:04:5a:2e,2026-09-01 22:30:57,16.6,52.3502780958043,4.6589281529828,2,Haarlem,NL
Amsterdam,Amsterdam_T1,02:00:00:b5:52:ca,2026-09-01 22:34:40,15.9,52.3431975,4.67456669,0,Vijfhuizen,NL
Amsterdam,Amsterdam_T1,02:00:00:ab:ea:fc,2026-09-01 22:29:01,15.8,52.343516,4.674352,0,Vijfhuizen,NL
Amsterdam,Amsterdam_T1,02:00:00:2f:0c:1c,2026-09-01 22:33:21,15.1,52.3464166143002,4.67963541516469,0,Vijfhuizen,NL
Amsterdam,Amsterdam_T1,02:00:00:19:41:f0,2026-09-01 22:31:59,16.3,52.34581,4.772238,0,Badhoevedorp,NL
Amsterdam,Amsterdam_T1,02:00:00:bd:de:aa,2026-09-01 22:34:23,16.2,52.35104,4.773909,0,Amsterdam,NL
Amsterdam,Amsterdam_T1,02:00:00:ab:db:e0,2026-09-01 22:34:02,18.4,52.364787,4.52086100000004,14,Zandvoort,NL
Amsterdam,Amsterdam_T1,02:00:00:a9:8b:b6,2026-09-01 22:26:42,18.6,52.3675,4.5304,6,Zandvoort,NL
Amsterdam,Amsterdam_T1,02:00:00:3c:ed:32,2026-09-01 22:30:03,17.8,52.3671946,4.54155539999998,6,Zandvoort,NL
Amsterdam,Amsterdam_T1,02:00:00:b0:97:dc,2026-09-01 22:34:10,16.1,52.367772,4.606125,2,Haarlem,NL
Amsterdam,Amsterdam_T1,02:00:00:02:ea:00,2026-09-01 22:30:55,18.8,52.3632352276022,4.61015882569882,4,Haarlem,NL
Amsterdam,Amsterdam_T1,02:00:00:83:99:52,2026-09-01 22:35:23,16.4,52.3554,4.6149,7,Heemstede,NL
Amsterdam,Amsterdam_T1,02:00:00:b2:b2:54,2026-09-01 22:27:22,15.7,52.357489,4.625746,4,Heemstede,NL
Amsterdam,Amsterdam_T1,02:00:00:83:fd:c4,2026-09-01 22:30:55,17.5,52.355408,4.626659,3,Heemstede,NL
Amsterdam,Amsterdam_T1,02:00:00:b5:27:24,2026-09-01 22:27:36,15.2,52.363345910022,4.63381849071414,2,Haarlem,NL
Amsterdam,Amsterdam_T1,02:00:00:01:8b:04,2026-09-01 22:35:29,18.2,52.357799252269,4.64295928937645,4,Haarlem,NL
Amsterdam,Amsterdam_T1,02:00:00:1c:64:0e,2026-09-01 22:27:16,17.3,52.355164,4.663513,2,Haarlem,NL
Amsterdam,Amsterdam_T1,02:00:00:c6:26:64,2026-09-01 22:32:21,16.3,52.363718,4.662023,2,Haarlem,NL
Amsterdam,Amsterdam_T1,02:00:00:7f:9a:24,2026-09-01 22:32:01,16.5,52.3591853224633,4.66554760934741,1,Haarlem,NL
Amsterdam,Amsterdam_T1,02:00:00:29:66:d8,2026-09-01 22:28:09,16.5,52.354517,4.779536,0,Amsterdam,NL
Amsterdam,Amsterdam_T1,02:00:00:b4:f0:46,2026-09-01 22:27:56,17.8,52.3692474365234,4.5371298789978,8,Zandvoort,NL
Amsterdam,Amsterdam_T1,02:00:00:1c:57:72,2026-09-01 22:34:42,17.3,52.3705376377954,4.53681784129898,5,Zandvoort,NL
Amsterdam,Amsterdam_T1,02:00:00:3f:4c:f4,2026-09-01 22:33:06,19.3,52.372587,4.530564,6,Zandvoort,NL
Amsterdam,Amsterdam_T1,02:00:00:c2:32:aa,2026-09-01 22:28:36,15.3,52.372037,4.59458,8,Aerdenhout,NL
Amsterdam,Amsterdam_T1,02:00:00:b5:b1:0c,2026-09-01 22:32:40,16.4,52.3695997,4.6135729,1,Haarlem,NL
Amsterdam,Amsterdam_T1,02:00:00:c3:ec:bc,2026-09-01 22:29:07,14.6,52.3714478705273,4.62272452350821,1,Haarlem,NL
Amsterdam,Amsterdam_T1,02:00:00:c6:5f:ac,2026-09-01 22:27:50,14.7,52.371608,4.62487800000002,5,Haarlem,NL
Amsterdam,Amsterdam_T1,02:00:00:3a:2a:c8,2026-09-01 22:36:20,14.1,52.37427,4.6192017,1,Haarlem,NL
Amsterdam,Amsterdam_T1,02:00:00:83:b1:9e,2026-09-01 22:33:18,15.5,52.381217,4.641662,3,Haarlem,NL
Amsterdam,Amsterdam_T1,02:00:00:90:b9:a6,2026-09-01 22:33:36,16.0,52.3803,4.6422,2,Haarlem,NL
Amsterdam,Amsterdam_T1,02:00:00:33:d2:64,2026-09-01 22:31:59,16.4,52.3809272917764,4.64569719847814,1,Haarlem,NL
Amsterdam,Amsterdam_T1,02:00:00:bd:02:30,2026-09-01 22:34:09,17.0,52.378145,4.670558,1,Haarlem,NL
Amsterdam,Amsterdam_T1,02:00:00:27:b4:36,2026-09-01 22:34:04,18.5,52.3779792785645,4.7358570098877,0,Haarlemmermeer,NL
Amsterdam,Amsterdam_T1,02:00:00:27:4b:10,2026-09-01 22:37:13,17.5,52.37942,4.744301,0,Haarlemmermeer,NL
Amsterdam,Amsterdam_T1,02:00:00:1e:21:d8,2026-09-01 22:36:45,15.9,52.3836936950684,4.60500431060791,3,Haarlem,NL
Amsterdam,Amsterdam_T1,02:00:00:3f:4b:00,2026-09-01 22:35:20,16.7,52.3919181,4.6090654,10,Bloemendaal,NL
Amsterdam,Amsterdam_T1,02:00:00:90:90:54,2026-09-01 22:32:19,15.0,52.3920090859054,4.61050858570127,4,Overveen,NL
Amsterdam,Amsterdam_T1,02:00:00:ab:e0:5c,2026-09-01 22:28:58,16.9,52.382743416844,4.62757179341502,3,Haarlem,NL
Amsterdam,Amsterdam_T1,02:00:00:36:97:c0,2026-09-01 22:32:58,16.5,52.384901,4.618702,2,Haarlem,NL
Amsterdam,Amsterdam_T1,02:00:00:6b:2a:8e,2026-09-01 22:29:20,17.2,52.383527,4.626926,4,Haarlem,NL
Amsterdam,Amsterdam_T1,02:00:00:a4:29:1a,2026-09-01 22:28:32,14.6,52.39233,4.64477999999999,2,Haarlem,NL
Amsterdam,Amsterdam_T1,02:00:00:19:12:9e,2026-09-01 22:28:13,15.7,52.395697,4.646471,2,Haarlem,NL
Amsterdam,Amsterdam_T1,02:00:00:29:68:b8,2026-09-01 22:35:19,16.4,52.396323,4.647771,1,Haarlem,NL
Amsterdam,Amsterdam_T1,02:00:00:03:70:e8,2026-09-01 22:35:39,15.3,52.383225,4.726661,0,Zwanenburg,NL
Amsterdam,Amsterdam_T1,02:00:00:a2:6a:14,2026-09-01 22:33:23,13.5,52.383301,4.758271,4,Halfweg,NL
Amsterdam,Amsterdam_T1,02:00:00:13:52:76,2026-09-01 22:26:49,15.2,52.3991470336914,4.62305593490601,2,Bloemendaal,NL
Amsterdam,Amsterdam_T1,02:00:00:c5:40:ea,2026-09-01 22:33:07,16.1,52.400092,4.623392,4,Bloemendaal,NL
Amsterdam,Amsterdam_T1,02:00:00:83:f0:02,2026-09-01 22:26:55,15.0,52.405965,4.631168,2,Haarlem,NL
Amsterdam,Amsterdam_T1,02:00:00:65:6b:94,2026-09-01 22:28:33,16.4,52.406331,4.652223,0,Haarlem,NL
Amsterdam,Amsterdam_T1,02:00:00:1c:67:e6,2026-09-01 22:36:00,17.5,52.416089,4.628222,3,Santpoort-Zuid,NL
Amsterdam,Amsterdam_T1,02:00:00:7f:be:68,2026-09-01 22:30:34,14.0,52.424201965332,4.62889003753662,9,Velsen,NL
Amsterdam,Amsterdam_T1,02:00:00:5e:d7:a8,2026-09-01 22:29:14,15.9,52.424377,4.633687,9,Santpoort-Zuid,NL
Amsterdam,Amsterdam_T1,02:00:00:2f:2c:10,2026-09-01 22:31:55,13.5,52.4139580938156,4.64802011595694,0,Haarlem,NL
Amsterdam,Amsterdam_T1,02:00:00:a2:0a:b0,2026-09-01 22:30:26,15.6,52.418751,4.6510605,1,Haarlem,NL
Amsterdam,Amsterdam_T1,02:00:00:b9:1c:8a,2026-09-01 22:35:51,14.9,52.4189992,4.65495759999998,0,Haarlem,NL
Amsterdam,Amsterdam_T1,02:00:00:be:06:98,2026-09-01 22:30:09,15.3,52.4134979248047,4.68100881576538,0,Haarlem,NL
Amsterdam,Amsterdam_T1,02:00:00:90:b7:14,2026-09-01 22:36:17,15.6,52.41832,4.681472,0,Velserbroek,NL
Amsterdam,Amsterdam_T1,02:00:00:c6:18:2a,2026-09-01 22:28:20,15.0,52.41549,4.690098,0,Spaarndam,NL
Amsterdam,Amsterdam_T1,02:00:00:03:cf:ae,2026-09-01 22:28:59,15.4,52.430961,4.626516,7,Santpoort-Noord,NL
Amsterdam,Amsterdam_T1,02:00:00:a2:25:f2,2026-09-01 22:33:28,13.7,52.430885,4.633629,5,Santpoort-Noord,NL
Amsterdam,Amsterdam_T1,02:00:00:6b:54:fc,2026-09-01 22:34:06,13.6,52.43138,4.637592,7,Santpoort-Noord,NL
Amsterdam,Amsterdam_T1,02:00:00:1f:64:4e,2026-09-01 22:34:00,15.4,52.430948,4.651523,0,Velserbroek,NL
Amsterdam,Amsterdam_T1,02:00:00:34:06:e2,2026-09-01 22:35:29,17.2,52.43278,4.654448,3,Velserbroek,NL
Amsterdam,Amsterdam_T1,02:00:00:b5:b6:ae,2026-09-01 22:33:42,18.4,52.4339768,4.6563109,1,Velsen,NL
Amsterdam,Amsterdam_T1,02:00:00:ab:ec:c4,2026-09-01 22:29:45,15.5,52.4282927,4.6653309,0,Velserbroek,NL
Amsterdam,Amsterdam_T1,02:00:00:bd:ec:92,2026-09-01 22:35:34,16.5,52.4288634,4.67031360000004,0,Velserbroek,NL
Amsterdam,Amsterdam_T1,02:00:00:b5:4b:32,2026-09-01 22:28:16,18.4,52.4319432,4.78043320000006,0,Westzaan,NL
Amsterdam,Amsterdam_T1,02:00:00:b2:aa:ac,2026-09-01 22:35:58,16.2,52.448609,4.590747,10,IJmuiden,NL
Amsterdam,Amsterdam_T1,02:00:00:a2:3b:be,2026-09-01 22:35:53,17.5,52.442508,4.632853,5,Driehuis NH,NL
Amsterdam,Amsterdam_T1,02:00:00:7f:98:e4,2026-09-01 22:32:37,16.2,52.4443464,4.6335944,7,Driehuis NH,NL
Amsterdam,Amsterdam_T1,02:00:00:a9:65:06,2026-09-01 22:33:32,16.0,52.4453624156696,4.63662952934719,6,Driehuis NH,NL
Amsterdam,Amsterdam_T1,02:00:00:9c:fa:06,2026-09-01 22:35:38,16.9,52.4489951330939,4.64108121865961,6,Driehuis NH,NL
Amsterdam,Amsterdam_T1,02:00:00:b5:93:86,2026-09-01 22:30:44,14.7,52.443132,4.68768400000007,0,Velsen-Zuid,NL
Amsterdam,Amsterdam_T1,02:00:00:c2:48:08,2026-09-01 22:28:15,19.6,52.462179,4.59518099999997,12,IJmuiden,NL
Amsterdam,Amsterdam_T1,02:00:00:37:27:c4,2026-09-01 22:35:06,19.4,52.462665,4.602491,9,IJmuiden,NL
Amsterdam,Amsterdam_T1,02:00:00:6b:9c:56,2026-09-01 22:27:49,16.8,52.4615355374391,4.62213646156055,7,IJmuiden,NL
Amsterdam,Amsterdam_T1,02:00:00:33:ff:50,2026-09-01 22:30:44,22.6,52.47222,4.64417,3,Velsen-Noord,NL
Amsterdam,Amsterdam_T1,02:00:00:73:c3:3e,2026-09-01 22:32:30,16.0,52.469413,4.748364,0,Assendelft,NL
Amsterdam,Amsterdam_T1,02:00:00:a2:60:a8,2026-09-01 22:33:46,16.2,52.4727440027025,4.74969940572919,0,Assendelft,NL
Amsterdam,Amsterdam_T1,02:00:00:9d:10:20,2026-09-01 22:36:03,14.7,52.4824444122797,4.75732270451103,0,Assendelft,NL
Amsterdam,Amsterdam_T2,02:00:00:b9:1a:3c,2026-09-01 22:30:51,13.9,52.493042,5.07125,0,Volendam,NL
Amsterdam,Amsterdam_T2,02:00:00:bd:f1:80,2026-09-01 22:30:22,14.8,52.5039741486075,5.06583976745605,0,Edam-Volendam,NL
Amsterdam,Amsterdam_T2,02:00:00:2d:00:08,2026-09-01 22:36:36,16.2,52.510217,5.066857,0,Edam,NL
Amsterdam,Amsterdam_T2,02:00:00:02:84:24,2026-09-01 22:33:21,16.1,52.509309,5.07155,0,Volendam,NL
Amsterdam,Amsterdam_T2,02:00:00:84:41:96,2026-09-01 22:33:07,14.0,52.511852,5.075232,0,Volendam,NL
Amsterdam,Amsterdam_T2,02:00:00:84:70:bc,2026-09-01 22:28:25,14.5,52.513283,5.074401,0,Volendam,NL
Amsterdam,Amsterdam_T2,02:00:00:84:70:a2,2026-09-01 22:29:38,17.5,52.515296,5.065298,0,Edam,NL
Amsterdam,Amsterdam_T2,02:00:00:a9:d4:76,2026-09-01 22:36:40,14.3,52.636438,5.157458,0,Wijdenes,NL
Amsterdam,Amsterdam_T2,02:00:00:65:41:36,2026-09-01 22:35:34,15.4,52.640045,5.064139,3,Hoorn,NL
Amsterdam,Amsterdam_T2,02:00:00:3f:02:7a,2026-09-01 22:30:46,13.6,52.646076,5.07353,1,Hoorn,NL
Amsterdam,Amsterdam_T2,02:00:00:2f:35:a2,2026-09-01 22:31:51,14.6,52.6429770416675,5.077702583676,0,Hoorn,NL
Amsterdam,Amsterdam_T2,02:00:00:65:84:72,2026-09-01 22:35:05,15.9,52.6471319,5.0887278,0,Hoorn,NL
Amsterdam,Amsterdam_T2,02:00:00:b5:76:28,2026-09-01 22:36:15,15.2,52.652831,5.100056,0,Hoorn,NL
Amsterdam,Amsterdam_T2,02:00:00:a4:46:b6,2026-09-01 22:35:07,15.0,52.6502217971321,5.10892945225223,0,Hoorn,NL
Amsterdam,Amsterdam_T2,02:00:00:12:fe:e4,2026-09-01 22:32:26,15.5,52.3113794,5.15152499999999,3,Gooise Meren,NL
Amsterdam,Amsterdam_T2,02:00:00:29:43:f2,2026-09-01 22:35:05,17.1,52.313681,5.148801,6,Naarden,NL
Amsterdam,Amsterdam_T2,02:00:00:8d:c2:62,2026-09-01 22:31:35,15.5,52.3290573,5.06640220000001,2,Muiden,NL
Amsterdam,Amsterdam_T2,02:00:00:32:d5:be,2026-09-01 22:34:20,16.0,52.329636,5.070703,1,Muiden,NL
Amsterdam,Amsterdam_T2,02:00:00:a9:a8:50,2026-09-01 22:31:57,14.4,52.328905,5.119063,4,Muiderberg,NL
Amsterdam,Amsterdam_T2,02:00:00:90:d2:d0,2026-09-01 22:28:14,14.9,52.326425,5.12370000000006,4,Muiderberg,NL
Amsterdam,Amsterdam_T2,02:00:00:ab:ea:9e,2026-09-01 22:28:33,14.8,52.326316,5.126179,3,Muiderberg,NL
Amsterdam,Amsterdam_T2,02:00:00:36:e2:78,2026-09-01 22:33:28,18.0,52.3371049,5.1901735,0,Almere,NL
Amsterdam,Amsterdam_T2,02:00:00:2b:f1:24,2026-09-01 22:29:24,17.1,52.3379513,5.19054610000001,0,Almere,NL
Amsterdam,Amsterdam_T2,02:00:00:90:ac:fe,2026-09-01 22:35:13,17.3,52.338809,5.200362,0,Almere,NL
Amsterdam,Amsterdam_T2,02:00:00:9d:29:10,2026-09-01 22:27:42,15.9,52.337369,5.21375,0,Almere,NL
Amsterdam,Amsterdam_T2,02:00:00:31:dc:12,2026-09-01 22:36:32,16.5,52.334232157563,5.23541811712221,0,Almere,NL
Amsterdam,Amsterdam_T2,02:00:00:53:23:2a,2026-09-01 22:35:55,15.4,52.3393783027795,5.30971791315298,0,Almere,NL
Amsterdam,Amsterdam_T2,02:00:00:b8:f6:48,2026-09-01 22:36:18,17.5,52.3406143188477,5.20010089874268,0,Almere,NL
Amsterdam,Amsterdam_T2,02:00:00:2c:c4:84,2026-09-01 22:29:42,15.3,52.3477676,5.2148857,0,Almere,NL
Amsterdam,Amsterdam_T2,02:00:00:31:c8:80,2026-09-01 22:35:15,13.5,52.347752,5.226271,0,Almere,NL
Amsterdam,Amsterdam_T2,02:00:00:3f:3f:c2,2026-09-01 22:32:39,14.0,52.343591,5.300593,0,Almere,NL
Amsterdam,Amsterdam_T2,02:00:00:a9:4b:e8,2026-09-01 22:33:53,17.0,52.341175,5.302236,0,Almere,NL
Amsterdam,Amsterdam_T2,02:00:00:c3:74:e2,2026-09-01 22:30:55,16.9,52.339954,5.30997100000004,0,Almere,NL
Amsterdam,Amsterdam_T2,02:00:00:a2:74:d6,2026-09-01 22:34:43,14.3,52.3410034179688,5.32753562927246,0,Almere,NL
Amsterdam,Amsterdam_T2,02:00:00:83:bd:82,2026-09-01 22:36:43,16.6,52.355964,5.150352,0,Almere,NL
Amsterdam,Amsterdam_T2,02:00:00:20:a9:28,2026-09-01 22:33:08,15.9,52.3552207946777,5.15794372558594,0,Almere,NL
Amsterdam,Amsterdam_T2,02:00:00:bd:f3:22,2026-09-01 22:30:46,17.5,52.3556832426708,5.17759948959218,0,Almere,NL
Amsterdam,Amsterdam_T2,02:00:00:53:27:88,2026-09-01 22:36:28,16.5,52.3599,5.18,0,Almere,NL
Amsterdam,Amsterdam_T2,02:00:00:7f:8b:a0,2026-09-01 22:34:21,14.6,52.356455,5.190885,0,Almere,NL
Amsterdam,Amsterdam_T2,02:00:00:b0:ae:d8,2026-09-01 22:27:21,13.9,52.360618,5.200786,0,Almere,NL
Amsterdam,Amsterdam_T2,02:00:00:06:11:d6,2026-09-01 22:34:58,16.3,52.3658206,5.2116575,0,Almere,NL
Amsterdam,Amsterdam_T2,02:00:00:a9:dd:34,2026-09-01 22:33:18,15.8,52.3663002,5.2148177,0,Almere,NL
Amsterdam,Amsterdam_T2,02:00:00:74:2f:a0,2026-09-01 22:31:47,14.6,52.361122,5.240015,0,Almere,NL
Amsterdam,Amsterdam_T2,02:00:00:33:e0:2c,2026-09-01 22:26:40,15.5,52.36486,5.240825,0,Almere,NL
Amsterdam,Amsterdam_T2,02:00:00:33:c7:d4,2026-09-01 22:36:30,15.6,52.360932,5.246658,0,Almere,NL
Amsterdam,Amsterdam_T2,02:00:00:65:51:8c,2026-09-01 22:29:38,16.5,52.361416,5.254412,0,Almere,NL
Amsterdam,Amsterdam_T2,02:00:00:27:5a:b2,2026-09-01 22:32:19,16.1,52.362427,5.25434,0,Almere,NL
Amsterdam,Amsterdam_T2,02:00:00:9d:00:80,2026-09-01 22:33:49,17.0,52.367319,5.260293,0,Almere,NL
Amsterdam,Amsterdam_T2,02:00:00:74:32:de,2026-09-01 22:35:59,15.2,52.355048,5.27963999999998,0,Almere,NL
Amsterdam,Amsterdam_T2,02:00:00:c5:43:2c,2026-09-01 22:32:55,14.0,52.357934,5.287744,0,Almere,NL
Amsterdam,Amsterdam_T2,02:00:00:b2:a4:f6,2026-09-01 22:36:12,14.4,52.356743,5.305346,0,Almere,NL
Amsterdam,Amsterdam_T2,02:00:00:7f:d9:58,2026-09-01 22:29:52,13.7,52.35486,5.306933,0,Almere,NL
Amsterdam,Amsterdam_T2,02:00:00:b9:58:8a,2026-09-01 22:31:54,14.8,52.357433,5.307289,0,Almere,NL
Amsterdam,Amsterdam_T2,02:00:00:5f:42:be,2026-09-01 22:27:54,16.9,52.372133,5.184493,0,Almere,NL
Amsterdam,Amsterdam_T2,02:00:00:bc:b5:26,2026-09-01 22:30:22,15.0,52.370647,5.189115,0,Almere,NL
Amsterdam,Amsterdam_T2,02:00:00:28:aa:08,2026-09-01 22:34:03,15.8,52.3726348876953,5.18710041046143,0,Almere,NL
Amsterdam,Amsterdam_T2,02:00:00:70:55:78,2026-09-01 22:30:38,17.3,52.368492,5.219494,0,Almere,NL
Amsterdam,Amsterdam_T2,02:00:00:53:48:18,2026-09-01 22:28:46,16.3,52.37066,5.233283,0,Almere,NL
Amsterdam,Amsterdam_T2,02:00:00:b9:1a:4e,2026-09-01 22:35:58,16.8,52.3704528808594,5.23384428024292,0,Almere,NL
Amsterdam,Amsterdam_T2,02:00:00:00:2e:ae,2026-09-01 22:35:04,15.2,52.38126,5.24338,0,Almere,NL
Amsterdam,Amsterdam_T2,02:00:00:b5:6d:e8,2026-09-01 22:31:37,15.2,52.374999,5.254935,0,Almere,NL
Amsterdam,Amsterdam_T2,02:00:00:63:38:56,2026-09-01 22:32:35,15.1,52.380046,5.256249,0,Almere,NL
Amsterdam,Amsterdam_T2,02:00:00:73:c6:2e,2026-09-01 22:32:38,15.7,52.380726,5.257692,0,Almere,NL
Amsterdam,Amsterdam_T2,02:00:00:03:7c:78,2026-09-01 22:28:27,15.2,52.391575,5.177948,0,Almere,NL
Amsterdam,Amsterdam_T2,02:00:00:53:5c:9c,2026-09-01 22:36:39,16.0,52.3900854363991,5.20024865531923,0,Almere,NL
Amsterdam,Amsterdam_T2,02:00:00:9b:58:5a,2026-09-01 22:29:23,17.2,52.393024667432,5.2090859413147,0,Almere,NL
Amsterdam,Amsterdam_T2,02:00:00:84:5a:ae,2026-09-01 22:33:01,15.4,52.3883,5.224379,0,Almere,NL
Amsterdam,Amsterdam_T2,02:00:00:c2:33:06,2026-09-01 22:32:46,15.5,52.3873443603516,5.22509145736694,0,Almere,NL
Amsterdam,Amsterdam_T2,02:00:00:a4:6d:b2,2026-09-01 22:30:10,14.3,52.388077,5.240579,0,Almere,NL
Amsterdam,Amsterdam_T2,02:00:00:b9:5a:5a,2026-09-01 22:37:00,15.2,52.3845863342285,5.24989986419678,0,Almere,NL
Amsterdam,Amsterdam_T2,02:00:00:71:39:5a,2026-09-01 22:32:39,16.2,52.382745,5.266322,0,Almere,NL
Amsterdam,Amsterdam_T2,02:00:00:7f:9e:de,2026-09-01 22:28:39,14.7,52.384025,5.25010500000001,0,Almere,NL
Amsterdam,Amsterdam_T2,02:00:00:58:e1:26,2026-09-01 22:27:43,15.0,52.384533,5.252609,0,Almere,NL
Amsterdam,Amsterdam_T2,02:00:00:3d:1b:4c,2026-09-01 22:34:37,15.4,52.3837937593531,5.27678767891788,0,Almere,NL
Amsterdam,Amsterdam_T2,02:00:00:bd:e8:f0,2026-09-01 22:32:35,16.0,52.3959675,5.3090496,0,Almere,NL
Amsterdam,Amsterdam_T2,02:00:00:1f:4f:22,2026-09-01 22:27:27,16.7,52.3979296375149,5.16967981825021,0,Almere,NL
Amsterdam,Amsterdam_T2,02:00:00:33:21:aa,2026-09-01 22:27:16,14.1,52.3975487,5.25251060000002,0,Almere,NL
Amsterdam,Amsterdam_T2,02:00:00:83:e8:7e,2026-09-01 22:34:00,13.7,52.397284,5.254051,0,Almere,NL
Amsterdam,Amsterdam_T2,02:00:00:65:44:b2,2026-09-01 22:34:36,13.9,52.4001681563975,5.27203023477341,0,Almere,NL
Amsterdam,Amsterdam_T2,02:00:00:b2:ba:be,2026-09-01 22:35:19,16.0,52.3992347717285,5.2774977684021,0,Almere,NL
Amsterdam,Amsterdam_T2,02:00:00:9c:dc:e4,2026-09-01 22:34:04,14.6,52.400918,5.274714,0,Almere,NL
Amsterdam,Amsterdam_T2,02:00:00:03:cb:e8,2026-09-01 22:27:52,15.0,52.404926,5.287006,0,Almere,NL
Amsterdam,Amsterdam_T2,02:00:00:7a:83:18,2026-09-01 22:27:26,17.0,52.397218,5.30246,0,Almere,NL
Amsterdam,Amsterdam_T2,02:00:00:c2:45:22,2026-09-01 22:26:44,16.5,52.40461,5.301997,0,Almere,NL
Amsterdam,Amsterdam_T2,02:00:00:12:9c:64,2026-09-01 22:36:54,16.4,52.398632,5.308742,0,Almere,NL
Amsterdam,Amsterdam_T2,02:00:00:7f:d3:7a,2026-09-01 22:36:48,15.8,52.3993820578264,5.32481566205385,0,Almere,NL
Amsterdam,Amsterdam_T2,02:00:00:74:7c:9e,2026-09-01 22:34:56,13.0,52.414947,5.280712,0,Almere,NL
Amsterdam,Amsterdam_T2,02:00:00:a9:d3:92,2026-09-01 22:30:23,15.7,52.430297,5.077604,0,Uitdam,NL
Amsterdam,Amsterdam_T2,02:00:00:7f:b2:de,2026-09-01 22:35:38,16.9,52.457411,5.102286,1,Marken,NL
Amsterdam,Amsterdam_T2,02:00:00:ab:e9:c0,2026-09-01 22:27:03,14.7,52.456592,5.107932,0,Marken,NL
Amsterdam,Amsterdam_T2,02:00:00:58:e6:76,2026-09-01 22:35:33,17.2,52.460474,5.102583,1,Marken,NL
Amsterdam,Amsterdam_T3,02:00:00:b5:b2:22,2026-09-01 22:32:13,14.5,52.180305,4.866178,0,Wilnis,NL
Amsterdam,Amsterdam_T3,02:00:00:b9:1f:00,2026-09-01 22:35:00,13.3,52.1843654615619,4.8412770498544,0,Mijdrecht,NL
Amsterdam,Amsterdam_T3,02:00:00:9c:de:20,2026-09-01 22:34:04,15.6,52.1958658,4.86264180000002,0,Mijdrecht,NL
Amsterdam,Amsterdam_T3,02:00:00:5f:44:8a,2026-09-01 22:36:31,15.3,52.1946220397949,4.864089012146,0,De Ronde Venen,NL
Amsterdam,Amsterdam_T3,02:00:00:39:f9:dc,2026-09-01 22:36:38,14.7,52.202356,4.852284,0,Mijdrecht,NL
Amsterdam,Amsterdam_T3,02:00:00:c2:8b:66,2026-09-01 22:36:02,16.8,52.2024134198857,4.86232912167743,0,De Ronde Venen,NL
Amsterdam,Amsterdam_T3,02:00:00:64:f2:e6,2026-09-01 22:32:49,15.3,52.202097,4.867608,0,Mijdrecht,NL
Amsterdam,Amsterdam_T3,02:00:00:c3:8b:28,2026-09-01 22:36:00,14.6,52.204623,4.888187,0,Wilnis,NL
Amsterdam,Amsterdam_T3,02:00:00:5e:d8:5c,2026-09-01 22:36:57,18.0,52.1964,4.8915,0,Wilnis,NL
Amsterdam,Amsterdam_T3,02:00:00:c5:42:aa,2026-09-01 22:29:23,14.7,52.2054895,4.89128179999998,0,Wilnis,NL
Amsterdam,Amsterdam_T3,02:00:00:59:08:9a,2026-09-01 22:36:54,17.8,52.206286,4.920018,0,Vinkeveen,NL
Amsterdam,Amsterdam_T3,02:00:00:05:ef:2e,2026-09-01 22:30:40,16.6,52.212317,4.861425,0,De Ronde Venen,NL
Amsterdam,Amsterdam_T3,02:00:00:bd:eb:2a,2026-09-01 22:33:15,14.5,52.2142662937636,4.86259564698173,0,De Ronde Venen,NL
Amsterdam,Amsterdam_T3,02:00:00:83:9c:f6,2026-09-01 22:34:31,13.3,52.214242,4.868094,0,Mijdrecht,NL
Amsterdam,Amsterdam_T3,02:00:00:c3:91:d0,2026-09-01 22:35:21,15.5,52.236612,4.807596,0,Uithoorn,NL
Amsterdam,Amsterdam_T3,02:00:00:7f:d0:c6,2026-09-01 22:35:46,14.1,52.234147,4.812691,0,Uithoorn,NL
Amsterdam,Amsterdam_T3,02:00:00:a4:24:e0,2026-09-01 22:35:41,16.6,52.238764,4.819495,0,Uithoorn,NL
Amsterdam,Amsterdam_T3,02:00:00:2d:08:dc,2026-09-01 22:36:22,13.4,52.232,4.8319,0,Amstelhoek,NL
Amsterdam,Amsterdam_T3,02:00:00:13:79:76,2026-09-01 22:33:12,13.7,52.233425,4.833803,4,Uithoorn,NL
Amsterdam,Amsterdam_T3,02:00:00:c2:87:00,2026-09-01 22:37:08,15.8,52.238525,4.967143,0,Vinkeveen,NL
Amsterdam,Amsterdam_T3,02:00:00:32:c6:08,2026-09-01 22:29:20,15.9,52.2411689758301,4.79375600814819,0,Uithoorn,NL
Amsterdam,Amsterdam_T3,02:00:00:58:75:48,2026-09-01 22:30:19,13.6,52.249742,4.801575,0,Uithoorn,NL
Amsterdam,Amsterdam_T3,02:00:00:31:ee:90,2026-09-01 22:32:32,16.0,52.2430443,4.81080739999993,0,Uithoorn,NL
Amsterdam,Amsterdam_T3,02:00:00:c2:3d:10,2026-09-01 22:36:03,14.2,52.2475852966309,4.80956983566284,0,Uithoorn,NL
Amsterdam,Amsterdam_T3,02:00:00:52:ea:00,2026-09-01 22:27:49,15.7,52.2513635184711,4.82396519849737,0,Uithoorn,NL
Amsterdam,Amsterdam_T3,02:00:00:af:23:1a,2026-09-01 22:34:09,18.6,52.24463,4.83123,0,Uithoorn,NL
Amsterdam,Amsterdam_T3,02:00:00:1c:81:58,2026-09-01 22:27:27,17.6,52.247325,4.836755,0,Uithoorn,NL
Amsterdam,Amsterdam_T3,02:00:00:a9:69:f8,2026-09-01 22:32:26,16.9,52.249231,4.963806,0,Vinkeveen,NL
Amsterdam,Amsterdam_T3,02:00:00:90:96:08,2026-09-01 22:29:38,15.5,52.25234,4.956786,0,Vinkeveen,NL
Amsterdam,Amsterdam_T3,02:00:00:a4:6b:32,2026-09-01 22:28:06,15.3,52.25339,4.959288,0,Vinkeveen,NL
Amsterdam,Amsterdam_T3,02:00:00:65:62:cc,2026-09-01 22:34:02,17.6,52.23966,4.972592,0,Vinkeveen,NL
Amsterdam,Amsterdam_T3,02:00:00:2e:95:68,2026-09-01 22:35:44,15.4,52.242711,5.04575,0,Vreeland,NL
Amsterdam,Amsterdam_T3,02:00:00:a4:37:4a,2026-09-01 22:32:41,13.6,52.2536454,5.04736049999997,0,Nederhorst den Berg,NL
Amsterdam,Amsterdam_T3,02:00:00:b8:ea:a2,2026-09-01 22:31:35,17.3,52.2659683227539,4.97129917144775,0,Abcoude,NL
Amsterdam,Amsterdam_T3,02:00:00:29:47:02,2026-09-01 22:31:21,16.3,52.2751,4.7914,0,Aalsmeer,NL
Amsterdam,Amsterdam_T3,02:00:00:7b:04:06,2026-09-01 22:27:33,17.5,52.277422,4.794365,0,Aalsmeer,NL
Amsterdam,Amsterdam_T3,02:00:00:52:f7:46,2026-09-01 22:30:25,16.2,52.279845,4.799226,0,Aalsmeer,NL
Amsterdam,Amsterdam_T3,02:00:00:65:54:ae,2026-09-01 22:33:17,16.2,52.275087,4.819074,0,,NL
Amsterdam,Amsterdam_T3,02:00:00:a9:b5:5c,2026-09-01 22:28:58,17.3,52.279322,4.819633,0,Amstelveen,NL
Amsterdam,Amsterdam_T3,02:00:00:be:03:0e,2026-09-01 22:27:36,14.4,52.274248205101,4.82432551307332,0,Amstelveen,NL
Amsterdam,Amsterdam_T3,02:00:00:b5:b6:fe,2026-09-01 22:31:28,16.3,52.2803576108898,4.83137900000014,0,Amstelveen,NL
Amsterdam,Amsterdam_T3,02:00:00:a9:e0:be,2026-09-01 22:36:14,13.7,52.276607,4.835382,0,Amstelveen,NL
Amsterdam,Amsterdam_T3,02:00:00:2b:50:5e,2026-09-01 22:35:44,15.6,52.2791747,4.84435499999995,0,Amstelveen,NL
Amsterdam,Amsterdam_T3,02:00:00:64:38:08,2026-09-01 22:27:59,15.9,52.277126,4.855131,0,Amstelveen,NL
Amsterdam,Amsterdam_T3,02:00:00:b5:20:34,2026-09-01 22:35:40,18.9,52.270742,4.881992,0,Ouderkerk aan de Amstel,NL
Amsterdam,Amsterdam_T3,02:00:00:2a:d6:7a,2026-09-01 22:34:27,16.7,52.2696126098744,4.96684000945569,0,De Ronde Venen,NL
Amsterdam,Amsterdam_T3,02:00:00:28:78:00,2026-09-01 22:33:33,19.0,52.284613,4.828821,0,Amstelveen,NL
Amsterdam,Amsterdam_T3,02:00:00:bd:f9:58,2026-09-01 22:28:51,17.7,52.283669,4.847141,0,Amstelveen,NL
Amsterdam,Amsterdam_T3,02:00:00:ab:f2:a6,2026-09-01 22:34:15,14.9,52.2952,4.8398,0,Amstelveen,NL
Amsterdam,Amsterdam_T3,02:00:00:1d:e4:b2,2026-09-01 22:36:04,17.8,52.2832132669251,4.85250011221136,0,Amstelveen,NL
Amsterdam,Amsterdam_T3,02:00:00:b5:0c:6c,2026-09-01 22:31:06,16.9,52.29291,4.862722,0,Amstelveen,NL
Amsterdam,Amsterdam_T3,02:00:00:7f:c0:3a,2026-09-01 22:27:21,16.9,52.291911,4.864234,0,Amstelveen,NL
Amsterdam,Amsterdam_T3,02:00:00:01:9c:20,2026-09-01 22:09:50,15.1,52.290428,4.906343,4,Ouder-Amstel,NL
Amsterdam,Amsterdam_T3,02:00:00:58:bb:aa,2026-09-01 22:34:56,14.9,52.291399,4.906819,0,Ouder-Amstel,NL
Amsterdam,Amsterdam_T3,02:00:00:bd:fa:d8,2026-09-01 22:32:28,14.7,52.2940673828125,4.90632486343384,0,Ouder-Amstel,NL
Amsterdam,Amsterdam_T3,02:00:00:bd:bf:ee,2026-09-01 22:36:23,13.8,52.293971,4.969643,0,Amsterdam,NL
Amsterdam,Amsterdam_T3,02:00:00:a9:e1:5c,2026-09-01 22:36:55,13.8,52.2913856506348,4.98309993743896,0,Amsterdam,NL
Amsterdam,Amsterdam_T3,02:00:00:70:5c:6e,2026-09-01 22:29:10,14.8,52.295512,4.99334,1,Amsterdam,NL
Amsterdam,Amsterdam_T3,02:00:00:84:4f:60,2026-09-01 22:32:23,14.6,52.308615,4.846179,0,Amstelveen,NL
Amsterdam,Amsterdam_T3,02:00:00:63:12:64,2026-09-01 22:28:53,15.2,52.3035226248921,4.85305577851774,0,Amstelveen,NL
Amsterdam,Amsterdam_T3,02:00:00:00:c8:ee,2026-09-01 22:28:09,15.8,52.3100964,4.85365419999994,0,Amstelveen,NL
Amsterdam,Amsterdam_T3,02:00:00:b2:bb:b6,2026-09-01 22:27:39,17.2,52.3053878161142,4.85834112407841,0,Amstelveen,NL
Amsterdam,Amsterdam_T3,02:00:00:31:b5:52,2026-09-01 22:34:08,20.0,52.3018417358398,4.87595748901367,0,Amstelveen,NL
Amsterdam,Amsterdam_T3,02:00:00:2b:42:8e,2026-09-01 22:36:26,14.6,52.2987889273546,4.90443549467524,0,Ouderkerk aan de Amstel,NL
Amsterdam,Amsterdam_T3,02:00:00:01:3d:1e,2026-09-01 22:27:44,16.9,52.3109,4.9453,2,Amsterdam,NL
Amsterdam,Amsterdam_T3,02:00:00:53:58:44,2026-09-01 22:32:06,16.0,52.30087,4.959429,0,Amsterdam,NL
Amsterdam,Amsterdam_T3,02:00:00:63:1b:64,2026-09-01 22:35:13,16.1,52.303522,4.968488,0,Amsterdam,NL
Amsterdam,Amsterdam_T3,02:00:00:bd:d6:82,2026-09-01 22:35:33,16.5,52.2994499206543,4.97056102752686,0,Amsterdam,NL
Amsterdam,Amsterdam_T3,02:00:00:b5:98:ba,2026-09-01 22:37:08,15.9,52.2985992431641,4.97279977798462,1,Amsterdam,NL
Amsterdam,Amsterdam_T3,02:00:00:03:b8:62,2026-09-01 22:27:10,19.9,52.3082015,4.98595279999995,1,Amsterdam,NL
Amsterdam,Amsterdam_T3,02:00:00:3b:fd:5e,2026-09-01 22:37:05,16.4,52.306607,5.037148,5,Weesp,NL
Amsterdam,Amsterdam_T3,02:00:00:52:c5:f0,2026-09-01 22:35:02,16.3,52.307868,5.043293,5,Weesp,NL
Amsterdam,Amsterdam_T3,02:00:00:27:3c:e2,2026-09-01 22:33:37,15.4,52.310264,5.052901,1,Weesp,NL
Amsterdam,Amsterdam_T3,02:00:00:5f:35:68,2026-09-01 22:34:56,15.2,52.149227142334,4.50348806381226,2,Leiden,NL
Amsterdam,Amsterdam_T3,02:00:00:c5:38:26,2026-09-01 22:28:04,16.9,52.141874,4.512709,0,Zoeterwoude,NL
Amsterdam,Amsterdam_T3,02:00:00:01:42:9e,2026-09-01 22:31:18,16.7,52.140906,4.534202,1,Zoeterwoude,NL
Amsterdam,Amsterdam_T3,02:00:00:02:77:5e,2026-09-01 22:29:39,18.8,52.1448411184345,4.52764477723822,0,Leiderdorp,NL
Amsterdam,Amsterdam_T3,02:00:00:71:18:6c,2026-09-01 22:30:56,17.6,52.149816,4.527551,0,Leiderdorp,NL
Amsterdam,Amsterdam_T3,02:00:00:a9:52:dc,2026-09-01 22:33:25,15.7,52.1443095,4.6508122,0,Alphen aan den Rijn,NL
Amsterdam,Amsterdam_T3,02:00:00:90:f7:7a,2026-09-01 22:29:19,15.4,52.146214,4.6518717,0,Alphen aan den Rijn,NL
Amsterdam,Amsterdam_T3,02:00:00:b0:9c:78,2026-09-01 22:32:01,15.2,52.145522,4.657015,0,Alphen aan den Rijn,NL
Amsterdam,Amsterdam_T3,02:00:00:01:6c:1c,2026-09-01 22:30:37,15.7,52.1399723999613,4.67088000000008,0,Alphen aan den Rijn,NL
Amsterdam,Amsterdam_T3,02:00:00:74:7a:b2,2026-09-01 22:35:42,15.5,52.141687,4.666902,0,Alphen aan den Rijn,NL
Amsterdam,Amsterdam_T3,02:00:00:b5:b1:54,2026-09-01 22:37:30,16.1,52.1509846,4.6664651,0,Alphen aan den Rijn,NL
Amsterdam,Amsterdam_T3,02:00:00:33:d1:80,2026-09-01 22:32:29,15.9,52.142567,4.728438,0,Aarlanderveen,NL
Amsterdam,Amsterdam_T3,02:00:00:28:8f:36,2026-09-01 22:31:30,14.8,52.146449,4.7686720000001,0,Nieuwkoop,NL
Amsterdam,Amsterdam_T3,02:00:00:12:cc:52,2026-09-01 22:33:31,15.4,52.147432,4.76853900000003,0,Nieuwkoop,NL
Amsterdam,Amsterdam_T3,02:00:00:1c:67:98,2026-09-01 22:30:57,16.3,52.1479934127346,4.77060892023442,0,Nieuwkoop,NL
Amsterdam,Amsterdam_T3,02:00:00:3e:e0:9a,2026-09-01 22:36:52,17.5,52.161192,4.50144,1,Leiden,NL
Amsterdam,Amsterdam_T3,02:00:00:83:9d:d8,2026-09-01 22:36:59,15.8,52.1586889351553,4.50260069020393,1,Leiden,NL
Amsterdam,Amsterdam_T3,02:00:00:b9:40:8e,2026-09-01 22:35:20,16.1,52.160327911377,4.50235891342163,2,Leiden,NL
Amsterdam,Amsterdam_T3,02:00:00:64:26:78,2026-09-01 22:32:37,18.0,52.162522,4.533056,7,Leiderdorp,NL
Amsterdam,Amsterdam_T3,02:00:00:af:50:1c,2026-09-01 22:32:25,18.4,52.1666831970215,4.53444862365723,1,Leiderdorp,NL
Amsterdam,Amsterdam_T3,02:00:00:c3:98:2c,2026-09-01 22:30:30,18.2,52.1666831970215,4.53444862365723,1,Leiderdorp,NL
Amsterdam,Amsterdam_T3,02:00:00:02:be:00,2026-09-01 22:30:03,15.7,52.1533851623535,4.65606546401978,0,Alphen aan den Rijn,NL
Amsterdam,Amsterdam_T3,02:00:00:c3:aa:00,2026-09-01 22:34:37,15.9,52.1534423828125,4.65705013275146,0,Alphen aan den Rijn,NL
Amsterdam,Amsterdam_T3,02:00:00:29:78:6e,2026-09-01 22:32:04,17.9,52.154164,4.65799200000001,0,Alphen aan den Rijn,NL
Amsterdam,Amsterdam_T3,02:00:00:27:28:d6,2026-09-01 22:28:32,15.1,52.163754,4.727356,0,Ter Aar,NL
Amsterdam,Amsterdam_T3,02:00:00:a4:29:7c,2026-09-01 22:27:17,16.8,52.1643447875977,4.72910165786743,0,Ter Aar,NL
Amsterdam,Amsterdam_T3,02:00:00:a9:80:3a,2026-09-01 22:36:01,17.4,52.1757382786811,4.51585644675129,1,Leiden,NL
Amsterdam,Amsterdam_T3,02:00:00:5f:42:c2,2026-09-01 22:30:23,16.3,52.1707484020713,4.53269621650751,0,Leiderdorp,NL
Amsterdam,Amsterdam_T3,02:00:00:14:4a:52,2026-09-01 22:35:57,17.9,52.171636,4.5371,0,Leiderdorp,NL
Amsterdam,Amsterdam_T3,02:00:00:8d:e5:8a,2026-09-01 22:32:32,16.4,52.171246,4.539693,0,Leiderdorp,NL
Amsterdam,Amsterdam_T3,02:00:00:b9:65:4e,2026-09-01 22:35:07,15.5,52.177334,4.595655,0,Hoogmade,NL
Amsterdam,Amsterdam_T3,02:00:00:5f:61:f8,2026-09-01 22:34:14,16.9,52.17337,4.6298833,0,Woubrugge,NL
Amsterdam,Amsterdam_T3,02:00:00:17:c1:e0,2026-09-01 22:32:13,17.0,52.16938,4.634362,0,Woubrugge,NL
Amsterdam,Amsterdam_T3,02:00:00:5f:3c:9e,2026-09-01 22:33:22,16.6,52.1824479,4.5021493,1,Leiden,NL
Amsterdam,Amsterdam_T3,02:00:00:a4:5b:ca,2026-09-01 22:24:25,14.5,52.190566,4.503065,0,Warmond,NL
Amsterdam,Amsterdam_T3,02:00:00:bd:ba:86,2026-09-01 22:29:54,16.1,52.182112,4.506149,1,Leiden,NL
Amsterdam,Amsterdam_T3,02:00:00:3f:52:44,2026-09-01 22:31:32,14.4,52.193246,4.544332,0,Teylingen,NL
Amsterdam,Amsterdam_T3,02:00:00:64:2a:32,2026-09-01 22:35:43,16.7,52.1872722,4.6977901,0,Kaag en Braassem,NL
Amsterdam,Amsterdam_T3,02:00:00:03:64:d6,2026-09-01 22:34:08,16.5,52.194439,4.705226,0,Ter Aar,NL
Amsterdam,Amsterdam_T3,02:00:00:3f:45:ee,2026-09-01 22:33:16,16.9,52.194508,4.753052,0,Nieuwkoop,NL
Amsterdam,Amsterdam_T3,02:00:00:7f:8b:fe,2026-09-01 22:27:03,14.0,52.190956,4.7552314,0,Nieuwveen,NL
Amsterdam,Amsterdam_T3,02:00:00:9d:0f:ac,2026-09-01 22:37:15,15.4,52.193178,4.754738,0,Nieuwveen,NL
Amsterdam,Amsterdam_T3,02:00:00:1b:29:e6,2026-09-01 22:30:55,13.9,52.185545,4.776855,0,Zevenhoven,NL
Amsterdam,Amsterdam_T3,02:00:00:64:35:be,2026-09-01 22:29:46,17.2,52.205606,4.616234,0,Kaag en Braassem,NL
Amsterdam,Amsterdam_T3,02:00:00:a9:67:8e,2026-09-01 22:32:49,19.9,52.196881,4.630811,0,Roelofarendsveen,NL
Amsterdam,Amsterdam_T3,02:00:00:b4:ee:24,2026-09-01 22:28:21,22.0,52.200526,4.63337600000008,0,Roelofarendsveen,NL
Amsterdam,Amsterdam_T3,02:00:00:63:10:34,2026-09-01 22:32:32,15.6,52.197176,4.711405,0,Nieuwkoop,NL
Amsterdam,Amsterdam_T3,02:00:00:37:28:16,2026-09-01 22:30:25,15.3,52.199941,4.759428,0,Nieuwveen,NL
Amsterdam,Amsterdam_T3,02:00:00:b9:14:aa,2026-09-01 22:29:24,15.2,52.220093,4.506084,0,Sassenheim,NL
Amsterdam,Amsterdam_T3,02:00:00:73:cb:f4,2026-09-01 22:34:38,15.5,52.219608,4.506889,0,Sassenheim,NL
Amsterdam,Amsterdam_T3,02:00:00:31:c7:b6,2026-09-01 22:35:33,17.4,52.2243288,4.52245489999996,1,Teylingen,NL
Amsterdam,Amsterdam_T3,02:00:00:7f:d6:6a,2026-09-01 22:34:44,16.4,52.22341,4.530361,1,Sassenheim,NL
Amsterdam,Amsterdam_T3,02:00:00:84:02:9e,2026-09-01 22:33:24,15.6,52.216465,4.558161,0,Kaag,NL
Amsterdam,Amsterdam_T3,02:00:00:83:ac:ee,2026-09-01 22:35:20,17.1,52.214876,4.645154,0,Oude Wetering,NL
Amsterdam,Amsterdam_T3,02:00:00:70:40:80,2026-09-01 22:35:04,16.2,52.225735,4.501063,0,Voorhout,NL
Amsterdam,Amsterdam_T3,02:00:00:58:f7:34,2026-09-01 22:33:08,20.9,52.2273134539933,4.68486487480471,0,Aalsmeer,NL
Amsterdam,Amsterdam_T3,02:00:00:ab:e3:e0,2026-09-01 22:34:27,15.8,52.2331181,4.75635320000001,0,Aalsmeer,NL
Amsterdam,Amsterdam_T3,02:00:00:52:ea:f0,2026-09-01 22:31:26,15.9,52.233768,4.756648,0,Aalsmeer,NL
Amsterdam,Amsterdam_T3,02:00:00:c2:89:3c,2026-09-01 22:30:49,14.7,52.237688,4.755142,0,Aalsmeer,NL
Amsterdam,Amsterdam_T3,02:00:00:63:07:c8,2026-09-01 22:36:03,16.9,52.240259,4.54156,0,Lisse,NL
Amsterdam,Amsterdam_T3,02:00:00:05:f8:0e,2026-09-01 22:27:05,18.2,52.241284,4.560116,0,Lisse,NL
Amsterdam,Amsterdam_T3,02:00:00:02:39:6c,2026-09-01 22:31:42,16.9,52.243684,4.560772,0,Lisse,NL
Amsterdam,Amsterdam_T3,02:00:00:b9:53:f0,2026-09-01 22:27:47,15.3,52.2532806396484,4.55268144607544,1,Lisse,NL
Amsterdam,Amsterdam_T3,02:00:00:9b:5b:10,2026-09-01 22:31:11,14.9,52.2406594049526,4.7535080909729,0,Aalsmeer,NL
Amsterdam,Amsterdam_T3,02:00:00:a9:ab:9a,2026-09-01 22:36:31,17.3,52.258763,4.500574,1,Noordwijk,NL
Amsterdam,Amsterdam_T3,02:00:00:b2:b6:8e,2026-09-01 22:34:17,15.3,52.257173,4.547704,1,Lisse,NL
Amsterdam,Amsterdam_T3,02:00:00:5f:5c:b0,2026-09-01 22:33:35,16.1,52.2589063,4.55015320000004,0,Lisse,NL
Amsterdam,Amsterdam_T3,02:00:00:31:c6:dc,2026-09-01 22:32:01,15.1,52.2542,4.5608,0,Lisse,NL
Amsterdam,Amsterdam_T3,02:00:00:1e:0c:6c,2026-09-01 22:29:30,17.2,52.254381,4.574299,0,Lisserbroek,NL
Amsterdam,Amsterdam_T3,02:00:00:04:69:d0,2026-09-01 22:35:21,15.9,52.2678816139251,4.60520267486572,0,Nieuw-Vennep,NL
Amsterdam,Amsterdam_T3,02:00:00:be:01:54,2026-09-01 22:35:56,17.5,52.263414,4.616771,0,Haarlemmermeer,NL
Amsterdam,Amsterdam_T3,02:00:00:27:3f:3a,2026-09-01 22:36:10,16.9,52.266596,4.614364,0,Haarlemmermeer,NL
Amsterdam,Amsterdam_T3,02:00:00:04:91:16,2026-09-01 22:27:26,16.2,52.2679929198165,4.63278969460699,0,Haarlemmermeer,NL
Amsterdam,Amsterdam_T3,02:00:00:ab:d3:c0,2026-09-01 22:30:44,16.2,52.262134,4.641842,0,Nieuw-Vennep,NL
Amsterdam,Amsterdam_T3,02:00:00:c2:2e:68,2026-09-01 22:31:53,15.4,52.257818,4.705748,0,Rijsenhout,NL
Amsterdam,Amsterdam_T3,02:00:00:2c:8f:94,2026-09-01 22:32:50,16.0,52.2557,4.7136,1,Rijsenhout,NL
Amsterdam,Amsterdam_T3,02:00:00:a9:d2:88,2026-09-01 22:28:54,15.6,52.2617816302565,4.7177267074585,0,Rijsenhout,NL
Amsterdam,Amsterdam_T3,02:00:00:00:45:7a,2026-09-01 22:35:20,16.9,52.2604978021127,4.72876241421723,1,Aalsmeer,NL
Amsterdam,Amsterdam_T3,02:00:00:27:7c:82,2026-09-01 22:33:52,17.6,52.26433,4.749465,2,Aalsmeer,NL
Amsterdam,Amsterdam_T3,02:00:00:b5:06:8c,2026-09-01 22:30:32,16.8,52.2593561,4.76086150000002,0,Aalsmeer,NL
Amsterdam,Amsterdam_T3,02:00:00:70:50:ec,2026-09-01 22:31:50,14.9,52.28026,4.58363999999996,1,Hillegom,NL
Amsterdam,Amsterdam_T3,02:00:00:36:a1:5e,2026-09-01 22:27:15,15.5,52.272289276123,4.61073160171509,0,Haarlemmermeer,NL
Amsterdam,Amsterdam_T3,02:00:00:c5:41:0e,2026-09-01 22:29:44,15.3,52.268771,4.614682,0,Haarlemmermeer,NL
Amsterdam,Amsterdam_T3,02:00:00:05:f6:da,2026-09-01 22:36:10,15.9,52.2694883,4.6143998,0,Haarlemmermeer,NL
Amsterdam,Amsterdam_T3,02:00:00:b5:33:50,2026-09-01 22:27:46,15.6,52.272833,4.62205300000007,0,Nieuw-Vennep,NL
Amsterdam,Amsterdam_T3,02:00:00:28:8c:16,2026-09-01 22:33:10,17.4,52.2701110839844,4.62496519088745,0,Haarlemmermeer,NL
Amsterdam,Amsterdam_T3,02:00:00:7a:eb:e8,2026-09-01 22:30:43,17.8,52.2695265,4.6269616,0,Nieuw-Vennep,NL
Amsterdam,Amsterdam_T3,02:00:00:70:5b:08,2026-09-01 22:33:01,15.2,52.2704520230828,4.64109063148504,0,Nieuw-Vennep,NL
Amsterdam,Amsterdam_T3,02:00:00:27:87:a6,2026-09-01 22:33:35,18.6,52.271603,4.747902,1,Aalsmeer,NL
Amsterdam,Amsterdam_T3,02:00:00:bd:c1:d8,2026-09-01 22:27:41,17.6,52.2719283892474,4.75864973891189,2,Aalsmeer,NL
Amsterdam,Amsterdam_T3,02:00:00:7f:99:2a,2026-09-01 22:27:28,16.5,52.284849,4.505254,2,Noordwijk,NL
Amsterdam,Amsterdam_T3,02:00:00:bd:d4:56,2026-09-01 22:35:44,16.9,52.282842,4.573196,1,Hillegom,NL
Amsterdam,Amsterdam_T3,02:00:00:a9:9a:c0,2026-09-01 22:29:42,16.3,52.2850256671856,4.57413466944628,0,Hillegom,NL
Amsterdam,Amsterdam_T3,02:00:00:ab:e4:7a,2026-09-01 22:37:32,16.9,52.288833,4.575956,1,Hillegom,NL
Amsterdam,Amsterdam_T3,02:00:00:90:64:a4,2026-09-01 22:35:28,17.4,52.29021,4.658809,0,Hoofddorp,NL
Amsterdam,Amsterdam_T3,02:00:00:31:ea:fc,2026-09-01 22:29:43,16.1,52.292435,4.660293,0,Hoofddorp,NL
Amsterdam,Amsterdam_T3,02:00:00:b5:4b:12,2026-09-01 22:34:13,16.1,52.29117,4.661851,0,Hoofddorp,NL
Amsterdam,Amsterdam_T3,02:00:00:2a:f2:9a,2026-09-01 22:27:58,17.7,52.2955085,4.665574,0,Haarlemmermeer,NL
Amsterdam,Amsterdam_T3,02:00:00:7a:fc:64,2026-09-01 22:34:11,16.2,52.2958984375,4.66769981384277,0,Haarlemmermeer,NL
Amsterdam,Amsterdam_T3,02:00:00:1e:01:86,2026-09-01 22:34:44,15.2,52.2942651400619,4.69299365114933,0,Haarlemmermeer,NL
Amsterdam,Amsterdam_T3,02:00:00:84:a3:4e,2026-09-01 22:30:54,16.4,52.2966613769531,4.69120836257935,0,Hoofddorp,NL
Amsterdam,Amsterdam_T3,02:00:00:c2:81:f2,2026-09-01 22:34:30,19.1,52.2832,4.7521,0,Schiphol,NL
Amsterdam,Amsterdam_T3,02:00:00:bd:c9:0e,2026-09-01 22:32:51,16.6,52.303827,4.54746,0,Noordwijk,NL
Amsterdam,Amsterdam_T3,02:00:00:90:ae:fa,2026-09-01 22:33:57,17.3,52.3039033,4.54748825,0,Noordwijk,NL
Amsterdam,Amsterdam_T3,02:00:00:13:20:e6,2026-09-01 22:24:25,18.4,52.301301,4.57108,1,Hillegom,NL
Amsterdam,Amsterdam_T3,02:00:00:c3:9a:a4,2026-09-01 22:37:00,16.4,52.299727,4.580897,2,Hillegom,NL
Amsterdam,Amsterdam_T3,02:00:00:a2:09:b8,2026-09-01 22:30:55,16.8,52.298534,4.582844,4,Hillegom,NL
Amsterdam,Amsterdam_T3,02:00:00:af:71:90,2026-09-01 22:36:56,17.4,52.3017578125,4.63483810424805,0,Haarlemmermeer,NL
Amsterdam,Amsterdam_T3,02:00:00:8d:d9:14,2026-09-01 22:34:35,17.4,52.309243,4.63066,0,Hoofddorp,NL
Amsterdam,Amsterdam_T3,02:00:00:c3:7e:da,2026-09-01 22:26:55,15.6,52.298948,4.64121,0,Hoofddorp,NL
Amsterdam,Amsterdam_T3,02:00:00:63:18:fc,2026-09-01 22:31:50,16.5,52.305736,4.659493,0,Hoofddorp,NL
Amsterdam,Amsterdam_T3,02:00:00:01:cc:ce,2026-09-01 22:35:18,16.1,52.297203,4.664856,0,Hoofddorp,NL
Amsterdam,Amsterdam_T3,02:00:00:b5:16:b8,2026-09-01 22:35:23,15.9,52.2970073,4.6658259,0,Hoofddorp,NL
Amsterdam,Amsterdam_T3,02:00:00:9d:0f:26,2026-09-01 22:30:36,17.3,52.3032026,4.67342200000001,0,Hoofddorp,NL
Amsterdam,Amsterdam_T3,02:00:00:03:d6:30,2026-09-01 22:28:53,17.7,52.3030514321702,4.68862533498523,0,Hoofddorp,NL
Amsterdam,Amsterdam_T3,02:00:00:2f:12:b0,2026-09-01 22:28:52,17.5,52.3060853,4.69070409999995,0,Haarlemmermeer,NL
Amsterdam,Amsterdam_T3,02:00:00:33:e1:a0,2026-09-01 22:29:54,16.0,52.297694,4.697439,0,Hoofddorp,NL
Rotterdam,Rotterdam_T3,02:00:00:7f:98:b0,2026-09-01 22:31:15,15.3,51.793851,4.277562,0,Goudswaard,NL
Rotterdam,Rotterdam_T3,02:00:00:84:01:f4,2026-09-01 22:32:06,15.9,51.795956,4.316063,0,Piershil,NL
Rotterdam,Rotterdam_T3,02:00:00:a4:53:38,2026-09-01 22:34:23,15.5,51.8061561584473,4.34367895126343,0,Nieuw-Beijerland,NL
Rotterdam,Rotterdam_T3,02:00:00:2e:c2:56,2026-09-01 22:34:47,14.8,51.803969,4.38881000000001,0,Hoeksche Waard,NL
Rotterdam,Rotterdam_T3,02:00:00:70:24:c0,2026-09-01 22:28:04,16.3,51.79538,4.47853999999995,0,Hoeksche Waard,NL
Rotterdam,Rotterdam_T3,02:00:00:8d:cf:32,2026-09-01 22:31:38,15.5,51.7989258,4.48003469999999,1,Mijnsheerenland,NL
Rotterdam,Rotterdam_T3,02:00:00:73:f0:94,2026-09-01 22:28:15,15.9,51.817669,4.261111,0,Zuidland,NL
Rotterdam,Rotterdam_T3,02:00:00:28:8d:44,2026-09-01 22:36:49,16.8,51.810977,4.339071,1,Nieuw-Beijerland,NL
Rotterdam,Rotterdam_T3,02:00:00:17:f3:8c,2026-09-01 22:35:07,18.2,51.813893,4.338688,0,Hoeksche Waard,NL
Rotterdam,Rotterdam_T3,02:00:00:12:63:46,2026-09-01 22:33:04,15.1,51.816084,4.404314,0,Oud-Beijerland,NL
Rotterdam,Rotterdam_T3,02:00:00:7f:ca:72,2026-09-01 22:29:11,15.2,51.819852,4.403548,1,Oud-Beijerland,NL
Rotterdam,Rotterdam_T3,02:00:00:19:32:0a,2026-09-01 22:30:46,16.4,51.8201,4.4265,0,Oud-Beijerland,NL
Rotterdam,Rotterdam_T3,02:00:00:1d:ee:0c,2026-09-01 22:33:06,16.2,51.814618,4.431096,0,Hoeksche Waard,NL
Rotterdam,Rotterdam_T3,02:00:00:b0:a7:c6,2026-09-01 22:30:13,16.2,51.8194923400879,4.42992401123047,0,Oud-Beijerland,NL
Rotterdam,Rotterdam_T3,02:00:00:05:81:48,2026-09-01 22:33:36,15.4,51.816030433457,4.43710327148438,0,Hoeksche Waard,NL
Rotterdam,Rotterdam_T3,02:00:00:52:d6:1c,2026-09-01 22:31:59,16.9,51.8273166908673,4.24860230421604,0,Nissewaard,NL
Rotterdam,Rotterdam_T3,02:00:00:7b:02:ea,2026-09-01 22:31:30,17.6,51.8268,4.24961,0,Zuidland,NL
Rotterdam,Rotterdam_T3,02:00:00:c6:18:06,2026-09-01 22:35:55,16.2,51.82763,4.25183,0,Zuidland,NL
Rotterdam,Rotterdam_T3,02:00:00:12:ed:2e,2026-09-01 22:34:49,15.7,51.832122,4.281581,0,Simonshaven,NL
Rotterdam,Rotterdam_T3,02:00:00:bc:cb:30,2026-09-01 22:29:54,14.2,51.833767,4.297901,0,Simonshaven,NL
Rotterdam,Rotterdam_T3,02:00:00:2e:be:70,2026-09-01 22:28:23,16.4,51.828405,4.320218,0,Nissewaard,NL
Rotterdam,Rotterdam_T3,02:00:00:83:80:70,2026-09-01 22:34:40,16.8,51.828982,4.321931,0,Spijkenisse,NL
Rotterdam,Rotterdam_T3,02:00:00:b2:c5:16,2026-09-01 22:34:20,17.0,51.833293,4.327577,0,Spijkenisse,NL
Rotterdam,Rotterdam_T3,02:00:00:1c:5d:d8,2026-09-01 22:31:55,15.4,51.831596,4.34732,0,Spijkenisse,NL
Rotterdam,Rotterdam_T3,02:00:00:74:30:f8,2026-09-01 22:28:17,15.4,51.83397,4.33733000000001,0,Spijkenisse,NL
Rotterdam,Rotterdam_T3,02:00:00:33:d1:48,2026-09-01 22:32:48,15.8,51.835362,4.340818,0,Spijkenisse,NL
Rotterdam,Rotterdam_T3,02:00:00:a2:45:50,2026-09-01 22:35:42,16.0,51.833564,4.369612,0,Spijkenisse,NL
Rotterdam,Rotterdam_T3,02:00:00:8d:ce:38,2026-09-01 22:36:20,16.5,51.833848,4.370394,0,Spijkenisse,NL
Rotterdam,Rotterdam_T3,02:00:00:b9:1f:9e,2026-09-01 22:27:51,15.9,51.826743,4.418683,2,Oud-Beijerland,NL
Rotterdam,Rotterdam_T3,02:00:00:c2:4d:24,2026-09-01 22:33:16,15.8,51.826379,4.423903,1,Oud-Beijerland,NL
Rotterdam,Rotterdam_T3,02:00:00:13:34:20,2026-09-01 22:34:09,16.1,51.82759,4.424666,3,Oud-Beijerland,NL
Rotterdam,Rotterdam_T3,02:00:00:b0:92:a0,2026-09-01 22:33:47,16.5,51.825342,4.484375,0,Heinenoord,NL
Rotterdam,Rotterdam_T3,02:00:00:13:7c:72,2026-09-01 22:28:40,16.4,51.8485857,4.30565690000003,0,Nissewaard,NL
Rotterdam,Rotterdam_T3,02:00:00:90:af:46,2026-09-01 22:28:04,17.0,51.83904,4.319577,0,Spijkenisse,NL
Rotterdam,Rotterdam_T3,02:00:00:65:34:82,2026-09-01 22:17:22,16.9,51.8423805236816,4.31939363479614,0,Spijkenisse,NL
Rotterdam,Rotterdam_T3,02:00:00:53:16:f4,2026-09-01 22:32:04,16.1,51.8404577297484,4.32209551334381,0,Spijkenisse,NL
Rotterdam,Rotterdam_T3,02:00:00:7f:c0:78,2026-09-01 22:32:39,15.8,51.84996,4.3388395,0,Spijkenisse,NL
Rotterdam,Rotterdam_T3,02:00:00:a4:28:8e,2026-09-01 22:32:44,15.5,51.8376655578613,4.34094619750977,1,Spijkenisse,NL
Rotterdam,Rotterdam_T3,02:00:00:7a:77:68,2026-09-01 22:31:09,14.4,51.846795,4.341356,1,Spijkenisse,NL
Rotterdam,Rotterdam_T3,02:00:00:2a:ee:60,2026-09-01 22:33:11,16.3,51.836635,4.368071,0,Nissewaard,NL
Rotterdam,Rotterdam_T3,02:00:00:8d:ca:84,2026-09-01 22:30:34,15.4,51.836617,4.371667,0,Spijkenisse,NL
Rotterdam,Rotterdam_T3,02:00:00:19:cc:80,2026-09-01 22:35:15,15.0,51.848418,4.374154,0,Hoogvliet,NL
Rotterdam,Rotterdam_T3,02:00:00:13:6b:d6,2026-09-01 22:28:13,14.7,51.848988,4.417614,0,Poortugaal,NL
Rotterdam,Rotterdam_T3,02:00:00:b5:0b:cc,2026-09-01 22:35:06,17.4,51.857194,4.316324,0,Spijkenisse,NL
Rotterdam,Rotterdam_T3,02:00:00:33:d1:ea,2026-09-01 22:33:24,17.1,51.8556159,4.3210062,0,Nissewaard,NL
Rotterdam,Rotterdam_T3,02:00:00:c2:3d:f0,2026-09-01 22:28:02,16.8,51.857305,4.324417,0,Spijkenisse,NL
Rotterdam,Rotterdam_T3,02:00:00:6b:34:e8,2026-09-01 22:35:19,18.4,51.853658,4.341445,9,Spijkenisse,NL
Rotterdam,Rotterdam_T3,02:00:00:96:c1:f0,2026-09-01 22:30:59,16.8,51.8526191711426,4.34237861633301,5,Spijkenisse,NL
Rotterdam,Rotterdam_T3,02:00:00:01:55:26,2026-09-01 22:32:26,15.0,51.85022,4.359375,0,Hoogvliet,NL
Rotterdam,Rotterdam_T3,02:00:00:5f:22:3e,2026-09-01 22:36:52,15.5,51.8544044494629,4.3646936416626,0,Rotterdam,NL
Rotterdam,Rotterdam_T3,02:00:00:83:df:7c,2026-09-01 22:29:50,14.4,51.852008,4.377223,1,Hoogvliet,NL
Rotterdam,Rotterdam_T3,02:00:00:bc:d0:3e,2026-09-01 22:28:54,14.9,51.858581,4.392577,0,Poortugaal,NL
Rotterdam,Rotterdam_T3,02:00:00:bc:e1:0c,2026-09-01 22:33:55,16.9,51.8635694,4.39623120000001,0,Poortugaal,NL
Rotterdam,Rotterdam_T3,02:00:00:01:05:d0,2026-09-01 22:30:23,16.0,51.851921,4.423444,0,Rhoon,NL
Rotterdam,Rotterdam_T3,02:00:00:84:84:1e,2026-09-01 22:34:49,18.3,51.858887,4.421957,0,Rhoon,NL
Rotterdam,Rotterdam_T3,02:00:00:a2:5c:12,2026-09-01 22:37:08,16.4,51.8594623479853,4.42698154071272,0,Rhoon,NL
Rotterdam,Rotterdam_T3,02:00:00:be:05:6e,2026-09-01 22:28:00,16.7,51.8548644,4.436762,0,Rhoon,NL
Rotterdam,Rotterdam_T3,02:00:00:a2:32:24,2026-09-01 22:28:29,17.5,51.857958,4.432325,0,Rhoon,NL
Rotterdam,Rotterdam_T3,02:00:00:02:c7:50,2026-09-01 22:33:11,17.9,51.856688,4.472128,0,Rhoon,NL
Rotterdam,Rotterdam_T3,02:00:00:63:0e:a4,2026-09-01 22:33:05,18.9,51.8575608827219,4.47265219690053,0,Albrandswaard,NL
Rotterdam,Rotterdam_T3,02:00:00:b5:a9:6a,2026-09-01 22:28:57,16.7,51.851735,4.484146,0,Albrandswaard,NL
Rotterdam,Rotterdam_T3,02:00:00:2e:ff:9e,2026-09-01 22:28:41,16.3,51.8538824575246,4.48517918586731,0,Barendrecht,NL
Rotterdam,Rotterdam_T3,02:00:00:03:74:d0,2026-09-01 22:33:31,17.1,51.8517608642578,4.49835109710693,0,Barendrecht,NL
Rotterdam,Rotterdam_T3,02:00:00:bd:e9:04,2026-09-01 22:34:50,17.1,51.866558,4.375568,0,Hoogvliet,NL
Rotterdam,Rotterdam_T3,02:00:00:01:01:b4,2026-09-01 22:33:19,18.5,51.8652629979766,4.39664993821385,0,Albrandswaard,NL
Rotterdam,Rotterdam_T3,02:00:00:a2:60:fc,2026-09-01 22:30:02,17.3,51.874794,4.466563,0,Rotterdam,NL
Rotterdam,Rotterdam_T3,02:00:00:3f:61:10,2026-09-01 22:34:09,17.2,51.8779278321971,4.49603729871197,6,Rotterdam,NL
Rotterdam,Rotterdam_T3,02:00:00:73:c0:3a,2026-09-01 22:35:29,16.5,51.887171,4.383392,0,Pernis,NL
Rotterdam,Rotterdam_T3,02:00:00:32:e7:f8,2026-09-01 22:31:55,16.0,51.892172,4.386614,3,Pernis,NL
Rotterdam,Rotterdam_T3,02:00:00:1f:7e:90,2026-09-01 22:36:41,15.7,51.8847667,4.4695263,0,Rotterdam,NL
Rotterdam,Rotterdam_T3,02:00:00:12:73:96,2026-09-01 22:33:35,16.9,51.890287,4.477402,2,Rotterdam,NL
Rotterdam,Rotterdam_T3,02:00:00:c3:9b:aa,2026-09-01 22:33:36,18.6,51.888355255127,4.49187803268433,6,Rotterdam,NL
Rotterdam,Rotterdam_T3,02:00:00:c2:33:4e,2026-09-01 22:28:44,15.8,51.907263,4.232915,1,Rozenburg,NL
Rotterdam,Rotterdam_T3,02:00:00:02:d9:74,2026-09-01 22:34:17,16.0,51.9018321151561,4.23758983612055,2,Rozenburg,NL
Rotterdam,Rotterdam_T3,02:00:00:27:7d:68,2026-09-01 22:34:02,17.0,51.902208,4.248835,4,Rozenburg,NL
Rotterdam,Rotterdam_T3,02:00:00:37:27:ba,2026-09-01 22:32:49,18.6,51.906634,4.321553,0,Vlaardingen,NL
Rotterdam,Rotterdam_T3,02:00:00:63:17:f6,2026-09-01 22:35:54,18.0,51.902018,4.342717,3,Vlaardingen,NL
Rotterdam,Rotterdam_T3,02:00:00:74:32:c6,2026-09-01 22:28:09,16.7,51.904912,4.345329,3,Vlaardingen,NL
Rotterdam,Rotterdam_T3,02:00:00:a9:ce:0a,2026-09-01 22:30:41,17.6,51.907543182373,4.35149145126343,2,Vlaardingen,NL
Rotterdam,Rotterdam_T3,02:00:00:c2:45:d6,2026-09-01 22:31:54,17.2,51.905582,4.405567,0,Schiedam,NL
Rotterdam,Rotterdam_T3,02:00:00:9d:29:a2,2026-09-01 22:29:23,18.7,51.901312,4.458192,6,Rotterdam,NL
Rotterdam,Rotterdam_T3,02:00:00:53:3b:14,2026-09-01 22:29:49,17.8,51.902036,4.457739,3,Rotterdam,NL
Rotterdam,Rotterdam_T3,02:00:00:1f:6b:c0,2026-09-01 22:27:45,17.8,51.8992767333984,4.48442125320435,2,Rotterdam,NL
Rotterdam,Rotterdam_T3,02:00:00:2b:09:b6,2026-09-01 22:27:49,17.1,51.8965726546856,4.49371075471399,8,Rotterdam,NL
Rotterdam,Rotterdam_T3,02:00:00:2e:d8:56,2026-09-01 22:29:04,18.4,51.8945090023125,4.49689548713718,3,Rotterdam,NL
Rotterdam,Rotterdam_T3,02:00:00:3c:fa:c8,2026-09-01 22:36:58,16.6,51.911378,4.236979,2,Rotterdam,NL
Rotterdam,Rotterdam_T3,02:00:00:01:7c:12,2026-09-01 22:30:58,17.1,51.920774,4.237957,2,Maassluis,NL
Rotterdam,Rotterdam_T3,02:00:00:83:ef:60,2026-09-01 22:34:33,17.1,51.909076,4.242459,3,Rozenburg,NL
Rotterdam,Rotterdam_T3,02:00:00:1c:83:b4,2026-09-01 22:35:20,18.0,51.917847,4.260043,1,Maassluis,NL
Rotterdam,Rotterdam_T3,02:00:00:22:b8:ee,2026-09-01 22:31:40,17.6,51.9223338059402,4.26270663752473,0,Maassluis,NL
Rotterdam,Rotterdam_T3,02:00:00:12:a4:34,2026-09-01 22:32:33,18.6,51.909151,4.332132,2,Vlaardingen,NL
Rotterdam,Rotterdam_T3,02:00:00:74:5d:08,2026-09-01 22:30:15,18.0,51.912452208961,4.3338788262849,0,Vlaardingen,NL
Rotterdam,Rotterdam_T3,02:00:00:74:4a:40,2026-09-01 22:33:44,17.3,51.914186,4.332811,0,Vlaardingen,NL
Rotterdam,Rotterdam_T3,02:00:00:2b:20:2a,2026-09-01 22:34:21,16.7,51.9141002514251,4.33724462985993,1,Vlaardingen,NL
Rotterdam,Rotterdam_T3,02:00:00:02:a2:a6,2026-09-01 22:33:42,16.7,51.9088,4.3444,3,Vlaardingen,NL
Rotterdam,Rotterdam_T3,02:00:00:bd:0a:46,2026-09-01 22:34:50,16.6,51.909511,4.348642,4,Vlaardingen,NL
Rotterdam,Rotterdam_T3,02:00:00:58:c6:ce,2026-09-01 22:32:59,18.3,51.9178282,4.3598377,1,Vlaardingen,NL
Rotterdam,Rotterdam_T3,02:00:00:7f:be:10,2026-09-01 22:28:46,17.6,51.91672,4.3632045,2,Vlaardingen,NL
Rotterdam,Rotterdam_T3,02:00:00:53:5b:da,2026-09-01 22:28:50,18.3,51.908555,4.401612,2,Schiedam,NL
Rotterdam,Rotterdam_T3,02:00:00:c3:b2:62,2026-09-01 22:33:28,17.3,51.910435,4.399453,5,Schiedam,NL
Rotterdam,Rotterdam_T3,02:00:00:b9:1f:4a,2026-09-01 22:32:30,18.5,51.9213366779173,4.40755754480418,11,Schiedam,NL
Rotterdam,Rotterdam_T3,02:00:00:2a:f8:5e,2026-09-01 22:34:50,17.0,51.915024,4.4355793,9,Rotterdam,NL
Rotterdam,Rotterdam_T3,02:00:00:b5:80:32,2026-09-01 22:30:43,16.3,51.918558,4.449248,4,Rotterdam,NL
Rotterdam,Rotterdam_T3,02:00:00:96:ec:a8,2026-09-01 22:36:34,21.0,51.9101295471191,4.44982385635376,3,Rotterdam,NL
Rotterdam,Rotterdam_T3,02:00:00:a9:70:9e,2026-09-01 22:30:28,17.9,51.918565,4.454217,1,Rotterdam,NL
Rotterdam,Rotterdam_T3,02:00:00:84:0b:f4,2026-09-01 22:36:08,17.9,51.910764,4.459764,4,Rotterdam,NL
Rotterdam,Rotterdam_T3,02:00:00:33:2f:18,2026-09-01 22:27:59,18.8,51.911367,4.460016,4,Rotterdam,NL
Rotterdam,Rotterdam_T3,02:00:00:7f:8b:fa,2026-09-01 22:30:38,18.9,51.9101171296848,4.48145787979085,11,Rotterdam,NL
Rotterdam,Rotterdam_T3,02:00:00:73:c0:88,2026-09-01 22:35:51,19.0,51.910689441008,4.47889036604364,8,Rotterdam,NL
Rotterdam,Rotterdam_T3,02:00:00:b5:93:7c,2026-09-01 22:35:56,19.9,51.913771,4.481875,4,Rotterdam,NL
Rotterdam,Rotterdam_T3,02:00:00:8d:d1:ba,2026-09-01 22:33:21,17.7,51.9320212,4.2264977,3,Maassluis,NL
Rotterdam,Rotterdam_T3,02:00:00:52:d3:56,2026-09-01 22:30:38,16.8,51.929916,4.232157,4,Maassluis,NL
Rotterdam,Rotterdam_T3,02:00:00:b9:59:00,2026-09-01 22:27:08,17.1,51.92626,4.237906,4,Maassluis,NL
Rotterdam,Rotterdam_T3,02:00:00:b5:3d:e2,2026-09-01 22:28:02,18.7,51.9271297,4.2515983,1,Maassluis,NL
Rotterdam,Rotterdam_T3,02:00:00:5f:15:be,2026-09-01 22:36:00,17.9,51.930806,4.250148,4,Maassluis,NL
Rotterdam,Rotterdam_T3,02:00:00:05:ee:ae,2026-09-01 22:28:47,18.0,51.9231280630933,4.25827900739023,0,Maassluis,NL
Rotterdam,Rotterdam_T3,02:00:00:7f:94:b0,2026-09-01 22:33:38,16.2,51.931354,4.269027,0,Maasland,NL
Rotterdam,Rotterdam_T3,02:00:00:29:09:70,2026-09-01 22:33:39,15.5,51.932986,4.267365,1,Maasland,NL
Rotterdam,Rotterdam_T3,02:00:00:b5:74:1c,2026-09-01 22:28:22,15.8,51.93374,4.26775999999999,0,Maasland,NL
Rotterdam,Rotterdam_T3,02:00:00:bc:a8:9c,2026-09-01 22:35:11,17.6,51.931770324707,4.34035110473633,1,Vlaardingen,NL
Rotterdam,Rotterdam_T3,02:00:00:b5:a0:52,2026-09-01 22:29:39,17.1,51.927282,4.347004,0,Vlaardingen,NL
Rotterdam,Rotterdam_T3,02:00:00:36:d7:e4,2026-09-01 22:34:15,15.8,51.9296493530273,4.34874200820923,0,Vlaardingen,NL
Rotterdam,Rotterdam_T3,02:00:00:bc:d1:1c,2026-09-01 22:35:00,16.3,51.9350965,4.36687449999998,2,Schiedam,NL
Rotterdam,Rotterdam_T3,02:00:00:c6:23:6c,2026-09-01 22:28:34,16.8,51.934768,4.381632,0,Schiedam,NL
Rotterdam,Rotterdam_T3,02:00:00:b9:05:64,2026-09-01 22:33:20,17.6,51.936828,4.386344,0,Schiedam,NL
Rotterdam,Rotterdam_T3,02:00:00:96:ea:9e,2026-09-01 22:31:24,17.7,51.925392,4.39834,2,Schiedam,NL
Rotterdam,Rotterdam_T3,02:00:00:ab:cb:62,2026-09-01 22:28:41,15.0,51.930617,4.445321,0,Rotterdam,NL
Rotterdam,Rotterdam_T3,02:00:00:74:09:f2,2026-09-01 22:31:42,16.1,51.92814,4.456759,1,Rotterdam,NL
Rotterdam,Rotterdam_T3,02:00:00:28:6f:3e,2026-09-01 22:35:19,17.0,51.9340316,4.4594037,5,Rotterdam,NL
Rotterdam,Rotterdam_T3,02:00:00:02:c6:84,2026-09-01 22:32:56,18.4,51.926464,4.470126,3,Rotterdam,NL
Rotterdam,Rotterdam_T3,02:00:00:a9:49:dc,2026-09-01 22:33:03,17.8,51.9230452,4.48168170000002,3,Rotterdam,NL
Rotterdam,Rotterdam_T3,02:00:00:90:b7:5e,2026-09-01 22:27:55,18.8,51.92631,4.480658,2,Rotterdam,NL
Rotterdam,Rotterdam_T3,02:00:00:59:03:50,2026-09-01 22:34:14,21.4,51.930155,4.480721,3,Rotterdam,NL
Rotterdam,Rotterdam_T3,02:00:00:b9:1f:48,2026-09-01 22:27:55,16.3,51.939256,4.230721,1,Maassluis,NL
Rotterdam,Rotterdam_T3,02:00:00:84:0e:9e,2026-09-01 22:27:27,16.9,51.939707,4.230973,0,Maassluis,NL
Rotterdam,Rotterdam_T3,02:00:00:12:fb:ba,2026-09-01 22:29:53,16.5,51.941607,4.230965,2,Maassluis,NL
Rotterdam,Rotterdam_T3,02:00:00:b5:53:1c,2026-09-01 22:35:41,16.2,51.949414,4.270392,0,Maasland,NL
Rotterdam,Rotterdam_T3,02:00:00:c5:33:20,2026-09-01 22:29:25,15.8,51.940538,4.34364800000001,0,Vlaardingen,NL
Rotterdam,Rotterdam_T3,02:00:00:70:4d:76,2026-09-01 22:28:15,15.5,51.940698,4.344899,0,Vlaardingen,NL
Rotterdam,Rotterdam_T3,02:00:00:7f:d3:b4,2026-09-01 22:37:24,17.1,51.937524,4.359107,1,,NL
Rotterdam,Rotterdam_T3,02:00:00:b2:c3:a2,2026-09-01 22:27:03,16.0,51.9398735,4.37264590000001,0,Schiedam,NL
Rotterdam,Rotterdam_T3,02:00:00:bd:fb:70,2026-09-01 22:29:10,15.0,51.945864,4.366965,0,Schiedam,NL
Rotterdam,Rotterdam_T3,02:00:00:3a:10:aa,2026-09-01 22:34:35,15.6,51.943986,4.367671,0,Schiedam,NL
Rotterdam,Rotterdam_T3,02:00:00:04:6f:aa,2026-09-01 22:28:05,16.7,51.9441,4.3839,0,Schiedam,NL
Rotterdam,Rotterdam_T3,02:00:00:9c:d6:c8,2026-09-01 22:32:51,16.9,51.9391683837513,4.42066682686317,4,Rotterdam,NL
Rotterdam,Rotterdam_T3,02:00:00:96:bd:fa,2026-09-01 22:36:52,17.1,51.943919,4.426938,1,Rotterdam,NL
Rotterdam,Rotterdam_T3,02:00:00:7f:93:30,2026-09-01 22:36:01,16.0,51.937051,4.442832,0,Rotterdam,NL
Rotterdam,Rotterdam_T3,02:00:00:2b:02:62,2026-09-01 22:28:29,16.0,51.939917,4.448351,0,Rotterdam,NL
Rotterdam,Rotterdam_T3,02:00:00:70:34:90,2026-09-01 22:29:30,16.8,51.9450199999999,4.44205000000004,0,Rotterdam,NL
Rotterdam,Rotterdam_T3,02:00:00:00:b6:9a,2026-09-01 22:27:33,15.6,51.937,4.4602,0,Rotterdam,NL
Rotterdam,Rotterdam_T3,02:00:00:bd:e0:c8,2026-09-01 22:33:27,15.9,51.946104,4.46737,0,Rotterdam,NL
Rotterdam,Rotterdam_T3,02:00:00:af:8b:58,2026-09-01 22:36:40,17.1,51.9460220336914,4.47492647171021,0,Rotterdam,NL
Rotterdam,Rotterdam_T3,02:00:00:90:71:58,2026-09-01 22:34:13,15.9,51.93707,4.479222,3,Rotterdam,NL
Rotterdam,Rotterdam_T3,02:00:00:bc:e3:ec,2026-09-01 22:28:09,17.0,51.9374587797425,4.49468157586424,2,Rotterdam,NL
Rotterdam,Rotterdam_T3,02:00:00:bd:de:c6,2026-09-01 22:36:20,16.5,51.937429,4.495607,0,Rotterdam,NL
Rotterdam,Rotterdam_T3,02:00:00:17:e0:1e,2026-09-01 22:33:31,15.2,51.955246,4.314398,0,Maasland,NL
Rotterdam,Rotterdam_T3,02:00:00:a4:41:88,2026-09-01 22:33:21,15.9,51.955283,4.314406,0,Maasland,NL
Rotterdam,Rotterdam_T3,02:00:00:3f:16:82,2026-09-01 22:35:11,15.2,51.962066,4.395128,1,Rotterdam,NL
Rotterdam,Rotterdam_T3,02:00:00:65:28:6e,2026-09-01 22:33:49,17.1,51.95247,4.46971,0,Rotterdam,NL
Rotterdam,Rotterdam_T3,02:00:00:28:79:a0,2026-09-01 22:30:23,16.7,51.9583,4.4668,0,Rotterdam,NL
Rotterdam,Rotterdam_T3,02:00:00:64:27:f8,2026-09-01 22:33:04,15.5,51.9584323783367,4.46818939744298,0,Rotterdam,NL
Rotterdam,Rotterdam_T3,02:00:00:19:c2:10,2026-09-01 22:34:18,15.3,51.96346,4.48096700000011,0,Rotterdam,NL
Rotterdam,Rotterdam_T3,02:00:00:3f:0a:1a,2026-09-01 22:29:00,17.3,51.962139,4.484953,0,Rotterdam,NL
Rotterdam,Rotterdam_T3,02:00:00:65:85:b0,2026-09-01 22:33:31,15.6,51.958444,4.499749,-2,Hillegersberg,NL
Rotterdam,Rotterdam_T3,02:00:00:63:1a:22,2026-09-01 22:28:31,14.2,51.6236701089152,4.34694113409063,0,Steenbergen,NL
Rotterdam,Rotterdam_T3,02:00:00:c6:2c:46,2026-09-01 22:31:00,16.6,51.631416,4.372295,0,Dinteloord,NL
Rotterdam,Rotterdam_T3,02:00:00:20:b9:22,2026-09-01 22:29:28,16.8,51.6701335,4.4339254,0,Moerdijk,NL
Rotterdam,Rotterdam_T3,02:00:00:03:c6:e6,2026-09-01 22:31:22,15.7,51.67676,4.280786,1,Achthuizen,NL
Rotterdam,Rotterdam_T3,02:00:00:00:c0:58,2026-09-01 22:29:09,17.3,51.6819045,4.34173109999998,0,Ooltgensplaat,NL
Rotterdam,Rotterdam_T3,02:00:00:b4:fb:38,2026-09-01 22:27:43,17.2,51.681307,4.348927,0,Ooltgensplaat,NL
Rotterdam,Rotterdam_T3,02:00:00:b5:8b:d6,2026-09-01 22:30:44,17.4,51.6838863515784,4.44104789634028,0,Moerdijk,NL
Rotterdam,Rotterdam_T3,02:00:00:9c:f8:e2,2026-09-01 22:33:01,16.1,51.68679,4.445939,0,Helwijk,NL
Rotterdam,Rotterdam_T3,02:00:00:a9:e2:48,2026-09-01 22:28:02,15.1,51.701777,4.25903699999997,0,Den Bommel,NL
Rotterdam,Rotterdam_T3,02:00:00:7a:f8:86,2026-09-01 22:32:28,16.6,51.715689,4.281123,0,Den Bommel,NL
Rotterdam,Rotterdam_T3,02:00:00:a4:47:94,2026-09-01 22:34:32,15.0,51.728052,4.43449,0,Numansdorp,NL
Rotterdam,Rotterdam_T3,02:00:00:84:04:a0,2026-09-01 22:35:54,16.0,51.729639,4.443646,0,Numansdorp,NL
Rotterdam,Rotterdam_T3,02:00:00:ab:c1:52,2026-09-01 22:31:04,17.9,51.7272605895996,4.44469356536865,0,Numansdorp,NL
Rotterdam,Rotterdam_T3,02:00:00:a4:79:32,2026-09-01 22:36:51,17.8,51.7287788391113,4.4539942741394,0,Numansdorp,NL
Rotterdam,Rotterdam_T3,02:00:00:2f:24:58,2026-09-01 22:33:28,14.4,51.7388602,4.23624810000001,0,Goeree-Overflakkee,NL
Rotterdam,Rotterdam_T3,02:00:00:a2:1f:5c,2026-09-01 22:36:20,15.1,51.740426,4.44279,0,Numansdorp,NL
Rotterdam,Rotterdam_T3,02:00:00:65:49:fc,2026-09-01 22:34:40,14.9,51.741867,4.449701,0,Numansdorp,NL
Rotterdam,Rotterdam_T3,02:00:00:22:ea:64,2026-09-01 22:27:43,16.1,51.757101,4.293702,0,Goudswaard,NL
Rotterdam,Rotterdam_T3,02:00:00:64:1b:1e,2026-09-01 22:27:04,17.1,51.757112,4.343231,0,Zuid-Beijerland,NL
Rotterdam,Rotterdam_T3,02:00:00:b9:01:1c,2026-09-01 22:34:18,17.2,51.752419,4.373465,0,Zuid-Beijerland,NL
Rotterdam,Rotterdam_T3,02:00:00:7f:ba:0e,2026-09-01 22:33:43,17.7,51.753811,4.373477,0,Zuid-Beijerland,NL
Rotterdam,Rotterdam_T3,02:00:00:84:8d:94,2026-09-01 22:35:32,16.1,51.776696,4.324838,0,Zuid-Beijerland,NL
Rotterdam,Rotterdam_T3,02:00:00:bd:1c:46,2026-09-01 22:28:56,14.3,51.767225,4.471495,0,Klaaswaal,NL
Rotterdam,Rotterdam_T3,02:00:00:74:37:3c,2026-09-01 22:30:27,14.7,51.777489,4.487307,0,Strijen,NL
Rotterdam,Rotterdam_T3,02:00:00:64:24:5a,2026-09-01 22:32:07,15.0,51.791358,4.316241,0,Piershil,NL
Rotterdam,Rotterdam_T3,02:00:00:a9:e7:4c,2026-09-01 22:33:09,18.6,51.788367,4.337116,0,Piershil,NL
Rotterdam,Rotterdam_T3,02:00:00:ab:e4:a6,2026-09-01 22:30:43,17.5,51.781329,4.365849,0,Hoeksche Waard,NL
Rotterdam,Rotterdam_T3,02:00:00:c3:a9:14,2026-09-01 22:34:43,16.0,51.7901851790411,4.47175113435905,0,Westmaas,NL
Rotterdam,Rotterdam_T3,02:00:00:a9:ac:00,2026-09-01 22:29:16,17.4,51.788327,4.478044,0,Westmaas,NL
Rotterdam,Rotterdam_T4,02:00:00:c2:34:94,2026-09-01 22:37:16,16.9,51.799317,4.558534,0,Puttershoek,NL
Rotterdam,Rotterdam_T4,02:00:00:bc:ca:a8,2026-09-01 22:28:02,16.2,51.8065071105957,4.559166431427,0,Puttershoek,NL
Rotterdam,Rotterdam_T4,02:00:00:12:80:42,2026-09-01 22:28:45,16.6,51.8035,4.5663,1,Puttershoek,NL
Rotterdam,Rotterdam_T4,02:00:00:bd:01:b0,2026-09-01 22:27:46,15.8,51.800308,4.578861,0,Puttershoek,NL
Rotterdam,Rotterdam_T4,02:00:00:04:5a:0a,2026-09-01 22:33:44,16.8,51.8028144836426,4.57104921340942,0,Hoeksche Waard,NL
Rotterdam,Rotterdam_T4,02:00:00:70:37:fe,2026-09-01 22:30:56,17.3,51.801144,4.652298,1,Dordrecht,NL
Rotterdam,Rotterdam_T4,02:00:00:01:82:34,2026-09-01 22:33:24,16.4,51.801489,4.666023,0,Dordrecht,NL
Rotterdam,Rotterdam_T4,02:00:00:65:55:2c,2026-09-01 22:37:31,16.7,51.804122,4.669069,0,Dordrecht,NL
Rotterdam,Rotterdam_T4,02:00:00:70:48:8e,2026-09-01 22:36:52,17.4,51.795653,4.671325,2,Dordrecht,NL
Rotterdam,Rotterdam_T4,02:00:00:a2:59:34,2026-09-01 22:35:51,16.7,51.794101,4.694167,0,Dordrecht,NL
Rotterdam,Rotterdam_T4,02:00:00:02:e6:40,2026-09-01 22:29:36,18.8,51.794481,4.702242,0,Dordrecht,NL
Rotterdam,Rotterdam_T4,02:00:00:05:ff:a0,2026-09-01 22:34:49,17.4,51.7949564,4.70649070000002,0,Dordrecht,NL
Rotterdam,Rotterdam_T4,02:00:00:73:c3:6a,2026-09-01 22:32:39,16.9,51.800587,4.721628,0,Dordrecht,NL
Rotterdam,Rotterdam_T4,02:00:00:2e:98:c2,2026-09-01 22:29:12,17.2,51.8027000427246,4.72160005569458,0,Dordrecht,NL
Rotterdam,Rotterdam_T4,02:00:00:ab:e3:7e,2026-09-01 22:36:34,17.9,51.7951201232099,4.73186731338501,1,Dordrecht,NL
Rotterdam,Rotterdam_T4,02:00:00:83:fd:8e,2026-09-01 22:35:25,15.7,51.8074509,4.57323399999998,0,Puttershoek,NL
Rotterdam,Rotterdam_T4,02:00:00:65:02:1c,2026-09-01 22:31:50,18.1,51.815606,4.596438,0,Zwijndrecht,NL
Rotterdam,Rotterdam_T4,02:00:00:03:5d:90,2026-09-01 22:34:37,18.8,51.8145148947276,4.61673617362976,0,Zwijndrecht,NL
Rotterdam,Rotterdam_T4,02:00:00:a4:87:ca,2026-09-01 22:35:13,16.1,51.8068809509277,4.63342380523682,1,Zwijndrecht,NL
Rotterdam,Rotterdam_T4,02:00:00:06:79:9e,2026-09-01 22:33:08,16.6,51.8092263212837,4.63623495422598,0,Zwijndrecht,NL
Rotterdam,Rotterdam_T4,02:00:00:c3:73:86,2026-09-01 22:29:12,19.1,51.8150071,4.6373981,0,Zwijndrecht,NL
Rotterdam,Rotterdam_T4,02:00:00:58:eb:5a,2026-09-01 22:30:15,16.0,51.811073,4.65763,4,Dordrecht,NL
Rotterdam,Rotterdam_T4,02:00:00:31:e5:26,2026-09-01 22:30:48,19.0,51.8192398,4.6432847,1,Zwijndrecht,NL
Rotterdam,Rotterdam_T4,02:00:00:2d:0a:22,2026-09-01 22:33:33,17.4,51.820895,4.643838,0,Zwijndrecht,NL
Rotterdam,Rotterdam_T4,02:00:00:90:71:d0,2026-09-01 22:32:46,16.8,51.8089773,4.6692312,1,Dordrecht,NL
Rotterdam,Rotterdam_T4,02:00:00:2b:45:d6,2026-09-01 22:31:08,18.1,51.8089773,4.6692312,1,Dordrecht,NL
Rotterdam,Rotterdam_T4,02:00:00:53:19:f2,2026-09-01 22:33:58,18.2,51.81028,4.67508,2,Dordrecht,NL
Rotterdam,Rotterdam_T4,02:00:00:33:e7:ec,2026-09-01 22:28:58,18.4,51.8094,4.6923,0,Dordrecht,NL
Rotterdam,Rotterdam_T4,02:00:00:b5:47:56,2026-09-01 22:32:12,19.0,51.818188,4.696665,0,Dordrecht,NL
Rotterdam,Rotterdam_T4,02:00:00:58:e3:da,2026-09-01 22:35:44,15.9,51.8084349724763,4.70842254348099,0,Dordrecht,NL
Rotterdam,Rotterdam_T4,02:00:00:74:52:96,2026-09-01 22:30:11,16.3,51.808978,4.712347,1,Dordrecht,NL
Rotterdam,Rotterdam_T4,02:00:00:73:e7:5e,2026-09-01 22:31:30,16.8,51.812169,4.721084,3,Dordrecht,NL
Rotterdam,Rotterdam_T4,02:00:00:5f:2b:2a,2026-09-01 22:28:59,17.4,51.820938,4.776139,0,Sliedrecht,NL
Rotterdam,Rotterdam_T4,02:00:00:03:08:c4,2026-09-01 22:28:54,19.0,51.8260290881141,4.63469352136255,0,Zwijndrecht,NL
Rotterdam,Rotterdam_T4,02:00:00:b5:04:f6,2026-09-01 22:30:42,16.7,51.83483,4.63553300000004,0,Hendrik-Ido-Ambacht,NL
Rotterdam,Rotterdam_T4,02:00:00:2c:8b:68,2026-09-01 22:30:24,16.5,51.8317451477051,4.63917684555054,0,Hendrik-Ido-Ambacht,NL
Rotterdam,Rotterdam_T4,02:00:00:96:ed:3c,2026-09-01 22:29:06,17.7,51.82454,4.641504,1,Zwijndrecht,NL
Rotterdam,Rotterdam_T4,02:00:00:ab:be:ca,2026-09-01 22:32:24,17.0,51.831313,4.650972,0,Hendrik-Ido-Ambacht,NL
Rotterdam,Rotterdam_T4,02:00:00:90:5e:02,2026-09-01 22:28:40,17.1,51.8328687987182,4.65461719960314,0,Hendrik-Ido-Ambacht,NL
Rotterdam,Rotterdam_T4,02:00:00:3f:04:fa,2026-09-01 22:35:04,16.4,51.830445,4.684899,0,Papendrecht,NL
Rotterdam,Rotterdam_T4,02:00:00:02:f8:d2,2026-09-01 22:33:27,17.2,51.830784,4.693737,0,Papendrecht,NL
Rotterdam,Rotterdam_T4,02:00:00:05:3a:d4,2026-09-01 22:30:01,17.2,51.835116,4.699154,0,Papendrecht,NL
Rotterdam,Rotterdam_T4,02:00:00:53:0e:4e,2026-09-01 22:27:32,19.7,51.8293542,4.70676479999997,0,Papendrecht,NL
Rotterdam,Rotterdam_T4,02:00:00:01:6c:ba,2026-09-01 22:28:15,17.1,51.832822,4.716019,0,Papendrecht,NL
Rotterdam,Rotterdam_T4,02:00:00:70:34:ce,2026-09-01 22:34:44,18.2,51.831527,4.727391,0,Papendrecht,NL
Rotterdam,Rotterdam_T4,02:00:00:a4:2f:a0,2026-09-01 22:29:02,17.8,51.834282,4.725904,0,Papendrecht,NL
Rotterdam,Rotterdam_T4,02:00:00:2f:14:6c,2026-09-01 22:33:24,16.9,51.827919,4.736224,0,Sliedrecht,NL
Rotterdam,Rotterdam_T4,02:00:00:7a:f4:24,2026-09-01 22:28:23,16.7,51.83135,4.73932,0,Sliedrecht,NL
Rotterdam,Rotterdam_T4,02:00:00:90:63:78,2026-09-01 22:36:09,16.7,51.829632,4.741648,0,Sliedrecht,NL
Rotterdam,Rotterdam_T4,02:00:00:2e:a2:60,2026-09-01 22:30:45,15.9,51.823319,4.769529,2,Sliedrecht,NL
Rotterdam,Rotterdam_T4,02:00:00:b9:51:62,2026-09-01 22:33:40,15.9,51.826993,4.768938,0,Sliedrecht,NL
Rotterdam,Rotterdam_T4,02:00:00:13:6d:1e,2026-09-01 22:32:26,16.5,51.8457068299844,4.53018609416509,0,Barendrecht,NL
Rotterdam,Rotterdam_T4,02:00:00:83:fc:1a,2026-09-01 22:34:54,16.2,51.847268,4.532562,1,Barendrecht,NL
Rotterdam,Rotterdam_T4,02:00:00:b2:be:c4,2026-09-01 22:34:29,16.4,51.8459598043435,4.54147573341344,0,Barendrecht,NL
Rotterdam,Rotterdam_T4,02:00:00:bd:ca:ee,2026-09-01 22:29:35,15.0,51.837578,4.56538,0,Zwijndrecht,NL
Rotterdam,Rotterdam_T4,02:00:00:53:51:ca,2026-09-01 22:35:47,17.0,51.8461,4.6222,0,Hendrik-Ido-Ambacht,NL
Rotterdam,Rotterdam_T4,02:00:00:65:6a:3c,2026-09-01 22:36:40,17.1,51.8427678236949,4.62538361549378,0,Hendrik-Ido-Ambacht,NL
Rotterdam,Rotterdam_T4,02:00:00:c3:9b:96,2026-09-01 22:30:25,18.3,51.8400840759277,4.62910270690918,0,Hendrik-Ido-Ambacht,NL
Rotterdam,Rotterdam_T4,02:00:00:bd:fd:d2,2026-09-01 22:33:43,17.6,51.8412863280112,4.64518904685974,0,Hendrik-Ido-Ambacht,NL
Rotterdam,Rotterdam_T4,02:00:00:70:1d:3c,2026-09-01 22:36:39,17.4,51.8370724059415,4.64836530243054,0,Hendrik-Ido-Ambacht,NL
Rotterdam,Rotterdam_T4,02:00:00:a2:47:2c,2026-09-01 22:27:49,17.5,51.84055,4.64857000000006,0,Hendrik-Ido-Ambacht,NL
Rotterdam,Rotterdam_T4,02:00:00:13:43:fc,2026-09-01 22:32:27,15.6,51.838594,4.687114,0,Papendrecht,NL
Rotterdam,Rotterdam_T4,02:00:00:83:fd:4e,2026-09-01 22:29:40,16.7,51.84061,4.6882443,0,Papendrecht,NL
Rotterdam,Rotterdam_T4,02:00:00:05:4f:b4,2026-09-01 22:37:01,16.9,51.837783,4.6947,0,Papendrecht,NL
Rotterdam,Rotterdam_T4,02:00:00:52:ce:60,2026-09-01 22:32:43,18.1,51.837197,4.695891,0,Papendrecht,NL
Rotterdam,Rotterdam_T4,02:00:00:90:bf:70,2026-09-01 22:32:01,16.2,51.845082,4.759073,0,Wijngaarden,NL
Rotterdam,Rotterdam_T4,02:00:00:58:d4:88,2026-09-01 22:33:58,16.8,51.845867,4.767669,0,Wijngaarden,NL
Rotterdam,Rotterdam_T4,02:00:00:b5:35:2e,2026-09-01 22:33:58,16.4,51.8509902954102,4.50090408325195,0,Barendrecht,NL
Rotterdam,Rotterdam_T4,02:00:00:2c:a8:f4,2026-09-01 22:36:56,17.7,51.8550282,4.50185869999996,1,Barendrecht,NL
Rotterdam,Rotterdam_T4,02:00:00:bd:e3:60,2026-09-01 22:27:05,16.8,51.850858,4.506823,0,Barendrecht,NL
Rotterdam,Rotterdam_T4,02:00:00:c6:1e:9c,2026-09-01 22:36:17,17.3,51.8512913,4.5388609,0,Barendrecht,NL
Rotterdam,Rotterdam_T4,02:00:00:12:da:32,2026-09-01 22:35:48,17.7,51.852342,4.53911900000002,0,Barendrecht,NL
Rotterdam,Rotterdam_T4,02:00:00:6b:55:d4,2026-09-01 22:29:14,17.3,51.856312,4.538864,0,Barendrecht,NL
Rotterdam,Rotterdam_T4,02:00:00:b2:c8:82,2026-09-01 22:30:10,16.1,51.851793,4.551932,0,Barendrecht,NL
Rotterdam,Rotterdam_T4,02:00:00:70:48:58,2026-09-01 22:37:19,17.6,51.8629,4.6191,0,Ridderkerk,NL
Rotterdam,Rotterdam_T4,02:00:00:c2:3e:26,2026-09-01 22:33:35,15.9,51.8606071472168,4.62559986114502,0,Ridderkerk,NL
Rotterdam,Rotterdam_T4,02:00:00:9d:2a:ae,2026-09-01 22:30:31,17.6,51.8615989685059,4.67215013504028,0,Alblasserdam,NL
Rotterdam,Rotterdam_T4,02:00:00:32:df:04,2026-09-01 22:28:52,17.2,51.863296,4.674894,0,Alblasserdam,NL
Rotterdam,Rotterdam_T4,02:00:00:52:df:62,2026-09-01 22:35:26,17.6,51.873433,4.51783,0,Rotterdam,NL
Rotterdam,Rotterdam_T4,02:00:00:5e:ff:d4,2026-09-01 22:28:43,17.3,51.8771436,4.5560899,0,Rotterdam,NL
Rotterdam,Rotterdam_T4,02:00:00:1c:85:22,2026-09-01 22:30:28,18.9,51.870378,4.58902600000004,0,Ridderkerk,NL
Rotterdam,Rotterdam_T4,02:00:00:00:63:40,2026-09-01 22:34:49,17.2,51.8693408421565,4.5906463265419,0,Ridderkerk,NL
Rotterdam,Rotterdam_T4,02:00:00:04:6c:20,2026-09-01 22:31:00,18.0,51.870793,4.599033,1,Ridderkerk,NL
Rotterdam,Rotterdam_T4,02:00:00:2b:1a:52,2026-09-01 22:34:10,16.8,51.867130128204,4.61134004556698,0,Ridderkerk,NL
Rotterdam,Rotterdam_T4,02:00:00:1e:29:ba,2026-09-01 22:30:02,16.3,51.8652853599595,4.62251235910136,0,Ridderkerk,NL
Rotterdam,Rotterdam_T4,02:00:00:37:16:28,2026-09-01 22:33:17,16.1,51.872911,4.635849,2,Alblasserdam,NL
Rotterdam,Rotterdam_T4,02:00:00:b2:be:24,2026-09-01 22:29:52,15.9,51.8751402,4.6377701,0,Alblasserdam,NL
Rotterdam,Rotterdam_T4,02:00:00:a4:67:54,2026-09-01 22:31:51,17.9,51.8689765781368,4.65696570119653,0,Alblasserdam,NL
Rotterdam,Rotterdam_T4,02:00:00:a9:93:ca,2026-09-01 22:29:21,18.5,51.8696937561035,4.65859460830688,0,Alblasserdam,NL
Rotterdam,Rotterdam_T4,02:00:00:2b:50:0e,2026-09-01 22:29:54,19.3,51.8712989,4.65991630000008,0,Alblasserdam,NL
Rotterdam,Rotterdam_T4,02:00:00:9d:2a:32,2026-09-01 22:34:50,17.3,51.869708,4.664244,0,Alblasserdam,NL
Rotterdam,Rotterdam_T4,02:00:00:9c:d9:88,2026-09-01 22:32:10,18.4,51.865708,4.672487,0,Alblasserdam,NL
Rotterdam,Rotterdam_T4,02:00:00:a4:89:38,2026-09-01 22:27:44,17.8,51.8930892944336,4.50360250473022,0,Rotterdam,NL
Rotterdam,Rotterdam_T4,02:00:00:2b:11:06,2026-09-01 22:30:08,17.7,51.884715,4.5213637,1,Rotterdam,NL
Rotterdam,Rotterdam_T4,02:00:00:c2:2f:c0,2026-09-01 22:32:17,16.2,51.889758,4.545007,1,Rotterdam,NL
Rotterdam,Rotterdam_T4,02:00:00:8d:e1:c2,2026-09-01 22:31:28,16.4,51.8884899381623,4.54850133742931,0,Rotterdam,NL
Rotterdam,Rotterdam_T4,02:00:00:84:0b:be,2026-09-01 22:35:29,16.1,51.889212,4.579173,0,Ridderkerk,NL
Rotterdam,Rotterdam_T4,02:00:00:58:db:7c,2026-09-01 22:31:54,17.2,51.890317,4.584484,0,Ridderkerk,NL
Rotterdam,Rotterdam_T4,02:00:00:b5:1e:34,2026-09-01 22:34:13,17.2,51.8856163024902,4.63144016265869,0,Kinderdijk,NL
Rotterdam,Rotterdam_T4,02:00:00:2e:ef:ca,2026-09-01 22:28:59,17.4,51.884896,4.675329,0,Nieuw-Lekkerland,NL
Rotterdam,Rotterdam_T4,02:00:00:6b:33:b2,2026-09-01 22:36:19,16.9,51.88994,4.6878767,1,Nieuw-Lekkerland,NL
Rotterdam,Rotterdam_T4,02:00:00:bd:03:12,2026-09-01 22:36:12,15.6,51.883711,4.713311,0,Nieuw-Lekkerland,NL
Rotterdam,Rotterdam_T4,02:00:00:01:7f:1c,2026-09-01 22:36:47,16.2,51.8943,4.5082,0,Rotterdam,NL
Rotterdam,Rotterdam_T4,02:00:00:b5:52:44,2026-09-01 22:31:45,18.3,51.897498,4.521842,3,Rotterdam,NL
Rotterdam,Rotterdam_T4,02:00:00:90:7f:7a,2026-09-01 22:31:32,17.2,51.898163,4.583361,2,Ridderkerk,NL
Rotterdam,Rotterdam_T4,02:00:00:a4:1d:76,2026-09-01 22:36:03,17.4,51.8956518077123,4.58617498801652,2,Ridderkerk,NL
Rotterdam,Rotterdam_T4,02:00:00:04:a2:ee,2026-09-01 22:33:11,18.2,51.89378,4.63195999999998,0,Krimpen aan de Lek,NL
Rotterdam,Rotterdam_T4,02:00:00:02:d1:3e,2026-09-01 22:36:01,16.8,51.8949535894151,4.63425776535564,5,Krimpenerwaard,NL
Rotterdam,Rotterdam_T4,02:00:00:90:f8:1a,2026-09-01 22:33:59,14.8,51.90005,4.74020999999998,0,Streefkerk,NL
Rotterdam,Rotterdam_T4,02:00:00:70:58:6c,2026-09-01 22:30:38,15.4,51.898848,4.7463,0,Streefkerk,NL
Rotterdam,Rotterdam_T4,02:00:00:31:b2:be,2026-09-01 22:36:31,17.8,51.912961,4.502522,0,Rotterdam,NL
Rotterdam,Rotterdam_T4,02:00:00:21:1a:8c,2026-09-01 22:34:11,20.0,51.920843,4.512827,6,Rotterdam,NL
Rotterdam,Rotterdam_T4,02:00:00:00:e9:aa,2026-09-01 22:32:53,18.7,51.916282,4.516513,16,Rotterdam,NL
Rotterdam,Rotterdam_T4,02:00:00:70:3e:4c,2026-09-01 22:31:46,19.3,51.918575,4.553104,0,Capelle aan den IJssel,NL
Rotterdam,Rotterdam_T4,02:00:00:bd:0d:c0,2026-09-01 22:28:09,18.6,51.912598,4.5591,0,Capelle aan den IJssel,NL
Rotterdam,Rotterdam_T4,02:00:00:52:cb:e6,2026-09-01 22:31:57,19.5,51.9176414235296,4.55918770730171,2,Capelle aan den IJssel,NL
Rotterdam,Rotterdam_T4,02:00:00:c6:27:c0,2026-09-01 22:37:11,16.5,51.918131,4.570922,0,Capelle aan den IJssel,NL
Rotterdam,Rotterdam_T4,02:00:00:9d:13:30,2026-09-01 22:36:19,16.8,51.919235,4.57162120000004,0,Capelle aan den IJssel,NL
Rotterdam,Rotterdam_T4,02:00:00:6b:2a:74,2026-09-01 22:28:11,17.1,51.910033,4.590531,0,Krimpen aan den IJssel,NL
Rotterdam,Rotterdam_T4,02:00:00:03:dd:5e,2026-09-01 22:32:10,17.5,51.9143534,4.59623250000004,0,Krimpen aan den IJssel,NL
Rotterdam,Rotterdam_T4,02:00:00:c3:da:1e,2026-09-01 22:32:43,17.1,51.9144,4.6006,0,Krimpen aan den IJssel,NL
Rotterdam,Rotterdam_T4,02:00:00:af:7d:d6,2026-09-01 22:37:39,16.6,51.910542,4.610582,0,Krimpen aan den IJssel,NL
Rotterdam,Rotterdam_T4,02:00:00:63:44:d2,2026-09-01 22:35:58,16.5,51.91956969428,4.6570497751236,0,Ouderkerk aan den IJssel,NL
Rotterdam,Rotterdam_T4,02:00:00:34:04:94,2026-09-01 22:35:44,14.9,51.9094901,4.68375689999993,0,Krimpenerwaard,NL
Rotterdam,Rotterdam_T4,02:00:00:1c:7f:58,2026-09-01 22:32:31,20.0,51.9246940612793,4.5013689994812,2,Rotterdam,NL
Rotterdam,Rotterdam_T4,02:00:00:02:43:ea,2026-09-01 22:33:07,19.7,51.925408,4.509584,2,Rotterdam,NL
Rotterdam,Rotterdam_T4,02:00:00:03:5d:4c,2026-09-01 22:34:51,17.5,51.92282,4.518588,1,Rotterdam,NL
Rotterdam,Rotterdam_T4,02:00:00:c3:80:a6,2026-09-01 22:32:55,17.2,51.931264,4.550389,0,Rotterdam,NL
Rotterdam,Rotterdam_T4,02:00:00:3c:00:22,2026-09-01 22:36:44,16.2,51.93424,4.553542,0,Rotterdam,NL
Rotterdam,Rotterdam_T4,02:00:00:b5:20:2c,2026-09-01 22:35:37,15.9,51.935394,4.553254,0,Rotterdam,NL
Rotterdam,Rotterdam_T4,02:00:00:bd:1a:90,2026-09-01 22:33:56,17.4,51.9268074035645,4.57429313659668,1,Capelle aan den IJssel,NL
Rotterdam,Rotterdam_T4,02:00:00:2f:0c:10,2026-09-01 22:30:42,18.3,51.9344479606926,4.59018536167076,0,Capelle aan den IJssel,NL
Rotterdam,Rotterdam_T4,02:00:00:63:42:f8,2026-09-01 22:36:03,19.0,51.9293733342703,4.59409007318868,0,Capelle aan den IJssel,NL
Rotterdam,Rotterdam_T4,02:00:00:1e:01:bc,2026-09-01 22:29:58,15.2,51.932337,4.606086,0,Capelle aan den IJssel,NL
Rotterdam,Rotterdam_T4,02:00:00:83:d0:98,2026-09-01 22:34:37,16.7,51.929055,4.61168,0,Capelle aan den IJssel,NL
Rotterdam,Rotterdam_T4,02:00:00:af:65:fc,2026-09-01 22:36:42,22.6,51.92348,4.624417,0,Krimpen aan den IJssel,NL
Rotterdam,Rotterdam_T4,02:00:00:5f:3b:64,2026-09-01 22:30:23,15.1,51.934994,4.73829,0,Krimpenerwaard,NL
Rotterdam,Rotterdam_T4,02:00:00:27:89:3a,2026-09-01 22:34:56,16.6,51.949039,4.503576,0,Rotterdam,NL
Rotterdam,Rotterdam_T4,02:00:00:65:4e:e0,2026-09-01 22:35:25,17.8,51.945285,4.535755,0,Rotterdam,NL
Rotterdam,Rotterdam_T4,02:00:00:01:28:b8,2026-09-01 22:37:23,15.2,51.9411495701722,4.56710300000004,0,Capelle aan den IJssel,NL
Rotterdam,Rotterdam_T4,02:00:00:bd:c2:20,2026-09-01 22:30:13,15.4,51.949393,4.572462,0,Capelle aan den IJssel,NL
Rotterdam,Rotterdam_T4,02:00:00:b5:01:6e,2026-09-01 22:33:48,14.7,51.947535,4.577741,0,Capelle aan den IJssel,NL
Rotterdam,Rotterdam_T4,02:00:00:36:d9:ea,2026-09-01 22:30:45,14.3,51.937104,4.611066,0,Capelle aan den IJssel,NL
Rotterdam,Rotterdam_T4,02:00:00:73:ee:82,2026-09-01 22:31:44,15.5,51.943974,4.7075996,0,Krimpenerwaard,NL
Rotterdam,Rotterdam_T4,02:00:00:90:c6:f6,2026-09-01 22:37:10,16.4,51.9442388535085,4.70877000000014,0,Berkenwoude,NL
Rotterdam,Rotterdam_T4,02:00:00:03:a2:42,2026-09-01 22:37:08,17.7,51.959495,4.500036,0,Rotterdam,NL
Rotterdam,Rotterdam_T4,02:00:00:13:85:7e,2026-09-01 22:35:42,15.9,51.956141511216,4.50468333618164,0,Rotterdam,NL
Rotterdam,Rotterdam_T4,02:00:00:2a:d5:58,2026-09-01 22:36:19,15.2,51.9642850413781,4.50498007983016,0,Rotterdam,NL
Rotterdam,Rotterdam_T4,02:00:00:2f:0f:2e,2026-09-01 22:37:13,17.3,51.9536204,4.5346555,0,Rotterdam,NL
Rotterdam,Rotterdam_T4,02:00:00:a9:a6:c2,2026-09-01 22:33:32,15.5,51.9637222290039,4.52992153167725,0,Rotterdam,NL
Rotterdam,Rotterdam_T4,02:00:00:bc:ab:08,2026-09-01 22:32:12,16.6,51.955691,4.5518,0,Rotterdam,NL
Rotterdam,Rotterdam_T4,02:00:00:36:e3:e0,2026-09-01 22:31:17,18.6,51.9613543477029,4.55115616321564,0,Rotterdam,NL
Rotterdam,Rotterdam_T4,02:00:00:33:c5:7e,2026-09-01 22:34:51,16.0,51.9549659,4.58058359999995,0,Capelle aan den IJssel,NL
Rotterdam,Rotterdam_T4,02:00:00:2e:a5:98,2026-09-01 22:33:41,16.1,51.964966611571,4.57781134581205,0,Rotterdam,NL
Rotterdam,Rotterdam_T4,02:00:00:13:43:b2,2026-09-01 22:32:35,18.0,51.9569458952657,4.58524636924699,0,Capelle aan den IJssel,NL
Rotterdam,Rotterdam_T4,02:00:00:52:e9:96,2026-09-01 22:27:41,17.9,51.9518241882324,4.59466314315796,0,Capelle aan den IJssel,NL
Rotterdam,Rotterdam_T4,02:00:00:1b:2e:28,2026-09-01 22:34:59,16.8,51.951768,4.597816,0,Capelle aan den IJssel,NL
Rotterdam,Rotterdam_T4,02:00:00:c2:37:e4,2026-09-01 22:35:54,16.5,51.964299,4.598212,0,Nieuwerkerk aan den IJssel,NL
Rotterdam,Rotterdam_T4,02:00:00:a4:28:a8,2026-09-01 22:30:03,15.1,51.619805,4.503271,1,Standdaarbuiten,NL
Rotterdam,Rotterdam_T4,02:00:00:af:68:56,2026-09-01 22:31:29,15.8,51.6195220947266,4.72724771499634,0,Breda,NL
Rotterdam,Rotterdam_T4,02:00:00:90:bd:2e,2026-09-01 22:36:19,17.2,51.619105,4.7308,0,Breda,NL
Rotterdam,Rotterdam_T4,02:00:00:03:b8:52,2026-09-01 22:30:38,15.6,51.619173,4.74028,2,Breda,NL
Rotterdam,Rotterdam_T4,02:00:00:58:f4:d4,2026-09-01 22:30:06,16.1,51.6215203879935,4.73909854888916,1,Breda,NL
Rotterdam,Rotterdam_T4,02:00:00:c3:8b:46,2026-09-01 22:36:28,17.1,51.621228,4.745678,0,Breda,NL
Rotterdam,Rotterdam_T4,02:00:00:7f:a8:1a,2026-09-01 22:30:30,15.4,51.6410548,4.534419,0,Noordhoek,NL
Rotterdam,Rotterdam_T4,02:00:00:5e:fc:2c,2026-09-01 22:35:47,17.8,51.6389694213867,4.58760547637939,0,Moerdijk,NL
Rotterdam,Rotterdam_T4,02:00:00:2b:2d:80,2026-09-01 22:35:34,17.6,51.646379,4.590162,0,Zevenbergen,NL
Rotterdam,Rotterdam_T4,02:00:00:33:cf:c8,2026-09-01 22:37:01,16.1,51.6427,4.5961,0,Zevenbergen,NL
Rotterdam,Rotterdam_T4,02:00:00:06:00:2c,2026-09-01 22:34:48,16.2,51.636705,4.600655,0,Zevenbergen,NL
Rotterdam,Rotterdam_T4,02:00:00:02:96:12,2026-09-01 22:34:05,14.8,51.6369220170065,4.60304491819187,0,Zevenbergen,NL
Rotterdam,Rotterdam_T4,02:00:00:03:0d:3c,2026-09-01 22:34:12,17.0,51.645013,4.755716,2,Terheijden,NL
Rotterdam,Rotterdam_T4,02:00:00:a9:d1:fc,2026-09-01 22:35:56,17.8,51.6504440307617,4.58930969238281,1,Zevenbergen,NL
Rotterdam,Rotterdam_T4,02:00:00:12:95:e4,2026-09-01 22:27:43,15.4,51.647162,4.600765,0,Zevenbergen,NL
Rotterdam,Rotterdam_T4,02:00:00:02:5e:18,2026-09-01 22:30:13,18.1,51.647886,4.758551,1,Terheijden,NL
Rotterdam,Rotterdam_T4,02:00:00:6b:64:24,2026-09-01 22:35:43,17.1,51.661648,4.52269,0,Klundert,NL
Rotterdam,Rotterdam_T4,02:00:00:5e:ef:f6,2026-09-01 22:37:27,15.4,51.66303,4.524503,0,Klundert,NL
Rotterdam,Rotterdam_T4,02:00:00:3f:4e:cc,2026-09-01 22:30:01,16.3,51.6623510462909,4.53449203439712,1,Moerdijk,NL
Rotterdam,Rotterdam_T4,02:00:00:01:06:8e,2026-09-01 22:29:36,16.1,51.674017,4.678985,3,Zevenbergschen Hoek,NL
Rotterdam,Rotterdam_T4,02:00:00:69:2e:a8,2026-09-01 22:35:48,15.4,51.70536,4.707225,0,Lage Zwaluwe,NL
Rotterdam,Rotterdam_T4,02:00:00:01:e4:28,2026-09-01 22:28:53,15.6,51.73902,4.551534,0,Strijen,NL
Rotterdam,Rotterdam_T4,02:00:00:33:d7:fa,2026-09-01 22:31:35,14.5,51.746345,4.553707,1,Strijen,NL
Rotterdam,Rotterdam_T4,02:00:00:a4:44:86,2026-09-01 22:34:52,15.4,51.7487564086914,4.59236669540405,0,'s-Gravendeel,NL
Rotterdam,Rotterdam_T4,02:00:00:74:41:e0,2026-09-01 22:33:32,16.9,51.7540309522726,4.603035105397,0,Hoeksche Waard,NL
Rotterdam,Rotterdam_T4,02:00:00:53:32:78,2026-09-01 22:34:38,14.4,51.7504501342773,4.61845016479492,0,Hoeksche Waard,NL
Rotterdam,Rotterdam_T4,02:00:00:28:6a:7a,2026-09-01 22:34:25,15.5,51.774143,4.6138062,0,Hoeksche Waard,NL
Rotterdam,Rotterdam_T4,02:00:00:b4:e8:e8,2026-09-01 22:36:11,18.0,51.770848,4.659682,0,Dordrecht,NL
Rotterdam,Rotterdam_T4,02:00:00:01:79:92,2026-09-01 22:36:26,18.6,51.774377,4.667812,0,Dordrecht,NL
Rotterdam,Rotterdam_T4,02:00:00:b5:71:d0,2026-09-01 22:32:55,16.7,51.772762,4.674453,0,Dordrecht,NL
Rotterdam,Rotterdam_T4,02:00:00:ab:bf:08,2026-09-01 22:33:45,17.0,51.776596,4.6821218,1,Dordrecht,NL
Rotterdam,Rotterdam_T4,02:00:00:2e:ad:88,2026-09-01 22:36:38,16.8,51.784425,4.55715,0,Hoeksche Waard,NL
Rotterdam,Rotterdam_T4,02:00:00:96:e0:b4,2026-09-01 22:34:22,15.7,51.787051,4.56029,0,Maasdam,NL
Rotterdam,Rotterdam_T4,02:00:00:05:86:c6,2026-09-01 22:30:28,17.0,51.79149,4.55400000000011,0,Hoeksche Waard,NL
Rotterdam,Rotterdam_T4,02:00:00:63:1e:e6,2026-09-01 22:35:11,15.6,51.782463,4.596613,0,Hoeksche Waard,NL
Rotterdam,Rotterdam_T4,02:00:00:b5:02:84,2026-09-01 22:29:47,15.9,51.782564,4.606451,0,'s-Gravendeel,NL
Rotterdam,Rotterdam_T4,02:00:00:b2:b9:b0,2026-09-01 22:34:32,15.9,51.780144,4.613583,0,'s-Gravendeel,NL
Rotterdam,Rotterdam_T4,02:00:00:73:98:14,2026-09-01 22:32:42,16.0,51.777908,4.62446,0,'s-Gravendeel,NL
Rotterdam,Rotterdam_T4,02:00:00:03:88:2e,2026-09-01 22:31:31,17.3,51.7907752990723,4.65260601043701,4,Dordrecht,NL
Rotterdam,Rotterdam_T4,02:00:00:c2:7f:ba,2026-09-01 22:30:38,16.3,51.7885793,4.6604208,3,Dordrecht,NL
Rotterdam,Rotterdam_T4,02:00:00:b9:40:8c,2026-09-01 22:34:43,17.1,51.7833036,4.67555490000007,0,Dordrecht,NL
