city_area,tile_id,device_id,timestamp_amsterdam,temperature_c,latitude,longitude,altitude_m,location_name,country
Amsterdam,Amsterdam_T1,02:00:00:1b:0b:da,2026-08-13 21:26:50,27.7,52.49417,4.78894000000004,2,Wormerveer,NL
Amsterdam,Amsterdam_T1,02:00:00:12:61:86,2026-08-13 21:22:10,29.3,52.4917057073896,4.80021612200147,2,Wormer,NL
Amsterdam,Amsterdam_T1,02:00:00:c2:84:0a,2026-08-13 21:24:40,25.4,52.4948445773121,4.79308347650687,2,Wormerveer,NL
Amsterdam,Amsterdam_T1,02:00:00:65:83:02,2026-08-13 21:27:32,27.9,52.4834613,4.80601730000005,1,Wormerveer,NL
Amsterdam,Amsterdam_T1,02:00:00:a4:18:7c,2026-08-13 21:28:56,28.7,52.493057,4.807123,0,Wormer,NL
Amsterdam,Amsterdam_T1,02:00:00:53:50:2a,2026-08-13 21:29:05,26.0,52.496266,4.819022,1,Wormer,NL
Amsterdam,Amsterdam_T1,02:00:00:8d:d0:7c,2026-08-13 21:26:01,25.2,52.490391116113,4.92924329763459,0,Purmerend,NL
Amsterdam,Amsterdam_T1,02:00:00:03:c7:82,2026-08-13 21:26:27,25.9,52.488343,4.938001,0,Purmerend,NL
Amsterdam,Amsterdam_T1,02:00:00:53:1f:08,2026-08-13 21:21:21,26.3,52.49503,4.92957000000003,0,Purmerend,NL
Amsterdam,Amsterdam_T1,02:00:00:9c:d8:1a,2026-08-13 21:28:08,23.1,52.4915202,4.96165890000017,0,Purmerend,NL
Amsterdam,Amsterdam_T1,02:00:00:74:30:70,2026-08-13 21:26:28,27.0,52.495717,4.951841,0,Purmerend,NL
Amsterdam,Amsterdam_T1,02:00:00:36:99:3e,2026-08-13 21:30:04,24.0,52.4873166828203,4.97366015893508,0,Purmerend,NL
Amsterdam,Amsterdam_T1,02:00:00:b2:bb:da,2026-08-13 21:21:52,26.4,52.4931319041552,4.97614145278931,0,Purmerend,NL
Amsterdam,Amsterdam_T1,02:00:00:02:f5:96,2026-08-13 21:22:25,25.4,52.496988,5.050034,0,Volendam,NL
Amsterdam,Amsterdam_T1,02:00:00:13:0f:6c,2026-08-13 21:25:14,26.0,52.500239,4.816214,0,Wormer,NL
Amsterdam,Amsterdam_T1,02:00:00:1c:6d:42,2026-08-13 21:29:26,24.1,52.500429,4.8242,1,Wormer,NL
Amsterdam,Amsterdam_T1,02:00:00:70:52:6c,2026-08-13 21:27:46,25.2,52.509555,4.84741,0,Jisp,NL
Amsterdam,Amsterdam_T1,02:00:00:b5:b8:40,2026-08-13 21:26:40,26.1,52.5068085021421,4.91711662457473,0,Neck,NL
Amsterdam,Amsterdam_T1,02:00:00:02:7e:e2,2026-08-13 21:22:48,27.5,52.50109,4.934905,0,Purmerend,NL
Amsterdam,Amsterdam_T1,02:00:00:9d:13:34,2026-08-13 21:19:47,27.2,52.498358,4.94377,0,Purmerend,NL
Amsterdam,Amsterdam_T1,02:00:00:b5:86:1a,2026-08-13 21:22:19,25.0,52.499132,4.950515,0,Purmerend,NL
Amsterdam,Amsterdam_T1,02:00:00:1d:eb:96,2026-08-13 21:24:25,25.7,52.505266,4.949082,1,Purmerend,NL
Amsterdam,Amsterdam_T1,02:00:00:7f:cd:5a,2026-08-13 21:28:42,25.2,52.499632,4.954935,0,Purmerend,NL
Amsterdam,Amsterdam_T1,02:00:00:01:fd:6c,2026-08-13 21:25:37,28.2,52.5106950810046,4.97425221656761,0,Purmerend,NL
Amsterdam,Amsterdam_T1,02:00:00:01:cb:8a,2026-08-13 21:22:27,26.0,52.500789,4.986087,0,Purmerend,NL
Amsterdam,Amsterdam_T1,02:00:00:b5:47:24,2026-08-13 21:26:18,25.5,52.510277,5.041457,0,Edam,NL
Amsterdam,Amsterdam_T1,02:00:00:1f:3e:84,2026-08-13 21:27:40,24.7,52.504946,5.05026,0,Edam-Volendam,NL
Amsterdam,Amsterdam_T1,02:00:00:6b:56:92,2026-08-13 21:29:31,24.6,52.5107399131418,5.05132626109,2,Edam,NL
Amsterdam,Amsterdam_T1,02:00:00:7f:af:0c,2026-08-13 21:25:18,26.4,52.514489,4.963296,0,Purmerend,NL
Amsterdam,Amsterdam_T1,02:00:00:70:1b:98,2026-08-13 21:23:12,23.4,52.518831,4.948998,0,Zuidoostbeemster,NL
Amsterdam,Amsterdam_T1,02:00:00:14:48:40,2026-08-13 21:28:54,24.5,52.514999,4.952826,0,Purmerend,NL
Amsterdam,Amsterdam_T1,02:00:00:a4:43:5c,2026-08-13 21:22:59,24.4,52.51412,5.05999,1,Edam,NL
Amsterdam,Amsterdam_T1,02:00:00:5f:01:22,2026-08-13 21:26:15,23.2,52.526959,4.887042,0,Beemster,NL
Amsterdam,Amsterdam_T1,02:00:00:2f:2a:40,2026-08-13 21:29:38,24.4,52.54467,4.81628,0,Alkmaar,NL
Amsterdam,Amsterdam_T1,02:00:00:a2:13:1c,2026-08-13 21:22:24,24.8,52.558278,4.84079299999996,0,De Rijp,NL
Amsterdam,Amsterdam_T1,02:00:00:2b:20:e2,2026-08-13 21:28:14,24.4,52.557103,4.842962,0,De Rijp,NL
Amsterdam,Amsterdam_T1,02:00:00:c3:cf:e8,2026-08-13 21:23:37,23.5,52.55496,4.848112,0,De Rijp,NL
Amsterdam,Amsterdam_T1,02:00:00:5e:d1:f0,2026-08-13 21:26:01,25.4,52.557323,4.95315,0,Middenbeemster,NL
Amsterdam,Amsterdam_T1,02:00:00:bd:cf:d4,2026-08-13 21:20:50,24.3,52.583034,4.850177,1,Grootschermer,NL
Amsterdam,Amsterdam_T1,02:00:00:18:fe:32,2026-08-13 21:20:17,25.5,52.589092,4.889988,0,Noordbeemster,NL
Amsterdam,Amsterdam_T1,02:00:00:5e:e2:a2,2026-08-13 21:24:15,21.6,52.590799,4.99267889999998,0,Beets,NL
Amsterdam,Amsterdam_T1,02:00:00:a9:e7:3e,2026-08-13 21:20:33,22.9,52.5977249145508,4.80700254440308,0,Zuidschermer,NL
Amsterdam,Amsterdam_T1,02:00:00:a9:9a:0e,2026-08-13 21:28:18,24.8,52.60907,4.82852,0,Stompetoren,NL
Amsterdam,Amsterdam_T1,02:00:00:a4:1f:24,2026-08-13 21:24:04,22.6,52.601368,4.895885,0,Schermerhorn,NL
Amsterdam,Amsterdam_T1,02:00:00:00:5c:fe,2026-08-13 21:26:03,24.7,52.611835,4.819923,0,Stompetoren,NL
Amsterdam,Amsterdam_T1,02:00:00:a2:05:f0,2026-08-13 21:21:19,24.7,52.61378,4.8226314,0,Stompetoren,NL
Amsterdam,Amsterdam_T1,02:00:00:b5:9f:ce,2026-08-13 21:24:02,28.5,52.616386,4.82743400000004,0,Stompetoren,NL
Amsterdam,Amsterdam_T1,02:00:00:3c:f7:c6,2026-08-13 21:28:32,23.9,52.617355,4.951664,0,Avenhorn,NL
Amsterdam,Amsterdam_T1,02:00:00:6b:31:7e,2026-08-13 21:21:43,24.1,52.634415,4.8763695,0,Rustenburg,NL
Amsterdam,Amsterdam_T1,02:00:00:36:d3:84,2026-08-13 21:30:16,23.6,52.636567,4.911496,0,Ursem,NL
Amsterdam,Amsterdam_T1,02:00:00:05:f7:7a,2026-08-13 21:23:47,27.2,52.6322945249135,4.94891703128815,0,De Goorn,NL
Amsterdam,Amsterdam_T1,02:00:00:9d:00:22,2026-08-13 21:24:03,24.6,52.6390495300293,4.98681020736694,0,Berkhout,NL
Amsterdam,Amsterdam_T1,02:00:00:58:dd:3c,2026-08-13 21:28:27,27.0,52.6367146407962,5.02217284801564,0,Hoorn,NL
Amsterdam,Amsterdam_T1,02:00:00:31:d8:fc,2026-08-13 21:26:37,26.3,52.6358,5.035,1,Hoorn,NL
Amsterdam,Amsterdam_T1,02:00:00:7f:aa:9a,2026-08-13 21:29:25,26.8,52.6374130249023,5.03559350967407,0,Hoorn,NL
Amsterdam,Amsterdam_T1,02:00:00:70:4e:d8,2026-08-13 21:27:15,27.1,52.635018,5.055994,2,Hoorn,NL
Amsterdam,Amsterdam_T1,02:00:00:12:5a:d0,2026-08-13 21:28:58,26.7,52.6491675042269,4.78180266103391,0,Alkmaar,NL
Amsterdam,Amsterdam_T1,02:00:00:70:24:48,2026-08-13 21:25:35,25.5,52.643764,4.811346,0,Heerhugowaard,NL
Amsterdam,Amsterdam_T1,02:00:00:70:45:b4,2026-08-13 21:25:41,24.5,52.6408805482461,4.82286089912765,0,Heerhugowaard,NL
Amsterdam,Amsterdam_T1,02:00:00:02:09:d6,2026-08-13 21:20:36,26.0,52.6489,4.8179,0,Heerhugowaard,NL
Amsterdam,Amsterdam_T1,02:00:00:73:a4:18,2026-08-13 21:28:46,24.5,52.651179,4.836669,0,Heerhugowaard,NL
Amsterdam,Amsterdam_T1,02:00:00:c3:e3:ec,2026-08-13 21:24:39,25.5,52.651959,4.836277,0,Heerhugowaard,NL
Amsterdam,Amsterdam_T1,02:00:00:84:a4:8a,2026-08-13 21:24:16,23.6,52.65307,4.842089,0,Heerhugowaard,NL
Amsterdam,Amsterdam_T1,02:00:00:12:ae:72,2026-08-13 21:28:28,24.4,52.642342,5.006524,-2,Koggenland,NL
Amsterdam,Amsterdam_T1,02:00:00:ab:e2:60,2026-08-13 21:27:57,23.0,52.6533337948181,5.00276838610966,0,Berkhout,NL
Amsterdam,Amsterdam_T1,02:00:00:bd:f8:2a,2026-08-13 21:26:49,22.1,52.6404246842747,5.01088078453655,0,Berkhout,NL
Amsterdam,Amsterdam_T1,02:00:00:1d:fd:b8,2026-08-13 21:28:19,26.0,52.6441,5.051928,0,Haarlemmermeer,NL
Amsterdam,Amsterdam_T1,02:00:00:ab:e6:7e,2026-08-13 21:29:25,24.1,52.6451580761367,5.06099598419189,0,Hoorn,NL
Amsterdam,Amsterdam_T1,02:00:00:3d:0e:66,2026-08-13 21:29:56,24.2,52.3116821436819,4.86693327521717,0,Amstelveen,NL
Amsterdam,Amsterdam_T1,02:00:00:2f:24:f4,2026-08-13 21:21:40,24.9,52.3131760328984,4.9050662899177,0,Amstelveen,NL
Amsterdam,Amsterdam_T1,02:00:00:90:ba:a6,2026-08-13 21:28:07,26.7,52.3243254,4.945702,1,Amsterdam,NL
Amsterdam,Amsterdam_T1,02:00:00:64:f4:40,2026-08-13 21:25:08,28.7,52.323489,4.949922,0,Amsterdam,NL
Amsterdam,Amsterdam_T1,02:00:00:b9:52:60,2026-08-13 21:27:52,24.5,52.3166694641113,5.02612543106079,0,Weesp,NL
Amsterdam,Amsterdam_T1,02:00:00:73:a6:c6,2026-08-13 21:19:35,24.6,52.314064,5.0302644,4,Weesp,NL
Amsterdam,Amsterdam_T1,02:00:00:52:d8:ce,2026-08-13 21:27:47,23.5,52.3187292818219,5.03482381473692,0,Weesp,NL
Amsterdam,Amsterdam_T1,02:00:00:bc:ac:0e,2026-08-13 21:27:21,24.2,52.317851,5.049238,0,Weesp,NL
Amsterdam,Amsterdam_T1,02:00:00:63:2c:4e,2026-08-13 21:20:12,24.5,52.3184684,5.05026849999997,0,Weesp,NL
Amsterdam,Amsterdam_T1,02:00:00:01:6d:ca,2026-08-13 21:26:22,23.7,52.318328,5.05127300000006,0,Weesp,NL
Amsterdam,Amsterdam_T1,02:00:00:8d:e3:a0,2026-08-13 21:20:09,25.3,52.333433,4.791664,0,Badhoevedorp,NL
Amsterdam,Amsterdam_T1,02:00:00:9c:d7:d8,2026-08-13 21:25:04,29.2,52.327142,4.863718,0,Amsterdam,NL
Amsterdam,Amsterdam_T1,02:00:00:a4:21:fc,2026-08-13 21:20:02,28.5,52.3272787,4.86810710000012,0,Amsterdam,NL
Amsterdam,Amsterdam_T1,02:00:00:53:18:1c,2026-08-13 21:29:08,28.5,52.3359671746926,4.87311174029132,0,Amsterdam,NL
Amsterdam,Amsterdam_T1,02:00:00:6b:54:3c,2026-08-13 21:24:41,27.2,52.3274342242951,4.87812453825795,4,Amsterdam,NL
Amsterdam,Amsterdam_T1,02:00:00:bd:1d:3e,2026-08-13 21:21:09,26.9,52.331773,4.888536,4,Amsterdam,NL
Amsterdam,Amsterdam_T1,02:00:00:70:4c:80,2026-08-13 21:22:57,27.7,52.3385,4.9168,3,Amsterdam,NL
Amsterdam,Amsterdam_T1,02:00:00:14:4a:4a,2026-08-13 21:27:53,30.6,52.327394029908,4.9403138410331,0,Duivendrecht,NL
Amsterdam,Amsterdam_T1,02:00:00:9c:da:94,2026-08-13 21:27:10,26.6,52.332847,4.936642,4,Duivendrecht,NL
Amsterdam,Amsterdam_T1,02:00:00:9d:0c:d8,2026-08-13 21:28:35,27.0,52.32961,4.961911,2,Diemen,NL
Amsterdam,Amsterdam_T1,02:00:00:27:76:38,2026-08-13 21:28:11,25.7,52.3363586,4.9621297,0,Diemen,NL
Amsterdam,Amsterdam_T1,02:00:00:b5:71:d4,2026-08-13 21:24:19,26.3,52.3371353071573,4.96234081685543,0,Diemen,NL
Amsterdam,Amsterdam_T1,02:00:00:27:51:b8,2026-08-13 21:24:50,24.9,52.326592,4.978735,0,Amsterdam,NL
Amsterdam,Amsterdam_T1,02:00:00:83:90:6a,2026-08-13 21:29:20,24.2,52.327777,4.979477,0,Amsterdam,NL
Amsterdam,Amsterdam_T1,02:00:00:64:f7:0c,2026-08-13 21:27:04,23.4,52.3283278999999,4.98179320000003,0,Amsterdam,NL
Amsterdam,Amsterdam_T1,02:00:00:83:bf:80,2026-08-13 21:24:13,25.8,52.333599,5.061164,2,Muiden,NL
Amsterdam,Amsterdam_T1,02:00:00:01:6c:5e,2026-08-13 21:20:43,28.3,52.3446448698127,4.79225000001364,0,Amsterdam,NL
Amsterdam,Amsterdam_T1,02:00:00:63:45:58,2026-08-13 21:24:46,23.9,52.3414578220111,4.79799399999996,1,Amsterdam,NL
Amsterdam,Amsterdam_T1,02:00:00:00:c9:c8,2026-08-13 21:21:11,28.2,52.3535947951943,4.79096345471049,2,Amsterdam,NL
Amsterdam,Amsterdam_T1,02:00:00:27:63:7e,2026-08-13 21:26:49,29.7,52.349896,4.810742,0,Amsterdam,NL
Amsterdam,Amsterdam_T1,02:00:00:84:73:aa,2026-08-13 21:22:36,24.8,52.342971,4.825803,0,Amsterdam,NL
Amsterdam,Amsterdam_T1,02:00:00:84:03:f4,2026-08-13 21:21:34,26.5,52.34298,4.825876,0,Amsterdam,NL
Amsterdam,Amsterdam_T1,02:00:00:65:84:16,2026-08-13 21:23:22,25.4,52.34792,4.846243,4,Amsterdam,NL
Amsterdam,Amsterdam_T1,02:00:00:84:4c:e4,2026-08-13 21:28:04,26.2,52.349351,4.845073,1,Amsterdam,NL
Amsterdam,Amsterdam_T1,02:00:00:04:75:d4,2026-08-13 21:25:45,27.9,52.3449817790461,4.85212203743075,0,Amsterdam,NL
Amsterdam,Amsterdam_T1,02:00:00:5f:1f:26,2026-08-13 21:28:22,26.8,52.3457181372478,4.86503304724545,2,Amsterdam,NL
Amsterdam,Amsterdam_T1,02:00:00:29:77:f8,2026-08-13 21:24:15,27.2,52.352721,4.860868,4,Amsterdam,NL
Amsterdam,Amsterdam_T1,02:00:00:74:60:90,2026-08-13 21:30:06,26.5,52.343761,4.875174,3,Amsterdam,NL
Amsterdam,Amsterdam_T1,02:00:00:a4:37:d4,2026-08-13 21:26:14,27.6,52.3475151062012,4.87605476379395,5,Amsterdam,NL
Amsterdam,Amsterdam_T1,02:00:00:b5:83:32,2026-08-13 21:26:42,27.3,52.353117,4.879264,5,Amsterdam,NL
Amsterdam,Amsterdam_T1,02:00:00:22:e1:1a,2026-08-13 21:24:19,27.1,52.343674,4.907335,5,Amsterdam,NL
Amsterdam,Amsterdam_T1,02:00:00:c6:2c:e4,2026-08-13 21:28:00,26.9,52.352244,4.899948,7,Amsterdam,NL
Amsterdam,Amsterdam_T1,02:00:00:63:11:04,2026-08-13 21:28:04,26.9,52.352951,4.903895,4,Amsterdam,NL
Amsterdam,Amsterdam_T1,02:00:00:b9:59:14,2026-08-13 21:28:49,24.0,52.352879,4.928205,0,Amsterdam,NL
Amsterdam,Amsterdam_T1,02:00:00:2a:db:3c,2026-08-13 21:26:51,27.2,52.347729,4.941162,0,Amsterdam,NL
Amsterdam,Amsterdam_T1,02:00:00:7a:89:24,2026-08-13 21:24:01,26.0,52.348087,4.941446,0,Amsterdam,NL
Amsterdam,Amsterdam_T1,02:00:00:2c:f1:9a,2026-08-13 21:25:03,24.8,52.34402,4.952192,0,Amsterdam,NL
Amsterdam,Amsterdam_T1,02:00:00:bd:c0:be,2026-08-13 21:20:18,26.8,52.350442,4.98087900000004,6,Diemen,NL
Amsterdam,Amsterdam_T1,02:00:00:70:51:ce,2026-08-13 21:22:46,24.3,52.3533443,4.99812519999998,0,Amsterdam,NL
Amsterdam,Amsterdam_T1,02:00:00:c2:2e:4a,2026-08-13 21:28:45,24.3,52.351406,5.001968,0,Amsterdam,NL
Amsterdam,Amsterdam_T1,02:00:00:5f:2d:ec,2026-08-13 21:26:57,26.1,52.350554,5.003617,0,Amsterdam,NL
Amsterdam,Amsterdam_T1,02:00:00:53:21:30,2026-08-13 21:25:12,29.4,52.355412,4.787642,0,Amsterdam,NL
Amsterdam,Amsterdam_T1,02:00:00:5e:f9:38,2026-08-13 21:22:19,26.9,52.354861,4.832611,0,Amsterdam,NL
Amsterdam,Amsterdam_T1,02:00:00:84:0b:ca,2026-08-13 21:28:12,26.8,52.367164,4.83112,0,Amsterdam,NL
Amsterdam,Amsterdam_T1,02:00:00:af:7d:bc,2026-08-13 21:20:11,28.6,52.3570713933203,4.84621300000002,5,Amsterdam,NL
Amsterdam,Amsterdam_T1,02:00:00:63:33:0c,2026-08-13 21:24:15,27.8,52.365672,4.85523999999998,1,Amsterdam,NL
Amsterdam,Amsterdam_T1,02:00:00:5f:10:56,2026-08-13 21:24:10,24.5,52.3575455,4.8667305,4,Amsterdam,NL
Amsterdam,Amsterdam_T1,02:00:00:b5:9e:5c,2026-08-13 21:22:59,26.9,52.355088,4.871859,6,Amsterdam,NL
Amsterdam,Amsterdam_T1,02:00:00:7a:85:20,2026-08-13 21:27:37,28.3,52.354887,4.876879,4,Amsterdam,NL
Amsterdam,Amsterdam_T1,02:00:00:84:70:f8,2026-08-13 21:24:58,25.1,52.359384,4.876766,8,Amsterdam,NL
Amsterdam,Amsterdam_T1,02:00:00:b5:54:dc,2026-08-13 21:29:50,26.3,52.3564,4.8802,2,Amsterdam,NL
Amsterdam,Amsterdam_T1,02:00:00:02:b1:be,2026-08-13 21:22:33,26.9,52.3573648188524,4.89851619487149,4,Amsterdam,NL
Amsterdam,Amsterdam_T1,02:00:00:3a:24:be,2026-08-13 21:25:53,27.0,52.3540842,4.90596159999996,5,Amsterdam,NL
Amsterdam,Amsterdam_T1,02:00:00:c2:89:be,2026-08-13 21:23:42,27.7,52.3598411999999,4.91065000000002,3,Amsterdam,NL
Amsterdam,Amsterdam_T1,02:00:00:04:a6:8a,2026-08-13 21:24:36,26.4,52.3607,4.9243,1,Amsterdam,NL
Amsterdam,Amsterdam_T1,02:00:00:b2:b2:58,2026-08-13 21:26:30,24.5,52.357371,4.926031,3,Amsterdam,NL
Amsterdam,Amsterdam_T1,02:00:00:9b:51:e4,2026-08-13 21:26:00,25.6,52.360158,4.925819,2,Amsterdam,NL
Amsterdam,Amsterdam_T1,02:00:00:3f:6a:62,2026-08-13 21:23:17,29.9,52.363079,4.979751,0,Amsterdam,NL
Amsterdam,Amsterdam_T1,02:00:00:b2:c1:1a,2026-08-13 21:25:50,27.3,52.359813,4.995219,0,Amsterdam,NL
Amsterdam,Amsterdam_T1,02:00:00:c6:24:60,2026-08-13 21:28:18,25.4,52.3561316,5.0025093,0,Amsterdam,NL
Amsterdam,Amsterdam_T1,02:00:00:83:d1:bc,2026-08-13 21:28:33,26.4,52.373107,4.810869,0,Amsterdam,NL
Amsterdam,Amsterdam_T1,02:00:00:83:eb:6a,2026-08-13 21:22:35,29.6,52.3771819548297,4.818619891921,1,Amsterdam,NL
Amsterdam,Amsterdam_T1,02:00:00:1b:1b:36,2026-08-13 21:19:39,30.8,52.374821,4.822411,3,Amsterdam,NL
Amsterdam,Amsterdam_T1,02:00:00:53:50:72,2026-08-13 21:24:58,27.2,52.375709,4.83394,1,Amsterdam,NL
Amsterdam,Amsterdam_T1,02:00:00:af:8c:48,2026-08-13 21:25:16,27.8,52.379386,4.839399,2,Amsterdam,NL
Amsterdam,Amsterdam_T1,02:00:00:7a:7d:7c,2026-08-13 21:24:17,26.3,52.376183,4.8480215,3,Amsterdam,NL
Amsterdam,Amsterdam_T1,02:00:00:2b:49:82,2026-08-13 21:27:28,27.3,52.3727766,4.8646089,4,Amsterdam,NL
Amsterdam,Amsterdam_T1,02:00:00:71:1d:7e,2026-08-13 21:26:28,25.5,52.3796,4.8778,1,Amsterdam,NL
Amsterdam,Amsterdam_T1,02:00:00:af:9a:18,2026-08-13 21:28:32,26.1,52.371666,4.881638,9,Amsterdam,NL
Amsterdam,Amsterdam_T1,02:00:00:a4:39:8a,2026-08-13 21:22:07,24.6,52.3719,4.8829,9,Amsterdam,NL
Amsterdam,Amsterdam_T1,02:00:00:00:83:86,2026-08-13 21:26:24,28.7,52.3824005126953,4.89949989318848,1,Amsterdam,NL
Amsterdam,Amsterdam_T1,02:00:00:6b:3b:94,2026-08-13 21:26:31,26.5,52.3824,4.8995,5,Amsterdam,NL
Amsterdam,Amsterdam_T1,02:00:00:27:4a:1c,2026-08-13 21:25:04,27.5,52.3824,4.8995,5,Amsterdam,NL
Amsterdam,Amsterdam_T1,02:00:00:bd:07:a6,2026-08-13 21:23:45,25.9,52.375199,4.931954,1,Amsterdam,NL
Amsterdam,Amsterdam_T1,02:00:00:65:41:06,2026-08-13 21:22:22,26.1,52.379093,4.927459,4,Amsterdam,NL
Amsterdam,Amsterdam_T1,02:00:00:5f:5d:a6,2026-08-13 21:29:31,27.3,52.3784590885084,4.92971493551146,8,Amsterdam,NL
Amsterdam,Amsterdam_T1,02:00:00:28:9a:9a,2026-08-13 21:24:24,25.6,52.369183,4.95507,0,Amsterdam,NL
Amsterdam,Amsterdam_T1,02:00:00:c6:26:24,2026-08-13 21:22:56,25.6,52.3731658712137,4.96877610683441,1,Amsterdam,NL
Amsterdam,Amsterdam_T1,02:00:00:ab:e3:52,2026-08-13 21:21:15,23.8,52.3907,4.86369999999998,4,Amsterdam,NL
Amsterdam,Amsterdam_T1,02:00:00:a2:31:fc,2026-08-13 21:24:35,28.2,52.3845558166504,4.86922264099121,7,Amsterdam,NL
Amsterdam,Amsterdam_T1,02:00:00:36:9f:fe,2026-08-13 21:24:47,26.8,52.383123,4.874172,6,Amsterdam,NL
Amsterdam,Amsterdam_T1,02:00:00:84:46:e2,2026-08-13 21:28:37,27.5,52.3929199123918,4.88645911216736,0,Amsterdam,NL
Amsterdam,Amsterdam_T1,02:00:00:af:30:44,2026-08-13 21:21:39,28.6,52.385656,4.891618,0,Amsterdam,NL
Amsterdam,Amsterdam_T1,02:00:00:9d:1b:ac,2026-08-13 21:24:15,28.8,52.386736,4.900561,4,Amsterdam,NL
Amsterdam,Amsterdam_T1,02:00:00:7f:be:6c,2026-08-13 21:28:43,26.7,52.385614,4.901338,2,Amsterdam,NL
Amsterdam,Amsterdam_T1,02:00:00:1c:5a:de,2026-08-13 21:21:47,27.5,52.3861524614255,4.90178911562291,1,Amsterdam,NL
Amsterdam,Amsterdam_T1,02:00:00:2a:d6:c6,2026-08-13 21:23:45,25.7,52.3936767578125,4.9279146194458,0,Amsterdam,NL
Amsterdam,Amsterdam_T1,02:00:00:b2:ad:ea,2026-08-13 21:20:16,27.4,52.396946,4.937041,0,Amsterdam,NL
Amsterdam,Amsterdam_T1,02:00:00:af:9a:78,2026-08-13 21:20:49,26.7,52.4020652770996,4.89147710800171,0,Amsterdam,NL
Amsterdam,Amsterdam_T1,02:00:00:00:f7:8e,2026-08-13 21:27:47,27.8,52.4091,4.8896,0,Amsterdam,NL
Amsterdam,Amsterdam_T1,02:00:00:65:70:14,2026-08-13 21:21:41,25.5,52.406578,4.898823,3,Amsterdam,NL
Amsterdam,Amsterdam_T1,02:00:00:b5:76:26,2026-08-13 21:20:42,25.8,52.403811,4.914876,2,Amsterdam,NL
Amsterdam,Amsterdam_T1,02:00:00:9b:5a:46,2026-08-13 21:19:53,23.3,52.4092,4.911,1,Amsterdam,NL
Amsterdam,Amsterdam_T1,02:00:00:bd:d9:9e,2026-08-13 21:21:03,24.9,52.407674,4.932463,0,Amsterdam,NL
Amsterdam,Amsterdam_T1,02:00:00:7f:d5:6c,2026-08-13 21:25:11,26.0,52.407289,4.935319,0,Amsterdam,NL
Amsterdam,Amsterdam_T1,02:00:00:63:2c:2a,2026-08-13 21:26:20,25.7,52.402984,4.945694,2,Amsterdam,NL
Amsterdam,Amsterdam_T1,02:00:00:63:32:ca,2026-08-13 21:21:28,24.4,52.400011,4.948339,0,Amsterdam,NL
Amsterdam,Amsterdam_T1,02:00:00:7f:c1:54,2026-08-13 21:28:47,27.7,52.3997152224585,4.95156731297681,0,Amsterdam,NL
Amsterdam,Amsterdam_T1,02:00:00:74:33:d4,2026-08-13 21:24:52,28.3,52.417055,4.825916,2,Amsterdam,NL
Amsterdam,Amsterdam_T1,02:00:00:84:a0:80,2026-08-13 21:21:29,21.3,52.414189,4.871251,1,Amsterdam,NL
Amsterdam,Amsterdam_T1,02:00:00:70:5a:82,2026-08-13 21:27:13,25.5,52.420749,4.893155,0,Amsterdam,NL
Amsterdam,Amsterdam_T1,02:00:00:b5:1f:ee,2026-08-13 21:21:57,29.1,52.4212074279785,4.89612674713135,1,Amsterdam,NL
Amsterdam,Amsterdam_T1,02:00:00:bd:c8:28,2026-08-13 21:28:35,26.4,52.4225551,4.8995336,0,Amsterdam,NL
Amsterdam,Amsterdam_T1,02:00:00:bd:d6:68,2026-08-13 21:27:05,21.6,52.4134732394671,5.02463681500691,0,Amsterdam,NL
Amsterdam,Amsterdam_T1,02:00:00:b2:be:dc,2026-08-13 21:21:18,25.5,52.4336802968209,4.80540275573731,0,Zaanstad,NL
Amsterdam,Amsterdam_T1,02:00:00:84:7f:c4,2026-08-13 21:24:11,24.6,52.4315445597503,4.8274827003479,2,Zaandam,NL
Amsterdam,Amsterdam_T1,02:00:00:c3:9d:f2,2026-08-13 21:29:04,26.3,52.432236,4.828755,2,Zaandam,NL
Amsterdam,Amsterdam_T1,02:00:00:63:1e:a2,2026-08-13 21:24:43,26.9,52.432955,4.829382,3,Zaandam,NL
Amsterdam,Amsterdam_T1,02:00:00:a4:5d:e2,2026-08-13 21:26:42,26.6,52.429596,4.834617,2,Zaandam,NL
Amsterdam,Amsterdam_T1,02:00:00:04:60:50,2026-08-13 21:22:00,23.3,52.4362386996961,4.8581631145293,0,Oostzaan,NL
Amsterdam,Amsterdam_T1,02:00:00:71:64:d2,2026-08-13 21:25:15,25.8,52.431575,4.871433,2,Oostzaan,NL
Amsterdam,Amsterdam_T1,02:00:00:01:16:2a,2026-08-13 21:22:53,25.4,52.434544,4.873619,0,Oostzaan,NL
Amsterdam,Amsterdam_T1,02:00:00:b5:05:fe,2026-08-13 21:28:04,25.7,52.43446,4.876556,0,Oostzaan,NL
Amsterdam,Amsterdam_T1,02:00:00:b8:ec:c0,2026-08-13 21:21:27,25.8,52.434645,4.88352290000002,0,Oostzaan,NL
Amsterdam,Amsterdam_T1,02:00:00:2c:81:ba,2026-08-13 21:22:02,27.6,52.42855131,4.90767144000006,0,Landsmeer,NL
Amsterdam,Amsterdam_T1,02:00:00:84:97:78,2026-08-13 21:27:25,24.1,52.4303782,4.9118837,0,Landsmeer,NL
Amsterdam,Amsterdam_T1,02:00:00:7f:8e:40,2026-08-13 21:22:49,25.3,52.4295166584759,4.91431653499603,1,Landsmeer,NL
Amsterdam,Amsterdam_T1,02:00:00:19:9f:a0,2026-08-13 21:27:45,25.0,52.42952,4.922538,2,Landsmeer,NL
Amsterdam,Amsterdam_T1,02:00:00:b2:a8:40,2026-08-13 21:23:13,23.0,52.4277367607842,4.97108750037114,0,Watergang,NL
Amsterdam,Amsterdam_T1,02:00:00:58:c1:a2,2026-08-13 21:21:42,22.5,52.427962,4.971568,0,Watergang,NL
Amsterdam,Amsterdam_T1,02:00:00:03:66:0a,2026-08-13 21:26:20,24.2,52.435455,4.998643,0,Waterland,NL
Amsterdam,Amsterdam_T1,02:00:00:74:2f:bc,2026-08-13 21:22:53,26.8,52.441813,4.800982,2,Zaandam,NL
Amsterdam,Amsterdam_T1,02:00:00:28:b4:66,2026-08-13 21:21:50,25.7,52.44171,4.801541,2,Zaandam,NL
Amsterdam,Amsterdam_T1,02:00:00:2b:51:e0,2026-08-13 21:20:13,28.1,52.4437952340714,4.80843538190147,0,Zaandam,NL
Amsterdam,Amsterdam_T1,02:00:00:3b:e3:ba,2026-08-13 21:29:59,26.9,52.446107,4.818733,4,Zaandam,NL
Amsterdam,Amsterdam_T1,02:00:00:90:6d:84,2026-08-13 21:24:38,25.3,52.451797,4.81541440000003,0,Zaandam,NL
Amsterdam,Amsterdam_T1,02:00:00:64:1b:8a,2026-08-13 21:24:36,27.6,52.44757,4.87087999999997,0,Oostzaan,NL
Amsterdam,Amsterdam_T1,02:00:00:70:48:54,2026-08-13 21:25:08,26.5,52.4493083,4.87009850000007,0,Oostzaan,NL
Amsterdam,Amsterdam_T1,02:00:00:8d:e0:2e,2026-08-13 21:27:59,25.2,52.453716,5.033896,1,Monnickendam,NL
Amsterdam,Amsterdam_T1,02:00:00:65:7b:60,2026-08-13 21:21:57,25.1,52.45517,4.796338,0,Koog aan de Zaan,NL
Amsterdam,Amsterdam_T1,02:00:00:65:85:14,2026-08-13 21:21:42,23.8,52.460911,4.798072,0,Koog aan de Zaan,NL
Amsterdam,Amsterdam_T1,02:00:00:70:59:8a,2026-08-13 21:21:54,25.2,52.461746,4.800009,0,Zaanstad,NL
Amsterdam,Amsterdam_T1,02:00:00:b2:a4:56,2026-08-13 21:27:34,25.0,52.458013,4.806933,1,Koog aan de Zaan,NL
Amsterdam,Amsterdam_T1,02:00:00:12:55:1a,2026-08-13 21:23:11,27.8,52.4596497323282,4.81831419827456,3,Zaanstad,NL
Amsterdam,Amsterdam_T1,02:00:00:83:c1:36,2026-08-13 21:20:27,25.9,52.46779,4.833544,2,Zaandam,NL
Amsterdam,Amsterdam_T1,02:00:00:a9:c1:1c,2026-08-13 21:23:05,27.4,52.4684745,4.8413454,2,Zaandam,NL
Amsterdam,Amsterdam_T1,02:00:00:65:59:44,2026-08-13 21:22:50,26.9,52.46492,4.947995,0,Landsmeer,NL
Amsterdam,Amsterdam_T1,02:00:00:74:32:a4,2026-08-13 21:12:43,27.2,52.4731842031282,4.79222238063812,0,Zaandijk,NL
Amsterdam,Amsterdam_T1,02:00:00:83:fe:54,2026-08-13 21:25:18,24.9,52.473273,4.792316,1,Zaandijk,NL
Amsterdam,Amsterdam_T1,02:00:00:af:6e:4c,2026-08-13 21:25:54,25.0,52.472511,4.809806,1,Zaandijk,NL
Amsterdam,Amsterdam_T1,02:00:00:14:3f:f0,2026-08-13 21:23:17,24.0,52.478533,4.808805,0,Zaandijk,NL
Amsterdam,Amsterdam_T1,02:00:00:ab:f0:04,2026-08-13 21:22:10,23.7,52.4732402,4.82852159999997,1,Zaanstad,NL
Amsterdam,Amsterdam_T1,02:00:00:bd:20:42,2026-08-13 21:27:35,28.4,52.490773,4.590405,13,Wijk aan Zee,NL
Amsterdam,Amsterdam_T1,02:00:00:a2:61:20,2026-08-13 21:28:55,26.9,52.4932975227619,4.60278952387853,8,Wijk aan Zee,NL
Amsterdam,Amsterdam_T1,02:00:00:b5:31:48,2026-08-13 21:21:23,27.2,52.48672,4.649581,3,Beverwijk,NL
Amsterdam,Amsterdam_T1,02:00:00:03:9e:56,2026-08-13 21:20:23,25.3,52.4833850346124,4.65639000000004,2,Beverwijk,NL
Amsterdam,Amsterdam_T1,02:00:00:a4:41:2c,2026-08-13 21:25:20,26.9,52.493777,4.651065,3,Beverwijk,NL
Amsterdam,Amsterdam_T1,02:00:00:1f:75:1e,2026-08-13 21:22:38,23.1,52.495347,4.671976,3,Beverwijk,NL
Amsterdam,Amsterdam_T1,02:00:00:63:48:12,2026-08-13 21:28:49,23.7,52.4925710517851,4.68104579285944,0,Beverwijk,NL
Amsterdam,Amsterdam_T1,02:00:00:70:4d:7a,2026-08-13 21:20:25,27.1,52.4936408996582,4.68717861175537,0,Heemskerk,NL
Amsterdam,Amsterdam_T1,02:00:00:b9:29:a2,2026-08-13 21:28:16,23.2,52.48681,4.689331,0,Beverwijk,NL
Amsterdam,Amsterdam_T1,02:00:00:c2:3f:1a,2026-08-13 21:24:48,29.3,52.494114652513,4.69021010199475,0,Heemskerk,NL
Amsterdam,Amsterdam_T1,02:00:00:b9:2d:62,2026-08-13 21:20:15,24.6,52.487002,4.745845,0,Assendelft,NL
Amsterdam,Amsterdam_T1,02:00:00:bd:ca:8e,2026-08-13 21:22:07,25.1,52.486042,4.749684,0,Assendelft,NL
Amsterdam,Amsterdam_T1,02:00:00:bc:bc:18,2026-08-13 21:24:37,27.6,52.48874,4.746305,0,Assendelft,NL
Amsterdam,Amsterdam_T1,02:00:00:bd:ba:0a,2026-08-13 21:21:56,25.6,52.485389,4.760449,0,Assendelft,NL
Amsterdam,Amsterdam_T1,02:00:00:64:00:98,2026-08-13 21:23:32,25.5,52.487216,4.759611,0,Assendelft,NL
Amsterdam,Amsterdam_T1,02:00:00:64:29:c8,2026-08-13 21:25:11,24.8,52.509686,4.657991,3,Heemskerk,NL
Amsterdam,Amsterdam_T1,02:00:00:28:d9:68,2026-08-13 21:21:48,28.4,52.505043,4.663006,3,Heemskerk,NL
Amsterdam,Amsterdam_T1,02:00:00:74:38:16,2026-08-13 21:23:02,24.0,52.5022010803223,4.66760015487671,3,Heemskerk,NL
Amsterdam,Amsterdam_T1,02:00:00:5f:27:32,2026-08-13 21:29:38,24.7,52.507020773057,4.66796492578298,2,Heemskerk,NL
Amsterdam,Amsterdam_T1,02:00:00:8d:c6:84,2026-08-13 21:20:23,25.8,52.49849,4.670613,4,Heemskerk,NL
Amsterdam,Amsterdam_T1,02:00:00:70:3c:30,2026-08-13 21:28:09,25.4,52.510432,4.688887,1,Heemskerk,NL
Amsterdam,Amsterdam_T1,02:00:00:73:f5:76,2026-08-13 21:21:34,23.9,52.499622,4.6940675,0,Heemskerk,NL
Amsterdam,Amsterdam_T1,02:00:00:1a:fe:50,2026-08-13 21:24:32,27.0,52.5053081762322,4.75592475261492,1,Krommenie,NL
Amsterdam,Amsterdam_T1,02:00:00:bd:f4:02,2026-08-13 21:28:41,26.5,52.4973426347924,4.76018432436422,0,Zaanstad,NL
Amsterdam,Amsterdam_T1,02:00:00:03:85:30,2026-08-13 21:23:38,26.3,52.504607,4.76235500000008,3,Krommenie,NL
Amsterdam,Amsterdam_T1,02:00:00:c3:dd:06,2026-08-13 21:28:06,24.3,52.5044019083239,4.77092044039439,0,Krommenie,NL
Amsterdam,Amsterdam_T1,02:00:00:2c:be:d2,2026-08-13 21:27:50,24.2,52.512672,4.666764,1,Heemskerk,NL
Amsterdam,Amsterdam_T1,02:00:00:74:32:2e,2026-08-13 21:29:57,25.2,52.512731,4.670313,3,Heemskerk,NL
Amsterdam,Amsterdam_T1,02:00:00:58:bd:d0,2026-08-13 21:27:27,21.4,52.517194,4.672498,0,Heemskerk,NL
Amsterdam,Amsterdam_T1,02:00:00:b4:f1:96,2026-08-13 21:20:24,25.9,52.5120620727539,4.68826818466187,1,Heemskerk,NL
Amsterdam,Amsterdam_T1,02:00:00:19:33:4e,2026-08-13 21:29:11,28.0,52.5206,4.6901,0,Heemskerk,NL
Amsterdam,Amsterdam_T1,02:00:00:bd:0d:f2,2026-08-13 21:29:24,25.6,52.5209953,4.70019589999997,0,Uitgeest,NL
Amsterdam,Amsterdam_T1,02:00:00:63:24:da,2026-08-13 21:28:44,22.7,52.5267021414972,4.70168518277734,0,Uitgeest,NL
Amsterdam,Amsterdam_T1,02:00:00:b9:5f:90,2026-08-13 21:22:20,24.7,52.533084264192,4.71261564257397,0,Uitgeest,NL
Amsterdam,Amsterdam_T1,02:00:00:63:2d:f0,2026-08-13 21:24:58,25.6,52.533104,4.712557,0,Uitgeest,NL
Amsterdam,Amsterdam_T1,02:00:00:b5:8b:c2,2026-08-13 21:26:39,25.5,52.529381,4.713874,2,Uitgeest,NL
Amsterdam,Amsterdam_T1,02:00:00:b5:a6:8a,2026-08-13 21:24:41,24.3,52.530517,4.778969,0,Markenbinnen,NL
Amsterdam,Amsterdam_T1,02:00:00:b9:52:2e,2026-08-13 21:28:26,23.7,52.543081,4.660629,1,Castricum,NL
Amsterdam,Amsterdam_T1,02:00:00:2b:20:f8,2026-08-13 21:20:47,27.3,52.552362718395,4.66431157696726,4,Castricum,NL
Amsterdam,Amsterdam_T1,02:00:00:a4:41:be,2026-08-13 21:22:28,24.9,52.5500106811523,4.66659545898438,1,Castricum,NL
Amsterdam,Amsterdam_T1,02:00:00:00:f7:ea,2026-08-13 21:21:54,24.1,52.552456056786,4.66874740076037,2,Castricum,NL
Amsterdam,Amsterdam_T1,02:00:00:27:2c:12,2026-08-13 21:25:54,25.7,52.5579643249512,4.65175914764404,11,Castricum,NL
Amsterdam,Amsterdam_T1,02:00:00:00:56:b0,2026-08-13 21:21:05,25.4,52.559481,4.645325,8,Castricum,NL
Amsterdam,Amsterdam_T1,02:00:00:36:a3:a2,2026-08-13 21:28:21,25.5,52.561176,4.647979,12,Castricum,NL
Amsterdam,Amsterdam_T1,02:00:00:c3:74:74,2026-08-13 21:23:16,25.5,52.556907,4.668744,1,Castricum,NL
Amsterdam,Amsterdam_T1,02:00:00:bd:e4:0a,2026-08-13 21:23:24,24.2,52.557114,4.6693296,0,Castricum,NL
Amsterdam,Amsterdam_T1,02:00:00:bd:db:96,2026-08-13 21:29:34,21.1,52.5677,4.688097,2,Castricum,NL
Amsterdam,Amsterdam_T1,02:00:00:83:f9:38,2026-08-13 21:24:24,24.7,52.5667610168457,4.69240951538086,4,Castricum,NL
Amsterdam,Amsterdam_T1,02:00:00:bd:d4:66,2026-08-13 21:27:16,26.1,52.5567058594671,4.72576493881832,0,Castricum,NL
Amsterdam,Amsterdam_T1,02:00:00:b0:a9:ae,2026-08-13 21:24:51,25.4,52.556932,4.728066,0,Castricum,NL
Amsterdam,Amsterdam_T1,02:00:00:2c:f9:46,2026-08-13 21:23:57,26.3,52.5711657,4.69811320000005,2,Castricum,NL
Amsterdam,Amsterdam_T1,02:00:00:7f:ca:86,2026-08-13 21:29:28,26.2,52.575198,4.701347,2,Castricum,NL
Amsterdam,Amsterdam_T1,02:00:00:b5:77:5a,2026-08-13 21:25:06,22.7,52.589641,4.701077,1,Heiloo,NL
Amsterdam,Amsterdam_T1,02:00:00:3f:6f:6c,2026-08-13 21:20:04,23.7,52.5883517,4.71341809999999,0,Heiloo,NL
Amsterdam,Amsterdam_T1,02:00:00:5f:28:b6,2026-08-13 21:28:06,22.4,52.593292,4.713329,0,Heiloo,NL
Amsterdam,Amsterdam_T1,02:00:00:13:81:dc,2026-08-13 21:22:34,22.8,52.5917217300149,4.71660864874474,1,Heiloo,NL
Amsterdam,Amsterdam_T1,02:00:00:14:4a:16,2026-08-13 21:20:11,22.7,52.5979706,4.68623639999998,2,Heiloo,NL
Amsterdam,Amsterdam_T1,02:00:00:27:49:96,2026-08-13 21:29:33,25.9,52.596877,4.700662,2,Heiloo,NL
Amsterdam,Amsterdam_T1,02:00:00:b2:c5:8e,2026-08-13 21:26:17,22.0,52.607205,4.694133,1,Heiloo,NL
Amsterdam,Amsterdam_T1,02:00:00:bd:0d:f4,2026-08-13 21:26:42,23.6,52.608246,4.707137,1,Heiloo,NL
Amsterdam,Amsterdam_T1,02:00:00:15:dc:9e,2026-08-13 21:22:43,24.9,52.607723,4.716598,6,Heiloo,NL
Amsterdam,Amsterdam_T1,02:00:00:64:09:44,2026-08-13 21:25:47,23.8,52.602954864502,4.7196626663208,2,Heiloo,NL
Amsterdam,Amsterdam_T1,02:00:00:ab:f5:58,2026-08-13 21:21:54,26.3,52.6041166997843,4.72310379860246,1,Heiloo,NL
Amsterdam,Amsterdam_T1,02:00:00:02:63:54,2026-08-13 21:26:19,28.8,52.6134354354965,4.62090881276794,20,Bergen,NL
Amsterdam,Amsterdam_T1,02:00:00:b5:ac:40,2026-08-13 21:26:26,25.1,52.622938,4.628717,11,Bergen,NL
Amsterdam,Amsterdam_T1,02:00:00:00:da:fe,2026-08-13 21:20:16,25.5,52.62333,4.630068,11,Bergen,NL
Amsterdam,Amsterdam_T1,02:00:00:31:ea:ec,2026-08-13 21:20:02,23.1,52.6170874425851,4.65225869437614,1,Bergen (NH),NL
Amsterdam,Amsterdam_T1,02:00:00:64:29:b6,2026-08-13 21:26:44,23.8,52.6201341308608,4.6524031553414,3,Bergen (NH),NL
Amsterdam,Amsterdam_T1,02:00:00:b2:a7:60,2026-08-13 21:20:55,24.3,52.617767,4.735231,3,Alkmaar,NL
Amsterdam,Amsterdam_T1,02:00:00:2f:07:0e,2026-08-13 21:22:56,27.8,52.619869,4.74062129999993,2,Alkmaar,NL
Amsterdam,Amsterdam_T1,02:00:00:b9:2a:8c,2026-08-13 21:23:51,25.2,52.6220359802246,4.74117708206177,3,Alkmaar,NL
Amsterdam,Amsterdam_T1,02:00:00:64:41:c4,2026-08-13 21:24:22,28.4,52.6182297305515,4.76174610319983,1,Alkmaar,NL
Amsterdam,Amsterdam_T1,02:00:00:c2:7c:c6,2026-08-13 21:25:59,25.9,52.625301,4.656129,4,Bergen,NL
Amsterdam,Amsterdam_T1,02:00:00:63:41:1a,2026-08-13 21:20:59,24.3,52.6295856026728,4.71791982650757,2,Alkmaar,NL
Amsterdam,Amsterdam_T1,02:00:00:01:aa:12,2026-08-13 21:29:52,26.4,52.633442,4.7215387,2,Alkmaar,NL
Amsterdam,Amsterdam_T1,02:00:00:ab:c4:e2,2026-08-13 21:20:12,25.6,52.6328430175781,4.72380399703979,2,Alkmaar,NL
Amsterdam,Amsterdam_T1,02:00:00:9b:4e:12,2026-08-13 21:25:00,26.9,52.6366402163491,4.74007593934657,3,Alkmaar,NL
Amsterdam,Amsterdam_T1,02:00:00:1f:79:cc,2026-08-13 21:25:08,27.9,52.636603,4.745265,4,Alkmaar,NL
Amsterdam,Amsterdam_T1,02:00:00:31:bd:b4,2026-08-13 21:29:15,27.7,52.634031,4.750493,5,Alkmaar,NL
Amsterdam,Amsterdam_T1,02:00:00:c2:2e:b6,2026-08-13 21:20:53,25.2,52.633771,4.75851099999995,2,Alkmaar,NL
Amsterdam,Amsterdam_T1,02:00:00:63:37:be,2026-08-13 21:28:46,24.8,52.633652,4.765127,1,Alkmaar,NL
Amsterdam,Amsterdam_T1,02:00:00:36:e0:40,2026-08-13 21:21:35,26.2,52.632384,4.766958,1,Alkmaar,NL
Amsterdam,Amsterdam_T1,02:00:00:ab:df:8c,2026-08-13 21:25:32,25.3,52.641745,4.756303,1,Alkmaar,NL
Amsterdam,Amsterdam_T1,02:00:00:12:7e:c4,2026-08-13 21:25:50,25.0,52.6525888583169,4.76428381045071,1,Alkmaar,NL
Amsterdam,Amsterdam_T1,02:00:00:a2:25:b4,2026-08-13 21:24:35,26.8,52.652943,4.772452,0,Alkmaar,NL
Amsterdam,Amsterdam_T1,02:00:00:c6:27:d8,2026-08-13 21:22:52,26.0,52.6525816965179,4.77996415413952,2,Broek Op Langedijk,NL
Amsterdam,Amsterdam_T1,02:00:00:a9:5f:3c,2026-08-13 21:27:10,24.6,52.3233565620573,4.58888893347402,2,Bennebroek,NL
Amsterdam,Amsterdam_T1,02:00:00:74:30:a2,2026-08-13 21:26:02,23.8,52.31667,4.601682,2,Bennebroek,NL
Amsterdam,Amsterdam_T1,02:00:00:52:ff:4a,2026-08-13 21:26:05,25.0,52.316234,4.613678,0,Zwaanshoek,NL
Amsterdam,Amsterdam_T1,02:00:00:01:52:28,2026-08-13 21:27:11,24.8,52.321617,4.59779800000001,4,Bennebroek,NL
Amsterdam,Amsterdam_T1,02:00:00:34:0d:20,2026-08-13 21:26:14,29.1,52.314469,4.637147,0,Haarlemmermeer,NL
Amsterdam,Amsterdam_T1,02:00:00:8d:cc:36,2026-08-13 21:21:41,29.0,52.3125,4.6445,0,Hoofddorp,NL
Amsterdam,Amsterdam_T1,02:00:00:06:02:ae,2026-08-13 21:24:48,27.3,52.313344,4.652007,0,Haarlemmermeer,NL
Amsterdam,Amsterdam_T1,02:00:00:2b:51:7c,2026-08-13 21:27:22,27.4,52.314801,4.664166,0,Hoofddorp,NL
Amsterdam,Amsterdam_T1,02:00:00:04:a8:18,2026-08-13 21:23:42,26.5,52.3118591308594,4.69132137298584,0,Haarlemmermeer,NL
Amsterdam,Amsterdam_T1,02:00:00:04:5c:16,2026-08-13 21:22:05,26.5,52.325924,4.593691,3,Bennebroek,NL
Amsterdam,Amsterdam_T1,02:00:00:53:40:ac,2026-08-13 21:28:19,27.4,52.3348254552263,4.61766521558033,1,Heemstede,NL
Amsterdam,Amsterdam_T1,02:00:00:8d:d6:b0,2026-08-13 21:27:32,31.1,52.335645,4.632993,0,Cruquius,NL
Amsterdam,Amsterdam_T1,02:00:00:be:07:f0,2026-08-13 21:29:20,26.0,52.3348065616568,4.64470551369772,0,Cruquius,NL
Amsterdam,Amsterdam_T1,02:00:00:b5:9e:1e,2026-08-13 21:22:06,25.3,52.3426322937012,4.60296392440796,3,Heemstede,NL
Amsterdam,Amsterdam_T1,02:00:00:bd:c0:ba,2026-08-13 21:20:35,23.8,52.3423288406971,4.60312933229977,2,Heemstede,NL
Amsterdam,Amsterdam_T1,02:00:00:b4:f1:9a,2026-08-13 21:29:18,24.5,52.3455882986117,4.6028138830537,3,Heemstede,NL
Amsterdam,Amsterdam_T1,02:00:00:8d:e0:c8,2026-08-13 21:21:32,25.7,52.342843,4.623263,3,Heemstede,NL
Amsterdam,Amsterdam_T1,02:00:00:b5:4a:8a,2026-08-13 21:22:03,28.3,52.346112,4.624803,2,Heemstede,NL
Amsterdam,Amsterdam_T1,02:00:00:3c:18:b0,2026-08-13 21:28:40,30.0,52.342698,4.627139,2,Heemstede,NL
Amsterdam,Amsterdam_T1,02:00:00:74:5c:56,2026-08-13 21:22:24,26.5,52.350723,4.644351,0,Haarlem,NL
Amsterdam,Amsterdam_T1,02:00:00:9c:f8:c4,2026-08-13 21:28:57,26.8,52.3476130477796,4.650423771551,2,Haarlem,NL
Amsterdam,Amsterdam_T1,02:00:00:02:9b:e4,2026-08-13 21:28:27,24.6,52.347191,4.652659,1,Haarlem,NL
Amsterdam,Amsterdam_T1,02:00:00:b5:52:ca,2026-08-13 21:24:15,25.4,52.3431975,4.67456669,0,Vijfhuizen,NL
Amsterdam,Amsterdam_T1,02:00:00:3a:25:94,2026-08-13 21:28:49,28.8,52.34347,4.674454,0,Vijfhuizen,NL
Amsterdam,Amsterdam_T1,02:00:00:ab:ea:fc,2026-08-13 21:25:20,26.3,52.343516,4.674352,0,Vijfhuizen,NL
Amsterdam,Amsterdam_T1,02:00:00:19:41:f0,2026-08-13 21:21:09,27.0,52.34581,4.772238,0,Badhoevedorp,NL
Amsterdam,Amsterdam_T1,02:00:00:bd:de:aa,2026-08-13 21:26:14,25.7,52.35104,4.773909,0,Amsterdam,NL
Amsterdam,Amsterdam_T1,02:00:00:ab:db:e0,2026-08-13 21:21:20,27.8,52.364787,4.52086100000004,14,Zandvoort,NL
Amsterdam,Amsterdam_T1,02:00:00:3c:ed:32,2026-08-13 21:24:15,26.3,52.3671946,4.54155539999998,6,Zandvoort,NL
Amsterdam,Amsterdam_T1,02:00:00:b0:97:dc,2026-08-13 21:23:04,25.8,52.367772,4.606125,2,Haarlem,NL
Amsterdam,Amsterdam_T1,02:00:00:83:99:52,2026-08-13 21:25:20,25.6,52.3554,4.6149,7,Heemstede,NL
Amsterdam,Amsterdam_T1,02:00:00:63:3e:0e,2026-08-13 21:28:19,27.9,52.357028,4.615857,5,Heemstede,NL
Amsterdam,Amsterdam_T1,02:00:00:9d:10:06,2026-08-13 21:23:09,25.8,52.354224,4.625271,2,Heemstede,NL
Amsterdam,Amsterdam_T1,02:00:00:b2:b2:54,2026-08-13 21:24:19,26.6,52.357489,4.625746,4,Heemstede,NL
Amsterdam,Amsterdam_T1,02:00:00:83:fd:c4,2026-08-13 21:22:27,26.2,52.355408,4.626659,3,Heemstede,NL
Amsterdam,Amsterdam_T1,02:00:00:03:9c:a2,2026-08-13 21:26:05,29.2,52.3547002557013,4.64688848693248,0,Haarlem,NL
Amsterdam,Amsterdam_T1,02:00:00:01:8b:04,2026-08-13 21:22:01,28.9,52.357799252269,4.64295928937645,4,Haarlem,NL
Amsterdam,Amsterdam_T1,02:00:00:3d:18:c6,2026-08-13 21:22:21,29.5,52.3615,4.6419,2,Haarlem,NL
Amsterdam,Amsterdam_T1,02:00:00:29:66:d8,2026-08-13 21:21:52,26.4,52.354517,4.779536,0,Amsterdam,NL
Amsterdam,Amsterdam_T1,02:00:00:b4:f0:46,2026-08-13 21:20:23,28.5,52.3692474365234,4.5371298789978,8,Zandvoort,NL
Amsterdam,Amsterdam_T1,02:00:00:1c:57:72,2026-08-13 21:25:44,25.0,52.3705376377954,4.53681784129898,5,Zandvoort,NL
Amsterdam,Amsterdam_T1,02:00:00:3f:4c:f4,2026-08-13 20:57:48,30.9,52.372587,4.530564,6,Zandvoort,NL
Amsterdam,Amsterdam_T1,02:00:00:c2:32:aa,2026-08-13 21:29:51,23.9,52.372037,4.59458,8,Aerdenhout,NL
Amsterdam,Amsterdam_T1,02:00:00:b5:b1:0c,2026-08-13 21:22:11,27.0,52.3695997,4.6135729,1,Haarlem,NL
Amsterdam,Amsterdam_T1,02:00:00:c3:ec:bc,2026-08-13 21:24:35,24.6,52.3714478705273,4.62272452350821,1,Haarlem,NL
Amsterdam,Amsterdam_T1,02:00:00:bd:fb:06,2026-08-13 21:24:32,27.5,52.3736267089844,4.61951780319214,0,Haarlem,NL
Amsterdam,Amsterdam_T1,02:00:00:3a:2a:c8,2026-08-13 21:25:03,24.9,52.37427,4.6192017,1,Haarlem,NL
Amsterdam,Amsterdam_T1,02:00:00:33:d2:64,2026-08-13 21:20:22,26.9,52.3809272917764,4.64569719847814,1,Haarlem,NL
Amsterdam,Amsterdam_T1,02:00:00:12:93:68,2026-08-13 21:27:31,29.0,52.3707324317005,4.64776396751404,5,Haarlem,NL
Amsterdam,Amsterdam_T1,02:00:00:01:91:b6,2026-08-13 21:24:14,28.4,52.379626,4.661115,0,Haarlem,NL
Amsterdam,Amsterdam_T1,02:00:00:a9:82:9a,2026-08-13 21:20:14,23.2,52.378145,4.670558,1,Haarlem,NL
Amsterdam,Amsterdam_T1,02:00:00:b9:44:aa,2026-08-13 21:27:15,22.7,52.375513,4.67675000000014,0,Vijfhuizen,NL
Amsterdam,Amsterdam_T1,02:00:00:27:b4:36,2026-08-13 21:27:05,29.8,52.3779792785645,4.7358570098877,0,Haarlemmermeer,NL
Amsterdam,Amsterdam_T1,02:00:00:27:4b:10,2026-08-13 21:23:43,30.1,52.37942,4.744301,0,Haarlemmermeer,NL
Amsterdam,Amsterdam_T1,02:00:00:1e:21:d8,2026-08-13 21:21:34,26.5,52.3836936950684,4.60500431060791,3,Haarlem,NL
Amsterdam,Amsterdam_T1,02:00:00:3f:4b:00,2026-08-13 21:27:40,25.4,52.3919181,4.6090654,10,Bloemendaal,NL
Amsterdam,Amsterdam_T1,02:00:00:90:90:54,2026-08-13 21:28:28,24.2,52.3920090859054,4.61050858570127,4,Overveen,NL
Amsterdam,Amsterdam_T1,02:00:00:ab:e0:5c,2026-08-13 21:24:54,27.6,52.382743416844,4.62757179341502,3,Haarlem,NL
Amsterdam,Amsterdam_T1,02:00:00:36:97:c0,2026-08-13 21:27:27,26.5,52.384901,4.618702,2,Haarlem,NL
Amsterdam,Amsterdam_T1,02:00:00:6b:2a:8e,2026-08-13 21:24:57,27.1,52.383527,4.626926,4,Haarlem,NL
Amsterdam,Amsterdam_T1,02:00:00:a4:29:1a,2026-08-13 21:23:32,24.0,52.39233,4.64477999999999,2,Haarlem,NL
Amsterdam,Amsterdam_T1,02:00:00:19:12:9e,2026-08-13 21:24:59,26.1,52.395697,4.646471,2,Haarlem,NL
Amsterdam,Amsterdam_T1,02:00:00:29:68:b8,2026-08-13 21:18:31,27.9,52.396323,4.647771,1,Haarlem,NL
Amsterdam,Amsterdam_T1,02:00:00:03:70:e8,2026-08-13 21:20:24,25.9,52.383225,4.726661,0,Zwanenburg,NL
Amsterdam,Amsterdam_T1,02:00:00:a2:6a:14,2026-08-13 21:23:34,22.7,52.383301,4.758271,4,Halfweg,NL
Amsterdam,Amsterdam_T1,02:00:00:13:52:76,2026-08-13 21:28:08,24.7,52.3991470336914,4.62305593490601,2,Bloemendaal,NL
Amsterdam,Amsterdam_T1,02:00:00:c5:40:ea,2026-08-13 21:29:04,26.5,52.400092,4.623392,4,Bloemendaal,NL
Amsterdam,Amsterdam_T1,02:00:00:83:f0:02,2026-08-13 21:24:46,24.5,52.405965,4.631168,2,Haarlem,NL
Amsterdam,Amsterdam_T1,02:00:00:65:6b:94,2026-08-13 21:26:42,25.4,52.406331,4.652223,0,Haarlem,NL
Amsterdam,Amsterdam_T1,02:00:00:1c:67:e6,2026-08-13 21:26:46,27.3,52.416089,4.628222,3,Santpoort-Zuid,NL
Amsterdam,Amsterdam_T1,02:00:00:7f:be:68,2026-08-13 21:21:45,23.5,52.424201965332,4.62889003753662,9,Velsen,NL
Amsterdam,Amsterdam_T1,02:00:00:5e:d7:a8,2026-08-13 21:26:24,25.5,52.424377,4.633687,9,Santpoort-Zuid,NL
Amsterdam,Amsterdam_T1,02:00:00:2f:2c:10,2026-08-13 21:23:01,22.6,52.4139580938156,4.64802011595694,0,Haarlem,NL
Amsterdam,Amsterdam_T1,02:00:00:a2:0a:b0,2026-08-13 21:28:52,25.3,52.418751,4.6510605,1,Haarlem,NL
Amsterdam,Amsterdam_T1,02:00:00:b9:1c:8a,2026-08-13 21:26:03,23.4,52.4189992,4.65495759999998,0,Haarlem,NL
Amsterdam,Amsterdam_T1,02:00:00:be:06:98,2026-08-13 21:28:54,24.4,52.4134979248047,4.68100881576538,0,Haarlem,NL
Amsterdam,Amsterdam_T1,02:00:00:90:b7:14,2026-08-13 21:21:05,25.3,52.41832,4.681472,0,Velserbroek,NL
Amsterdam,Amsterdam_T1,02:00:00:c6:2e:98,2026-08-13 21:27:36,22.9,52.41549,4.690098,0,Spaarndam,NL
Amsterdam,Amsterdam_T1,02:00:00:03:cf:ae,2026-08-13 21:26:39,24.8,52.430961,4.626516,7,Santpoort-Noord,NL
Amsterdam,Amsterdam_T1,02:00:00:a2:25:f2,2026-08-13 21:27:38,23.1,52.430885,4.633629,5,Santpoort-Noord,NL
Amsterdam,Amsterdam_T1,02:00:00:6b:54:fc,2026-08-13 21:26:05,23.3,52.43138,4.637592,7,Santpoort-Noord,NL
Amsterdam,Amsterdam_T1,02:00:00:1f:64:4e,2026-08-13 21:19:32,25.7,52.430948,4.651523,0,Velserbroek,NL
Amsterdam,Amsterdam_T1,02:00:00:34:06:e2,2026-08-13 21:21:20,26.9,52.43278,4.654448,3,Velserbroek,NL
Amsterdam,Amsterdam_T1,02:00:00:b5:b6:ae,2026-08-13 21:23:30,28.9,52.4339768,4.6563109,1,Velsen,NL
Amsterdam,Amsterdam_T1,02:00:00:ab:ec:c4,2026-08-13 21:28:29,25.2,52.4282927,4.6653309,0,Velserbroek,NL
Amsterdam,Amsterdam_T1,02:00:00:bd:ec:92,2026-08-13 21:20:17,27.5,52.4288634,4.67031360000004,0,Velserbroek,NL
Amsterdam,Amsterdam_T1,02:00:00:b5:4b:32,2026-08-13 21:27:24,26.0,52.4319432,4.78043320000006,0,Westzaan,NL
Amsterdam,Amsterdam_T1,02:00:00:bc:b6:d4,2026-08-13 21:23:52,26.4,52.4456,4.5918,11,IJmuiden,NL
Amsterdam,Amsterdam_T1,02:00:00:b2:aa:ac,2026-08-13 21:22:05,26.5,52.448609,4.590747,10,IJmuiden,NL
Amsterdam,Amsterdam_T1,02:00:00:a2:3b:be,2026-08-13 21:22:51,25.3,52.442508,4.632853,5,Driehuis NH,NL
Amsterdam,Amsterdam_T1,02:00:00:7f:98:e4,2026-08-13 21:27:46,24.2,52.4443464,4.6335944,7,Driehuis NH,NL
Amsterdam,Amsterdam_T1,02:00:00:a9:65:06,2026-08-13 21:23:29,25.7,52.4453624156696,4.63662952934719,6,Driehuis NH,NL
Amsterdam,Amsterdam_T1,02:00:00:27:13:90,2026-08-13 21:29:28,26.5,52.44252,4.65480000000011,2,Velserbroek,NL
Amsterdam,Amsterdam_T1,02:00:00:9c:fa:06,2026-08-13 21:20:51,27.7,52.4489951330939,4.64108121865961,6,Driehuis NH,NL
Amsterdam,Amsterdam_T1,02:00:00:b5:93:86,2026-08-13 21:28:19,24.2,52.443132,4.68768400000007,0,Velsen-Zuid,NL
Amsterdam,Amsterdam_T1,02:00:00:c2:48:08,2026-08-13 21:26:03,30.0,52.462179,4.59518099999997,12,IJmuiden,NL
Amsterdam,Amsterdam_T1,02:00:00:37:27:c4,2026-08-13 21:19:52,29.7,52.462665,4.602491,9,IJmuiden,NL
Amsterdam,Amsterdam_T1,02:00:00:6b:9c:56,2026-08-13 21:20:47,26.5,52.4615355374391,4.62213646156055,7,IJmuiden,NL
Amsterdam,Amsterdam_T1,02:00:00:33:ff:50,2026-08-13 21:28:27,26.2,52.47222,4.64417,3,Velsen-Noord,NL
Amsterdam,Amsterdam_T1,02:00:00:8d:c5:b8,2026-08-13 21:22:27,23.2,52.481261073535,4.65143322944641,3,Beverwijk,NL
Amsterdam,Amsterdam_T1,02:00:00:73:c3:3e,2026-08-13 21:27:57,25.7,52.469413,4.748364,0,Assendelft,NL
Amsterdam,Amsterdam_T1,02:00:00:a2:60:a8,2026-08-13 21:28:35,26.3,52.4727440027025,4.74969940572919,0,Assendelft,NL
Amsterdam,Amsterdam_T1,02:00:00:9d:10:20,2026-08-13 21:25:38,25.7,52.4824444122797,4.75732270451103,0,Assendelft,NL
Amsterdam,Amsterdam_T3,02:00:00:2c:b8:78,2026-08-13 21:25:47,27.2,52.1517178597221,4.94924400000001,0,Kockengen,NL
Amsterdam,Amsterdam_T3,02:00:00:9d:25:4e,2026-08-13 21:20:23,26.7,52.15058,4.95477000000003,0,Kockengen,NL
Amsterdam,Amsterdam_T3,02:00:00:2c:9c:48,2026-08-13 21:21:27,27.5,52.140412,5.009436,0,Stichtse Vecht,NL
Amsterdam,Amsterdam_T3,02:00:00:01:50:b6,2026-08-13 21:20:17,27.0,52.1411799412661,5.01502234507166,0,Maarssen,NL
Amsterdam,Amsterdam_T3,02:00:00:9c:f9:4a,2026-08-13 21:21:45,26.5,52.1400375366211,5.04170799255371,2,Maarssen,NL
Amsterdam,Amsterdam_T3,02:00:00:00:f7:a2,2026-08-13 21:25:55,27.2,52.1404276175265,5.04727728441715,2,Stichtse Vecht,NL
Amsterdam,Amsterdam_T3,02:00:00:a4:59:54,2026-08-13 21:21:37,24.9,52.1487083,5.03985960000006,0,Maarssen,NL
Amsterdam,Amsterdam_T3,02:00:00:9b:60:ca,2026-08-13 21:28:43,22.9,52.1661071777344,4.99944877624512,0,Stichtse Vecht,NL
Amsterdam,Amsterdam_T3,02:00:00:b5:b2:22,2026-08-13 21:23:01,23.5,52.180305,4.866178,0,Wilnis,NL
Amsterdam,Amsterdam_T3,02:00:00:31:b2:30,2026-08-13 21:24:39,24.8,52.179563,5.020723,0,Breukelen,NL
Amsterdam,Amsterdam_T3,02:00:00:9b:59:44,2026-08-13 21:29:06,23.8,52.175474,5.027806,0,Breukelen,NL
Amsterdam,Amsterdam_T3,02:00:00:b9:1f:00,2026-08-13 21:22:57,23.1,52.1843654615619,4.8412770498544,0,Mijdrecht,NL
Amsterdam,Amsterdam_T3,02:00:00:9c:de:20,2026-08-13 21:29:36,26.6,52.1958658,4.86264180000002,0,Mijdrecht,NL
Amsterdam,Amsterdam_T3,02:00:00:3f:28:4e,2026-08-13 21:28:59,24.0,52.1885295082791,4.98983681201935,0,Nieuwer Ter Aa,NL
Amsterdam,Amsterdam_T3,02:00:00:39:f9:dc,2026-08-13 21:26:40,24.6,52.202356,4.852284,0,Mijdrecht,NL
Amsterdam,Amsterdam_T3,02:00:00:c2:8b:66,2026-08-13 21:25:11,25.4,52.2024134198857,4.86232912167743,0,De Ronde Venen,NL
Amsterdam,Amsterdam_T3,02:00:00:64:f2:e6,2026-08-13 21:21:46,24.8,52.202097,4.867608,0,Mijdrecht,NL
Amsterdam,Amsterdam_T3,02:00:00:36:9e:aa,2026-08-13 21:23:40,24.2,52.1987979923771,4.88789952274533,0,De Ronde Venen,NL
Amsterdam,Amsterdam_T3,02:00:00:65:5c:52,2026-08-13 21:24:34,26.2,52.201575,4.888829,0,Wilnis,NL
Amsterdam,Amsterdam_T3,02:00:00:c3:8b:28,2026-08-13 21:29:54,23.5,52.204623,4.888187,0,Wilnis,NL
Amsterdam,Amsterdam_T3,02:00:00:37:28:66,2026-08-13 21:26:06,25.6,52.208307,4.923314,0,Vinkeveen,NL
Amsterdam,Amsterdam_T3,02:00:00:1f:7e:84,2026-08-13 21:25:20,24.8,52.208085,5.015193,0,Loenen aan de Vecht,NL
Amsterdam,Amsterdam_T3,02:00:00:5e:f1:70,2026-08-13 21:24:50,24.6,52.209506,5.015637,0,Loenen aan de Vecht,NL
Amsterdam,Amsterdam_T3,02:00:00:bd:eb:2a,2026-08-13 21:22:33,24.3,52.2142662937636,4.86259564698173,0,De Ronde Venen,NL
Amsterdam,Amsterdam_T3,02:00:00:83:9c:f6,2026-08-13 21:30:12,23.1,52.214242,4.868094,0,Mijdrecht,NL
Amsterdam,Amsterdam_T3,02:00:00:70:39:30,2026-08-13 21:25:20,24.3,52.2132735899086,4.92226205035142,0,Vinkeveen,NL
Amsterdam,Amsterdam_T3,02:00:00:14:48:30,2026-08-13 21:21:32,25.1,52.214024,5.026552,0,Loenen aan de Vecht,NL
Amsterdam,Amsterdam_T3,02:00:00:1c:65:c8,2026-08-13 21:29:11,27.5,52.233621,4.809495,0,Uithoorn,NL
Amsterdam,Amsterdam_T3,02:00:00:c3:91:d0,2026-08-13 21:27:18,26.0,52.236612,4.807596,0,Uithoorn,NL
Amsterdam,Amsterdam_T3,02:00:00:8d:e9:88,2026-08-13 21:26:25,24.8,52.23393,4.82381000000006,0,Uithoorn,NL
Amsterdam,Amsterdam_T3,02:00:00:2d:08:dc,2026-08-13 21:24:36,23.5,52.232,4.8319,0,Amstelhoek,NL
Amsterdam,Amsterdam_T3,02:00:00:9c:dd:36,2026-08-13 21:22:16,24.5,52.237927,4.829257,0,Uithoorn,NL
Amsterdam,Amsterdam_T3,02:00:00:c2:87:00,2026-08-13 21:23:59,24.5,52.238525,4.967143,0,Vinkeveen,NL
Amsterdam,Amsterdam_T3,02:00:00:32:c6:08,2026-08-13 21:28:26,25.4,52.2411689758301,4.79375600814819,0,Uithoorn,NL
Amsterdam,Amsterdam_T3,02:00:00:58:75:48,2026-08-13 21:23:22,23.4,52.249742,4.801575,0,Uithoorn,NL
Amsterdam,Amsterdam_T3,02:00:00:31:ee:90,2026-08-13 21:21:50,29.0,52.2430443,4.81080739999993,0,Uithoorn,NL
Amsterdam,Amsterdam_T3,02:00:00:c2:3d:10,2026-08-13 21:21:33,25.1,52.2475852966309,4.80956983566284,0,Uithoorn,NL
Amsterdam,Amsterdam_T3,02:00:00:74:4d:d2,2026-08-13 21:29:38,26.7,52.252629,4.81731699999996,0,Uithoorn,NL
Amsterdam,Amsterdam_T3,02:00:00:af:23:1a,2026-08-13 21:20:27,25.8,52.24463,4.83123,0,Uithoorn,NL
Amsterdam,Amsterdam_T3,02:00:00:1c:81:58,2026-08-13 21:26:46,27.4,52.247325,4.836755,0,Uithoorn,NL
Amsterdam,Amsterdam_T3,02:00:00:a9:69:f8,2026-08-13 21:27:38,26.3,52.249231,4.963806,0,Vinkeveen,NL
Amsterdam,Amsterdam_T3,02:00:00:90:96:08,2026-08-13 21:23:06,23.9,52.25234,4.956786,0,Vinkeveen,NL
Amsterdam,Amsterdam_T3,02:00:00:a4:6b:32,2026-08-13 21:13:09,24.3,52.25339,4.959288,0,Vinkeveen,NL
Amsterdam,Amsterdam_T3,02:00:00:65:62:cc,2026-08-13 21:24:42,25.4,52.23966,4.972592,0,Vinkeveen,NL
Amsterdam,Amsterdam_T3,02:00:00:2e:95:68,2026-08-13 21:29:11,24.5,52.242711,5.04575,0,Vreeland,NL
Amsterdam,Amsterdam_T3,02:00:00:b8:ea:a2,2026-08-13 21:27:26,24.6,52.2659683227539,4.97129917144775,0,Abcoude,NL
Amsterdam,Amsterdam_T3,02:00:00:c3:d3:be,2026-08-13 21:10:48,26.2,52.276226,4.786397,0,Aalsmeer,NL
Amsterdam,Amsterdam_T3,02:00:00:29:47:02,2026-08-13 21:29:33,24.8,52.2751,4.7914,0,Aalsmeer,NL
Amsterdam,Amsterdam_T3,02:00:00:7b:04:06,2026-08-13 21:23:40,27.5,52.277422,4.794365,0,Aalsmeer,NL
Amsterdam,Amsterdam_T3,02:00:00:af:5c:a8,2026-08-13 21:24:20,24.6,52.279588,4.807665,0,Aalsmeer,NL
Amsterdam,Amsterdam_T3,02:00:00:58:c4:5a,2026-08-13 21:29:55,24.7,52.27291,4.8268547,0,Amstelveen,NL
Amsterdam,Amsterdam_T3,02:00:00:65:54:ae,2026-08-13 21:22:15,26.7,52.275087,4.819074,0,,NL
Amsterdam,Amsterdam_T3,02:00:00:b5:b6:fe,2026-08-13 21:20:46,27.3,52.2803576108898,4.83137900000014,0,Amstelveen,NL
Amsterdam,Amsterdam_T3,02:00:00:2b:50:5e,2026-08-13 21:21:43,26.5,52.2791747,4.84435499999995,0,Amstelveen,NL
Amsterdam,Amsterdam_T3,02:00:00:01:d5:c4,2026-08-13 21:23:27,26.5,52.2782201990729,4.84656731118297,0,Amstelveen,NL
Amsterdam,Amsterdam_T3,02:00:00:b5:20:34,2026-08-13 21:29:39,26.6,52.270742,4.881992,0,Ouderkerk aan de Amstel,NL
Amsterdam,Amsterdam_T3,02:00:00:2e:c1:6c,2026-08-13 21:25:05,24.0,52.271179,4.963509,0,Abcoude,NL
Amsterdam,Amsterdam_T3,02:00:00:2a:d6:7a,2026-08-13 21:26:40,26.1,52.2696126098744,4.96684000945569,0,De Ronde Venen,NL
Amsterdam,Amsterdam_T3,02:00:00:02:b3:b8,2026-08-13 21:29:09,24.9,52.2708583441107,4.97803043918141,0,Abcoude,NL
Amsterdam,Amsterdam_T3,02:00:00:69:26:be,2026-08-13 21:25:17,28.6,52.277725,4.972173,0,De Ronde Venen,NL
Amsterdam,Amsterdam_T3,02:00:00:90:8f:d2,2026-08-13 21:24:30,24.6,52.28312,4.82091999999998,0,Amstelveen,NL
Amsterdam,Amsterdam_T3,02:00:00:a4:1c:84,2026-08-13 21:27:24,25.9,52.2838261,4.82931780000006,0,Amstelveen,NL
Amsterdam,Amsterdam_T3,02:00:00:28:78:00,2026-08-13 21:22:31,28.9,52.284613,4.828821,0,Amstelveen,NL
Amsterdam,Amsterdam_T3,02:00:00:52:c6:8a,2026-08-13 21:28:51,23.7,52.290750006649,4.8284928930409,0,Amstelveen,NL
Amsterdam,Amsterdam_T3,02:00:00:1d:e4:b2,2026-08-13 21:21:04,28.7,52.2832132669251,4.85250011221136,0,Amstelveen,NL
Amsterdam,Amsterdam_T3,02:00:00:7f:c0:3a,2026-08-13 21:25:48,26.5,52.291911,4.864234,0,Amstelveen,NL
Amsterdam,Amsterdam_T3,02:00:00:69:29:a2,2026-08-13 21:21:53,28.0,52.2891133846977,4.86842930316925,8,Amstelveen,NL
Amsterdam,Amsterdam_T3,02:00:00:01:9c:20,2026-08-13 21:24:45,25.8,52.290428,4.906343,4,Ouder-Amstel,NL
Amsterdam,Amsterdam_T3,02:00:00:58:bb:aa,2026-08-13 21:28:04,25.8,52.291399,4.906819,0,Ouder-Amstel,NL
Amsterdam,Amsterdam_T3,02:00:00:bd:fa:d8,2026-08-13 21:20:30,24.1,52.2940673828125,4.90632486343384,0,Ouder-Amstel,NL
Amsterdam,Amsterdam_T3,02:00:00:bd:bf:ee,2026-08-13 21:23:04,24.4,52.293971,4.969643,0,Amsterdam,NL
Amsterdam,Amsterdam_T3,02:00:00:a9:e1:5c,2026-08-13 21:26:16,25.4,52.2913856506348,4.98309993743896,0,Amsterdam,NL
Amsterdam,Amsterdam_T3,02:00:00:70:5c:6e,2026-08-13 21:26:46,23.9,52.295512,4.99334,1,Amsterdam,NL
Amsterdam,Amsterdam_T3,02:00:00:84:4f:60,2026-08-13 21:28:06,25.0,52.308615,4.846179,0,Amstelveen,NL
Amsterdam,Amsterdam_T3,02:00:00:36:a2:ee,2026-08-13 21:27:41,27.7,52.2997402181942,4.85346257686615,0,Amstelveen,NL
Amsterdam,Amsterdam_T3,02:00:00:63:12:64,2026-08-13 21:22:18,25.0,52.3035226248921,4.85305577851774,0,Amstelveen,NL
Amsterdam,Amsterdam_T3,02:00:00:7f:ed:f6,2026-08-13 21:27:18,28.0,52.3022440001073,4.85541709109702,0,Amstelveen,NL
Amsterdam,Amsterdam_T3,02:00:00:31:b5:52,2026-08-13 21:21:12,28.2,52.3018417358398,4.87595748901367,0,Amstelveen,NL
Amsterdam,Amsterdam_T3,02:00:00:2b:42:8e,2026-08-13 21:29:03,23.2,52.2987889273546,4.90443549467524,0,Ouderkerk aan de Amstel,NL
Amsterdam,Amsterdam_T3,02:00:00:01:3d:1e,2026-08-13 21:21:37,28.2,52.3109,4.9453,2,Amsterdam,NL
Amsterdam,Amsterdam_T3,02:00:00:53:58:44,2026-08-13 21:23:40,24.7,52.30087,4.959429,0,Amsterdam,NL
Amsterdam,Amsterdam_T3,02:00:00:bd:d6:82,2026-08-13 21:30:13,24.6,52.2994499206543,4.97056102752686,0,Amsterdam,NL
Amsterdam,Amsterdam_T3,02:00:00:b5:98:ba,2026-08-13 21:26:34,25.6,52.2985992431641,4.97279977798462,1,Amsterdam,NL
Amsterdam,Amsterdam_T3,02:00:00:03:b8:62,2026-08-13 21:25:54,28.1,52.3082015,4.98595279999995,1,Amsterdam,NL
Amsterdam,Amsterdam_T3,02:00:00:3b:fd:5e,2026-08-13 21:22:58,26.0,52.306607,5.037148,5,Weesp,NL
Amsterdam,Amsterdam_T3,02:00:00:90:bd:86,2026-08-13 21:27:14,22.0,52.305363,5.039419,5,Weesp,NL
Amsterdam,Amsterdam_T3,02:00:00:b5:73:e8,2026-08-13 21:28:27,22.8,52.301728,5.041241,0,Weesp,NL
Amsterdam,Amsterdam_T3,02:00:00:c3:de:1c,2026-08-13 21:26:37,23.2,52.3050727844238,5.04161167144775,2,Weesp,NL
Amsterdam,Amsterdam_T3,02:00:00:5f:35:68,2026-08-13 21:26:30,25.7,52.149227142334,4.50348806381226,2,Leiden,NL
Amsterdam,Amsterdam_T3,02:00:00:c5:38:26,2026-08-13 21:23:35,29.0,52.141874,4.512709,0,Zoeterwoude,NL
Amsterdam,Amsterdam_T3,02:00:00:b5:4e:8a,2026-08-13 21:27:15,28.9,52.146866,4.510134,0,Leiden,NL
Amsterdam,Amsterdam_T3,02:00:00:01:42:9e,2026-08-13 21:23:51,26.6,52.140906,4.534202,1,Zoeterwoude,NL
Amsterdam,Amsterdam_T3,02:00:00:a9:52:dc,2026-08-13 21:22:35,26.4,52.1443095,4.6508122,0,Alphen aan den Rijn,NL
Amsterdam,Amsterdam_T3,02:00:00:90:f7:7a,2026-08-13 21:20:59,26.5,52.146214,4.6518717,0,Alphen aan den Rijn,NL
Amsterdam,Amsterdam_T3,02:00:00:9c:e2:1c,2026-08-13 21:22:02,28.0,52.1454086303711,4.65947866439819,0,Alphen aan den Rijn,NL
Amsterdam,Amsterdam_T3,02:00:00:01:6c:1c,2026-08-13 21:26:33,25.1,52.1399723999613,4.67088000000008,0,Alphen aan den Rijn,NL
Amsterdam,Amsterdam_T3,02:00:00:74:7a:b2,2026-08-13 21:28:19,26.0,52.141687,4.666902,0,Alphen aan den Rijn,NL
Amsterdam,Amsterdam_T3,02:00:00:b5:b1:54,2026-08-13 21:24:14,26.4,52.1509846,4.6664651,0,Alphen aan den Rijn,NL
Amsterdam,Amsterdam_T3,02:00:00:33:d1:80,2026-08-13 21:26:47,24.0,52.142567,4.728438,0,Aarlanderveen,NL
Amsterdam,Amsterdam_T3,02:00:00:28:8f:36,2026-08-13 21:25:05,25.3,52.146449,4.7686720000001,0,Nieuwkoop,NL
Amsterdam,Amsterdam_T3,02:00:00:12:cc:52,2026-08-13 21:23:42,26.1,52.147432,4.76853900000003,0,Nieuwkoop,NL
Amsterdam,Amsterdam_T3,02:00:00:1c:67:98,2026-08-13 21:21:53,26.4,52.1479934127346,4.77060892023442,0,Nieuwkoop,NL
Amsterdam,Amsterdam_T3,02:00:00:3e:e0:9a,2026-08-13 21:28:13,27.2,52.161192,4.50144,1,Leiden,NL
Amsterdam,Amsterdam_T3,02:00:00:83:9d:d8,2026-08-13 21:28:27,27.0,52.1586889351553,4.50260069020393,1,Leiden,NL
Amsterdam,Amsterdam_T3,02:00:00:64:26:78,2026-08-13 21:22:57,30.0,52.162522,4.533056,7,Leiderdorp,NL
Amsterdam,Amsterdam_T3,02:00:00:af:50:1c,2026-08-13 21:20:23,28.3,52.1666831970215,4.53444862365723,1,Leiderdorp,NL
Amsterdam,Amsterdam_T3,02:00:00:7f:ab:24,2026-08-13 21:20:13,28.2,52.163957,4.53553,0,Leiderdorp,NL
Amsterdam,Amsterdam_T3,02:00:00:02:be:00,2026-08-13 21:24:21,25.9,52.1533851623535,4.65606546401978,0,Alphen aan den Rijn,NL
Amsterdam,Amsterdam_T3,02:00:00:c3:aa:00,2026-08-13 21:28:02,29.5,52.1534423828125,4.65705013275146,0,Alphen aan den Rijn,NL
Amsterdam,Amsterdam_T3,02:00:00:29:78:6e,2026-08-13 21:24:18,28.4,52.154164,4.65799200000001,0,Alphen aan den Rijn,NL
Amsterdam,Amsterdam_T3,02:00:00:27:28:d6,2026-08-13 21:21:56,26.8,52.163754,4.727356,0,Ter Aar,NL
Amsterdam,Amsterdam_T3,02:00:00:a4:29:7c,2026-08-13 21:30:08,27.1,52.1643447875977,4.72910165786743,0,Ter Aar,NL
Amsterdam,Amsterdam_T3,02:00:00:a9:80:3a,2026-08-13 21:23:26,27.6,52.1757382786811,4.51585644675129,1,Leiden,NL
Amsterdam,Amsterdam_T3,02:00:00:05:4d:86,2026-08-13 21:27:12,28.3,52.1684195813875,4.52365448028215,0,Leiderdorp,NL
Amsterdam,Amsterdam_T3,02:00:00:3f:0a:64,2026-08-13 21:24:59,26.6,52.167967,4.525627,0,Leiderdorp,NL
Amsterdam,Amsterdam_T3,02:00:00:5f:42:c2,2026-08-13 21:29:57,26.9,52.1707484020713,4.53269621650751,0,Leiderdorp,NL
Amsterdam,Amsterdam_T3,02:00:00:b9:65:4e,2026-08-13 21:24:01,25.2,52.177334,4.595655,0,Hoogmade,NL
Amsterdam,Amsterdam_T3,02:00:00:5f:61:f8,2026-08-13 21:24:01,29.2,52.17337,4.6298833,0,Woubrugge,NL
Amsterdam,Amsterdam_T3,02:00:00:17:c1:e0,2026-08-13 21:20:44,29.0,52.16938,4.634362,0,Woubrugge,NL
Amsterdam,Amsterdam_T3,02:00:00:5f:3c:9e,2026-08-13 21:28:03,26.2,52.1824479,4.5021493,1,Leiden,NL
Amsterdam,Amsterdam_T3,02:00:00:a4:5b:ca,2026-08-13 21:21:14,23.7,52.190566,4.503065,0,Warmond,NL
Amsterdam,Amsterdam_T3,02:00:00:bd:ba:86,2026-08-13 21:25:30,26.8,52.182112,4.506149,1,Leiden,NL
Amsterdam,Amsterdam_T3,02:00:00:3f:52:44,2026-08-13 21:20:14,23.0,52.193246,4.544332,0,Teylingen,NL
Amsterdam,Amsterdam_T3,02:00:00:12:c9:6c,2026-08-13 21:21:35,24.9,52.184724,4.5896386,1,Rijpwetering,NL
Amsterdam,Amsterdam_T3,02:00:00:64:2a:32,2026-08-13 21:23:09,26.4,52.1872722,4.6977901,0,Kaag en Braassem,NL
Amsterdam,Amsterdam_T3,02:00:00:03:64:d6,2026-08-13 21:21:59,27.3,52.194439,4.705226,0,Ter Aar,NL
Amsterdam,Amsterdam_T3,02:00:00:7f:8b:fe,2026-08-13 21:27:12,23.8,52.190956,4.7552314,0,Nieuwveen,NL
Amsterdam,Amsterdam_T3,02:00:00:9d:0f:ac,2026-08-13 21:29:42,25.8,52.193178,4.754738,0,Nieuwveen,NL
Amsterdam,Amsterdam_T3,02:00:00:64:35:be,2026-08-13 21:23:14,27.0,52.205606,4.616234,0,Kaag en Braassem,NL
Amsterdam,Amsterdam_T3,02:00:00:b4:ee:24,2026-08-13 21:23:31,25.3,52.200526,4.63337600000008,0,Roelofarendsveen,NL
Amsterdam,Amsterdam_T3,02:00:00:63:10:34,2026-08-13 21:23:49,25.7,52.197176,4.711405,0,Nieuwkoop,NL
Amsterdam,Amsterdam_T3,02:00:00:37:28:16,2026-08-13 21:24:33,25.8,52.199941,4.759428,0,Nieuwveen,NL
Amsterdam,Amsterdam_T3,02:00:00:b9:14:aa,2026-08-13 21:20:21,24.5,52.220093,4.506084,0,Sassenheim,NL
Amsterdam,Amsterdam_T3,02:00:00:73:cb:f4,2026-08-13 21:27:07,25.4,52.219608,4.506889,0,Sassenheim,NL
Amsterdam,Amsterdam_T3,02:00:00:31:c7:b6,2026-08-13 21:25:57,26.3,52.2243288,4.52245489999996,1,Teylingen,NL
Amsterdam,Amsterdam_T3,02:00:00:7f:d6:6a,2026-08-13 21:27:11,25.9,52.22341,4.530361,1,Sassenheim,NL
Amsterdam,Amsterdam_T3,02:00:00:84:02:9e,2026-08-13 21:21:37,24.8,52.216465,4.558161,0,Kaag,NL
Amsterdam,Amsterdam_T3,02:00:00:62:ff:da,2026-08-13 21:26:50,25.1,52.211627,4.6430572,0,Oude Wetering,NL
Amsterdam,Amsterdam_T3,02:00:00:3d:00:9a,2026-08-13 21:27:03,28.0,52.2112017,4.64651869999997,0,Oude Wetering,NL
Amsterdam,Amsterdam_T3,02:00:00:3f:71:a6,2026-08-13 21:25:34,27.3,52.21414,4.6472287,1,Leimuiden,NL
Amsterdam,Amsterdam_T3,02:00:00:70:40:80,2026-08-13 21:23:35,25.8,52.225735,4.501063,0,Voorhout,NL
Amsterdam,Amsterdam_T3,02:00:00:ab:e3:e0,2026-08-13 21:26:55,27.0,52.2331181,4.75635320000001,0,Aalsmeer,NL
Amsterdam,Amsterdam_T3,02:00:00:52:ea:f0,2026-08-13 21:29:34,27.0,52.233768,4.756648,0,Aalsmeer,NL
Amsterdam,Amsterdam_T3,02:00:00:c2:89:3c,2026-08-13 21:28:20,25.2,52.237688,4.755142,0,Aalsmeer,NL
Amsterdam,Amsterdam_T3,02:00:00:63:07:c8,2026-08-13 21:29:34,26.2,52.240259,4.54156,0,Lisse,NL
Amsterdam,Amsterdam_T3,02:00:00:05:f8:0e,2026-08-13 21:23:30,29.4,52.241284,4.560116,0,Lisse,NL
Amsterdam,Amsterdam_T3,02:00:00:02:39:6c,2026-08-13 21:20:54,27.0,52.243684,4.560772,0,Lisse,NL
Amsterdam,Amsterdam_T3,02:00:00:b9:53:f0,2026-08-13 21:21:48,23.5,52.2532806396484,4.55268144607544,1,Lisse,NL
Amsterdam,Amsterdam_T3,02:00:00:9b:5b:10,2026-08-13 21:21:37,26.3,52.2406594049526,4.7535080909729,0,Aalsmeer,NL
Amsterdam,Amsterdam_T3,02:00:00:a9:ab:9a,2026-08-13 21:25:48,27.2,52.258763,4.500574,1,Noordwijk,NL
Amsterdam,Amsterdam_T3,02:00:00:b2:b6:8e,2026-08-13 21:19:55,24.6,52.257173,4.547704,1,Lisse,NL
Amsterdam,Amsterdam_T3,02:00:00:5f:5c:b0,2026-08-13 21:22:26,26.3,52.2589063,4.55015320000004,0,Lisse,NL
Amsterdam,Amsterdam_T3,02:00:00:6b:5b:cc,2026-08-13 21:24:10,27.2,52.259211,4.568618,0,Lisse,NL
Amsterdam,Amsterdam_T3,02:00:00:1e:0c:6c,2026-08-13 21:22:38,28.1,52.254381,4.574299,0,Lisserbroek,NL
Amsterdam,Amsterdam_T3,02:00:00:33:de:18,2026-08-13 21:27:31,26.4,52.265319,4.611127,0,Haarlemmermeer,NL
Amsterdam,Amsterdam_T3,02:00:00:be:01:54,2026-08-13 21:27:26,27.6,52.263414,4.616771,0,Haarlemmermeer,NL
Amsterdam,Amsterdam_T3,02:00:00:27:3f:3a,2026-08-13 21:20:45,28.0,52.266596,4.614364,0,Haarlemmermeer,NL
Amsterdam,Amsterdam_T3,02:00:00:04:91:16,2026-08-13 21:22:51,26.6,52.2679929198165,4.63278969460699,0,Haarlemmermeer,NL
Amsterdam,Amsterdam_T3,02:00:00:ab:d3:c0,2026-08-13 21:28:56,26.7,52.262134,4.641842,0,Nieuw-Vennep,NL
Amsterdam,Amsterdam_T3,02:00:00:c2:2e:68,2026-08-13 21:29:31,25.5,52.257818,4.705748,0,Rijsenhout,NL
Amsterdam,Amsterdam_T3,02:00:00:2c:8f:94,2026-08-13 21:24:27,26.0,52.2557,4.7136,1,Rijsenhout,NL
Amsterdam,Amsterdam_T3,02:00:00:a9:d2:88,2026-08-13 21:26:09,25.4,52.2617816302565,4.7177267074585,0,Rijsenhout,NL
Amsterdam,Amsterdam_T3,02:00:00:27:7c:82,2026-08-13 21:25:48,28.3,52.26433,4.749465,2,Aalsmeer,NL
Amsterdam,Amsterdam_T3,02:00:00:b5:06:8c,2026-08-13 21:23:28,27.2,52.2593561,4.76086150000002,0,Aalsmeer,NL
Amsterdam,Amsterdam_T3,02:00:00:70:50:ec,2026-08-13 21:28:45,25.5,52.28026,4.58363999999996,1,Hillegom,NL
Amsterdam,Amsterdam_T3,02:00:00:36:a1:5e,2026-08-13 21:23:27,26.2,52.272289276123,4.61073160171509,0,Haarlemmermeer,NL
Amsterdam,Amsterdam_T3,02:00:00:c5:41:0e,2026-08-13 21:21:49,25.8,52.268771,4.614682,0,Haarlemmermeer,NL
Amsterdam,Amsterdam_T3,02:00:00:05:f6:da,2026-08-13 21:30:10,26.3,52.2694883,4.6143998,0,Haarlemmermeer,NL
Amsterdam,Amsterdam_T3,02:00:00:b5:33:50,2026-08-13 21:23:18,26.1,52.272833,4.62205300000007,0,Nieuw-Vennep,NL
Amsterdam,Amsterdam_T3,02:00:00:7a:eb:e8,2026-08-13 21:24:24,28.0,52.2695265,4.6269616,0,Nieuw-Vennep,NL
Amsterdam,Amsterdam_T3,02:00:00:8d:c6:1c,2026-08-13 21:26:43,25.1,52.273808,4.61976899999999,0,Nieuw-Vennep,NL
Amsterdam,Amsterdam_T3,02:00:00:70:5b:08,2026-08-13 21:24:30,26.5,52.2704520230828,4.64109063148504,0,Nieuw-Vennep,NL
Amsterdam,Amsterdam_T3,02:00:00:27:87:a6,2026-08-13 21:21:13,31.3,52.271603,4.747902,1,Aalsmeer,NL
Amsterdam,Amsterdam_T3,02:00:00:bd:c1:d8,2026-08-13 21:20:11,26.0,52.2719283892474,4.75864973891189,2,Aalsmeer,NL
Amsterdam,Amsterdam_T3,02:00:00:a9:9a:c0,2026-08-13 21:25:01,27.4,52.2850256671856,4.57413466944628,0,Hillegom,NL
Amsterdam,Amsterdam_T3,02:00:00:03:aa:46,2026-08-13 21:22:19,26.6,52.286594,4.578614,0,Hillegom,NL
Amsterdam,Amsterdam_T3,02:00:00:29:5a:06,2026-08-13 21:25:08,27.5,52.28997,4.57790999999995,2,Hillegom,NL
Amsterdam,Amsterdam_T3,02:00:00:ab:ed:78,2026-08-13 21:22:08,25.8,52.2926323,4.6576058,0,Hoofddorp,NL
Amsterdam,Amsterdam_T3,02:00:00:90:64:a4,2026-08-13 21:28:29,27.2,52.29021,4.658809,0,Hoofddorp,NL
Amsterdam,Amsterdam_T3,02:00:00:31:ea:fc,2026-08-13 21:20:02,27.0,52.292435,4.660293,0,Hoofddorp,NL
Amsterdam,Amsterdam_T3,02:00:00:2a:f2:9a,2026-08-13 21:24:53,28.9,52.2955085,4.665574,0,Haarlemmermeer,NL
Amsterdam,Amsterdam_T3,02:00:00:7a:fc:64,2026-08-13 21:27:31,26.8,52.2958984375,4.66769981384277,0,Haarlemmermeer,NL
Amsterdam,Amsterdam_T3,02:00:00:1e:01:86,2026-08-13 21:26:16,25.6,52.2942651400619,4.69299365114933,0,Haarlemmermeer,NL
Amsterdam,Amsterdam_T3,02:00:00:c2:81:f2,2026-08-13 21:29:43,30.4,52.2832,4.7521,0,Schiphol,NL
Amsterdam,Amsterdam_T3,02:00:00:bd:c9:0e,2026-08-13 21:25:05,26.7,52.303827,4.54746,0,Noordwijk,NL
Amsterdam,Amsterdam_T3,02:00:00:90:ae:fa,2026-08-13 21:26:10,28.7,52.3039033,4.54748825,0,Noordwijk,NL
Amsterdam,Amsterdam_T3,02:00:00:13:20:e6,2026-08-13 21:23:15,29.9,52.301301,4.57108,1,Hillegom,NL
Amsterdam,Amsterdam_T3,02:00:00:c3:9a:a4,2026-08-13 21:21:03,28.5,52.299727,4.580897,2,Hillegom,NL
Amsterdam,Amsterdam_T3,02:00:00:a2:09:b8,2026-08-13 21:27:33,27.3,52.298534,4.582844,4,Hillegom,NL
Amsterdam,Amsterdam_T3,02:00:00:bd:fa:42,2026-08-13 21:25:33,26.0,52.309433,4.616575,0,Zwaanshoek,NL
Amsterdam,Amsterdam_T3,02:00:00:6b:60:74,2026-08-13 21:19:50,27.8,52.3056584,4.6281179,0,Haarlemmermeer,NL
Amsterdam,Amsterdam_T3,02:00:00:8d:d9:14,2026-08-13 21:28:48,27.0,52.309243,4.63066,0,Hoofddorp,NL
Amsterdam,Amsterdam_T3,02:00:00:8d:cc:7a,2026-08-13 21:29:01,23.6,52.300191,4.638816,0,Hoofddorp,NL
Amsterdam,Amsterdam_T3,02:00:00:c3:7e:da,2026-08-13 21:24:31,24.5,52.298948,4.64121,0,Hoofddorp,NL
Amsterdam,Amsterdam_T3,02:00:00:84:ae:8c,2026-08-13 21:22:04,29.6,52.30184,4.6522217,0,Hoofddorp,NL
Amsterdam,Amsterdam_T3,02:00:00:20:c6:0e,2026-08-13 21:21:56,28.9,52.309175,4.656132,0,Hoofddorp,NL
Amsterdam,Amsterdam_T3,02:00:00:01:cc:ce,2026-08-13 21:21:32,27.5,52.297203,4.664856,0,Hoofddorp,NL
Amsterdam,Amsterdam_T3,02:00:00:5f:44:82,2026-08-13 21:25:27,28.4,52.3106727946555,4.67457532882691,0,Hoofddorp,NL
Amsterdam,Amsterdam_T3,02:00:00:1c:6a:94,2026-08-13 21:25:59,28.5,52.30732,4.686621,0,Haarlemmermeer,NL
Amsterdam,Amsterdam_T3,02:00:00:03:d6:30,2026-08-13 21:28:05,27.0,52.3030514321702,4.68862533498523,0,Hoofddorp,NL
Amsterdam,Amsterdam_T3,02:00:00:2f:12:b0,2026-08-13 21:29:41,27.6,52.3060853,4.69070409999995,0,Haarlemmermeer,NL
Amsterdam,Amsterdam_T3,02:00:00:33:e1:a0,2026-08-13 21:24:03,24.8,52.297694,4.697439,0,Hoofddorp,NL
Rotterdam,Rotterdam_T1,02:00:00:9b:4c:a4,2026-08-13 21:22:32,26.4,51.9777136658191,4.23938155174255,2,De Lier,NL
Rotterdam,Rotterdam_T1,02:00:00:9b:5b:c6,2026-08-13 21:23:55,26.1,51.977076,4.253869,0,De Lier,NL
Rotterdam,Rotterdam_T1,02:00:00:69:27:02,2026-08-13 21:27:51,26.6,51.9722182620618,4.31247174739838,0,Midden-Delfland,NL
Rotterdam,Rotterdam_T1,02:00:00:80:15:88,2026-08-13 21:26:04,29.4,51.972873,4.316429,0,Schipluiden,NL
Rotterdam,Rotterdam_T1,02:00:00:31:bb:04,2026-08-13 21:25:05,26.3,51.9756235520416,4.31817887889974,0,Midden-Delfland,NL
Rotterdam,Rotterdam_T1,02:00:00:c2:41:46,2026-08-13 21:21:07,26.5,51.975427,4.318863,0,Schipluiden,NL
Rotterdam,Rotterdam_T1,02:00:00:36:d0:7c,2026-08-13 21:29:19,27.1,51.979279,4.462594,0,Berkel en Rodenrijs,NL
Rotterdam,Rotterdam_T1,02:00:00:a9:76:1c,2026-08-13 21:23:43,20.7,51.981891,4.2977,0,De Lier,NL
Rotterdam,Rotterdam_T1,02:00:00:2e:f4:ba,2026-08-13 21:21:23,28.8,51.987071,4.335942,0,Delft,NL
Rotterdam,Rotterdam_T1,02:00:00:1b:0b:86,2026-08-13 21:23:49,27.9,51.986908,4.33956,1,Delft,NL
Rotterdam,Rotterdam_T1,02:00:00:00:d0:0c,2026-08-13 21:21:35,28.2,51.9839945165902,4.34705013511854,0,Delft,NL
Rotterdam,Rotterdam_T1,02:00:00:ab:ef:78,2026-08-13 21:21:36,26.7,51.983687,4.36361,0,Delft,NL
Rotterdam,Rotterdam_T1,02:00:00:03:d9:e6,2026-08-13 21:25:50,26.4,51.9828491210938,4.36704349517822,1,Delft,NL
Rotterdam,Rotterdam_T1,02:00:00:29:47:04,2026-08-13 21:20:22,25.7,51.981086,4.464655,0,Berkel en Rodenrijs,NL
Rotterdam,Rotterdam_T1,02:00:00:9c:f8:c8,2026-08-13 21:23:48,25.7,51.985931,4.466015,0,Berkel en Rodenrijs,NL
Rotterdam,Rotterdam_T1,02:00:00:74:0c:06,2026-08-13 21:24:48,27.4,51.9869778032792,4.46788129716243,0,Berkel en Rodenrijs,NL
Rotterdam,Rotterdam_T1,02:00:00:a4:38:c4,2026-08-13 21:23:41,27.9,51.986896,4.488027,0,Bergschenhoek,NL
Rotterdam,Rotterdam_T1,02:00:00:a9:61:68,2026-08-13 21:29:31,27.1,51.9865055199817,4.49336396638479,0,Bergschenhoek,NL
Rotterdam,Rotterdam_T1,02:00:00:00:e7:18,2026-08-13 21:24:37,25.2,51.9865055199817,4.49336396638479,0,Bergschenhoek,NL
Rotterdam,Rotterdam_T1,02:00:00:b4:ff:28,2026-08-13 21:22:51,23.2,52.0091355113173,4.31912079992133,0,Den Hoorn,NL
Rotterdam,Rotterdam_T1,02:00:00:58:d1:1c,2026-08-13 21:20:14,27.1,51.9999732971191,4.3280463218689,0,Midden-Delfland,NL
Rotterdam,Rotterdam_T1,02:00:00:12:f0:a2,2026-08-13 21:26:43,27.2,52.0028117,4.32654669999999,0,Midden-Delfland,NL
Rotterdam,Rotterdam_T1,02:00:00:63:3c:0e,2026-08-13 21:28:46,27.9,52.0024395,4.33742328571429,2,Midden-Delfland,NL
Rotterdam,Rotterdam_T1,02:00:00:3f:20:18,2026-08-13 21:29:25,26.4,52.0031479623561,4.33911877594167,0,Midden-Delfland,NL
Rotterdam,Rotterdam_T1,02:00:00:22:a9:06,2026-08-13 21:27:27,25.4,52.0024757385254,4.3433952331543,1,Delft,NL
Rotterdam,Rotterdam_T1,02:00:00:b2:c1:72,2026-08-13 21:20:57,28.7,52.0013046264648,4.36315441131592,1,Delft,NL
Rotterdam,Rotterdam_T1,02:00:00:a9:cf:96,2026-08-13 21:23:39,27.4,52.0042,4.366748,3,Delft,NL
Rotterdam,Rotterdam_T1,02:00:00:2b:0c:ca,2026-08-13 21:28:59,26.0,52.004136,4.367653,2,Delft,NL
Rotterdam,Rotterdam_T1,02:00:00:36:b9:26,2026-08-13 21:27:36,25.4,52.002996,4.390715,0,Pijnacker-Nootdorp,NL
Rotterdam,Rotterdam_T1,02:00:00:02:d4:ca,2026-08-13 21:23:10,25.0,52.006451,4.393051,0,Delfgauw,NL
Rotterdam,Rotterdam_T1,02:00:00:65:4b:88,2026-08-13 21:25:50,26.5,52.003245,4.39582,0,Delfgauw,NL
Rotterdam,Rotterdam_T1,02:00:00:a9:6d:0c,2026-08-13 21:27:20,28.2,52.00874,4.427,0,Pijnacker,NL
Rotterdam,Rotterdam_T1,02:00:00:13:13:f4,2026-08-13 21:27:12,27.0,52.0072021484375,4.43953990936279,0,Pijnacker-Nootdorp,NL
Rotterdam,Rotterdam_T1,02:00:00:74:30:02,2026-08-13 21:20:54,28.0,52.008091,4.438843,0,Pijnacker,NL
Rotterdam,Rotterdam_T1,02:00:00:84:01:a6,2026-08-13 21:29:42,27.2,52.0024573,4.44409830000009,0,Pijnacker,NL
Rotterdam,Rotterdam_T1,02:00:00:73:f9:b6,2026-08-13 21:29:54,27.4,51.996857,4.482029,0,Berkel en Rodenrijs,NL
Rotterdam,Rotterdam_T1,02:00:00:64:f2:d6,2026-08-13 21:27:41,27.6,51.996821,4.497728,0,Lansingerland,NL
Rotterdam,Rotterdam_T1,02:00:00:21:10:32,2026-08-13 21:29:07,28.1,52.005954,4.494528,0,Berkel en Rodenrijs,NL
Rotterdam,Rotterdam_T1,02:00:00:33:39:0e,2026-08-13 21:20:23,25.4,52.0094959,4.22577910000002,1,Honselersdijk,NL
Rotterdam,Rotterdam_T1,02:00:00:29:2a:c0,2026-08-13 21:21:04,24.6,52.02337,4.220457,2,Westland,NL
Rotterdam,Rotterdam_T1,02:00:00:b5:8c:34,2026-08-13 21:26:43,21.3,52.010731,4.231847,0,Honselersdijk,NL
Rotterdam,Rotterdam_T1,02:00:00:b5:87:84,2026-08-13 21:21:29,26.9,52.017124,4.2579894,0,Kwintsheul,NL
Rotterdam,Rotterdam_T1,02:00:00:28:75:9e,2026-08-13 21:28:53,27.4,52.019287,4.27351,0,Wateringen,NL
Rotterdam,Rotterdam_T1,02:00:00:64:4a:20,2026-08-13 21:27:22,29.6,52.0197136756348,4.2759301112452,0,Westland,NL
Rotterdam,Rotterdam_T1,02:00:00:bd:d9:7e,2026-08-13 21:23:13,28.2,52.020915,4.274324,0,Wateringen,NL
Rotterdam,Rotterdam_T1,02:00:00:19:17:0e,2026-08-13 21:24:31,25.0,52.018548,4.295847,0,The Hague,NL
Rotterdam,Rotterdam_T1,02:00:00:71:5c:e6,2026-08-13 21:23:18,25.6,52.01805,4.302916,0,The Hague,NL
Rotterdam,Rotterdam_T1,02:00:00:22:d7:70,2026-08-13 21:22:17,26.0,52.00943,4.317615,0,Den Hoorn,NL
Rotterdam,Rotterdam_T1,02:00:00:70:1a:e4,2026-08-13 21:28:33,25.7,52.0205689614062,4.3267818203617,0,Rijswijk,NL
Rotterdam,Rotterdam_T1,02:00:00:b5:8a:c6,2026-08-13 21:21:39,25.4,52.0131973542606,4.32965307036136,0,Delft,NL
Rotterdam,Rotterdam_T1,02:00:00:c6:15:f6,2026-08-13 21:23:02,29.0,52.009809,4.337796,0,Delft,NL
Rotterdam,Rotterdam_T1,02:00:00:af:74:3a,2026-08-13 21:28:18,26.1,52.0227279663086,4.33650016784668,0,Rijswijk,NL
Rotterdam,Rotterdam_T1,02:00:00:13:04:c2,2026-08-13 21:22:14,27.4,52.01145,4.342701,1,Delft,NL
Rotterdam,Rotterdam_T1,02:00:00:b5:6b:10,2026-08-13 21:22:38,30.0,52.009232,4.365134,1,Delft,NL
Rotterdam,Rotterdam_T1,02:00:00:03:03:36,2026-08-13 21:24:47,28.3,52.013937,4.35952,2,Delft,NL
Rotterdam,Rotterdam_T1,02:00:00:63:07:0a,2026-08-13 21:25:07,25.3,52.0161250297335,4.35983148643825,2,Delft,NL
Rotterdam,Rotterdam_T1,02:00:00:b2:bc:36,2026-08-13 21:25:14,23.8,52.0110044,4.39716220000005,0,Delfgauw,NL
Rotterdam,Rotterdam_T1,02:00:00:28:c6:a0,2026-08-13 21:30:28,26.1,52.017348,4.430074,0,Pijnacker,NL
Rotterdam,Rotterdam_T1,02:00:00:00:de:d2,2026-08-13 21:14:31,28.1,52.0194,4.433978,0,Pijnacker,NL
Rotterdam,Rotterdam_T1,02:00:00:01:51:0e,2026-08-13 21:26:43,26.9,52.009215,4.450908,0,Pijnacker,NL
Rotterdam,Rotterdam_T1,02:00:00:05:5e:6c,2026-08-13 21:20:53,26.6,52.025398,4.250405,0,Kwintsheul,NL
Rotterdam,Rotterdam_T1,02:00:00:7f:ca:ac,2026-08-13 21:22:32,27.2,52.02969,4.2733474,0,Wateringen,NL
Rotterdam,Rotterdam_T1,02:00:00:83:f5:ba,2026-08-13 21:27:20,25.9,52.02848,4.27499000000013,0,Wateringen,NL
Rotterdam,Rotterdam_T1,02:00:00:2a:e8:a2,2026-08-13 21:22:12,27.9,52.0274806532426,4.276895,0,Wateringen,NL
Rotterdam,Rotterdam_T1,02:00:00:19:c9:f0,2026-08-13 21:27:01,26.1,52.0282,4.2894,0,The Hague,NL
Rotterdam,Rotterdam_T1,02:00:00:8d:db:56,2026-08-13 21:28:20,26.0,52.028558,4.290961,0,The Hague,NL
Rotterdam,Rotterdam_T1,02:00:00:1c:6b:56,2026-08-13 21:26:25,25.6,52.027407,4.296706,0,The Hague,NL
Rotterdam,Rotterdam_T1,02:00:00:53:21:c0,2026-08-13 21:27:28,30.7,52.026369,4.315001,5,Rijswijk,NL
Rotterdam,Rotterdam_T1,02:00:00:02:b3:4e,2026-08-13 21:25:57,30.3,52.0342742560364,4.31400057155358,5,Rijswijk,NL
Rotterdam,Rotterdam_T1,02:00:00:a9:80:40,2026-08-13 21:21:46,32.4,52.0342742560364,4.31400057155358,5,Rijswijk,NL
Rotterdam,Rotterdam_T1,02:00:00:b5:12:ea,2026-08-13 21:20:10,24.3,52.026608,4.338886,0,Rijswijk,NL
Rotterdam,Rotterdam_T1,02:00:00:31:d6:92,2026-08-13 21:30:26,25.6,52.02583,4.35241999999998,1,Rijswijk,NL
Rotterdam,Rotterdam_T1,02:00:00:7a:8c:d8,2026-08-13 21:29:01,27.6,52.03445,4.3570523,0,The Hague,NL
Rotterdam,Rotterdam_T1,02:00:00:01:57:92,2026-08-13 21:25:50,25.2,52.031365,4.377341,0,The Hague,NL
Rotterdam,Rotterdam_T1,02:00:00:53:4a:56,2026-08-13 21:29:55,23.9,52.035291667487,4.37625124421041,0,The Hague,NL
Rotterdam,Rotterdam_T1,02:00:00:a9:7d:2a,2026-08-13 21:23:54,27.2,52.0370407104492,4.387122631073,0,The Hague,NL
Rotterdam,Rotterdam_T1,02:00:00:a4:16:6e,2026-08-13 21:29:10,26.3,52.0251917647022,4.42625571616408,0,Pijnacker,NL
Rotterdam,Rotterdam_T1,02:00:00:03:5e:4a,2026-08-13 21:27:04,24.7,52.0296166,4.455603,0,Pijnacker-Nootdorp,NL
Rotterdam,Rotterdam_T1,02:00:00:14:3f:68,2026-08-13 21:21:20,24.1,52.0245126066557,4.47967126733552,0,Berkel en Rodenrijs,NL
Rotterdam,Rotterdam_T1,02:00:00:9d:26:d2,2026-08-13 21:28:54,28.1,52.033127,4.481348,0,Zoetermeer,NL
Rotterdam,Rotterdam_T1,02:00:00:b0:a4:94,2026-08-13 21:27:27,28.7,52.0349044799805,4.49338150024414,0,Zoetermeer,NL
Rotterdam,Rotterdam_T1,02:00:00:7f:ce:6a,2026-08-13 21:23:58,26.5,52.039398,4.222245,0,The Hague,NL
Rotterdam,Rotterdam_T1,02:00:00:05:53:60,2026-08-13 21:29:26,25.2,52.041561,4.223035,0,The Hague,NL
Rotterdam,Rotterdam_T1,02:00:00:5e:e5:66,2026-08-13 21:22:46,25.5,52.041621,4.223312,0,The Hague,NL
Rotterdam,Rotterdam_T1,02:00:00:33:c3:b6,2026-08-13 21:21:40,26.3,52.041359,4.261745,2,The Hague,NL
Rotterdam,Rotterdam_T1,02:00:00:3d:1d:84,2026-08-13 21:28:59,27.0,52.0434,4.2591,0,The Hague,NL
Rotterdam,Rotterdam_T1,02:00:00:af:80:9a,2026-08-13 21:28:52,25.4,52.0515206687929,4.30651038776614,5,The Hague,NL
Rotterdam,Rotterdam_T1,02:00:00:b5:80:d2,2026-08-13 21:23:28,30.5,52.0440782777029,4.33701086525241,6,Rijswijk,NL
Rotterdam,Rotterdam_T1,02:00:00:9c:d7:78,2026-08-13 21:20:06,25.8,52.040264,4.362028,0,The Hague,NL
Rotterdam,Rotterdam_T1,02:00:00:1c:7e:ae,2026-08-13 21:28:50,25.5,52.038915,4.366131,0,The Hague,NL
Rotterdam,Rotterdam_T1,02:00:00:33:d0:1a,2026-08-13 21:21:51,26.1,52.04705,4.3624587,0,The Hague,NL
Rotterdam,Rotterdam_T1,02:00:00:36:a2:d2,2026-08-13 21:27:05,27.7,52.050151,4.383387,0,The Hague,NL
Rotterdam,Rotterdam_T1,02:00:00:7f:a7:ea,2026-08-13 21:23:29,26.2,52.0380073,4.38669640000001,-2,Den Haag,NL
Rotterdam,Rotterdam_T1,02:00:00:7f:cc:34,2026-08-13 21:25:18,25.7,52.04027,4.386554,0,Nootdorp,NL
Rotterdam,Rotterdam_T1,02:00:00:c2:39:7e,2026-08-13 21:30:21,26.3,52.040937,4.464689,0,Zoetermeer,NL
Rotterdam,Rotterdam_T1,02:00:00:70:19:8e,2026-08-13 21:21:24,27.3,52.0391425410585,4.47068751201742,0,Pijnacker,NL
Rotterdam,Rotterdam_T1,02:00:00:01:3d:60,2026-08-13 21:23:27,28.1,52.042582,4.463878,0,Zoetermeer,NL
Rotterdam,Rotterdam_T1,02:00:00:64:2f:10,2026-08-13 21:26:19,27.3,52.0396681479356,4.47937465183982,0,Zoetermeer,NL
Rotterdam,Rotterdam_T1,02:00:00:84:71:4e,2026-08-13 21:24:22,27.4,52.04283,4.481998,0,Zoetermeer,NL
Rotterdam,Rotterdam_T1,02:00:00:c2:2a:de,2026-08-13 21:28:15,29.8,52.051404,4.480147,4,Zoetermeer,NL
Rotterdam,Rotterdam_T1,02:00:00:00:0d:c6,2026-08-13 21:28:23,28.6,52.0604822,4.22709759999997,5,The Hague,NL
Rotterdam,Rotterdam_T1,02:00:00:70:28:12,2026-08-13 21:28:04,29.5,52.05711,4.232334,7,The Hague,NL
Rotterdam,Rotterdam_T1,02:00:00:b2:ad:22,2026-08-13 21:21:45,28.4,52.0583487455039,4.23212349414826,3,The Hague,NL
Rotterdam,Rotterdam_T1,02:00:00:58:eb:68,2026-08-13 21:25:43,26.2,52.056455,4.25136,1,The Hague,NL
Rotterdam,Rotterdam_T1,02:00:00:af:4e:6a,2026-08-13 21:27:25,24.1,52.0585479736328,4.26001405715942,1,The Hague,NL
Rotterdam,Rotterdam_T1,02:00:00:b2:b9:f8,2026-08-13 21:30:31,25.9,52.053307,4.264459,2,The Hague,NL
Rotterdam,Rotterdam_T1,02:00:00:1c:6a:60,2026-08-13 21:25:37,27.2,52.0528657,4.27534449999996,3,The Hague,NL
Rotterdam,Rotterdam_T1,02:00:00:a9:f2:30,2026-08-13 21:28:50,24.2,52.0575,4.2698,1,The Hague,NL
Rotterdam,Rotterdam_T1,02:00:00:02:a1:36,2026-08-13 21:27:29,24.4,52.0582906,4.2732588,4,The Hague,NL
Rotterdam,Rotterdam_T1,02:00:00:32:c7:32,2026-08-13 21:23:09,26.4,52.055505,4.298573,0,The Hague,NL
Rotterdam,Rotterdam_T1,02:00:00:84:5b:7a,2026-08-13 21:23:36,27.8,52.058479,4.307849,1,The Hague,NL
Rotterdam,Rotterdam_T1,02:00:00:36:e5:24,2026-08-13 21:20:29,25.9,52.0534941858492,4.31175827980042,0,The Hague,NL
Rotterdam,Rotterdam_T1,02:00:00:29:2d:00,2026-08-13 21:21:05,26.1,52.0573602189514,4.31402668796871,3,The Hague,NL
Rotterdam,Rotterdam_T1,02:00:00:c5:33:8e,2026-08-13 21:27:35,28.2,52.0541152954102,4.31790542602539,2,The Hague,NL
Rotterdam,Rotterdam_T1,02:00:00:1c:6d:04,2026-08-13 21:25:48,28.6,52.0627326965332,4.31918334960938,7,The Hague,NL
Rotterdam,Rotterdam_T1,02:00:00:6b:28:e4,2026-08-13 21:23:00,24.8,52.054781,4.338274,1,Rijswijk,NL
Rotterdam,Rotterdam_T1,02:00:00:bd:cb:3e,2026-08-13 21:25:01,25.4,52.056893,4.338716,3,Rijswijk,NL
Rotterdam,Rotterdam_T1,02:00:00:a2:6b:e6,2026-08-13 21:26:39,25.3,52.0564422533771,4.34006631374359,3,Rijswijk,NL
Rotterdam,Rotterdam_T1,02:00:00:64:42:52,2026-08-13 21:24:00,28.1,52.061137,4.388927,0,The Hague,NL
Rotterdam,Rotterdam_T1,02:00:00:90:7d:2a,2026-08-13 21:28:06,28.0,52.058655,4.3924623,0,The Hague,NL
Rotterdam,Rotterdam_T1,02:00:00:52:db:7e,2026-08-13 21:28:02,25.5,52.065982,4.394288,0,The Hague,NL
Rotterdam,Rotterdam_T1,02:00:00:5f:25:a2,2026-08-13 21:27:02,26.9,52.063211,4.411913,0,The Hague,NL
Rotterdam,Rotterdam_T1,02:00:00:bd:f9:68,2026-08-13 21:24:26,25.4,52.0638475603448,4.41756284853375,0,The Hague,NL
Rotterdam,Rotterdam_T1,02:00:00:5e:fb:6e,2026-08-13 21:25:56,24.3,52.054639612905,4.4578184056046,0,Zoetermeer,NL
Rotterdam,Rotterdam_T1,02:00:00:b5:b8:f8,2026-08-13 21:24:46,25.1,52.058436,4.45896010000001,0,Zoetermeer,NL
Rotterdam,Rotterdam_T1,02:00:00:a9:90:82,2026-08-13 21:30:06,25.1,52.0591506958008,4.45773935317993,0,Zoetermeer,NL
Rotterdam,Rotterdam_T1,02:00:00:53:56:96,2026-08-13 21:29:41,28.3,52.0613346,4.4883785,2,Zoetermeer,NL
Rotterdam,Rotterdam_T1,02:00:00:01:91:08,2026-08-13 21:28:24,28.1,52.064108,4.491769,0,Zoetermeer,NL
Rotterdam,Rotterdam_T1,02:00:00:13:3c:52,2026-08-13 21:27:05,29.5,52.0642433166504,4.48782014846802,0,Zoetermeer,NL
Rotterdam,Rotterdam_T1,02:00:00:bd:ed:76,2026-08-13 21:28:57,28.5,52.069173,4.220754,12,The Hague,NL
Rotterdam,Rotterdam_T1,02:00:00:17:f3:26,2026-08-13 21:22:02,28.1,52.068519,4.221414,13,The Hague,NL
Rotterdam,Rotterdam_T1,02:00:00:1c:7f:64,2026-08-13 21:20:16,27.8,52.0743044529233,4.2459826422213,4,The Hague,NL
Rotterdam,Rotterdam_T1,02:00:00:af:67:ca,2026-08-13 21:26:01,26.9,52.0680697978153,4.25281722806606,3,The Hague,NL
Rotterdam,Rotterdam_T1,02:00:00:33:dc:9c,2026-08-13 21:27:51,25.5,52.0689815,4.25234909999999,0,The Hague,NL
Rotterdam,Rotterdam_T1,02:00:00:b5:07:b6,2026-08-13 21:20:52,26.6,52.073517,4.267079,4,The Hague,NL
Rotterdam,Rotterdam_T1,02:00:00:a4:2b:da,2026-08-13 21:21:52,25.1,52.0729,4.2713,4,The Hague,NL
Rotterdam,Rotterdam_T1,02:00:00:2a:f7:60,2026-08-13 21:21:29,28.2,52.074364,4.272827,5,The Hague,NL
Rotterdam,Rotterdam_T1,02:00:00:8d:d5:d2,2026-08-13 21:29:48,27.4,52.071887,4.300635,4,The Hague,NL
Rotterdam,Rotterdam_T1,02:00:00:02:7a:f6,2026-08-13 21:22:07,28.2,52.0689179,4.3058197,2,The Hague,NL
Rotterdam,Rotterdam_T1,02:00:00:c3:9b:c4,2026-08-13 21:20:40,27.4,52.0758,4.2925,3,The Hague,NL
Rotterdam,Rotterdam_T1,02:00:00:3f:48:00,2026-08-13 21:21:29,28.2,52.0710033960706,4.32261879386951,4,The Hague,NL
Rotterdam,Rotterdam_T1,02:00:00:27:57:8e,2026-08-13 21:26:18,29.1,52.0758551732259,4.31446773580824,5,The Hague,NL
Rotterdam,Rotterdam_T1,02:00:00:74:43:c6,2026-08-13 21:22:32,31.3,52.0778844,4.3164665,1,The Hague,NL
Rotterdam,Rotterdam_T1,02:00:00:9b:63:86,2026-08-13 21:25:18,27.9,52.0671907704763,4.34948086738587,2,The Hague,NL
Rotterdam,Rotterdam_T1,02:00:00:73:bf:68,2026-08-13 21:23:30,28.0,52.07701,4.3427534,1,Voorburg,NL
Rotterdam,Rotterdam_T1,02:00:00:74:18:0c,2026-08-13 21:23:48,27.5,52.076791,4.345605,3,Voorburg,NL
Rotterdam,Rotterdam_T1,02:00:00:5e:d3:e0,2026-08-13 21:29:23,28.2,52.0747919334922,4.3629991169802,3,Voorburg,NL
Rotterdam,Rotterdam_T1,02:00:00:83:fd:6c,2026-08-13 21:23:23,24.7,52.075134,4.376925,1,Voorburg,NL
Rotterdam,Rotterdam_T1,02:00:00:14:4a:38,2026-08-13 21:20:23,30.0,52.077178,4.359944,2,Voorburg,NL
Rotterdam,Rotterdam_T1,02:00:00:64:41:12,2026-08-13 21:30:24,28.3,52.0781626730093,4.38804501874122,0,Leidschendam-Voorburg,NL
Rotterdam,Rotterdam_T1,02:00:00:39:f8:c2,2026-08-13 21:28:32,29.0,52.078976,4.387728,0,Voorburg,NL
Rotterdam,Rotterdam_T1,02:00:00:bd:ca:72,2026-08-13 21:21:04,27.3,52.080704,4.394138,1,Leidschendam,NL
Rotterdam,Rotterdam_T1,02:00:00:8d:c5:a2,2026-08-13 21:27:49,25.1,52.071539,4.408314,0,The Hague,NL
Rotterdam,Rotterdam_T1,02:00:00:a4:45:56,2026-08-13 21:24:05,26.2,52.0678863525391,4.47134017944336,0,Zoetermeer,NL
Rotterdam,Rotterdam_T1,02:00:00:29:2e:44,2026-08-13 21:25:36,27.0,52.067863,4.473864,0,Zoetermeer,NL
Rotterdam,Rotterdam_T1,02:00:00:b5:a3:4e,2026-08-13 21:21:54,25.3,52.068919,4.475778,0,Zoetermeer,NL
Rotterdam,Rotterdam_T1,02:00:00:b9:11:7c,2026-08-13 21:28:26,25.9,52.0680732727051,4.47749948501587,0,Zoetermeer,NL
Rotterdam,Rotterdam_T1,02:00:00:28:a6:32,2026-08-13 21:27:47,25.6,52.0709019617043,4.49143366943841,0,Zoetermeer,NL
Rotterdam,Rotterdam_T1,02:00:00:06:8d:26,2026-08-13 21:27:13,27.2,52.0732626253946,4.49771213376639,0,Zoetermeer,NL
Rotterdam,Rotterdam_T1,02:00:00:33:e4:42,2026-08-13 21:29:53,28.2,52.093006,4.260304,9,The Hague,NL
Rotterdam,Rotterdam_T1,02:00:00:70:38:f4,2026-08-13 21:20:04,29.1,52.093477,4.262971,6,The Hague,NL
Rotterdam,Rotterdam_T1,02:00:00:3c:f5:1e,2026-08-13 21:20:24,27.1,52.084589,4.265981,5,The Hague,NL
Rotterdam,Rotterdam_T1,02:00:00:b5:95:58,2026-08-13 21:25:11,28.0,52.082624,4.273059,6,The Hague,NL
Rotterdam,Rotterdam_T1,02:00:00:b2:bf:d0,2026-08-13 21:23:56,30.2,52.0948011,4.26743520000004,9,The Hague,NL
Rotterdam,Rotterdam_T1,02:00:00:5f:01:3e,2026-08-13 21:25:29,29.1,52.0857754375627,4.28943129957341,8,The Hague,NL
Rotterdam,Rotterdam_T1,02:00:00:7f:9c:8a,2026-08-13 21:24:16,28.9,52.081812,4.293372,5,The Hague,NL
Rotterdam,Rotterdam_T1,02:00:00:6b:3a:8a,2026-08-13 20:41:56,30.5,52.084518,4.294358,5,The Hague,NL
Rotterdam,Rotterdam_T1,02:00:00:12:4f:d6,2026-08-13 21:23:07,31.7,52.0854341645785,4.31251781803931,6,The Hague,NL
Rotterdam,Rotterdam_T1,02:00:00:74:5d:f2,2026-08-13 21:26:35,29.8,52.094542,4.314409,14,The Hague,NL
Rotterdam,Rotterdam_T1,02:00:00:a4:4a:66,2026-08-13 21:20:46,29.5,52.082586,4.325077,11,The Hague,NL
Rotterdam,Rotterdam_T1,02:00:00:33:06:e6,2026-08-13 21:28:51,24.7,52.0825767,4.33901500000003,5,The Hague,NL
Rotterdam,Rotterdam_T1,02:00:00:70:53:1a,2026-08-13 21:24:28,24.9,52.0839525958057,4.34141420312182,2,The Hague,NL
Rotterdam,Rotterdam_T1,02:00:00:2f:2d:b0,2026-08-13 21:23:30,24.4,52.0884,4.343069,3,The Hague,NL
Rotterdam,Rotterdam_T1,02:00:00:9d:0b:76,2026-08-13 21:25:58,25.6,52.08924,4.360338,1,The Hague,NL
Rotterdam,Rotterdam_T1,02:00:00:64:31:1c,2026-08-13 21:27:06,28.1,52.083137512207,4.36576366424561,0,Leidschendam-Voorburg,NL
Rotterdam,Rotterdam_T1,02:00:00:58:73:b6,2026-08-13 21:20:53,26.0,52.0829561696853,4.36915000000003,1,Leidschendam-Voorburg,NL
Rotterdam,Rotterdam_T1,02:00:00:b5:4f:c8,2026-08-13 21:20:31,25.9,52.083479,4.387075,2,Leidschendam,NL
Rotterdam,Rotterdam_T1,02:00:00:7f:b9:18,2026-08-13 21:21:27,26.2,52.08124,4.39291000000004,3,Leidschendam,NL
Rotterdam,Rotterdam_T1,02:00:00:1e:25:42,2026-08-13 21:20:28,28.6,52.095224,4.390565,4,Leidschendam,NL
Rotterdam,Rotterdam_T1,02:00:00:02:a4:56,2026-08-13 21:25:54,24.9,52.09136,4.406312,2,Leidschendam,NL
Rotterdam,Rotterdam_T1,02:00:00:6b:50:c6,2026-08-13 21:30:14,22.6,52.0912310197558,4.40687429507307,3,Leidschendam,NL
Rotterdam,Rotterdam_T1,02:00:00:1c:74:a4,2026-08-13 21:29:47,23.3,52.093694,4.469815,0,Leidschendam,NL
Rotterdam,Rotterdam_T1,02:00:00:2b:14:b6,2026-08-13 21:21:10,26.9,52.093886,4.470451,0,Leidschendam-Voorburg,NL
Rotterdam,Rotterdam_T1,02:00:00:28:a0:ca,2026-08-13 21:26:58,24.6,52.0942794,4.47121889999994,0,Leidschendam-Voorburg,NL
Rotterdam,Rotterdam_T1,02:00:00:c2:46:e6,2026-08-13 21:29:42,29.5,52.1023684600997,4.26914454981171,9,The Hague,NL
Rotterdam,Rotterdam_T1,02:00:00:a2:47:68,2026-08-13 21:23:21,31.5,52.101233,4.270174,9,The Hague,NL
Rotterdam,Rotterdam_T1,02:00:00:1f:3d:38,2026-08-13 21:27:30,27.7,52.0977498,4.27582540000009,12,The Hague,NL
Rotterdam,Rotterdam_T1,02:00:00:bd:dc:50,2026-08-13 21:29:23,26.7,52.100603,4.300766,7,The Hague,NL
Rotterdam,Rotterdam_T1,02:00:00:2b:5c:e4,2026-08-13 21:20:46,25.9,52.1022,4.30135000000003,9,The Hague,NL
Rotterdam,Rotterdam_T1,02:00:00:13:4f:12,2026-08-13 21:25:38,26.2,52.0992527419219,4.31103944778442,4,The Hague,NL
Rotterdam,Rotterdam_T1,02:00:00:58:dd:f2,2026-08-13 21:24:39,26.0,52.0988402769097,4.31640163798878,4,The Hague,NL
Rotterdam,Rotterdam_T1,02:00:00:64:35:f0,2026-08-13 21:29:14,24.4,52.0971897757407,4.33524702658857,1,The Hague,NL
Rotterdam,Rotterdam_T1,02:00:00:70:46:bc,2026-08-13 21:29:23,22.3,52.108804,4.339823,5,Wassenaar,NL
Rotterdam,Rotterdam_T1,02:00:00:53:49:e8,2026-08-13 21:24:04,27.4,52.1093510610785,4.37356660986006,0,Wassenaar,NL
Rotterdam,Rotterdam_T1,02:00:00:84:17:0a,2026-08-13 21:27:36,25.0,52.10114,4.395529,0,Leidschendam,NL
Rotterdam,Rotterdam_T1,02:00:00:7f:9c:26,2026-08-13 21:22:24,24.0,52.102006,4.407729,1,Leidschendam,NL
Rotterdam,Rotterdam_T1,02:00:00:01:7d:a8,2026-08-13 21:22:14,29.1,52.110059,4.27961500000007,7,The Hague,NL
Rotterdam,Rotterdam_T1,02:00:00:33:fd:7c,2026-08-13 21:20:50,25.8,52.111572,4.372817,3,Wassenaar,NL
Rotterdam,Rotterdam_T1,02:00:00:a4:5c:34,2026-08-13 21:25:28,21.7,52.111214,4.436711,0,Voorschoten,NL
Rotterdam,Rotterdam_T1,02:00:00:73:be:68,2026-08-13 21:25:34,25.6,52.117177,4.443719,0,Voorschoten,NL
Rotterdam,Rotterdam_T1,02:00:00:63:35:52,2026-08-13 21:22:36,27.8,52.11392,4.444889,0,Voorschoten,NL
Rotterdam,Rotterdam_T1,02:00:00:3b:ff:70,2026-08-13 21:27:52,24.7,52.1277061891672,4.36202768103674,6,Wassenaar,NL
Rotterdam,Rotterdam_T1,02:00:00:a4:47:d4,2026-08-13 21:27:38,28.8,52.12634,4.384166,2,Wassenaar,NL
Rotterdam,Rotterdam_T1,02:00:00:70:45:0e,2026-08-13 21:24:50,26.6,52.126899,4.437364,0,Voorschoten,NL
Rotterdam,Rotterdam_T1,02:00:00:7a:ea:44,2026-08-13 21:25:21,28.5,52.127811,4.438192,1,Voorschoten,NL
Rotterdam,Rotterdam_T1,02:00:00:19:3e:fc,2026-08-13 21:20:44,26.2,52.125274,4.442024,2,Voorschoten,NL
Rotterdam,Rotterdam_T1,02:00:00:bd:d9:62,2026-08-13 21:24:19,26.2,52.130948,4.456233,0,Voorschoten,NL
Rotterdam,Rotterdam_T1,02:00:00:13:48:f2,2026-08-13 21:22:42,29.2,52.1383267055258,4.46930246147369,4,Leiden,NL
Rotterdam,Rotterdam_T1,02:00:00:7f:98:b0,2026-08-13 21:27:38,27.4,51.793851,4.277562,0,Goudswaard,NL
Rotterdam,Rotterdam_T1,02:00:00:84:01:f4,2026-08-13 21:29:53,26.3,51.795956,4.316063,0,Piershil,NL
Rotterdam,Rotterdam_T1,02:00:00:a4:53:38,2026-08-13 21:26:08,26.7,51.8061561584473,4.34367895126343,0,Nieuw-Beijerland,NL
Rotterdam,Rotterdam_T1,02:00:00:70:24:c0,2026-08-13 21:25:43,25.6,51.79538,4.47853999999995,0,Hoeksche Waard,NL
Rotterdam,Rotterdam_T1,02:00:00:8d:cf:32,2026-08-13 21:22:27,24.8,51.7989258,4.48003469999999,1,Mijnsheerenland,NL
Rotterdam,Rotterdam_T1,02:00:00:73:f0:94,2026-08-13 21:26:28,29.0,51.817669,4.261111,0,Zuidland,NL
Rotterdam,Rotterdam_T1,02:00:00:17:f3:8c,2026-08-13 21:28:21,29.6,51.813893,4.338688,0,Hoeksche Waard,NL
Rotterdam,Rotterdam_T1,02:00:00:12:63:46,2026-08-13 21:21:37,27.1,51.816084,4.404314,0,Oud-Beijerland,NL
Rotterdam,Rotterdam_T1,02:00:00:7f:ca:72,2026-08-13 21:21:05,25.9,51.819852,4.403548,1,Oud-Beijerland,NL
Rotterdam,Rotterdam_T1,02:00:00:19:32:0a,2026-08-13 21:26:58,27.9,51.8201,4.4265,0,Oud-Beijerland,NL
Rotterdam,Rotterdam_T1,02:00:00:1d:ee:0c,2026-08-13 21:26:31,27.2,51.814618,4.431096,0,Hoeksche Waard,NL
Rotterdam,Rotterdam_T1,02:00:00:a9:d0:4e,2026-08-13 21:23:10,26.1,51.816875,4.432654,0,Oud-Beijerland,NL
Rotterdam,Rotterdam_T1,02:00:00:b0:a7:c6,2026-08-13 21:29:30,27.0,51.8194923400879,4.42992401123047,0,Oud-Beijerland,NL
Rotterdam,Rotterdam_T1,02:00:00:52:d6:1c,2026-08-13 21:21:54,28.6,51.8273166908673,4.24860230421604,0,Nissewaard,NL
Rotterdam,Rotterdam_T1,02:00:00:7b:02:ea,2026-08-13 21:26:42,28.3,51.8268,4.24961,0,Zuidland,NL
Rotterdam,Rotterdam_T1,02:00:00:c6:18:06,2026-08-13 21:21:29,26.4,51.82763,4.25183,0,Zuidland,NL
Rotterdam,Rotterdam_T1,02:00:00:12:ed:2e,2026-08-13 21:21:42,25.7,51.832122,4.281581,0,Simonshaven,NL
Rotterdam,Rotterdam_T1,02:00:00:bc:cb:30,2026-08-13 21:25:37,24.0,51.833767,4.297901,0,Simonshaven,NL
Rotterdam,Rotterdam_T1,02:00:00:2e:be:70,2026-08-13 21:27:24,28.5,51.828405,4.320218,0,Nissewaard,NL
Rotterdam,Rotterdam_T1,02:00:00:83:80:70,2026-08-13 21:27:39,28.7,51.828982,4.321931,0,Spijkenisse,NL
Rotterdam,Rotterdam_T1,02:00:00:b2:c5:16,2026-08-13 21:27:04,29.3,51.833293,4.327577,0,Spijkenisse,NL
Rotterdam,Rotterdam_T1,02:00:00:1c:5d:d8,2026-08-13 21:21:34,25.4,51.831596,4.34732,0,Spijkenisse,NL
Rotterdam,Rotterdam_T1,02:00:00:33:d1:48,2026-08-13 21:24:44,26.9,51.835362,4.340818,0,Spijkenisse,NL
Rotterdam,Rotterdam_T1,02:00:00:b9:64:be,2026-08-13 21:28:53,26.3,51.833401,4.353316,0,Spijkenisse,NL
Rotterdam,Rotterdam_T1,02:00:00:a2:45:50,2026-08-13 21:28:38,26.6,51.833564,4.369612,0,Spijkenisse,NL
Rotterdam,Rotterdam_T1,02:00:00:8d:ce:38,2026-08-13 21:23:20,27.7,51.833848,4.370394,0,Spijkenisse,NL
Rotterdam,Rotterdam_T1,02:00:00:74:51:54,2026-08-13 21:28:40,29.3,51.822471,4.422299,0,Oud-Beijerland,NL
Rotterdam,Rotterdam_T1,02:00:00:b9:1f:9e,2026-08-13 21:25:38,25.4,51.826743,4.418683,2,Oud-Beijerland,NL
Rotterdam,Rotterdam_T1,02:00:00:c2:4d:24,2026-08-13 21:22:30,26.5,51.826379,4.423903,1,Oud-Beijerland,NL
Rotterdam,Rotterdam_T1,02:00:00:a9:8c:2e,2026-08-13 21:21:42,24.9,51.826426,4.459057,0,Heinenoord,NL
Rotterdam,Rotterdam_T1,02:00:00:2f:24:0e,2026-08-13 21:23:17,31.2,51.8277587,4.47300369999995,1,Heinenoord,NL
Rotterdam,Rotterdam_T1,02:00:00:b0:92:a0,2026-08-13 21:25:14,27.0,51.825342,4.484375,0,Heinenoord,NL
Rotterdam,Rotterdam_T1,02:00:00:13:7c:72,2026-08-13 21:23:31,26.1,51.8485857,4.30565690000003,0,Nissewaard,NL
Rotterdam,Rotterdam_T1,02:00:00:b9:2d:18,2026-08-13 21:23:50,27.5,51.836025,4.3121552,0,Nissewaard,NL
Rotterdam,Rotterdam_T1,02:00:00:00:c4:a2,2026-08-13 21:23:27,25.3,51.835934,4.315718,0,Spijkenisse,NL
Rotterdam,Rotterdam_T1,02:00:00:90:af:46,2026-08-13 21:29:22,27.6,51.83904,4.319577,0,Spijkenisse,NL
Rotterdam,Rotterdam_T1,02:00:00:65:34:82,2026-08-13 21:23:49,27.3,51.8423805236816,4.31939363479614,0,Spijkenisse,NL
Rotterdam,Rotterdam_T1,02:00:00:7f:c0:78,2026-08-13 21:22:21,27.8,51.84996,4.3388395,0,Spijkenisse,NL
Rotterdam,Rotterdam_T1,02:00:00:a4:28:8e,2026-08-13 21:20:55,26.5,51.8376655578613,4.34094619750977,1,Spijkenisse,NL
Rotterdam,Rotterdam_T1,02:00:00:7a:77:68,2026-08-13 21:23:51,27.2,51.846795,4.341356,1,Spijkenisse,NL
Rotterdam,Rotterdam_T1,02:00:00:2a:ee:60,2026-08-13 21:28:21,26.9,51.836635,4.368071,0,Nissewaard,NL
Rotterdam,Rotterdam_T1,02:00:00:8d:ca:84,2026-08-13 21:20:41,27.3,51.836617,4.371667,0,Spijkenisse,NL
Rotterdam,Rotterdam_T1,02:00:00:19:cc:80,2026-08-13 21:26:29,24.3,51.848418,4.374154,0,Hoogvliet,NL
Rotterdam,Rotterdam_T1,02:00:00:b5:35:7a,2026-08-13 21:28:09,25.9,51.8507194519043,4.32065153121948,0,Spijkenisse,NL
Rotterdam,Rotterdam_T1,02:00:00:b5:0b:cc,2026-08-13 21:25:28,29.0,51.857194,4.316324,0,Spijkenisse,NL
Rotterdam,Rotterdam_T1,02:00:00:a2:46:e2,2026-08-13 21:25:59,29.8,51.857365,4.316291,0,Spijkenisse,NL
Rotterdam,Rotterdam_T1,02:00:00:96:c1:f0,2026-08-13 21:23:57,29.3,51.8526191711426,4.34237861633301,5,Spijkenisse,NL
Rotterdam,Rotterdam_T1,02:00:00:17:5c:2a,2026-08-13 21:20:10,30.5,51.852885,4.342628,5,Spijkenisse,NL
Rotterdam,Rotterdam_T1,02:00:00:5f:22:3e,2026-08-13 21:21:14,26.1,51.8544044494629,4.3646936416626,0,Rotterdam,NL
Rotterdam,Rotterdam_T1,02:00:00:83:df:7c,2026-08-13 21:24:39,25.2,51.852008,4.377223,1,Hoogvliet,NL
Rotterdam,Rotterdam_T1,02:00:00:bc:d0:3e,2026-08-13 21:28:35,25.8,51.858581,4.392577,0,Poortugaal,NL
Rotterdam,Rotterdam_T1,02:00:00:7f:c7:60,2026-08-13 21:24:49,26.3,51.85831,4.3942885,3,Poortugaal,NL
Rotterdam,Rotterdam_T1,02:00:00:bc:e1:0c,2026-08-13 21:29:22,28.2,51.8635694,4.39623120000001,0,Poortugaal,NL
Rotterdam,Rotterdam_T1,02:00:00:01:05:d0,2026-08-13 21:22:23,28.1,51.851921,4.423444,0,Rhoon,NL
Rotterdam,Rotterdam_T1,02:00:00:84:84:1e,2026-08-13 21:26:59,29.3,51.858887,4.421957,0,Rhoon,NL
Rotterdam,Rotterdam_T1,02:00:00:a2:5c:12,2026-08-13 21:21:51,25.9,51.8594623479853,4.42698154071272,0,Rhoon,NL
Rotterdam,Rotterdam_T1,02:00:00:be:05:6e,2026-08-13 21:27:25,27.2,51.8548644,4.436762,0,Rhoon,NL
Rotterdam,Rotterdam_T1,02:00:00:a2:32:24,2026-08-13 21:23:43,25.6,51.857958,4.432325,0,Rhoon,NL
Rotterdam,Rotterdam_T1,02:00:00:5f:34:da,2026-08-13 21:29:34,29.2,51.8547049,4.47099120000005,0,Rhoon,NL
Rotterdam,Rotterdam_T1,02:00:00:02:c7:50,2026-08-13 21:28:56,28.4,51.856688,4.472128,0,Rhoon,NL
Rotterdam,Rotterdam_T1,02:00:00:63:0e:a4,2026-08-13 21:27:08,30.7,51.8575608827219,4.47265219690053,0,Albrandswaard,NL
Rotterdam,Rotterdam_T1,02:00:00:b5:a9:6a,2026-08-13 21:21:53,25.3,51.851735,4.484146,0,Albrandswaard,NL
Rotterdam,Rotterdam_T1,02:00:00:2e:ff:9e,2026-08-13 21:23:59,25.7,51.8538824575246,4.48517918586731,0,Barendrecht,NL
Rotterdam,Rotterdam_T1,02:00:00:03:74:d0,2026-08-13 21:20:32,28.6,51.8517608642578,4.49835109710693,0,Barendrecht,NL
Rotterdam,Rotterdam_T1,02:00:00:bd:e9:04,2026-08-13 21:25:23,26.5,51.866558,4.375568,0,Hoogvliet,NL
Rotterdam,Rotterdam_T1,02:00:00:01:01:b4,2026-08-13 21:27:05,28.1,51.8652629979766,4.39664993821385,0,Albrandswaard,NL
Rotterdam,Rotterdam_T1,02:00:00:a2:60:fc,2026-08-13 21:23:24,29.7,51.874794,4.466563,0,Rotterdam,NL
Rotterdam,Rotterdam_T1,02:00:00:1c:87:14,2026-08-13 21:28:27,30.1,51.874054,4.483835,0,Rotterdam,NL
Rotterdam,Rotterdam_T1,02:00:00:3f:61:10,2026-08-13 21:21:40,30.0,51.8779278321971,4.49603729871197,6,Rotterdam,NL
Rotterdam,Rotterdam_T1,02:00:00:73:c0:3a,2026-08-13 21:28:09,26.8,51.887171,4.383392,0,Pernis,NL
Rotterdam,Rotterdam_T1,02:00:00:32:e7:f8,2026-08-13 21:27:21,25.5,51.892172,4.386614,3,Pernis,NL
Rotterdam,Rotterdam_T1,02:00:00:12:73:96,2026-08-13 21:21:50,28.8,51.890287,4.477402,2,Rotterdam,NL
Rotterdam,Rotterdam_T1,02:00:00:c3:9b:aa,2026-08-13 21:29:21,31.6,51.888355255127,4.49187803268433,6,Rotterdam,NL
Rotterdam,Rotterdam_T1,02:00:00:c2:33:4e,2026-08-13 21:25:15,25.1,51.907263,4.232915,1,Rozenburg,NL
Rotterdam,Rotterdam_T1,02:00:00:02:d9:74,2026-08-13 21:27:48,25.7,51.9018321151561,4.23758983612055,2,Rozenburg,NL
Rotterdam,Rotterdam_T1,02:00:00:27:7d:68,2026-08-13 21:24:59,27.0,51.902208,4.248835,4,Rozenburg,NL
Rotterdam,Rotterdam_T1,02:00:00:37:27:ba,2026-08-13 21:22:24,28.6,51.906634,4.321553,0,Vlaardingen,NL
Rotterdam,Rotterdam_T1,02:00:00:63:17:f6,2026-08-13 21:26:51,28.4,51.902018,4.342717,3,Vlaardingen,NL
Rotterdam,Rotterdam_T1,02:00:00:74:32:c6,2026-08-13 21:23:29,27.8,51.904912,4.345329,3,Vlaardingen,NL
Rotterdam,Rotterdam_T1,02:00:00:c2:45:d6,2026-08-13 21:26:41,27.8,51.905582,4.405567,0,Schiedam,NL
Rotterdam,Rotterdam_T1,02:00:00:53:3b:14,2026-08-13 21:21:58,29.7,51.902036,4.457739,3,Rotterdam,NL
Rotterdam,Rotterdam_T1,02:00:00:2f:1e:fc,2026-08-13 21:29:36,29.6,51.904843,4.463923,2,Rotterdam,NL
Rotterdam,Rotterdam_T1,02:00:00:1f:6b:c0,2026-08-13 21:26:56,29.8,51.8992767333984,4.48442125320435,2,Rotterdam,NL
Rotterdam,Rotterdam_T1,02:00:00:2b:09:b6,2026-08-13 21:23:53,29.8,51.8965726546856,4.49371075471399,8,Rotterdam,NL
Rotterdam,Rotterdam_T1,02:00:00:2e:d8:56,2026-08-13 21:20:35,30.1,51.8945090023125,4.49689548713718,3,Rotterdam,NL
Rotterdam,Rotterdam_T1,02:00:00:63:45:86,2026-08-13 21:28:34,28.7,51.909344,4.23864,1,Rozenburg,NL
Rotterdam,Rotterdam_T1,02:00:00:3c:fa:c8,2026-08-13 21:21:15,25.9,51.911378,4.236979,2,Rotterdam,NL
Rotterdam,Rotterdam_T1,02:00:00:18:f8:10,2026-08-13 21:20:51,25.3,51.9087995610964,4.24184925481109,1,Rozenburg,NL
Rotterdam,Rotterdam_T1,02:00:00:a9:4f:c2,2026-08-13 21:28:33,26.1,51.916124,4.24886000000006,3,Maassluis,NL
Rotterdam,Rotterdam_T1,02:00:00:a2:70:a6,2026-08-13 21:20:38,28.8,51.913362,4.256699,5,Maassluis,NL
Rotterdam,Rotterdam_T1,02:00:00:1c:83:b4,2026-08-13 21:24:10,28.2,51.917847,4.260043,1,Maassluis,NL
Rotterdam,Rotterdam_T1,02:00:00:b9:43:b0,2026-08-13 21:29:24,25.3,51.908927,4.313466,0,Vlaardingen,NL
Rotterdam,Rotterdam_T1,02:00:00:bc:f6:62,2026-08-13 21:22:23,24.7,51.913163646918,4.31969458235608,0,Vlaardingen,NL
Rotterdam,Rotterdam_T1,02:00:00:12:a4:34,2026-08-13 21:22:33,30.0,51.909151,4.332132,2,Vlaardingen,NL
Rotterdam,Rotterdam_T1,02:00:00:2b:20:2a,2026-08-13 21:26:50,26.8,51.9141002514251,4.33724462985993,1,Vlaardingen,NL
Rotterdam,Rotterdam_T1,02:00:00:02:a2:a6,2026-08-13 21:26:39,27.2,51.9088,4.3444,3,Vlaardingen,NL
Rotterdam,Rotterdam_T1,02:00:00:bd:0a:46,2026-08-13 21:26:28,26.6,51.909511,4.348642,4,Vlaardingen,NL
Rotterdam,Rotterdam_T1,02:00:00:58:c6:ce,2026-08-13 21:27:01,30.3,51.9178282,4.3598377,1,Vlaardingen,NL
Rotterdam,Rotterdam_T1,02:00:00:7f:be:10,2026-08-13 21:25:16,27.1,51.91672,4.3632045,2,Vlaardingen,NL
Rotterdam,Rotterdam_T1,02:00:00:53:40:9c,2026-08-13 21:29:00,27.7,51.9151587373229,4.39174242923392,0,Schiedam,NL
Rotterdam,Rotterdam_T1,02:00:00:53:5b:da,2026-08-13 21:24:44,30.5,51.908555,4.401612,2,Schiedam,NL
Rotterdam,Rotterdam_T1,02:00:00:b9:1f:4a,2026-08-13 21:24:45,30.6,51.9213366779173,4.40755754480418,11,Schiedam,NL
Rotterdam,Rotterdam_T1,02:00:00:34:0c:22,2026-08-13 21:23:33,30.1,51.921128016101,4.40852165222168,2,Schiedam,NL
Rotterdam,Rotterdam_T1,02:00:00:96:ec:a8,2026-08-13 21:27:24,28.2,51.9101295471191,4.44982385635376,3,Rotterdam,NL
Rotterdam,Rotterdam_T1,02:00:00:ab:ed:0a,2026-08-13 21:23:45,27.3,51.91357,4.450989,4,Rotterdam,NL
Rotterdam,Rotterdam_T1,02:00:00:84:0b:f4,2026-08-13 21:27:20,28.7,51.910764,4.459764,4,Rotterdam,NL
Rotterdam,Rotterdam_T1,02:00:00:33:2f:18,2026-08-13 21:20:38,28.6,51.911367,4.460016,4,Rotterdam,NL
Rotterdam,Rotterdam_T1,02:00:00:01:40:74,2026-08-13 21:23:54,29.9,51.918188,4.456922,5,Rotterdam,NL
Rotterdam,Rotterdam_T1,02:00:00:7f:8b:fa,2026-08-13 21:21:55,29.7,51.9101171296848,4.48145787979085,11,Rotterdam,NL
Rotterdam,Rotterdam_T1,02:00:00:b5:93:7c,2026-08-13 21:20:55,30.5,51.913771,4.481875,4,Rotterdam,NL
Rotterdam,Rotterdam_T1,02:00:00:17:b3:54,2026-08-13 21:24:36,31.1,51.916415,4.480851,7,Rotterdam,NL
Rotterdam,Rotterdam_T1,02:00:00:8d:d1:ba,2026-08-13 21:26:31,31.5,51.9320212,4.2264977,3,Maassluis,NL
Rotterdam,Rotterdam_T1,02:00:00:52:d3:56,2026-08-13 21:22:01,27.9,51.929916,4.232157,4,Maassluis,NL
Rotterdam,Rotterdam_T1,02:00:00:b9:59:00,2026-08-13 21:24:18,25.4,51.92626,4.237906,4,Maassluis,NL
Rotterdam,Rotterdam_T1,02:00:00:b5:3d:e2,2026-08-13 21:23:25,29.7,51.9271297,4.2515983,1,Maassluis,NL
Rotterdam,Rotterdam_T1,02:00:00:5f:15:be,2026-08-13 21:22:13,30.9,51.930806,4.250148,4,Maassluis,NL
Rotterdam,Rotterdam_T1,02:00:00:65:4b:40,2026-08-13 21:30:16,27.9,51.927105,4.254623,0,Maassluis,NL
Rotterdam,Rotterdam_T1,02:00:00:7f:94:b0,2026-08-13 21:26:36,25.6,51.931354,4.269027,0,Maasland,NL
Rotterdam,Rotterdam_T1,02:00:00:29:09:70,2026-08-13 21:27:07,25.9,51.932986,4.267365,1,Maasland,NL
Rotterdam,Rotterdam_T1,02:00:00:b5:74:1c,2026-08-13 21:29:44,25.1,51.93374,4.26775999999999,0,Maasland,NL
Rotterdam,Rotterdam_T1,02:00:00:63:06:60,2026-08-13 21:29:15,32.2,51.934327,4.334653,0,Vlaardingen,NL
Rotterdam,Rotterdam_T1,02:00:00:b5:a0:52,2026-08-13 21:22:06,26.4,51.927282,4.347004,0,Vlaardingen,NL
Rotterdam,Rotterdam_T1,02:00:00:36:d7:e4,2026-08-13 21:22:06,26.1,51.9296493530273,4.34874200820923,0,Vlaardingen,NL
Rotterdam,Rotterdam_T1,02:00:00:bd:e2:4c,2026-08-13 21:28:11,24.9,51.935245,4.342573,0,Vlaardingen,NL
Rotterdam,Rotterdam_T1,02:00:00:64:20:80,2026-08-13 21:18:32,24.4,51.9364242553711,4.36015510559082,0,Vlaardingen,NL
Rotterdam,Rotterdam_T1,02:00:00:bc:d1:1c,2026-08-13 21:27:49,27.1,51.9350965,4.36687449999998,2,Schiedam,NL
Rotterdam,Rotterdam_T1,02:00:00:c6:23:6c,2026-08-13 21:28:49,27.2,51.934768,4.381632,0,Schiedam,NL
Rotterdam,Rotterdam_T1,02:00:00:96:ea:9e,2026-08-13 21:29:42,25.1,51.925392,4.39834,2,Schiedam,NL
Rotterdam,Rotterdam_T1,02:00:00:ab:cb:62,2026-08-13 21:30:28,24.4,51.930617,4.445321,0,Rotterdam,NL
Rotterdam,Rotterdam_T1,02:00:00:74:09:f2,2026-08-13 21:23:29,25.1,51.92814,4.456759,1,Rotterdam,NL
Rotterdam,Rotterdam_T1,02:00:00:02:c6:84,2026-08-13 21:26:32,29.2,51.926464,4.470126,3,Rotterdam,NL
Rotterdam,Rotterdam_T1,02:00:00:1f:5d:94,2026-08-13 21:27:01,25.0,51.936519,4.463171,1,Rotterdam,NL
Rotterdam,Rotterdam_T1,02:00:00:a9:49:dc,2026-08-13 21:23:17,28.0,51.9230452,4.48168170000002,3,Rotterdam,NL
Rotterdam,Rotterdam_T1,02:00:00:90:b7:5e,2026-08-13 21:27:06,29.3,51.92631,4.480658,2,Rotterdam,NL
Rotterdam,Rotterdam_T1,02:00:00:a9:b5:2e,2026-08-13 21:27:37,29.4,51.92486,4.48449200000008,2,Rotterdam,NL
Rotterdam,Rotterdam_T1,02:00:00:b9:1f:48,2026-08-13 21:22:14,26.3,51.939256,4.230721,1,Maassluis,NL
Rotterdam,Rotterdam_T1,02:00:00:84:0e:9e,2026-08-13 21:23:10,26.0,51.939707,4.230973,0,Maassluis,NL
Rotterdam,Rotterdam_T1,02:00:00:12:fb:ba,2026-08-13 21:24:33,24.7,51.941607,4.230965,2,Maassluis,NL
Rotterdam,Rotterdam_T1,02:00:00:b5:53:1c,2026-08-13 21:21:54,27.6,51.949414,4.270392,0,Maasland,NL
Rotterdam,Rotterdam_T1,02:00:00:c5:33:20,2026-08-13 21:27:19,25.4,51.940538,4.34364800000001,0,Vlaardingen,NL
Rotterdam,Rotterdam_T1,02:00:00:70:4d:76,2026-08-13 21:25:31,24.3,51.940698,4.344899,0,Vlaardingen,NL
Rotterdam,Rotterdam_T1,02:00:00:7f:d3:b4,2026-08-13 21:26:54,26.7,51.937524,4.359107,1,,NL
Rotterdam,Rotterdam_T1,02:00:00:28:74:22,2026-08-13 21:29:22,28.3,51.939015,4.368109,0,Schiedam,NL
Rotterdam,Rotterdam_T1,02:00:00:b2:c3:a2,2026-08-13 21:21:49,25.4,51.9398735,4.37264590000001,0,Schiedam,NL
Rotterdam,Rotterdam_T1,02:00:00:bd:fb:70,2026-08-13 21:21:09,24.0,51.945864,4.366965,0,Schiedam,NL
Rotterdam,Rotterdam_T1,02:00:00:65:38:b0,2026-08-13 21:25:41,25.6,51.942,4.38433999999999,0,Schiedam,NL
Rotterdam,Rotterdam_T1,02:00:00:04:6f:aa,2026-08-13 21:26:14,26.6,51.9441,4.3839,0,Schiedam,NL
Rotterdam,Rotterdam_T1,02:00:00:9c:d6:c8,2026-08-13 21:21:07,27.8,51.9391683837513,4.42066682686317,4,Rotterdam,NL
Rotterdam,Rotterdam_T1,02:00:00:90:8a:8e,2026-08-13 21:25:58,25.2,51.9372746579483,4.4418073394422,2,Rotterdam,NL
Rotterdam,Rotterdam_T1,02:00:00:7f:93:30,2026-08-13 21:22:14,23.8,51.937051,4.442832,0,Rotterdam,NL
Rotterdam,Rotterdam_T1,02:00:00:2b:02:62,2026-08-13 21:28:38,24.0,51.939917,4.448351,0,Rotterdam,NL
Rotterdam,Rotterdam_T1,02:00:00:bd:e0:c8,2026-08-13 21:23:41,26.9,51.946104,4.46737,0,Rotterdam,NL
Rotterdam,Rotterdam_T1,02:00:00:af:8b:58,2026-08-13 21:23:45,27.7,51.9460220336914,4.47492647171021,0,Rotterdam,NL
Rotterdam,Rotterdam_T1,02:00:00:90:71:58,2026-08-13 21:22:12,26.0,51.93707,4.479222,3,Rotterdam,NL
Rotterdam,Rotterdam_T1,02:00:00:bc:e3:ec,2026-08-13 21:22:00,27.7,51.9374587797425,4.49468157586424,2,Rotterdam,NL
Rotterdam,Rotterdam_T1,02:00:00:bd:de:c6,2026-08-13 21:23:16,26.7,51.937429,4.495607,0,Rotterdam,NL
Rotterdam,Rotterdam_T1,02:00:00:17:e0:1e,2026-08-13 21:26:18,25.1,51.955246,4.314398,0,Maasland,NL
Rotterdam,Rotterdam_T1,02:00:00:a4:41:88,2026-08-13 21:30:25,25.8,51.955283,4.314406,0,Maasland,NL
Rotterdam,Rotterdam_T1,02:00:00:3f:16:82,2026-08-13 21:28:50,24.2,51.962066,4.395128,1,Rotterdam,NL
Rotterdam,Rotterdam_T1,02:00:00:65:28:6e,2026-08-13 21:29:49,27.1,51.95247,4.46971,0,Rotterdam,NL
Rotterdam,Rotterdam_T1,02:00:00:7a:6d:be,2026-08-13 21:24:17,25.6,51.96209,4.471111,0,Rotterdam,NL
Rotterdam,Rotterdam_T1,02:00:00:83:f8:50,2026-08-13 21:22:16,25.6,51.962386,4.475915,0,Rotterdam,NL
Rotterdam,Rotterdam_T1,02:00:00:3f:0a:1a,2026-08-13 21:20:50,27.9,51.962139,4.484953,0,Rotterdam,NL
Rotterdam,Rotterdam_T1,02:00:00:65:85:b0,2026-08-13 21:23:08,24.5,51.958444,4.499749,-2,Hillegersberg,NL
Rotterdam,Rotterdam_T2,02:00:00:a4:6d:fc,2026-08-13 21:27:15,25.0,51.968663,4.534782,0,Bergschenhoek,NL
Rotterdam,Rotterdam_T2,02:00:00:90:bb:50,2026-08-13 21:21:48,24.0,51.971506,4.548025,0,Rotterdam,NL
Rotterdam,Rotterdam_T2,02:00:00:b5:af:36,2026-08-13 21:23:45,24.5,51.9659630844747,4.55859189999416,0,Rotterdam,NL
Rotterdam,Rotterdam_T2,02:00:00:34:08:04,2026-08-13 21:22:38,25.5,51.968827,4.568496,0,Rotterdam,NL
Rotterdam,Rotterdam_T2,02:00:00:a9:d2:8c,2026-08-13 21:25:23,26.4,51.9744304,4.58867879999997,0,Rotterdam,NL
Rotterdam,Rotterdam_T2,02:00:00:7f:ae:26,2026-08-13 21:22:32,27.3,51.9795989990234,4.58760023117065,0,Rotterdam,NL
Rotterdam,Rotterdam_T2,02:00:00:5f:42:fa,2026-08-13 21:26:10,27.1,51.97819,4.591346,0,Rotterdam,NL
Rotterdam,Rotterdam_T2,02:00:00:34:0b:82,2026-08-13 21:20:45,25.4,51.968129,4.614646,0,Zuidplas,NL
Rotterdam,Rotterdam_T2,02:00:00:a9:6a:c2,2026-08-13 21:29:26,25.2,51.9733238220215,4.61480712890625,0,Nieuwerkerk aan den IJssel,NL
Rotterdam,Rotterdam_T2,02:00:00:64:06:f4,2026-08-13 21:25:38,27.4,51.9716796875,4.61985063552856,0,Zuidplas,NL
Rotterdam,Rotterdam_T2,02:00:00:58:e8:9e,2026-08-13 21:24:34,25.9,51.974,4.622654,0,Zuidplas,NL
Rotterdam,Rotterdam_T2,02:00:00:a4:5b:fe,2026-08-13 21:24:07,25.0,51.969716,4.777652,0,Stolwijk,NL
Rotterdam,Rotterdam_T2,02:00:00:65:3b:ba,2026-08-13 21:23:21,26.8,51.991788,4.502828,0,Bergschenhoek,NL
Rotterdam,Rotterdam_T2,02:00:00:70:50:30,2026-08-13 21:30:23,26.2,51.994061,4.502311,0,Bergschenhoek,NL
Rotterdam,Rotterdam_T2,02:00:00:5e:f0:e0,2026-08-13 21:26:29,27.8,51.9937826355481,4.50664435703899,0,Bergschenhoek,NL
Rotterdam,Rotterdam_T2,02:00:00:02:8c:ea,2026-08-13 21:25:51,29.6,51.983132,4.581831,0,Rotterdam,NL
Rotterdam,Rotterdam_T2,02:00:00:2e:db:da,2026-08-13 21:28:00,25.4,51.983974,4.593346,0,Rotterdam,NL
Rotterdam,Rotterdam_T2,02:00:00:a4:42:3a,2026-08-13 21:23:51,26.1,51.988331,4.591991,0,Rotterdam,NL
Rotterdam,Rotterdam_T2,02:00:00:bd:d1:ea,2026-08-13 21:27:27,26.5,51.987328174681,4.65701222419739,0,Zuidplas,NL
Rotterdam,Rotterdam_T2,02:00:00:6b:41:d4,2026-08-13 21:28:35,27.0,51.98762,4.657338,0,Moordrecht,NL
Rotterdam,Rotterdam_T2,02:00:00:70:3b:14,2026-08-13 21:21:40,26.9,51.986498,4.665578,0,Moordrecht,NL
Rotterdam,Rotterdam_T2,02:00:00:2c:fe:70,2026-08-13 21:24:07,27.2,51.986725,4.670155,0,Zuidplas,NL
Rotterdam,Rotterdam_T2,02:00:00:9c:d9:52,2026-08-13 21:22:43,26.3,51.990328,4.669124,0,Moordrecht,NL
Rotterdam,Rotterdam_T2,02:00:00:3c:2d:48,2026-08-13 21:22:14,26.8,51.995835,4.50290500000009,0,Bergschenhoek,NL
Rotterdam,Rotterdam_T2,02:00:00:b9:1c:80,2026-08-13 21:27:55,28.7,51.9998264,4.5002523,0,Bergschenhoek,NL
Rotterdam,Rotterdam_T2,02:00:00:1f:44:ec,2026-08-13 21:20:41,28.1,52.006668,4.527489,0,Bleiswijk,NL
Rotterdam,Rotterdam_T2,02:00:00:36:92:fa,2026-08-13 21:25:45,26.9,52.0066446232641,4.54385520232486,0,Lansingerland,NL
Rotterdam,Rotterdam_T2,02:00:00:b9:1e:62,2026-08-13 21:24:51,27.6,52.008555,4.578151,0,Zevenhuizen,NL
Rotterdam,Rotterdam_T2,02:00:00:02:9c:3c,2026-08-13 21:24:23,24.9,52.004082,4.591186,0,Zevenhuizen,NL
Rotterdam,Rotterdam_T2,02:00:00:31:b1:ee,2026-08-13 21:27:25,27.2,52.0053634643555,4.67185115814209,0,Gouda,NL
Rotterdam,Rotterdam_T2,02:00:00:1c:81:14,2026-08-13 21:20:34,27.6,52.006253,4.676457,0,Gouda,NL
Rotterdam,Rotterdam_T2,02:00:00:65:0c:ea,2026-08-13 21:24:19,24.4,51.9963035768543,4.68214752149594,0,Moordrecht,NL
Rotterdam,Rotterdam_T2,02:00:00:c3:82:74,2026-08-13 21:24:02,26.6,52.0050621032715,4.69740343093872,0,Gouda,NL
Rotterdam,Rotterdam_T2,02:00:00:9c:fc:34,2026-08-13 21:20:49,26.9,52.006517,4.697587,0,Gouda,NL
Rotterdam,Rotterdam_T2,02:00:00:36:8e:42,2026-08-13 21:28:58,25.5,52.0073224100963,4.75079980474109,1,Gouda,NL
Rotterdam,Rotterdam_T2,02:00:00:bd:fd:30,2026-08-13 21:28:18,25.3,52.005627,4.752615,0,Gouda,NL
Rotterdam,Rotterdam_T2,02:00:00:c3:74:9e,2026-08-13 21:27:58,25.2,52.005673,4.753955,0,Gouda,NL
Rotterdam,Rotterdam_T2,02:00:00:2e:af:ec,2026-08-13 21:22:24,26.3,51.998085,4.775884,0,Haastrecht,NL
Rotterdam,Rotterdam_T2,02:00:00:74:4f:9a,2026-08-13 21:27:13,26.5,51.995649,4.777255,0,Haastrecht,NL
Rotterdam,Rotterdam_T2,02:00:00:01:d0:28,2026-08-13 21:30:04,26.6,52.0096,4.5349,0,Bleiswijk,NL
Rotterdam,Rotterdam_T2,02:00:00:27:69:00,2026-08-13 21:26:48,27.1,52.009366,4.5401691,0,Lansingerland,NL
Rotterdam,Rotterdam_T2,02:00:00:5f:2f:d6,2026-08-13 21:29:03,28.3,52.016412,4.540241,0,Bleiswijk,NL
Rotterdam,Rotterdam_T2,02:00:00:32:e0:86,2026-08-13 21:26:35,28.8,52.0115203857422,4.58011436462402,0,Zuidplas,NL
Rotterdam,Rotterdam_T2,02:00:00:a9:bb:04,2026-08-13 21:24:13,25.6,52.009836,4.596351,0,Zevenhuizen,NL
Rotterdam,Rotterdam_T2,02:00:00:02:df:22,2026-08-13 21:29:11,27.8,52.0099768804583,4.6926795618518,0,Gouda,NL
Rotterdam,Rotterdam_T2,02:00:00:a9:a1:cc,2026-08-13 21:22:47,26.8,52.0097808837891,4.69422388076782,0,Gouda,NL
Rotterdam,Rotterdam_T2,02:00:00:c3:9b:4c,2026-08-13 21:26:55,27.6,52.01994,4.696581,0,Gouda,NL
Rotterdam,Rotterdam_T2,02:00:00:53:2e:98,2026-08-13 21:25:29,27.5,52.012756,4.712701,1,Gouda,NL
Rotterdam,Rotterdam_T2,02:00:00:6b:8d:52,2026-08-13 21:24:37,25.8,52.015969,4.71499099999998,0,Gouda,NL
Rotterdam,Rotterdam_T2,02:00:00:9d:13:4a,2026-08-13 21:20:15,27.2,52.017379,4.715762,0,Gouda,NL
Rotterdam,Rotterdam_T2,02:00:00:63:06:c0,2026-08-13 21:27:49,25.3,52.013402,4.73985099999995,0,Gouda,NL
Rotterdam,Rotterdam_T2,02:00:00:b5:a6:64,2026-08-13 21:23:28,25.2,52.011536,4.750849,0,Gouda,NL
Rotterdam,Rotterdam_T2,02:00:00:9c:d8:7c,2026-08-13 21:22:41,24.9,52.0128973458094,4.7490119934082,0,Gouda,NL
Rotterdam,Rotterdam_T2,02:00:00:5f:34:26,2026-08-13 21:24:14,28.4,52.027057,4.500283,0,Berkel en Rodenrijs,NL
Rotterdam,Rotterdam_T2,02:00:00:1f:6b:70,2026-08-13 21:22:45,25.8,52.025452425129,4.53097119354237,0,Bleiswijk,NL
Rotterdam,Rotterdam_T2,02:00:00:bd:e3:d4,2026-08-13 21:21:41,24.7,52.027363,4.6115017,0,,NL
Rotterdam,Rotterdam_T2,02:00:00:3e:e6:86,2026-08-13 21:21:35,24.6,52.031473,4.63716199999994,0,Waddinxveen,NL
Rotterdam,Rotterdam_T2,02:00:00:a4:7a:ce,2026-08-13 21:27:40,24.5,52.02744,4.64476000000001,0,Waddinxveen,NL
Rotterdam,Rotterdam_T2,02:00:00:63:21:dc,2026-08-13 21:28:04,24.9,52.0359605024959,4.6485589000001,0,Waddinxveen,NL
Rotterdam,Rotterdam_T2,02:00:00:90:d2:dc,2026-08-13 21:24:36,26.7,52.024118,4.709983,0,Gouda,NL
Rotterdam,Rotterdam_T2,02:00:00:a4:27:b6,2026-08-13 21:24:25,26.4,52.031474,4.693968,0,Gouda,NL
Rotterdam,Rotterdam_T2,02:00:00:b5:a7:fe,2026-08-13 21:27:52,25.9,52.035136,4.703238,0,Gouda,NL
Rotterdam,Rotterdam_T2,02:00:00:2c:f2:f6,2026-08-13 21:28:51,25.3,52.0341813,4.76989989999997,0,Reeuwijk,NL
Rotterdam,Rotterdam_T2,02:00:00:9b:51:44,2026-08-13 21:23:11,25.3,52.0347719,4.77213269999993,-2,Reeuwijk,NL
Rotterdam,Rotterdam_T2,02:00:00:28:69:d6,2026-08-13 21:21:56,25.6,52.051635,4.54056,0,Zoetermeer,NL
Rotterdam,Rotterdam_T2,02:00:00:bd:d6:d4,2026-08-13 21:26:32,24.3,52.0429039001465,4.56850099563599,0,Moerkapelle,NL
Rotterdam,Rotterdam_T2,02:00:00:12:9c:b6,2026-08-13 21:27:39,25.5,52.047075,4.581155,0,Moerkapelle,NL
Rotterdam,Rotterdam_T2,02:00:00:6b:54:0e,2026-08-13 21:27:37,24.3,52.0469036,4.5818362,0,Zuidplas,NL
Rotterdam,Rotterdam_T2,02:00:00:a9:50:60,2026-08-13 21:22:17,26.0,52.0481010029608,4.58891205763108,0,Moerkapelle,NL
Rotterdam,Rotterdam_T2,02:00:00:63:42:d2,2026-08-13 21:20:37,25.4,52.04942,4.643239,0,Waddinxveen,NL
Rotterdam,Rotterdam_T2,02:00:00:7f:bc:e6,2026-08-13 21:27:57,27.9,52.0509292220829,4.64534578844905,0,Waddinxveen,NL
Rotterdam,Rotterdam_T2,02:00:00:05:51:ec,2026-08-13 21:23:44,29.5,52.041671,4.651849,0,Waddinxveen,NL
Rotterdam,Rotterdam_T2,02:00:00:12:d1:de,2026-08-13 21:27:12,27.1,52.0387736455856,4.71039086580277,0,Gouda,NL
Rotterdam,Rotterdam_T2,02:00:00:7f:b7:2e,2026-08-13 21:28:30,27.0,52.049067,4.721525,0,Reeuwijk,NL
Rotterdam,Rotterdam_T2,02:00:00:b0:96:c0,2026-08-13 21:21:41,26.7,52.046334,4.729393,0,Reeuwijk,NL
Rotterdam,Rotterdam_T2,02:00:00:02:5d:e0,2026-08-13 21:22:12,29.3,52.0632066192764,4.50779879272784,0,Zoetermeer,NL
Rotterdam,Rotterdam_T2,02:00:00:03:61:0c,2026-08-13 21:25:34,27.4,52.055621,4.513738,0,Zoetermeer,NL
Rotterdam,Rotterdam_T2,02:00:00:a4:4c:f6,2026-08-13 21:29:18,25.9,52.058921,4.51239,0,Zoetermeer,NL
Rotterdam,Rotterdam_T2,02:00:00:65:73:e2,2026-08-13 21:22:23,25.3,52.0525163699103,4.53838300704956,0,Zoetermeer,NL
Rotterdam,Rotterdam_T2,02:00:00:c2:8a:cc,2026-08-13 21:26:56,24.1,52.0567817687988,4.52878952026367,0,Zoetermeer,NL
Rotterdam,Rotterdam_T2,02:00:00:32:b4:ac,2026-08-13 21:29:08,26.3,52.06072,4.53268999999997,0,Zoetermeer,NL
Rotterdam,Rotterdam_T2,02:00:00:bd:fe:9e,2026-08-13 21:25:57,26.8,52.0654847,4.5471159,0,Zoetermeer,NL
Rotterdam,Rotterdam_T2,02:00:00:33:c1:9a,2026-08-13 21:25:36,27.4,52.0661990481085,4.54725722028999,0,Zoetermeer,NL
Rotterdam,Rotterdam_T2,02:00:00:03:5d:56,2026-08-13 21:26:58,27.5,52.059434,4.549038,0,Zoetermeer,NL
Rotterdam,Rotterdam_T2,02:00:00:3b:e2:3c,2026-08-13 21:12:47,25.5,52.065163,4.6415434,0,Boskoop,NL
Rotterdam,Rotterdam_T2,02:00:00:37:22:e6,2026-08-13 21:22:32,26.1,52.05424,4.654806,0,Waddinxveen,NL
Rotterdam,Rotterdam_T2,02:00:00:53:4c:30,2026-08-13 21:28:00,26.7,52.067288,4.503179,0,Zoetermeer,NL
Rotterdam,Rotterdam_T2,02:00:00:7f:c3:e4,2026-08-13 21:22:21,24.3,52.069017,4.512417,0,Zoetermeer,NL
Rotterdam,Rotterdam_T2,02:00:00:b2:c2:38,2026-08-13 21:29:18,26.0,52.072649,4.514713,0,Zoetermeer,NL
Rotterdam,Rotterdam_T2,02:00:00:31:d4:1e,2026-08-13 21:22:32,24.8,52.0712708307598,4.52524668339561,0,Zoetermeer,NL
Rotterdam,Rotterdam_T2,02:00:00:84:8e:ae,2026-08-13 21:24:45,24.9,52.074368,4.5254664,0,Zoetermeer,NL
Rotterdam,Rotterdam_T2,02:00:00:83:b0:90,2026-08-13 21:20:16,28.0,52.067223,4.540446,0,Zoetermeer,NL
Rotterdam,Rotterdam_T2,02:00:00:c2:84:b0,2026-08-13 21:23:42,25.7,52.077968,4.554994,0,Benthuizen,NL
Rotterdam,Rotterdam_T2,02:00:00:a4:5c:8c,2026-08-13 21:20:24,24.3,52.077966,4.634319,0,Boskoop,NL
Rotterdam,Rotterdam_T2,02:00:00:9d:24:ac,2026-08-13 21:25:29,25.6,52.071222,4.654495,0,Boskoop,NL
Rotterdam,Rotterdam_T2,02:00:00:13:26:f8,2026-08-13 20:39:56,27.4,52.077742,4.648628,0,Boskoop,NL
Rotterdam,Rotterdam_T2,02:00:00:58:eb:b4,2026-08-13 21:26:48,27.4,52.078497,4.647538,0,Boskoop,NL
Rotterdam,Rotterdam_T2,02:00:00:01:97:de,2026-08-13 21:23:10,29.3,52.075744200514,4.66876566410065,0,Boskoop,NL
Rotterdam,Rotterdam_T2,02:00:00:83:fc:34,2026-08-13 21:30:24,26.4,52.068561,4.737938,0,Bodegraven,NL
Rotterdam,Rotterdam_T2,02:00:00:65:26:5a,2026-08-13 21:20:49,25.1,52.07953,4.741261,1,Bodegraven-Reeuwijk,NL
Rotterdam,Rotterdam_T2,02:00:00:14:6b:1c,2026-08-13 21:23:16,25.6,52.0701836,4.7547272,0,Bodegraven,NL
Rotterdam,Rotterdam_T2,02:00:00:90:a4:f6,2026-08-13 21:21:16,26.4,52.076245,4.762831,0,Bodegraven,NL
Rotterdam,Rotterdam_T2,02:00:00:05:5e:c8,2026-08-13 21:23:20,27.2,52.093931,4.58023799999999,0,Hazerswoude-Dorp,NL
Rotterdam,Rotterdam_T2,02:00:00:65:62:ec,2026-08-13 21:23:29,25.2,52.094814,4.592195,0,Alphen aan den Rijn,NL
Rotterdam,Rotterdam_T2,02:00:00:c3:d1:8e,2026-08-13 21:27:57,26.4,52.081401,4.74397,0,Bodegraven,NL
Rotterdam,Rotterdam_T2,02:00:00:3d:21:b2,2026-08-13 21:30:08,25.2,52.0849802,4.7530235,1,Bodegraven,NL
Rotterdam,Rotterdam_T2,02:00:00:52:f3:dc,2026-08-13 21:29:17,25.9,52.0846323547526,4.75519414437641,0,Bodegraven,NL
Rotterdam,Rotterdam_T2,02:00:00:02:93:84,2026-08-13 21:29:37,25.2,52.1065561,4.72730620000004,2,Zwammerdam,NL
Rotterdam,Rotterdam_T2,02:00:00:b9:15:1e,2026-08-13 21:24:12,25.4,52.107336,4.728494,0,Zwammerdam,NL
Rotterdam,Rotterdam_T2,02:00:00:b5:10:00,2026-08-13 21:21:46,27.5,52.113394,4.643815,0,Alphen aan den Rijn,NL
Rotterdam,Rotterdam_T2,02:00:00:b9:53:6c,2026-08-13 21:24:18,27.4,52.118332,4.646001,0,Alphen aan den Rijn,NL
Rotterdam,Rotterdam_T2,02:00:00:53:5c:44,2026-08-13 21:24:21,26.3,52.1107750394495,4.6515585373854,0,Alphen aan den Rijn,NL
Rotterdam,Rotterdam_T2,02:00:00:3f:15:be,2026-08-13 21:20:40,25.7,52.1287078622217,4.58709000000001,0,Hazerswoude-Rijndijk,NL
Rotterdam,Rotterdam_T2,02:00:00:28:b5:10,2026-08-13 21:30:26,28.4,52.131385,4.591423,0,Hazerswoude-Rijndijk,NL
Rotterdam,Rotterdam_T2,02:00:00:90:b0:c2,2026-08-13 21:20:47,27.6,52.129492,4.597735,0,Hazerswoude-Rijndijk,NL
Rotterdam,Rotterdam_T2,02:00:00:53:21:ae,2026-08-13 21:23:36,28.1,52.130777,4.606432,1,Koudekerk aan den Rijn,NL
Rotterdam,Rotterdam_T2,02:00:00:37:28:62,2026-08-13 21:28:28,26.2,52.1297193981244,4.65222171507776,0,Alphen aan den Rijn,NL
Rotterdam,Rotterdam_T2,02:00:00:6b:4b:3a,2026-08-13 21:24:51,27.0,52.1320819895829,4.64971125125885,0,Alphen aan den Rijn,NL
Rotterdam,Rotterdam_T2,02:00:00:9c:f8:96,2026-08-13 21:22:37,27.0,52.133517,4.650877,0,Alphen aan den Rijn,NL
Rotterdam,Rotterdam_T2,02:00:00:84:04:58,2026-08-13 21:30:09,27.4,52.1262489,4.6650439,1,Alphen aan den Rijn,NL
Rotterdam,Rotterdam_T2,02:00:00:74:38:e4,2026-08-13 21:29:15,26.5,52.130098,4.66785,1,Alphen aan den Rijn,NL
Rotterdam,Rotterdam_T2,02:00:00:b2:ad:62,2026-08-13 21:27:50,27.5,52.13117,4.66671000000003,2,Alphen aan den Rijn,NL
Rotterdam,Rotterdam_T2,02:00:00:c2:34:94,2026-08-13 21:20:38,28.6,51.799317,4.558534,0,Puttershoek,NL
Rotterdam,Rotterdam_T2,02:00:00:05:86:20,2026-08-13 21:30:30,29.5,51.803765,4.562099,0,Puttershoek,NL
Rotterdam,Rotterdam_T2,02:00:00:12:80:42,2026-08-13 21:20:21,27.9,51.8035,4.5663,1,Puttershoek,NL
Rotterdam,Rotterdam_T2,02:00:00:bd:01:b0,2026-08-13 21:20:32,26.4,51.800308,4.578861,0,Puttershoek,NL
Rotterdam,Rotterdam_T2,02:00:00:70:37:fe,2026-08-13 21:24:26,28.7,51.801144,4.652298,1,Dordrecht,NL
Rotterdam,Rotterdam_T2,02:00:00:c3:74:de,2026-08-13 21:25:45,27.5,51.79714,4.65988000000005,1,Dordrecht,NL
Rotterdam,Rotterdam_T2,02:00:00:12:cf:60,2026-08-13 21:23:55,29.6,51.798983,4.666386,0,Dordrecht,NL
Rotterdam,Rotterdam_T2,02:00:00:01:82:34,2026-08-13 21:23:28,26.6,51.801489,4.666023,0,Dordrecht,NL
Rotterdam,Rotterdam_T2,02:00:00:65:55:2c,2026-08-13 21:30:23,26.6,51.804122,4.669069,0,Dordrecht,NL
Rotterdam,Rotterdam_T2,02:00:00:a2:59:34,2026-08-13 21:23:48,25.8,51.794101,4.694167,0,Dordrecht,NL
Rotterdam,Rotterdam_T2,02:00:00:02:e6:40,2026-08-13 21:27:20,29.5,51.794481,4.702242,0,Dordrecht,NL
Rotterdam,Rotterdam_T2,02:00:00:05:ff:a0,2026-08-13 21:22:46,28.3,51.7949564,4.70649070000002,0,Dordrecht,NL
Rotterdam,Rotterdam_T2,02:00:00:73:c3:6a,2026-08-13 21:28:28,26.7,51.800587,4.721628,0,Dordrecht,NL
Rotterdam,Rotterdam_T2,02:00:00:2e:98:c2,2026-08-13 21:28:40,27.1,51.8027000427246,4.72160005569458,0,Dordrecht,NL
Rotterdam,Rotterdam_T2,02:00:00:ab:e3:7e,2026-08-13 21:23:44,26.5,51.7951201232099,4.73186731338501,1,Dordrecht,NL
Rotterdam,Rotterdam_T2,02:00:00:83:fd:8e,2026-08-13 21:21:47,26.6,51.8074509,4.57323399999998,0,Puttershoek,NL
Rotterdam,Rotterdam_T2,02:00:00:65:02:1c,2026-08-13 21:23:05,26.5,51.815606,4.596438,0,Zwijndrecht,NL
Rotterdam,Rotterdam_T2,02:00:00:03:5d:90,2026-08-13 21:20:51,27.8,51.8145148947276,4.61673617362976,0,Zwijndrecht,NL
Rotterdam,Rotterdam_T2,02:00:00:a4:87:ca,2026-08-13 21:21:56,26.2,51.8068809509277,4.63342380523682,1,Zwijndrecht,NL
Rotterdam,Rotterdam_T2,02:00:00:06:79:9e,2026-08-13 21:27:57,26.6,51.8092263212837,4.63623495422598,0,Zwijndrecht,NL
Rotterdam,Rotterdam_T2,02:00:00:c3:73:86,2026-08-13 21:28:12,28.5,51.8150071,4.6373981,0,Zwijndrecht,NL
Rotterdam,Rotterdam_T2,02:00:00:2d:0a:22,2026-08-13 21:22:48,28.0,51.820895,4.643838,0,Zwijndrecht,NL
Rotterdam,Rotterdam_T2,02:00:00:05:5b:2a,2026-08-13 21:22:19,28.2,51.820512,4.646394,1,Zwijndrecht,NL
Rotterdam,Rotterdam_T2,02:00:00:7f:a4:62,2026-08-13 21:21:39,28.3,51.819806,4.652466,0,Zwijndrecht,NL
Rotterdam,Rotterdam_T2,02:00:00:90:71:d0,2026-08-13 21:20:52,28.0,51.8089773,4.6692312,1,Dordrecht,NL
Rotterdam,Rotterdam_T2,02:00:00:2b:45:d6,2026-08-13 21:23:12,29.3,51.8089773,4.6692312,1,Dordrecht,NL
Rotterdam,Rotterdam_T2,02:00:00:53:19:f2,2026-08-13 21:23:56,28.0,51.81028,4.67508,2,Dordrecht,NL
Rotterdam,Rotterdam_T2,02:00:00:02:f9:c0,2026-08-13 21:26:02,27.5,51.8075686,4.68831999999998,2,Dordrecht,NL
Rotterdam,Rotterdam_T2,02:00:00:33:e7:ec,2026-08-13 21:22:17,28.5,51.8094,4.6923,0,Dordrecht,NL
Rotterdam,Rotterdam_T2,02:00:00:b5:47:56,2026-08-13 21:29:30,30.7,51.818188,4.696665,0,Dordrecht,NL
Rotterdam,Rotterdam_T2,02:00:00:74:52:96,2026-08-13 21:26:06,26.2,51.808978,4.712347,1,Dordrecht,NL
Rotterdam,Rotterdam_T2,02:00:00:73:e7:5e,2026-08-13 21:28:37,27.6,51.812169,4.721084,3,Dordrecht,NL
Rotterdam,Rotterdam_T2,02:00:00:5f:2b:2a,2026-08-13 21:24:58,27.9,51.820938,4.776139,0,Sliedrecht,NL
Rotterdam,Rotterdam_T2,02:00:00:03:08:c4,2026-08-13 21:24:15,28.3,51.8260290881141,4.63469352136255,0,Zwijndrecht,NL
Rotterdam,Rotterdam_T2,02:00:00:b5:04:f6,2026-08-13 21:21:48,27.3,51.83483,4.63553300000004,0,Hendrik-Ido-Ambacht,NL
Rotterdam,Rotterdam_T2,02:00:00:2c:8b:68,2026-08-13 21:27:24,26.2,51.8317451477051,4.63917684555054,0,Hendrik-Ido-Ambacht,NL
Rotterdam,Rotterdam_T2,02:00:00:ab:be:ca,2026-08-13 21:27:06,27.3,51.831313,4.650972,0,Hendrik-Ido-Ambacht,NL
Rotterdam,Rotterdam_T2,02:00:00:90:5e:02,2026-08-13 21:29:34,25.7,51.8328687987182,4.65461719960314,0,Hendrik-Ido-Ambacht,NL
Rotterdam,Rotterdam_T2,02:00:00:2c:c3:12,2026-08-13 21:21:55,25.8,51.828955,4.655517,0,Zwijndrecht,NL
Rotterdam,Rotterdam_T2,02:00:00:02:f8:d2,2026-08-13 21:29:48,26.7,51.830784,4.693737,0,Papendrecht,NL
Rotterdam,Rotterdam_T2,02:00:00:05:3a:d4,2026-08-13 21:26:20,27.0,51.835116,4.699154,0,Papendrecht,NL
Rotterdam,Rotterdam_T2,02:00:00:2a:d6:62,2026-08-13 21:28:40,27.9,51.827127,4.710107,0,Papendrecht,NL
Rotterdam,Rotterdam_T2,02:00:00:01:6c:ba,2026-08-13 21:28:25,27.0,51.832822,4.716019,0,Papendrecht,NL
Rotterdam,Rotterdam_T2,02:00:00:a4:2f:a0,2026-08-13 21:27:14,27.7,51.834282,4.725904,0,Papendrecht,NL
Rotterdam,Rotterdam_T2,02:00:00:7a:f4:24,2026-08-13 21:24:47,28.5,51.83135,4.73932,0,Sliedrecht,NL
Rotterdam,Rotterdam_T2,02:00:00:90:63:78,2026-08-13 21:23:03,26.0,51.829632,4.741648,0,Sliedrecht,NL
Rotterdam,Rotterdam_T2,02:00:00:2e:a2:60,2026-08-13 21:29:07,26.5,51.823319,4.769529,2,Sliedrecht,NL
Rotterdam,Rotterdam_T2,02:00:00:2b:47:3a,2026-08-13 21:24:15,27.3,51.8462791442871,4.50497102737427,0,Barendrecht,NL
Rotterdam,Rotterdam_T2,02:00:00:9c:e3:aa,2026-08-13 21:22:10,24.9,51.84917,4.527803,0,Barendrecht,NL
Rotterdam,Rotterdam_T2,02:00:00:c3:9b:62,2026-08-13 21:22:19,27.0,51.849767,4.528578,0,Barendrecht,NL
Rotterdam,Rotterdam_T2,02:00:00:13:6d:1e,2026-08-13 21:23:32,26.9,51.8457068299844,4.53018609416509,0,Barendrecht,NL
Rotterdam,Rotterdam_T2,02:00:00:bd:ca:ee,2026-08-13 21:21:02,25.3,51.837578,4.56538,0,Zwijndrecht,NL
Rotterdam,Rotterdam_T2,02:00:00:53:51:ca,2026-08-13 21:27:03,27.7,51.8461,4.6222,0,Hendrik-Ido-Ambacht,NL
Rotterdam,Rotterdam_T2,02:00:00:a4:32:cc,2026-08-13 21:25:26,25.5,51.837101,4.62578,0,Hendrik-Ido-Ambacht,NL
Rotterdam,Rotterdam_T2,02:00:00:65:6a:3c,2026-08-13 21:23:40,27.5,51.8427678236949,4.62538361549378,0,Hendrik-Ido-Ambacht,NL
Rotterdam,Rotterdam_T2,02:00:00:bd:fd:d2,2026-08-13 21:21:01,28.1,51.8412863280112,4.64518904685974,0,Hendrik-Ido-Ambacht,NL
Rotterdam,Rotterdam_T2,02:00:00:1e:2a:48,2026-08-13 21:22:20,27.5,51.846038,4.644288,0,Hendrik-Ido-Ambacht,NL
Rotterdam,Rotterdam_T2,02:00:00:70:1d:3c,2026-08-13 21:29:04,26.9,51.8370724059415,4.64836530243054,0,Hendrik-Ido-Ambacht,NL
Rotterdam,Rotterdam_T2,02:00:00:13:43:fc,2026-08-13 21:28:57,24.6,51.838594,4.687114,0,Papendrecht,NL
Rotterdam,Rotterdam_T2,02:00:00:05:4f:b4,2026-08-13 21:29:30,25.6,51.837783,4.6947,0,Papendrecht,NL
Rotterdam,Rotterdam_T2,02:00:00:5f:4f:d4,2026-08-13 21:28:33,24.9,51.839607,4.695527,0,Papendrecht,NL
Rotterdam,Rotterdam_T2,02:00:00:33:32:9a,2026-08-13 21:22:40,26.3,51.8386649189369,4.70049373344232,0,Papendrecht,NL
Rotterdam,Rotterdam_T2,02:00:00:58:d4:88,2026-08-13 21:29:45,26.1,51.845867,4.767669,0,Wijngaarden,NL
Rotterdam,Rotterdam_T2,02:00:00:b5:35:2e,2026-08-13 21:22:27,27.8,51.850944519043,4.50105762481689,0,Barendrecht,NL
Rotterdam,Rotterdam_T2,02:00:00:2c:a8:f4,2026-08-13 21:22:33,26.6,51.8550282,4.50185869999996,1,Barendrecht,NL
Rotterdam,Rotterdam_T2,02:00:00:bd:e3:60,2026-08-13 21:22:07,26.3,51.850858,4.506823,0,Barendrecht,NL
Rotterdam,Rotterdam_T2,02:00:00:a4:78:e8,2026-08-13 21:27:41,26.2,51.850333,4.540042,2,Barendrecht,NL
Rotterdam,Rotterdam_T2,02:00:00:12:da:32,2026-08-13 21:22:51,28.8,51.852342,4.53911900000002,0,Barendrecht,NL
Rotterdam,Rotterdam_T2,02:00:00:2b:53:10,2026-08-13 21:30:05,27.1,51.8507,4.5433,1,Barendrecht,NL
Rotterdam,Rotterdam_T2,02:00:00:b2:c8:82,2026-08-13 21:28:28,25.3,51.851793,4.551932,0,Barendrecht,NL
Rotterdam,Rotterdam_T2,02:00:00:70:48:58,2026-08-13 21:21:30,29.3,51.8629,4.6191,0,Ridderkerk,NL
Rotterdam,Rotterdam_T2,02:00:00:1e:20:3a,2026-08-13 21:29:18,28.4,51.863885,4.618079,2,Ridderkerk,NL
Rotterdam,Rotterdam_T2,02:00:00:65:5f:5e,2026-08-13 21:26:22,28.5,51.861743,4.626069,0,Ridderkerk,NL
Rotterdam,Rotterdam_T2,02:00:00:74:08:42,2026-08-13 21:20:30,25.2,51.8638061815087,4.66653974298046,0,Alblasserdam,NL
Rotterdam,Rotterdam_T2,02:00:00:9d:2a:ae,2026-08-13 21:30:10,27.5,51.8615989685059,4.67215013504028,0,Alblasserdam,NL
Rotterdam,Rotterdam_T2,02:00:00:32:df:04,2026-08-13 21:23:48,27.2,51.863296,4.674894,0,Alblasserdam,NL
Rotterdam,Rotterdam_T2,02:00:00:52:df:62,2026-08-13 21:22:33,28.4,51.873433,4.51783,0,Rotterdam,NL
Rotterdam,Rotterdam_T2,02:00:00:a2:2b:36,2026-08-13 21:25:29,22.9,51.869744,4.528011,0,Rotterdam,NL
Rotterdam,Rotterdam_T2,02:00:00:5e:ff:d4,2026-08-13 21:20:39,26.7,51.8771436,4.5560899,0,Rotterdam,NL
Rotterdam,Rotterdam_T2,02:00:00:1c:85:22,2026-08-13 21:24:02,28.3,51.870378,4.58902600000004,0,Ridderkerk,NL
Rotterdam,Rotterdam_T2,02:00:00:00:63:40,2026-08-13 21:27:40,27.7,51.8693408421565,4.5906463265419,0,Ridderkerk,NL
Rotterdam,Rotterdam_T2,02:00:00:7f:aa:16,2026-08-13 21:23:15,28.8,51.86648,4.60157,1,Ridderkerk,NL
Rotterdam,Rotterdam_T2,02:00:00:2b:1a:52,2026-08-13 21:30:08,27.8,51.867130128204,4.61134004556698,0,Ridderkerk,NL
Rotterdam,Rotterdam_T2,02:00:00:1e:29:ba,2026-08-13 21:29:54,26.7,51.8652853599595,4.62251235910136,0,Ridderkerk,NL
Rotterdam,Rotterdam_T2,02:00:00:37:16:28,2026-08-13 21:25:19,25.5,51.872911,4.635849,2,Alblasserdam,NL
Rotterdam,Rotterdam_T2,02:00:00:a4:67:54,2026-08-13 21:28:54,26.9,51.8689765781368,4.65696570119653,0,Alblasserdam,NL
Rotterdam,Rotterdam_T2,02:00:00:a9:93:ca,2026-08-13 21:29:33,28.2,51.8696937561035,4.65859460830688,0,Alblasserdam,NL
Rotterdam,Rotterdam_T2,02:00:00:1e:29:cc,2026-08-13 21:27:41,24.7,51.86924,4.6605825,0,Alblasserdam,NL
Rotterdam,Rotterdam_T2,02:00:00:9d:2a:32,2026-08-13 21:22:24,26.3,51.869708,4.664244,0,Alblasserdam,NL
Rotterdam,Rotterdam_T2,02:00:00:9c:d9:88,2026-08-13 21:23:41,26.9,51.865708,4.672487,0,Alblasserdam,NL
Rotterdam,Rotterdam_T2,02:00:00:a4:89:38,2026-08-13 21:28:30,28.7,51.8930892944336,4.50360250473022,0,Rotterdam,NL
Rotterdam,Rotterdam_T2,02:00:00:c2:2f:c0,2026-08-13 21:30:02,26.9,51.889758,4.545007,1,Rotterdam,NL
Rotterdam,Rotterdam_T2,02:00:00:8d:e1:c2,2026-08-13 21:24:56,29.1,51.8884899381623,4.54850133742931,0,Rotterdam,NL
Rotterdam,Rotterdam_T2,02:00:00:84:0b:be,2026-08-13 21:29:00,25.1,51.889212,4.579173,0,Ridderkerk,NL
Rotterdam,Rotterdam_T2,02:00:00:58:db:7c,2026-08-13 21:22:40,27.8,51.890317,4.584484,0,Ridderkerk,NL
Rotterdam,Rotterdam_T2,02:00:00:a4:31:1c,2026-08-13 21:27:38,25.2,51.879825592041,4.59871816635132,0,Ridderkerk,NL
Rotterdam,Rotterdam_T2,02:00:00:73:c7:46,2026-08-13 21:24:47,26.4,51.8810577392578,4.62089109420776,2,Ridderkerk,NL
Rotterdam,Rotterdam_T2,02:00:00:b5:1e:34,2026-08-13 21:28:51,25.4,51.8856163024902,4.63144016265869,0,Kinderdijk,NL
Rotterdam,Rotterdam_T2,02:00:00:52:d7:a6,2026-08-13 21:26:15,24.9,51.8914709229222,4.62865591049194,1,Krimpenerwaard,NL
Rotterdam,Rotterdam_T2,02:00:00:2e:ef:ca,2026-08-13 21:26:18,27.0,51.884896,4.675329,0,Nieuw-Lekkerland,NL
Rotterdam,Rotterdam_T2,02:00:00:6b:33:b2,2026-08-13 21:25:38,27.7,51.88994,4.6878767,1,Nieuw-Lekkerland,NL
Rotterdam,Rotterdam_T2,02:00:00:bd:03:12,2026-08-13 21:29:09,24.5,51.883711,4.713311,0,Nieuw-Lekkerland,NL
Rotterdam,Rotterdam_T2,02:00:00:b5:52:44,2026-08-13 21:25:55,28.7,51.897498,4.521842,3,Rotterdam,NL
Rotterdam,Rotterdam_T2,02:00:00:90:7f:7a,2026-08-13 21:21:55,27.6,51.898163,4.583361,2,Ridderkerk,NL
Rotterdam,Rotterdam_T2,02:00:00:a4:1d:76,2026-08-13 21:22:29,28.7,51.8956518077123,4.58617498801652,2,Ridderkerk,NL
Rotterdam,Rotterdam_T2,02:00:00:04:a2:ee,2026-08-13 21:28:57,26.4,51.89378,4.63195999999998,0,Krimpen aan de Lek,NL
Rotterdam,Rotterdam_T2,02:00:00:02:d1:3e,2026-08-13 21:27:54,26.0,51.8949535894151,4.63425776535564,5,Krimpenerwaard,NL
Rotterdam,Rotterdam_T2,02:00:00:b5:a5:ea,2026-08-13 21:26:08,26.5,51.8983399335402,4.74583000299793,0,Molenlanden,NL
Rotterdam,Rotterdam_T2,02:00:00:90:f8:1a,2026-08-13 21:27:14,24.7,51.90005,4.74020999999998,0,Streefkerk,NL
Rotterdam,Rotterdam_T2,02:00:00:70:58:6c,2026-08-13 21:21:44,24.6,51.898848,4.7463,0,Streefkerk,NL
Rotterdam,Rotterdam_T2,02:00:00:31:b2:be,2026-08-13 21:22:59,28.1,51.912961,4.502522,0,Rotterdam,NL
Rotterdam,Rotterdam_T2,02:00:00:00:e9:aa,2026-08-13 21:25:53,29.5,51.916282,4.516513,16,Rotterdam,NL
Rotterdam,Rotterdam_T2,02:00:00:b0:95:16,2026-08-13 21:21:56,27.7,51.921886,4.50751,6,Rotterdam,NL
Rotterdam,Rotterdam_T2,02:00:00:70:3e:4c,2026-08-13 21:25:26,30.7,51.918575,4.553104,0,Capelle aan den IJssel,NL
Rotterdam,Rotterdam_T2,02:00:00:bd:0d:c0,2026-08-13 21:24:20,28.4,51.912598,4.5591,0,Capelle aan den IJssel,NL
Rotterdam,Rotterdam_T2,02:00:00:52:cb:e6,2026-08-13 21:28:52,30.0,51.9176414235296,4.55918770730171,2,Capelle aan den IJssel,NL
Rotterdam,Rotterdam_T2,02:00:00:9d:13:30,2026-08-13 21:28:02,25.6,51.919235,4.57162120000004,0,Capelle aan den IJssel,NL
Rotterdam,Rotterdam_T2,02:00:00:6b:2a:74,2026-08-13 21:26:40,25.8,51.910033,4.590531,0,Krimpen aan den IJssel,NL
Rotterdam,Rotterdam_T2,02:00:00:74:33:ba,2026-08-13 21:22:29,26.0,51.917253,4.581886,2,Krimpen aan den IJssel,NL
Rotterdam,Rotterdam_T2,02:00:00:af:7d:d6,2026-08-13 21:25:31,25.4,51.910542,4.610582,0,Krimpen aan den IJssel,NL
Rotterdam,Rotterdam_T2,02:00:00:63:44:d2,2026-08-13 21:22:16,25.1,51.91956969428,4.6570497751236,0,Ouderkerk aan den IJssel,NL
Rotterdam,Rotterdam_T2,02:00:00:34:04:94,2026-08-13 21:25:48,23.1,51.9094901,4.68375689999993,0,Krimpenerwaard,NL
Rotterdam,Rotterdam_T2,02:00:00:02:80:d0,2026-08-13 21:23:44,30.5,51.930263,4.547694,0,Rotterdam,NL
Rotterdam,Rotterdam_T2,02:00:00:c3:80:a6,2026-08-13 21:25:12,27.6,51.931264,4.550389,0,Rotterdam,NL
Rotterdam,Rotterdam_T2,02:00:00:3c:00:22,2026-08-13 21:25:54,26.4,51.93424,4.553542,0,Rotterdam,NL
Rotterdam,Rotterdam_T2,02:00:00:bd:1a:90,2026-08-13 21:20:55,27.6,51.9268074035645,4.57429313659668,1,Capelle aan den IJssel,NL
Rotterdam,Rotterdam_T2,02:00:00:2f:0c:10,2026-08-13 21:27:16,27.2,51.9344479606926,4.59018536167076,0,Capelle aan den IJssel,NL
Rotterdam,Rotterdam_T2,02:00:00:63:42:f8,2026-08-13 21:20:51,30.0,51.9293733342703,4.59409007318868,0,Capelle aan den IJssel,NL
Rotterdam,Rotterdam_T2,02:00:00:1e:01:bc,2026-08-13 21:19:55,25.2,51.932337,4.606086,0,Capelle aan den IJssel,NL
Rotterdam,Rotterdam_T2,02:00:00:83:d0:98,2026-08-13 21:24:04,27.1,51.929055,4.61168,0,Capelle aan den IJssel,NL
Rotterdam,Rotterdam_T2,02:00:00:5f:3b:64,2026-08-13 21:27:21,22.8,51.934994,4.73829,0,Krimpenerwaard,NL
Rotterdam,Rotterdam_T2,02:00:00:27:89:3a,2026-08-13 21:21:21,26.4,51.949039,4.503576,0,Rotterdam,NL
Rotterdam,Rotterdam_T2,02:00:00:01:28:b8,2026-08-13 21:28:12,24.0,51.9411495701722,4.56710300000004,0,Capelle aan den IJssel,NL
Rotterdam,Rotterdam_T2,02:00:00:bd:c2:20,2026-08-13 21:23:30,25.0,51.949393,4.572462,0,Capelle aan den IJssel,NL
Rotterdam,Rotterdam_T2,02:00:00:7f:8e:30,2026-08-13 21:21:04,25.4,51.94716,4.577374,0,Capelle aan den IJssel,NL
Rotterdam,Rotterdam_T2,02:00:00:36:d9:ea,2026-08-13 21:27:51,24.4,51.937104,4.611066,0,Capelle aan den IJssel,NL
Rotterdam,Rotterdam_T2,02:00:00:33:f1:dc,2026-08-13 21:27:40,25.8,51.937788,4.6366892,1,Krimpenerwaard,NL
Rotterdam,Rotterdam_T2,02:00:00:73:ee:82,2026-08-13 21:26:08,24.8,51.943974,4.7075996,0,Krimpenerwaard,NL
Rotterdam,Rotterdam_T2,02:00:00:90:c6:f6,2026-08-13 21:27:40,27.0,51.9442388535085,4.70877000000014,0,Berkenwoude,NL
Rotterdam,Rotterdam_T2,02:00:00:03:a2:42,2026-08-13 21:26:06,26.2,51.959495,4.500036,0,Rotterdam,NL
Rotterdam,Rotterdam_T2,02:00:00:13:85:7e,2026-08-13 21:28:58,25.4,51.956141511216,4.50468333618164,0,Rotterdam,NL
Rotterdam,Rotterdam_T2,02:00:00:27:94:a4,2026-08-13 21:25:34,27.2,51.952491,4.51569,0,Rotterdam,NL
Rotterdam,Rotterdam_T2,02:00:00:2f:0f:2e,2026-08-13 21:23:16,27.7,51.9536204,4.5346555,0,Rotterdam,NL
Rotterdam,Rotterdam_T2,02:00:00:a9:a6:c2,2026-08-13 21:21:26,26.2,51.9637222290039,4.52992153167725,0,Rotterdam,NL
Rotterdam,Rotterdam_T2,02:00:00:bc:ab:08,2026-08-13 21:24:53,26.9,51.955691,4.5518,0,Rotterdam,NL
Rotterdam,Rotterdam_T2,02:00:00:2e:a5:98,2026-08-13 21:29:45,26.4,51.964966611571,4.57781134581205,0,Rotterdam,NL
Rotterdam,Rotterdam_T2,02:00:00:13:43:b2,2026-08-13 21:20:48,28.6,51.9569458952657,4.58524636924699,0,Capelle aan den IJssel,NL
Rotterdam,Rotterdam_T2,02:00:00:3d:14:fc,2026-08-13 21:22:20,26.9,51.955158,4.5867,0,Capelle aan den IJssel,NL
Rotterdam,Rotterdam_T2,02:00:00:52:e9:96,2026-08-13 21:24:07,28.4,51.9518241882324,4.59466314315796,0,Capelle aan den IJssel,NL
Rotterdam,Rotterdam_T2,02:00:00:1b:2e:28,2026-08-13 21:27:26,26.7,51.951768,4.597816,0,Capelle aan den IJssel,NL
Rotterdam,Rotterdam_T2,02:00:00:c2:37:e4,2026-08-13 21:26:10,27.2,51.964299,4.598212,0,Nieuwerkerk aan den IJssel,NL
Rotterdam,Rotterdam_T3,02:00:00:63:1a:22,2026-08-13 21:20:57,23.5,51.6236701089152,4.34694113409063,0,Steenbergen,NL
Rotterdam,Rotterdam_T3,02:00:00:c6:2c:46,2026-08-13 21:24:00,28.2,51.631416,4.372295,0,Dinteloord,NL
Rotterdam,Rotterdam_T3,02:00:00:20:b9:22,2026-08-13 21:29:28,28.3,51.6701335,4.4339254,0,Moerdijk,NL
Rotterdam,Rotterdam_T3,02:00:00:9c:dc:78,2026-08-13 21:28:18,32.7,51.688968,4.220192,0,Oude-Tonge,NL
Rotterdam,Rotterdam_T3,02:00:00:03:c6:e6,2026-08-13 21:25:37,25.6,51.67676,4.280786,1,Achthuizen,NL
Rotterdam,Rotterdam_T3,02:00:00:00:c0:58,2026-08-13 21:21:23,28.1,51.6819045,4.34173109999998,0,Ooltgensplaat,NL
Rotterdam,Rotterdam_T3,02:00:00:b4:fb:38,2026-08-13 21:27:28,29.1,51.681307,4.348927,0,Ooltgensplaat,NL
Rotterdam,Rotterdam_T3,02:00:00:b5:8b:d6,2026-08-13 21:18:46,28.4,51.6838863515784,4.44104789634028,0,Moerdijk,NL
Rotterdam,Rotterdam_T3,02:00:00:9c:f8:e2,2026-08-13 21:24:25,26.0,51.68679,4.445939,0,Helwijk,NL
Rotterdam,Rotterdam_T3,02:00:00:a9:e2:48,2026-08-13 21:22:08,25.6,51.701777,4.25903699999997,0,Den Bommel,NL
Rotterdam,Rotterdam_T3,02:00:00:7a:f8:86,2026-08-13 21:20:46,26.7,51.715689,4.281123,0,Den Bommel,NL
Rotterdam,Rotterdam_T3,02:00:00:a4:47:94,2026-08-13 21:26:16,25.4,51.728052,4.43449,0,Numansdorp,NL
Rotterdam,Rotterdam_T3,02:00:00:84:04:a0,2026-08-13 21:25:24,25.2,51.729639,4.443646,0,Numansdorp,NL
Rotterdam,Rotterdam_T3,02:00:00:ab:c1:52,2026-08-13 21:22:11,27.3,51.7272605895996,4.44469356536865,0,Numansdorp,NL
Rotterdam,Rotterdam_T3,02:00:00:a4:79:32,2026-08-13 21:21:11,26.9,51.7287788391113,4.4539942741394,0,Numansdorp,NL
Rotterdam,Rotterdam_T3,02:00:00:2f:24:58,2026-08-13 21:22:17,23.6,51.7388602,4.23624810000001,0,Goeree-Overflakkee,NL
Rotterdam,Rotterdam_T3,02:00:00:a2:1f:5c,2026-08-13 21:29:08,25.3,51.740426,4.44279,0,Numansdorp,NL
Rotterdam,Rotterdam_T3,02:00:00:04:57:14,2026-08-13 21:28:13,28.1,51.74081,4.442848,0,Numansdorp,NL
Rotterdam,Rotterdam_T3,02:00:00:65:49:fc,2026-08-13 21:23:18,24.9,51.741867,4.449701,0,Numansdorp,NL
Rotterdam,Rotterdam_T3,02:00:00:22:ea:64,2026-08-13 21:22:12,24.7,51.757101,4.293702,0,Goudswaard,NL
Rotterdam,Rotterdam_T3,02:00:00:64:1b:1e,2026-08-13 21:30:01,27.1,51.757112,4.343231,0,Zuid-Beijerland,NL
Rotterdam,Rotterdam_T3,02:00:00:b9:01:1c,2026-08-13 21:24:00,25.9,51.752419,4.373465,0,Zuid-Beijerland,NL
Rotterdam,Rotterdam_T3,02:00:00:7f:ba:0e,2026-08-13 21:29:10,28.2,51.753811,4.373477,0,Zuid-Beijerland,NL
Rotterdam,Rotterdam_T3,02:00:00:90:98:0e,2026-08-13 21:22:22,25.2,51.751613,4.374019,0,Zuid-Beijerland,NL
Rotterdam,Rotterdam_T3,02:00:00:84:8d:94,2026-08-13 21:26:30,27.1,51.776696,4.324838,0,Zuid-Beijerland,NL
Rotterdam,Rotterdam_T3,02:00:00:bd:1c:46,2026-08-13 21:27:28,24.1,51.767225,4.471495,0,Klaaswaal,NL
Rotterdam,Rotterdam_T3,02:00:00:3f:02:c2,2026-08-13 21:25:21,23.8,51.7791628378921,4.35718958692851,0,Nieuw-Beijerland,NL
Rotterdam,Rotterdam_T3,02:00:00:ab:e4:a6,2026-08-13 21:24:34,27.5,51.781329,4.365849,0,Hoeksche Waard,NL
Rotterdam,Rotterdam_T3,02:00:00:c3:a9:14,2026-08-13 21:24:57,26.0,51.7901851790411,4.47175113435905,0,Westmaas,NL
Rotterdam,Rotterdam_T3,02:00:00:a9:ac:00,2026-08-13 21:28:56,27.4,51.788327,4.478044,0,Westmaas,NL
Rotterdam,Rotterdam_T4,02:00:00:a4:28:a8,2026-08-13 21:21:06,24.8,51.619805,4.503271,1,Standdaarbuiten,NL
Rotterdam,Rotterdam_T4,02:00:00:af:68:56,2026-08-13 21:23:59,26.6,51.6195220947266,4.72724771499634,0,Breda,NL
Rotterdam,Rotterdam_T4,02:00:00:90:bd:2e,2026-08-13 21:27:03,28.0,51.619105,4.7308,0,Breda,NL
Rotterdam,Rotterdam_T4,02:00:00:03:b8:52,2026-08-13 21:25:17,26.3,51.619173,4.74028,2,Breda,NL
Rotterdam,Rotterdam_T4,02:00:00:58:f4:d4,2026-08-13 21:27:25,26.0,51.6215203879935,4.73909854888916,1,Breda,NL
Rotterdam,Rotterdam_T4,02:00:00:c3:8b:46,2026-08-13 21:21:46,27.3,51.621228,4.745678,0,Breda,NL
Rotterdam,Rotterdam_T4,02:00:00:7f:a8:1a,2026-08-13 21:22:56,26.3,51.6410548,4.534419,0,Noordhoek,NL
Rotterdam,Rotterdam_T4,02:00:00:5e:fc:2c,2026-08-13 21:21:20,27.8,51.6389694213867,4.58760547637939,0,Moerdijk,NL
Rotterdam,Rotterdam_T4,02:00:00:2b:2d:80,2026-08-13 21:28:19,27.1,51.646379,4.590162,0,Zevenbergen,NL
Rotterdam,Rotterdam_T4,02:00:00:33:cf:c8,2026-08-13 21:27:38,27.5,51.6427,4.5961,0,Zevenbergen,NL
Rotterdam,Rotterdam_T4,02:00:00:04:91:3e,2026-08-13 21:23:58,29.3,51.6374824616899,4.59927772356772,0,Moerdijk,NL
Rotterdam,Rotterdam_T4,02:00:00:06:00:2c,2026-08-13 21:27:06,27.6,51.636705,4.600655,0,Zevenbergen,NL
Rotterdam,Rotterdam_T4,02:00:00:a4:83:38,2026-08-13 21:25:27,28.5,51.637588,4.662299,0,Langeweg,NL
Rotterdam,Rotterdam_T4,02:00:00:03:0d:3c,2026-08-13 21:22:37,27.0,51.645013,4.755716,2,Terheijden,NL
Rotterdam,Rotterdam_T4,02:00:00:12:95:e4,2026-08-13 21:27:40,26.7,51.647162,4.600765,0,Zevenbergen,NL
Rotterdam,Rotterdam_T4,02:00:00:02:5e:18,2026-08-13 21:20:29,28.0,51.647886,4.758551,1,Terheijden,NL
Rotterdam,Rotterdam_T4,02:00:00:5e:ef:f6,2026-08-13 21:26:32,26.0,51.66303,4.524503,0,Klundert,NL
Rotterdam,Rotterdam_T4,02:00:00:3f:4e:cc,2026-08-13 21:22:47,26.5,51.6623510462909,4.53449203439712,1,Moerdijk,NL
Rotterdam,Rotterdam_T4,02:00:00:01:06:8e,2026-08-13 21:23:34,27.6,51.674017,4.678985,3,Zevenbergschen Hoek,NL
Rotterdam,Rotterdam_T4,02:00:00:69:2e:a8,2026-08-13 21:27:01,25.2,51.705344,4.707075,0,Lage Zwaluwe,NL
Rotterdam,Rotterdam_T4,02:00:00:9d:0d:18,2026-08-13 21:25:28,25.0,51.73732,4.549589,0,Strijen,NL
Rotterdam,Rotterdam_T4,02:00:00:01:e4:28,2026-08-13 21:27:50,26.4,51.73902,4.551534,0,Strijen,NL
Rotterdam,Rotterdam_T4,02:00:00:33:d7:fa,2026-08-13 21:21:43,24.3,51.746345,4.553707,1,Strijen,NL
Rotterdam,Rotterdam_T4,02:00:00:74:41:e0,2026-08-13 21:20:56,27.7,51.7540309522726,4.603035105397,0,Hoeksche Waard,NL
Rotterdam,Rotterdam_T4,02:00:00:53:32:78,2026-08-13 21:23:41,23.2,51.7504501342773,4.61845016479492,0,Hoeksche Waard,NL
Rotterdam,Rotterdam_T4,02:00:00:02:f7:56,2026-08-13 21:26:42,28.6,51.7758978724622,4.61312867271064,0,'s-Gravendeel,NL
Rotterdam,Rotterdam_T4,02:00:00:b4:e8:e8,2026-08-13 21:30:05,27.5,51.770848,4.659682,0,Dordrecht,NL
Rotterdam,Rotterdam_T4,02:00:00:70:1b:dc,2026-08-13 21:26:54,24.8,51.7729074168659,4.65993347846955,0,Dordrecht,NL
Rotterdam,Rotterdam_T4,02:00:00:b5:71:d0,2026-08-13 21:28:42,27.0,51.772762,4.674453,0,Dordrecht,NL
Rotterdam,Rotterdam_T4,02:00:00:ab:bf:08,2026-08-13 21:22:06,29.4,51.776596,4.6821218,1,Dordrecht,NL
Rotterdam,Rotterdam_T4,02:00:00:05:86:c6,2026-08-13 21:27:18,28.0,51.79149,4.55400000000011,0,Hoeksche Waard,NL
Rotterdam,Rotterdam_T4,02:00:00:a9:91:06,2026-08-13 21:22:04,26.9,51.790756,4.556,0,Maasdam,NL
Rotterdam,Rotterdam_T4,02:00:00:63:1e:e6,2026-08-13 21:20:34,25.6,51.782463,4.596613,0,Hoeksche Waard,NL
Rotterdam,Rotterdam_T4,02:00:00:b5:02:84,2026-08-13 21:26:42,27.4,51.782564,4.606451,0,'s-Gravendeel,NL
Rotterdam,Rotterdam_T4,02:00:00:b2:b9:b0,2026-08-13 21:29:40,26.7,51.780144,4.613583,0,'s-Gravendeel,NL
Rotterdam,Rotterdam_T4,02:00:00:73:98:14,2026-08-13 21:26:38,26.7,51.777908,4.62446,0,'s-Gravendeel,NL
Rotterdam,Rotterdam_T4,02:00:00:03:88:2e,2026-08-13 21:28:49,27.6,51.7907752990723,4.65260601043701,4,Dordrecht,NL
Rotterdam,Rotterdam_T4,02:00:00:c2:7f:ba,2026-08-13 21:25:17,26.4,51.7885793,4.6604208,3,Dordrecht,NL
Rotterdam,Rotterdam_T4,02:00:00:b9:40:8c,2026-08-13 21:22:35,29.2,51.7833036,4.67555490000007,0,Dordrecht,NL
Rotterdam,Rotterdam_T4,02:00:00:58:ce:38,2026-08-13 21:26:57,24.1,51.791078910246,4.69140350818634,0,Dordrecht,NL
Rotterdam,Rotterdam_T4,02:00:00:19:01:1e,2026-08-13 21:25:24,26.8,51.790557,4.692642,0,Dordrecht,NL
