city_area,tile_id,device_id,timestamp_amsterdam,temperature_c,latitude,longitude,altitude_m,location_name,country
Utrecht,Utrecht_T1,02:00:00:a9:7a:0e,2026-08-09 14:31:07,29.0,52.140232,5.0987544,0,Tienhoven,NL
Utrecht,Utrecht_T1,02:00:00:37:12:66,2026-08-09 14:37:57,29.1,52.179145,5.068822,0,Breukeleveen,NL
Utrecht,Utrecht_T1,02:00:00:02:f6:0e,2026-08-09 14:37:59,29.8,52.197652,5.132777,2,Loosdrecht,NL
Utrecht,Utrecht_T1,02:00:00:b0:a9:90,2026-08-09 14:35:23,30.0,52.200455,5.136932,3,Loosdrecht,NL
Utrecht,Utrecht_T1,02:00:00:01:ad:e6,2026-08-09 14:39:05,35.2,52.2024453567653,5.13724302708387,4,Loosdrecht,NL
Utrecht,Utrecht_T1,02:00:00:5f:5a:3c,2026-08-09 14:34:47,30.2,52.203813,5.065594,0,Wijdemeren,NL
Utrecht,Utrecht_T1,02:00:00:64:1b:94,2026-08-09 14:35:46,30.9,52.20692,5.09326999999999,1,Loosdrecht,NL
Utrecht,Utrecht_T1,02:00:00:7a:8e:26,2026-08-09 14:31:54,36.2,52.205303,5.096588,0,Loosdrecht,NL
Utrecht,Utrecht_T1,02:00:00:00:10:50,2026-08-09 14:34:46,30.2,52.2050161837691,5.12837827205658,3,Loosdrecht,NL
Utrecht,Utrecht_T1,02:00:00:7b:01:10,2026-08-09 14:40:04,32.4,52.205692,5.131749,1,Loosdrecht,NL
Utrecht,Utrecht_T1,02:00:00:3c:ed:a2,2026-08-09 14:36:32,30.6,52.204017,5.140781,2,Loosdrecht,NL
Utrecht,Utrecht_T1,02:00:00:bd:fd:a6,2026-08-09 14:33:31,32.0,52.2087615,5.16269899999998,13,Hilversum,NL
Utrecht,Utrecht_T1,02:00:00:27:70:80,2026-08-09 14:32:40,37.6,52.209459,5.167922,18,Hilversum,NL
Utrecht,Utrecht_T1,02:00:00:b5:4f:02,2026-08-09 14:35:30,30.8,52.2167510750697,5.15140235424042,4,Hilversum,NL
Utrecht,Utrecht_T1,02:00:00:c3:82:e2,2026-08-09 14:32:43,26.6,52.212936,5.157038,6,Hilversum,NL
Utrecht,Utrecht_T1,02:00:00:01:3a:f2,2026-08-09 14:34:03,29.0,52.2149722583813,5.16004279666198,7,Hilversum,NL
Utrecht,Utrecht_T1,02:00:00:7a:7b:b6,2026-08-09 14:34:14,35.2,52.216152,5.1599503,9,Hilversum,NL
Utrecht,Utrecht_T1,02:00:00:27:9d:5e,2026-08-09 14:34:20,36.5,52.2139047447403,5.17507553100586,15,Hilversum,NL
Utrecht,Utrecht_T1,02:00:00:2c:c0:f8,2026-08-09 14:36:52,28.8,52.215289,5.191587,6,Hilversum,NL
Utrecht,Utrecht_T1,02:00:00:a9:99:4e,2026-08-09 14:40:32,28.5,52.217244,5.19999860000001,6,Hilversum,NL
Utrecht,Utrecht_T1,02:00:00:53:5a:42,2026-08-09 14:39:15,31.3,52.218062,5.125525,1,Hilversum,NL
Utrecht,Utrecht_T1,02:00:00:bc:cd:8a,2026-08-09 14:34:41,34.6,52.2181299999999,5.12974530000001,1,Hilversum,NL
Utrecht,Utrecht_T1,02:00:00:32:e1:fc,2026-08-09 14:33:04,29.9,52.21986,5.138679,0,Hilversum,NL
Utrecht,Utrecht_T1,02:00:00:9c:fe:ea,2026-08-09 14:35:34,27.9,52.221093,5.142468,4,Hilversum,NL
Utrecht,Utrecht_T1,02:00:00:7f:c0:96,2026-08-09 14:35:37,31.4,52.22016524,5.18491051,8,Hilversum,NL
Utrecht,Utrecht_T1,02:00:00:64:32:10,2026-08-09 14:32:25,31.6,52.223183,5.198284,5,Hilversum,NL
Utrecht,Utrecht_T1,02:00:00:9b:49:56,2026-08-09 14:31:50,31.5,52.0555172581761,5.07246375001336,1,Nieuwegein,NL
Utrecht,Utrecht_T1,02:00:00:a4:2e:9e,2026-08-09 14:34:17,32.3,52.057163,5.071938,1,Nieuwegein,NL
Utrecht,Utrecht_T1,02:00:00:bd:cd:b0,2026-08-09 14:33:38,30.2,52.061641,5.128472,3,Utrecht,NL
Utrecht,Utrecht_T1,02:00:00:bd:dc:c4,2026-08-09 14:30:05,31.1,52.0630189775525,5.12959063053131,4,Utrecht,NL
Utrecht,Utrecht_T1,02:00:00:27:58:00,2026-08-09 14:39:10,31.3,52.06631,5.128964,4,Utrecht,NL
Utrecht,Utrecht_T1,02:00:00:2e:c2:fe,2026-08-09 14:35:35,29.9,52.060052,5.134025,4,Utrecht,NL
Utrecht,Utrecht_T1,02:00:00:3e:ec:de,2026-08-09 14:31:56,30.4,52.0628885050208,5.13711911594507,4,Utrecht,NL
Utrecht,Utrecht_T1,02:00:00:28:ec:80,2026-08-09 14:38:38,31.0,52.065526,5.200063,5,Bunnik,NL
Utrecht,Utrecht_T1,02:00:00:63:34:44,2026-08-09 14:38:01,31.4,52.0706,5.0769,0,Utrecht,NL
Utrecht,Utrecht_T1,02:00:00:02:f3:b2,2026-08-09 14:31:32,30.1,52.0684013366699,5.10129976272583,4,Utrecht,NL
Utrecht,Utrecht_T1,02:00:00:02:26:50,2026-08-09 14:40:36,30.0,52.0673127854311,5.1019960641861,3,Utrecht,NL
Utrecht,Utrecht_T1,02:00:00:c2:89:3a,2026-08-09 14:39:54,29.7,52.069,5.1024,4,Utrecht,NL
Utrecht,Utrecht_T1,02:00:00:b5:00:ce,2026-08-09 14:31:05,31.9,52.069854,5.12234250000003,4,Utrecht,NL
Utrecht,Utrecht_T1,02:00:00:a9:6f:5c,2026-08-09 14:33:11,30.5,52.073802947998,5.12334251403809,5,Utrecht,NL
Utrecht,Utrecht_T1,02:00:00:1e:2a:90,2026-08-09 14:35:15,30.7,52.070201,5.125238,4,Utrecht,NL
Utrecht,Utrecht_T1,02:00:00:65:70:6e,2026-08-09 14:30:38,31.7,52.069762,5.187772,3,Bunnik,NL
Utrecht,Utrecht_T1,02:00:00:1b:06:58,2026-08-09 14:34:43,31.3,52.0673070316701,5.19202797330763,5,Bunnik,NL
Utrecht,Utrecht_T1,02:00:00:83:ec:80,2026-08-09 14:31:46,31.3,52.077263,5.0638604,0,Utrecht,NL
Utrecht,Utrecht_T1,02:00:00:90:d2:70,2026-08-09 14:37:13,35.1,52.081236,5.086788,3,Utrecht,NL
Utrecht,Utrecht_T1,02:00:00:00:ec:e0,2026-08-09 14:33:41,30.6,52.0783359526579,5.11196332515445,6,Utrecht,NL
Utrecht,Utrecht_T1,02:00:00:2f:04:02,2026-08-09 14:37:06,32.8,52.08055,5.122316,6,Utrecht,NL
Utrecht,Utrecht_T1,02:00:00:69:29:62,2026-08-09 14:36:45,31.8,52.0756661902043,5.13833000000005,6,Utrecht,NL
Utrecht,Utrecht_T1,02:00:00:90:79:e6,2026-08-09 14:37:10,29.9,52.07892,5.14051000000002,4,Utrecht,NL
Utrecht,Utrecht_T1,02:00:00:53:25:54,2026-08-09 14:39:35,31.5,52.081985,5.087011,2,Utrecht,NL
Utrecht,Utrecht_T1,02:00:00:01:04:a2,2026-08-09 14:36:03,29.4,52.086276,5.08958300000004,8,Utrecht,NL
Utrecht,Utrecht_T1,02:00:00:5f:20:4a,2026-08-09 14:33:56,32.0,52.0821,5.108,1,Utrecht,NL
Utrecht,Utrecht_T1,02:00:00:b5:08:94,2026-08-09 14:28:59,28.2,52.0842805951218,5.12355080298444,8,Utrecht,NL
Utrecht,Utrecht_T1,02:00:00:52:de:e4,2026-08-09 14:30:06,31.0,52.08746,5.132928,3,Utrecht,NL
Utrecht,Utrecht_T1,02:00:00:02:9c:e4,2026-08-09 14:33:12,28.0,52.088481,5.143561,2,Utrecht,NL
Utrecht,Utrecht_T1,02:00:00:63:37:c0,2026-08-09 14:39:34,27.3,52.0846376741441,5.14990675244556,4,Utrecht,NL
Utrecht,Utrecht_T1,02:00:00:5f:0e:c2,2026-08-09 14:40:08,25.0,52.085453,5.1514635,1,Utrecht,NL
Utrecht,Utrecht_T1,02:00:00:58:71:a0,2026-08-09 14:36:42,34.1,52.0910855835456,5.06979963657994,0,Utrecht,NL
Utrecht,Utrecht_T1,02:00:00:8d:c3:0e,2026-08-09 14:33:14,33.2,52.09396,5.067146,1,Utrecht,NL
Utrecht,Utrecht_T1,02:00:00:b5:8a:96,2026-08-09 14:37:26,30.5,52.0890953545022,5.07631123065949,1,Utrecht,NL
Utrecht,Utrecht_T1,02:00:00:02:ab:72,2026-08-09 14:35:24,30.2,52.089195,5.089759,4,Utrecht,NL
Utrecht,Utrecht_T1,02:00:00:70:58:26,2026-08-09 14:37:50,30.1,52.093772,5.087235,3,Utrecht,NL
Utrecht,Utrecht_T1,02:00:00:b5:3c:02,2026-08-09 14:38:05,29.9,52.0945,5.09406000000001,4,Utrecht,NL
Utrecht,Utrecht_T1,02:00:00:b9:42:72,2026-08-09 14:36:53,29.9,52.0899963378906,5.09774255752563,4,Utrecht,NL
Utrecht,Utrecht_T1,02:00:00:3c:db:f4,2026-08-09 14:32:00,33.5,52.092422,5.120636,12,Utrecht,NL
Utrecht,Utrecht_T1,02:00:00:53:46:a4,2026-08-09 14:32:14,31.8,52.0944421980704,5.12152537487685,9,Utrecht,NL
Utrecht,Utrecht_T1,02:00:00:3a:0b:64,2026-08-09 14:34:58,35.3,52.093664,5.130905,4,Utrecht,NL
Utrecht,Utrecht_T1,02:00:00:5f:20:04,2026-08-09 14:37:37,29.1,52.0938845651776,5.13856323934985,6,Utrecht,NL
Utrecht,Utrecht_T1,02:00:00:c3:a6:ae,2026-08-09 14:39:49,33.1,52.0966653034839,5.07333587462335,0,Utrecht,NL
Utrecht,Utrecht_T1,02:00:00:bd:c5:ea,2026-08-09 14:31:24,27.2,52.1026685527433,5.09375521405393,1,Utrecht,NL
Utrecht,Utrecht_T1,02:00:00:02:bd:78,2026-08-09 14:34:30,29.0,52.1013615,5.09969620000004,3,Utrecht,NL
Utrecht,Utrecht_T1,02:00:00:52:d7:a4,2026-08-09 14:38:02,30.8,52.101415,5.10791,5,Utrecht,NL
Utrecht,Utrecht_T1,02:00:00:28:df:e8,2026-08-09 14:32:23,30.1,52.09981,5.11318999999998,4,Utrecht,NL
Utrecht,Utrecht_T1,02:00:00:b5:97:f6,2026-08-09 14:34:47,29.4,52.100982,5.113231,4,Utrecht,NL
Utrecht,Utrecht_T1,02:00:00:a9:76:3c,2026-08-09 14:33:26,31.5,52.099474,5.11834,6,Utrecht,NL
Utrecht,Utrecht_T1,02:00:00:3c:f5:5e,2026-08-09 14:40:01,29.9,52.095871,5.131864,3,Utrecht,NL
Utrecht,Utrecht_T1,02:00:00:a4:41:f0,2026-08-09 14:31:42,30.4,52.10156,5.1217494,3,Utrecht,NL
Utrecht,Utrecht_T1,02:00:00:b4:ee:1a,2026-08-09 14:40:19,28.7,52.099659,5.124221,4,Utrecht,NL
Utrecht,Utrecht_T1,02:00:00:01:91:12,2026-08-09 14:32:06,28.8,52.096668,5.141989,6,Utrecht,NL
Utrecht,Utrecht_T1,02:00:00:28:cf:22,2026-08-09 14:32:23,29.8,52.107056,5.121125,2,Utrecht,NL
Utrecht,Utrecht_T1,02:00:00:9c:e4:3c,2026-08-09 14:37:16,29.0,52.103779,5.12255,4,Utrecht,NL
Utrecht,Utrecht_T1,02:00:00:ab:f3:a4,2026-08-09 14:37:15,28.8,52.110018,5.128991,2,Utrecht,NL
Utrecht,Utrecht_T1,02:00:00:02:a5:b6,2026-08-09 14:38:45,31.3,52.104958,5.13533300000003,4,Utrecht,NL
Utrecht,Utrecht_T1,02:00:00:b5:0b:b6,2026-08-09 14:37:39,32.4,52.1083564758301,5.13924789428711,2,Utrecht,NL
Utrecht,Utrecht_T1,02:00:00:58:d2:58,2026-08-09 14:32:22,30.7,52.104095,5.144752,0,Utrecht,NL
Utrecht,Utrecht_T1,02:00:00:14:60:ec,2026-08-09 14:30:49,32.4,52.106249,5.171551,3,De Bilt,NL
Utrecht,Utrecht_T1,02:00:00:a2:02:8a,2026-08-09 14:34:18,31.7,52.106261,5.177714,5,De Bilt,NL
Utrecht,Utrecht_T1,02:00:00:a2:38:90,2026-08-09 14:33:04,26.8,52.107,5.1878,6,De Bilt,NL
Utrecht,Utrecht_T1,02:00:00:70:4e:ba,2026-08-09 14:36:36,31.7,52.112316,5.090597,1,Utrecht,NL
Utrecht,Utrecht_T1,02:00:00:a4:15:94,2026-08-09 14:33:52,29.0,52.116599,5.10793100000013,4,Utrecht,NL
Utrecht,Utrecht_T1,02:00:00:01:d1:6c,2026-08-09 14:39:56,33.2,52.1147232055664,5.11503601074219,7,Utrecht,NL
Utrecht,Utrecht_T1,02:00:00:a9:a9:ac,2026-08-09 14:37:12,31.0,52.11504,5.11446000000007,4,Utrecht,NL
Utrecht,Utrecht_T1,02:00:00:7b:00:16,2026-08-09 14:30:41,32.5,52.116092,5.116809,5,Utrecht,NL
Utrecht,Utrecht_T1,02:00:00:a2:28:d4,2026-08-09 14:38:58,33.4,52.11298,5.176283,3,De Bilt,NL
Utrecht,Utrecht_T1,02:00:00:74:4f:c6,2026-08-09 14:37:55,31.5,52.114273,5.1778874,5,De Bilt,NL
Utrecht,Utrecht_T1,02:00:00:37:16:9a,2026-08-09 14:38:56,26.6,52.1209042,5.0716415,1,Utrecht,NL
Utrecht,Utrecht_T1,02:00:00:b5:07:da,2026-08-09 14:36:41,32.8,52.1185,5.0885,0,Utrecht,NL
Utrecht,Utrecht_T1,02:00:00:9d:2a:ee,2026-08-09 14:39:14,31.8,52.1226012257881,5.09323120411752,2,Utrecht,NL
Utrecht,Utrecht_T1,02:00:00:a9:78:64,2026-08-09 14:39:15,28.1,52.12185,5.114306,4,Utrecht,NL
Utrecht,Utrecht_T1,02:00:00:63:2e:78,2026-08-09 14:37:08,31.7,52.124311,5.149015,3,Groenekan,NL
Utrecht,Utrecht_T1,02:00:00:74:0c:be,2026-08-09 14:36:11,28.8,52.118581,5.18077,3,Bilthoven,NL
Utrecht,Utrecht_T1,02:00:00:2e:bd:ce,2026-08-09 14:39:06,30.9,52.122233,5.200776,10,Bilthoven,NL
Utrecht,Utrecht_T1,02:00:00:a4:87:ec,2026-08-09 14:34:05,30.2,52.1316666043838,5.09194861301635,0,Utrecht,NL
Utrecht,Utrecht_T1,02:00:00:7f:b2:0e,2026-08-09 14:37:55,28.9,52.127119,5.100939,4,Utrecht,NL
Utrecht,Utrecht_T1,02:00:00:b5:6e:3a,2026-08-09 14:40:19,27.6,52.124991,5.158267,4,De Bilt,NL
Utrecht,Utrecht_T1,02:00:00:a2:45:c2,2026-08-09 14:32:32,32.8,52.130604,5.188466,5,Bilthoven,NL
Utrecht,Utrecht_T1,02:00:00:33:2d:6a,2026-08-09 14:39:17,31.9,52.1263389,5.1944393,6,De Bilt,NL
Utrecht,Utrecht_T1,02:00:00:36:a3:68,2026-08-09 14:33:48,30.3,52.12822,5.20124999999999,8,Bilthoven,NL
Utrecht,Utrecht_T1,02:00:00:7a:ff:64,2026-08-09 14:32:03,32.4,52.132211,5.197475,3,Bilthoven,NL
Utrecht,Utrecht_T1,02:00:00:01:50:b6,2026-08-09 14:37:57,33.8,52.1411799412661,5.01502234507166,0,Maarssen,NL
Utrecht,Utrecht_T1,02:00:00:9c:f9:4a,2026-08-09 14:31:29,28.9,52.1400375366211,5.04170799255371,2,Maarssen,NL
Utrecht,Utrecht_T1,02:00:00:04:6a:e8,2026-08-09 14:37:35,30.3,52.140233,5.042324,2,Stichtse Vecht,NL
Utrecht,Utrecht_T1,02:00:00:00:f7:a2,2026-08-09 14:39:51,27.1,52.1404276175265,5.04727728441715,2,Stichtse Vecht,NL
Utrecht,Utrecht_T1,02:00:00:2c:b8:78,2026-08-09 14:35:35,34.5,52.1517178597221,4.94924400000001,0,Kockengen,NL
Utrecht,Utrecht_T1,02:00:00:9d:25:4e,2026-08-09 14:37:49,33.8,52.15058,4.95477000000003,0,Kockengen,NL
Utrecht,Utrecht_T1,02:00:00:05:38:88,2026-08-09 14:36:42,32.0,52.1500807019266,5.03824532032017,0,Maarssen,NL
Utrecht,Utrecht_T1,02:00:00:a4:59:54,2026-08-09 14:31:32,34.0,52.1487083,5.03985960000006,0,Maarssen,NL
Utrecht,Utrecht_T1,02:00:00:27:6f:7e,2026-08-09 14:36:51,31.6,52.150683,5.039803,0,Stichtse Vecht,NL
Utrecht,Utrecht_T1,02:00:00:9b:60:ca,2026-08-09 14:36:01,34.2,52.1661071777344,4.99944877624512,0,Stichtse Vecht,NL
Utrecht,Utrecht_T1,02:00:00:31:b2:30,2026-08-09 14:36:57,30.4,52.179563,5.020723,0,Breukelen,NL
Utrecht,Utrecht_T1,02:00:00:27:a6:98,2026-08-09 14:30:44,32.9,52.177905,5.023052,0,Breukelen,NL
Utrecht,Utrecht_T1,02:00:00:9b:59:44,2026-08-09 14:31:04,28.0,52.175474,5.027806,0,Breukelen,NL
Utrecht,Utrecht_T1,02:00:00:3f:28:4e,2026-08-09 14:30:55,33.2,52.1885295082791,4.98983681201935,0,Nieuwer Ter Aa,NL
Utrecht,Utrecht_T1,02:00:00:37:28:66,2026-08-09 14:36:46,32.4,52.208307,4.923314,0,Vinkeveen,NL
Utrecht,Utrecht_T1,02:00:00:1f:7e:84,2026-08-09 14:30:25,26.5,52.208085,5.015193,0,Loenen aan de Vecht,NL
Utrecht,Utrecht_T1,02:00:00:5e:f1:70,2026-08-09 14:37:53,29.0,52.209506,5.015637,0,Loenen aan de Vecht,NL
Utrecht,Utrecht_T1,02:00:00:bc:d2:3a,2026-08-09 14:34:52,32.4,52.2071006719862,5.01808721691921,0,Loenen aan de Vecht,NL
Utrecht,Utrecht_T1,02:00:00:70:39:30,2026-08-09 14:35:53,30.4,52.2132735899086,4.92226205035142,0,Vinkeveen,NL
Utrecht,Utrecht_T1,02:00:00:14:48:30,2026-08-09 14:31:12,30.1,52.214024,5.026552,0,Loenen aan de Vecht,NL
Utrecht,Utrecht_T1,02:00:00:2b:23:dc,2026-08-09 14:37:20,31.9,52.052497,4.955131,1,Montfoort,NL
Utrecht,Utrecht_T1,02:00:00:b4:f2:26,2026-08-09 14:33:14,27.2,52.0714492797852,5.05338478088379,0,Utrecht,NL
Utrecht,Utrecht_T1,02:00:00:c2:4e:14,2026-08-09 14:31:48,29.7,52.080025,5.00642199999999,0,Utrecht,NL
Utrecht,Utrecht_T1,02:00:00:c2:8a:9a,2026-08-09 14:38:52,29.2,52.078398,5.01515069999999,0,Utrecht,NL
Utrecht,Utrecht_T1,02:00:00:64:15:e6,2026-08-09 14:30:15,31.2,52.07943,5.0167677,0,Utrecht,NL
Utrecht,Utrecht_T1,02:00:00:27:5f:76,2026-08-09 14:32:52,33.1,52.077418,5.020574,0,Utrecht,NL
Utrecht,Utrecht_T1,02:00:00:a4:19:3e,2026-08-09 14:32:17,31.3,52.077895,5.026372,2,Utrecht,NL
Utrecht,Utrecht_T1,02:00:00:a4:3e:00,2026-08-09 14:32:54,33.6,52.0758920140845,5.0307848067002,0,Utrecht,NL
Utrecht,Utrecht_T1,02:00:00:17:7b:70,2026-08-09 14:35:40,30.6,52.0873338,4.9699941,1,Woerden,NL
Utrecht,Utrecht_T1,02:00:00:32:e1:b0,2026-08-09 14:36:22,28.8,52.085795,5.014428,0,Utrecht,NL
Utrecht,Utrecht_T1,02:00:00:63:4a:60,2026-08-09 14:36:12,28.8,52.08632,5.026208,1,Utrecht,NL
Utrecht,Utrecht_T1,02:00:00:5f:5e:f6,2026-08-09 14:34:46,30.5,52.082204,5.032968,3,Utrecht,NL
Utrecht,Utrecht_T1,02:00:00:a4:6c:14,2026-08-09 14:37:43,32.1,52.082503,5.035357,2,Utrecht,NL
Utrecht,Utrecht_T1,02:00:00:84:0d:58,2026-08-09 14:36:05,30.9,52.083796,5.042289,0,Utrecht,NL
Utrecht,Utrecht_T1,02:00:00:2e:9f:46,2026-08-09 14:35:23,31.8,52.0872737363844,5.0397069563345,1,Utrecht,NL
Utrecht,Utrecht_T1,02:00:00:a9:91:b2,2026-08-09 14:34:48,29.4,52.0840520546178,5.0466138124466,0,Utrecht,NL
Utrecht,Utrecht_T1,02:00:00:84:4c:be,2026-08-09 14:33:58,30.7,52.085796,5.05175,2,Utrecht,NL
Utrecht,Utrecht_T1,02:00:00:63:1e:24,2026-08-09 14:30:59,30.4,52.0841807,5.0583297,1,Utrecht,NL
Utrecht,Utrecht_T1,02:00:00:c2:3c:a4,2026-08-09 14:38:34,29.3,52.088304,5.055145,0,Utrecht,NL
Utrecht,Utrecht_T1,02:00:00:a2:64:3a,2026-08-09 14:37:21,31.0,52.08912,4.955397,1,Woerden,NL
Utrecht,Utrecht_T1,02:00:00:04:6b:b2,2026-08-09 14:39:36,28.9,52.0890216,4.95978960000002,2,Woerden,NL
Utrecht,Utrecht_T1,02:00:00:27:67:9e,2026-08-09 14:33:21,31.3,52.0939775908876,4.95844790679508,1,Woerden,NL
Utrecht,Utrecht_T1,02:00:00:7f:a0:a8,2026-08-09 14:35:01,31.3,52.0889488341052,4.96163483170568,0,Woerden,NL
Utrecht,Utrecht_T1,02:00:00:1c:5a:c4,2026-08-09 14:31:22,29.6,52.091265,4.999434,0,Utrecht,NL
Utrecht,Utrecht_T1,02:00:00:b5:b1:bc,2026-08-09 14:34:51,29.9,52.095,5.0099,0,Utrecht,NL
Utrecht,Utrecht_T1,02:00:00:13:51:16,2026-08-09 14:32:11,28.5,52.093582,5.012636,0,Utrecht,NL
Utrecht,Utrecht_T1,02:00:00:01:14:58,2026-08-09 14:37:06,31.6,52.089916,5.01991400000001,0,Utrecht,NL
Utrecht,Utrecht_T1,02:00:00:90:90:7e,2026-08-09 14:37:25,31.6,52.09193,5.016591,0,Utrecht,NL
Utrecht,Utrecht_T1,02:00:00:34:05:ae,2026-08-09 14:39:33,32.9,52.091745,5.01907,1,Utrecht,NL
Utrecht,Utrecht_T1,02:00:00:c2:47:80,2026-08-09 14:17:03,29.2,52.0893016,5.03434910000001,0,Utrecht,NL
Utrecht,Utrecht_T1,02:00:00:84:a8:4e,2026-08-09 14:36:06,34.7,52.093351,5.054574,0,Utrecht,NL
Utrecht,Utrecht_T1,02:00:00:7a:c6:dc,2026-08-09 14:37:07,30.3,52.096533,5.002674,0,Utrecht,NL
Utrecht,Utrecht_T1,02:00:00:70:38:92,2026-08-09 14:35:03,29.4,52.099754,4.997049,0,Utrecht,NL
Utrecht,Utrecht_T1,02:00:00:22:ad:c6,2026-08-09 14:32:59,27.1,52.102223,5.009766,0,Utrecht,NL
Utrecht,Utrecht_T1,02:00:00:5e:e2:2e,2026-08-09 14:37:28,29.5,52.0987673336394,5.01320895590376,0,Utrecht,NL
Utrecht,Utrecht_T1,02:00:00:bd:d9:bc,2026-08-09 14:35:48,30.5,52.1012649536133,5.01841592788696,1,Utrecht,NL
Utrecht,Utrecht_T1,02:00:00:c2:7d:a8,2026-08-09 14:39:17,28.9,52.096701,5.040231,1,Utrecht,NL
Utrecht,Utrecht_T1,02:00:00:a9:50:38,2026-08-09 14:39:30,27.9,52.098376,5.039789,0,Utrecht,NL
Utrecht,Utrecht_T1,02:00:00:01:86:10,2026-08-09 14:39:13,28.7,52.09855,5.039822,0,Utrecht,NL
Utrecht,Utrecht_T1,02:00:00:73:be:5a,2026-08-09 14:30:17,32.0,52.097817,5.051997,3,Utrecht,NL
Utrecht,Utrecht_T1,02:00:00:01:a1:ee,2026-08-09 14:31:56,31.3,52.0960000139971,5.0595535031938,0,Utrecht,NL
Utrecht,Utrecht_T1,02:00:00:3e:ec:2c,2026-08-09 14:37:45,34.5,52.0968945722032,5.05947500118808,0,Utrecht,NL
Utrecht,Utrecht_T1,02:00:00:2c:f6:ae,2026-08-09 14:30:58,29.4,52.106163,4.981696,0,Utrecht,NL
Utrecht,Utrecht_T1,02:00:00:84:78:2c,2026-08-09 14:37:25,31.1,52.1067630675542,5.02126398724257,1,Utrecht,NL
Utrecht,Utrecht_T1,02:00:00:31:cb:18,2026-08-09 14:31:15,29.6,52.1073892613559,5.02463787381133,0,Utrecht,NL
Utrecht,Utrecht_T1,02:00:00:84:24:48,2026-08-09 14:30:58,28.5,52.1050731,5.0346819,1,Utrecht,NL
Utrecht,Utrecht_T1,02:00:00:32:ed:e0,2026-08-09 14:32:13,28.4,52.1070404052734,5.03613185882568,0,Utrecht,NL
Utrecht,Utrecht_T1,02:00:00:39:fb:5e,2026-08-09 14:36:10,30.0,52.1148094074168,5.00760211705581,0,Utrecht,NL
Utrecht,Utrecht_T1,02:00:00:64:3e:bc,2026-08-09 14:32:39,32.0,52.115205,5.007731,0,Utrecht,NL
Utrecht,Utrecht_T1,02:00:00:84:79:a0,2026-08-09 14:36:57,32.1,52.114201,5.01126,0,Utrecht,NL
Utrecht,Utrecht_T1,02:00:00:a9:4b:60,2026-08-09 14:32:22,32.4,52.119961,4.99775200000006,3,Utrecht,NL
Utrecht,Utrecht_T1,02:00:00:1c:6e:60,2026-08-09 14:36:08,30.0,52.121309,5.030174,0,Maarssen,NL
Utrecht,Utrecht_T1,02:00:00:5f:44:54,2026-08-09 14:39:26,28.4,52.12292,5.031376,0,Maarssen,NL
Utrecht,Utrecht_T1,02:00:00:22:a9:96,2026-08-09 14:36:30,32.1,52.122375,5.033245,0,Stichtse Vecht,NL
Utrecht,Utrecht_T1,02:00:00:3d:25:42,2026-08-09 14:32:06,28.7,52.135743,5.016961,0,Maarssen,NL
Utrecht,Utrecht_T1,02:00:00:29:08:b2,2026-08-09 14:37:26,31.2,52.138664,5.0182734,0,Maarssen,NL
Utrecht,Utrecht_T1,02:00:00:05:4f:28,2026-08-09 14:33:04,31.8,52.133111,5.035686,0,Stichtse Vecht,NL
Utrecht,Utrecht_T1,02:00:00:a9:65:bc,2026-08-09 14:34:49,32.5,52.1340026855469,5.04215478897095,1,Maarssen,NL
Utrecht,Utrecht_T1,02:00:00:2c:75:f4,2026-08-09 14:31:28,29.4,52.1375923156738,5.05607128143311,1,Stichtse Vecht,NL
Utrecht,Utrecht_T2,02:00:00:74:07:28,2026-08-09 14:39:00,28.2,52.145235,5.210172,10,Bilthoven,NL
Utrecht,Utrecht_T2,02:00:00:c2:35:ac,2026-08-09 14:33:00,28.3,52.1459370151422,5.21551547366956,7,Bilthoven,NL
Utrecht,Utrecht_T2,02:00:00:7f:c4:6a,2026-08-09 14:34:16,30.7,52.1425225952839,5.23391006287104,10,Zeist,NL
Utrecht,Utrecht_T2,02:00:00:74:64:38,2026-08-09 14:31:44,38.8,52.1411243623068,5.23903367633706,11,Zeist,NL
Utrecht,Utrecht_T2,02:00:00:b5:78:d6,2026-08-09 14:40:11,30.6,52.146778,5.237025,10,Zeist,NL
Utrecht,Utrecht_T2,02:00:00:5f:15:c0,2026-08-09 14:40:11,31.5,52.16024,5.215069,6,Bilthoven,NL
Utrecht,Utrecht_T2,02:00:00:a2:74:3e,2026-08-09 14:31:39,33.4,52.1600980139711,5.28715847486947,6,Soest,NL
Utrecht,Utrecht_T2,02:00:00:a2:74:d8,2026-08-09 14:38:20,31.0,52.159536,5.30479100000001,8,Soest,NL
Utrecht,Utrecht_T2,02:00:00:a4:1a:b8,2026-08-09 14:37:10,30.2,52.15949,5.305391,9,Soest,NL
Utrecht,Utrecht_T2,02:00:00:00:4a:16,2026-08-09 14:38:08,29.5,52.158649,5.33553899999997,6,Soest,NL
Utrecht,Utrecht_T2,02:00:00:31:ea:a8,2026-08-09 14:35:44,32.3,52.166694,5.293944,4,Soest,NL
Utrecht,Utrecht_T2,02:00:00:03:b6:1e,2026-08-09 14:37:42,32.8,52.160626,5.3011,7,Soest,NL
Utrecht,Utrecht_T2,02:00:00:b9:6e:74,2026-08-09 14:32:56,30.4,52.162275,5.303515,5,Soest,NL
Utrecht,Utrecht_T2,02:00:00:70:4e:b4,2026-08-09 14:34:12,30.8,52.1610313078006,5.31033632946336,7,Soest,NL
Utrecht,Utrecht_T2,02:00:00:27:55:54,2026-08-09 14:32:22,31.1,52.161317,5.311697,10,Soest,NL
Utrecht,Utrecht_T2,02:00:00:83:cc:cc,2026-08-09 14:32:45,31.8,52.1690789466029,5.27412414550781,2,Soest,NL
Utrecht,Utrecht_T2,02:00:00:3c:17:5e,2026-08-09 14:38:59,32.5,52.174072,5.286707,4,Soest,NL
Utrecht,Utrecht_T2,02:00:00:1e:02:2c,2026-08-09 14:34:04,31.7,52.1752333,5.2742121,3,Soest,NL
Utrecht,Utrecht_T2,02:00:00:a9:e6:ca,2026-08-09 14:31:49,30.4,52.1806831359863,5.27848291397095,7,Soest,NL
Utrecht,Utrecht_T2,02:00:00:c3:a7:7e,2026-08-09 14:39:55,29.1,52.1838930347472,5.27600772213758,5,Soest,NL
Utrecht,Utrecht_T2,02:00:00:02:f3:92,2026-08-09 14:31:15,29.1,52.185829,5.289498,11,Soest,NL
Utrecht,Utrecht_T2,02:00:00:b4:e8:ee,2026-08-09 14:34:43,31.3,52.185532,5.296697,9,Soest,NL
Utrecht,Utrecht_T2,02:00:00:b2:be:4a,2026-08-09 14:39:03,30.7,52.182134,5.302085,8,Soest,NL
Utrecht,Utrecht_T2,02:00:00:7a:b5:60,2026-08-09 14:31:14,30.7,52.189513,5.28451299999998,7,Soest,NL
Utrecht,Utrecht_T2,02:00:00:1d:ec:aa,2026-08-09 14:31:02,31.8,52.190209,5.284914,3,Soest,NL
Utrecht,Utrecht_T2,02:00:00:6b:5e:00,2026-08-09 14:33:49,30.0,52.18958,5.285416,3,Soest,NL
Utrecht,Utrecht_T2,02:00:00:5e:fd:72,2026-08-09 14:37:43,30.6,52.1916211079577,5.29531314838943,2,Baarn,NL
Utrecht,Utrecht_T2,02:00:00:74:36:ec,2026-08-09 14:34:42,31.2,52.1987916,5.29681810000006,0,Baarn,NL
Utrecht,Utrecht_T2,02:00:00:b5:a7:2e,2026-08-09 14:35:04,31.6,52.204551,5.29403400000005,4,Baarn,NL
Utrecht,Utrecht_T2,02:00:00:05:5e:4c,2026-08-09 14:37:35,28.1,52.208508,5.285955,8,Baarn,NL
Utrecht,Utrecht_T2,02:00:00:5e:da:38,2026-08-09 14:35:51,28.2,52.20741,5.289788,8,Baarn,NL
Utrecht,Utrecht_T2,02:00:00:03:a5:92,2026-08-09 14:38:13,30.0,52.205826,5.303774,1,Baarn,NL
Utrecht,Utrecht_T2,02:00:00:6b:4e:c2,2026-08-09 14:36:29,30.4,52.205954,5.303684,1,Baarn,NL
Utrecht,Utrecht_T2,02:00:00:9b:5d:8c,2026-08-09 14:40:36,30.2,52.2144057,5.2672261,15,Baarn,NL
Utrecht,Utrecht_T2,02:00:00:73:a9:6a,2026-08-09 14:33:50,30.3,52.211376,5.2808995,14,Baarn,NL
Utrecht,Utrecht_T2,02:00:00:1e:21:48,2026-08-09 14:31:55,28.7,52.215519,5.288773,6,Baarn,NL
Utrecht,Utrecht_T2,02:00:00:b2:ca:86,2026-08-09 14:37:24,30.8,52.211498260498,5.29220008850098,8,Baarn,NL
Utrecht,Utrecht_T2,02:00:00:90:7d:3c,2026-08-09 14:37:45,31.1,52.214039,5.301358,4,Baarn,NL
Utrecht,Utrecht_T2,02:00:00:64:24:30,2026-08-09 14:39:51,32.1,52.2223117937543,5.20657381176758,7,Hilversum,NL
Utrecht,Utrecht_T2,02:00:00:a9:54:cc,2026-08-09 14:33:03,36.1,52.220841,5.27057,3,Baarn,NL
Utrecht,Utrecht_T2,02:00:00:5e:d4:3c,2026-08-09 14:31:40,31.0,52.2219,5.2869,0,Kortenhoef,NL
Utrecht,Utrecht_T2,02:00:00:3f:5b:90,2026-08-09 14:30:13,30.8,52.2184876,5.2895261,3,Baarn,NL
Utrecht,Utrecht_T2,02:00:00:7f:da:5c,2026-08-09 14:39:30,30.9,52.0531304369579,5.22815108299255,4,Odijk,NL
Utrecht,Utrecht_T2,02:00:00:6b:5c:40,2026-08-09 14:31:27,31.5,52.054557,5.231227,4,Odijk,NL
Utrecht,Utrecht_T2,02:00:00:83:93:78,2026-08-09 14:35:07,31.9,52.055734,5.266538,4,Driebergen-Rijsenburg,NL
Utrecht,Utrecht_T2,02:00:00:b2:c5:82,2026-08-09 14:37:06,29.3,52.053513,5.28343899999996,7,Driebergen-Rijsenburg,NL
Utrecht,Utrecht_T2,02:00:00:05:4c:fe,2026-08-09 14:38:11,26.2,52.05599,5.302302,8,Driebergen-Rijsenburg,NL
Utrecht,Utrecht_T2,02:00:00:53:4b:f6,2026-08-09 14:35:33,31.3,52.0663334077756,5.27181981444309,7,Utrechtse Heuvelrug,NL
Utrecht,Utrecht_T2,02:00:00:5f:31:da,2026-08-09 14:38:11,27.6,52.060634,5.303621,9,Driebergen-Rijsenburg,NL
Utrecht,Utrecht_T2,02:00:00:69:2d:ce,2026-08-09 14:36:48,31.3,52.0776864965393,5.21996678862774,2,Zeist,NL
Utrecht,Utrecht_T2,02:00:00:b5:95:b6,2026-08-09 14:39:40,32.7,52.076054,5.2236304,3,Zeist,NL
Utrecht,Utrecht_T2,02:00:00:b2:bb:54,2026-08-09 14:36:08,32.1,52.0786513426098,5.22461088050372,4,Zeist,NL
Utrecht,Utrecht_T2,02:00:00:1e:2b:70,2026-08-09 14:35:17,29.1,52.077486,5.262767,7,Zeist,NL
Utrecht,Utrecht_T2,02:00:00:6b:50:1c,2026-08-09 14:40:08,33.2,52.0831358136488,5.20810304846899,3,Zeist,NL
Utrecht,Utrecht_T2,02:00:00:3c:09:22,2026-08-09 14:32:28,32.6,52.08636,5.221066,4,Zeist,NL
Utrecht,Utrecht_T2,02:00:00:b5:a7:22,2026-08-09 14:36:12,30.5,52.086941,5.225881,3,Zeist,NL
Utrecht,Utrecht_T2,02:00:00:b5:78:be,2026-08-09 14:36:43,30.7,52.0856160136376,5.24176729332961,10,Zeist,NL
Utrecht,Utrecht_T2,02:00:00:71:2a:b6,2026-08-09 14:38:13,33.3,52.0859,5.251713,8,Zeist,NL
Utrecht,Utrecht_T2,02:00:00:2b:15:76,2026-08-09 14:40:27,30.6,52.081371,5.269217,9,Zeist,NL
Utrecht,Utrecht_T2,02:00:00:c3:d4:02,2026-08-09 14:39:12,30.2,52.081804,5.271518,9,Zeist,NL
Utrecht,Utrecht_T2,02:00:00:2b:1b:b8,2026-08-09 14:34:54,30.0,52.0832,5.3114,16,Zeist,NL
Utrecht,Utrecht_T2,02:00:00:2d:02:84,2026-08-09 14:34:33,33.6,52.0891283153717,5.22022247314453,4,Zeist,NL
Utrecht,Utrecht_T2,02:00:00:be:08:80,2026-08-09 14:35:28,31.6,52.08921,5.23415,4,Zeist,NL
Utrecht,Utrecht_T2,02:00:00:a9:76:24,2026-08-09 14:36:22,33.7,52.0949630737305,5.24057006835938,6,Zeist,NL
Utrecht,Utrecht_T2,02:00:00:7a:86:6c,2026-08-09 14:37:26,31.9,52.096791,5.223656,6,Zeist,NL
Utrecht,Utrecht_T2,02:00:00:70:52:12,2026-08-09 14:40:00,32.6,52.0989064,5.2171375,7,Zeist,NL
Utrecht,Utrecht_T2,02:00:00:a9:7b:ee,2026-08-09 14:30:47,31.7,52.101676940918,5.22248458862305,7,Zeist,NL
Utrecht,Utrecht_T2,02:00:00:01:97:ee,2026-08-09 14:36:48,34.1,52.095773,5.238273,8,Zeist,NL
Utrecht,Utrecht_T2,02:00:00:04:78:82,2026-08-09 14:36:00,30.8,52.1007772460734,5.24760032682437,9,Zeist,NL
Utrecht,Utrecht_T2,02:00:00:c3:89:70,2026-08-09 14:37:53,32.0,52.09627,5.25480000000008,10,Zeist,NL
Utrecht,Utrecht_T2,02:00:00:b5:7f:6e,2026-08-09 14:30:09,28.5,52.096116,5.275819,16,Zeist,NL
Utrecht,Utrecht_T2,02:00:00:00:cf:e2,2026-08-09 14:37:03,30.8,52.1165564224102,5.27588927533017,26,Zeist,NL
Utrecht,Utrecht_T2,02:00:00:32:d5:b4,2026-08-09 14:30:53,29.4,52.120705,5.242738,11,Zeist,NL
Utrecht,Utrecht_T2,02:00:00:2e:f1:88,2026-08-09 14:32:06,31.1,52.118117,5.282257,18,Soest,NL
Utrecht,Utrecht_T2,02:00:00:58:d1:7c,2026-08-09 14:30:59,32.7,52.1175345595035,5.29194567397049,21,Soest,NL
Utrecht,Utrecht_T2,02:00:00:19:a7:d8,2026-08-09 14:35:26,30.6,52.1270529486221,5.20968830477742,9,De Bilt,NL
Utrecht,Utrecht_T2,02:00:00:1c:70:32,2026-08-09 14:35:49,29.4,52.1276989082711,5.20827054977417,6,Bilthoven,NL
Utrecht,Utrecht_T2,02:00:00:83:f8:ea,2026-08-09 14:32:21,31.2,52.130348,5.321519,28,Soest,NL
Utrecht,Utrecht_T2,02:00:00:64:3a:06,2026-08-09 14:32:51,28.4,52.135639,5.211466,8,Bilthoven,NL
Utrecht,Utrecht_T2,02:00:00:b2:c4:4c,2026-08-09 14:39:16,28.4,52.137758,5.221579,12,Bilthoven,NL
Utrecht,Utrecht_T2,02:00:00:33:d9:9a,2026-08-09 14:36:55,26.4,52.134636,5.224104,9,Bilthoven,NL
Utrecht,Utrecht_T2,02:00:00:84:6f:f6,2026-08-09 14:36:11,29.6,52.138655,5.227653,12,Bilthoven,NL
Utrecht,Utrecht_T4,02:00:00:6b:3d:f0,2026-08-09 14:37:41,30.6,51.97041,5.3251667,4,Wijk bij Duurstede,NL
Utrecht,Utrecht_T4,02:00:00:bd:e6:3e,2026-08-09 14:35:51,29.3,51.975275,5.26539600000004,4,Wijk bij Duurstede,NL
Utrecht,Utrecht_T4,02:00:00:b9:7e:bc,2026-08-09 14:37:35,30.2,51.9745712280273,5.32293891906738,4,Wijk bij Duurstede,NL
Utrecht,Utrecht_T4,02:00:00:b2:bf:24,2026-08-09 14:39:25,28.7,51.9741426,5.3303036,7,Wijk bij Duurstede,NL
Utrecht,Utrecht_T4,02:00:00:a4:63:b8,2026-08-09 14:39:21,29.0,51.97438,5.330925,6,Wijk bij Duurstede,NL
Utrecht,Utrecht_T4,02:00:00:36:9b:82,2026-08-09 14:35:57,32.0,51.999313,5.289134,3,Wijk bij Duurstede,NL
Utrecht,Utrecht_T4,02:00:00:90:f2:7e,2026-08-09 14:38:02,30.6,51.99773,5.309787,5,Wijk bij Duurstede,NL
Utrecht,Utrecht_T4,02:00:00:a9:e1:5e,2026-08-09 14:31:19,29.1,52.0263927164212,5.24514555931091,5,Werkhoven,NL
Utrecht,Utrecht_T4,02:00:00:7a:eb:c2,2026-08-09 14:37:52,30.8,52.036995,5.3325458,13,Doorn,NL
Utrecht,Utrecht_T4,02:00:00:29:6c:4e,2026-08-09 14:33:14,26.9,52.0390061,5.3007427,10,Doorn,NL
Utrecht,Utrecht_T4,02:00:00:a2:48:d0,2026-08-09 14:38:50,30.6,52.0388313921198,5.32877147197723,13,Doorn,NL
Utrecht,Utrecht_T4,02:00:00:af:5d:be,2026-08-09 14:36:10,29.3,52.0412,5.3359,11,Doorn,NL
Utrecht,Utrecht_T4,02:00:00:36:d9:b6,2026-08-09 14:36:20,29.6,52.048683,5.221462,1,Odijk,NL
Utrecht,Utrecht_T4,02:00:00:b5:84:ee,2026-08-09 14:38:08,31.6,52.0466380367294,5.26715040206909,4,Driebergen-Rijsenburg,NL
Utrecht,Utrecht_T4,02:00:00:70:1a:66,2026-08-09 14:36:03,29.7,52.047715,5.278042,4,Driebergen-Rijsenburg,NL
Utrecht,Utrecht_T4,02:00:00:70:20:ea,2026-08-09 14:38:55,29.2,52.049884,5.282535,6,Driebergen-Rijsenburg,NL
Utrecht,Utrecht_T4,02:00:00:7a:fc:c0,2026-08-09 14:32:56,31.9,51.985681,5.077175,5,Vianen,NL
Utrecht,Utrecht_T4,02:00:00:bc:e5:5a,2026-08-09 14:40:09,31.9,51.985033,5.080696,3,Vianen,NL
Utrecht,Utrecht_T4,02:00:00:af:80:9e,2026-08-09 14:36:21,31.8,51.984738,5.086291,2,Vianen,NL
Utrecht,Utrecht_T4,02:00:00:31:ed:ec,2026-08-09 14:33:20,32.6,51.983323,5.093653,2,Vianen,NL
Utrecht,Utrecht_T4,02:00:00:7f:8d:c4,2026-08-09 14:33:11,29.3,51.9830332883009,5.12328207492826,3,Hagestein,NL
Utrecht,Utrecht_T4,02:00:00:b2:b1:fc,2026-08-09 14:38:05,32.1,51.9884779,5.07393630000002,2,Vianen,NL
Utrecht,Utrecht_T4,02:00:00:b9:1e:ca,2026-08-09 14:37:24,30.9,51.9914952649266,5.10561422229253,2,Vianen,NL
Utrecht,Utrecht_T4,02:00:00:52:ed:28,2026-08-09 14:33:50,34.4,51.993881,5.120075,3,Hoef en Haag,NL
Utrecht,Utrecht_T4,02:00:00:a9:87:e4,2026-08-09 14:30:58,33.7,51.9912528991699,5.12258720397949,0,Hoef en Haag,NL
Utrecht,Utrecht_T4,02:00:00:28:d9:60,2026-08-09 14:32:17,31.3,52.008254895269,5.07912755012512,1,Nieuwegein,NL
Utrecht,Utrecht_T4,02:00:00:ab:df:d2,2026-08-09 14:37:52,31.5,52.0028160778323,5.0815361738205,8,Nieuwegein,NL
Utrecht,Utrecht_T4,02:00:00:06:71:46,2026-08-09 14:40:01,30.3,52.0032156734361,5.08314549922943,8,Nieuwegein,NL
Utrecht,Utrecht_T4,02:00:00:c6:28:f6,2026-08-09 14:39:16,32.1,52.006166,5.089671,2,Nieuwegein,NL
Utrecht,Utrecht_T4,02:00:00:05:88:3e,2026-08-09 14:33:23,29.6,52.0059471130371,5.09136486053467,0,Nieuwegein,NL
Utrecht,Utrecht_T4,02:00:00:28:f1:f2,2026-08-09 14:37:22,30.5,52.004566,5.0946593,5,Nieuwegein,NL
Utrecht,Utrecht_T4,02:00:00:63:02:40,2026-08-09 14:34:23,28.8,52.0100655920947,5.07965231726042,3,Nieuwegein,NL
Utrecht,Utrecht_T4,02:00:00:af:32:52,2026-08-09 14:32:02,31.1,52.0100655920947,5.07965231726042,3,Nieuwegein,NL
Utrecht,Utrecht_T4,02:00:00:37:29:34,2026-08-09 14:31:02,34.2,52.0121,5.0976,0,Nieuwegein,NL
Utrecht,Utrecht_T4,02:00:00:bc:e4:84,2026-08-09 14:32:36,30.8,52.0147933959961,5.09334754943848,1,Nieuwegein,NL
Utrecht,Utrecht_T4,02:00:00:bc:aa:ca,2026-08-09 14:26:39,32.1,52.0104637145996,5.09828901290894,1,Nieuwegein,NL
Utrecht,Utrecht_T4,02:00:00:2c:96:ec,2026-08-09 14:31:50,31.6,52.0109091557339,5.09877757132759,0,Nieuwegein,NL
Utrecht,Utrecht_T4,02:00:00:31:f0:4e,2026-08-09 14:33:03,34.8,52.010011,5.102632,4,Nieuwegein,NL
Utrecht,Utrecht_T4,02:00:00:12:63:b8,2026-08-09 14:36:56,29.9,52.0151322,5.16602090000003,0,Houten,NL
Utrecht,Utrecht_T4,02:00:00:2e:9a:ba,2026-08-09 14:34:54,32.6,52.015831,5.165842,0,Houten,NL
Utrecht,Utrecht_T4,02:00:00:b0:97:7c,2026-08-09 14:33:47,30.0,52.013998,5.17295,0,Houten,NL
Utrecht,Utrecht_T4,02:00:00:a2:03:fe,2026-08-09 14:39:27,32.3,52.013622,5.186657,3,Houten,NL
Utrecht,Utrecht_T4,02:00:00:33:c3:4a,2026-08-09 14:32:10,28.9,52.014978,5.187588,1,Houten,NL
Utrecht,Utrecht_T4,02:00:00:b2:a5:e2,2026-08-09 14:38:11,29.5,52.0213043701897,5.0796202400924,2,Nieuwegein,NL
Utrecht,Utrecht_T4,02:00:00:84:57:1c,2026-08-09 14:33:23,34.3,52.0224339,5.080256,0,Nieuwegein,NL
Utrecht,Utrecht_T4,02:00:00:84:0a:b8,2026-08-09 14:37:13,27.9,52.0213096,5.1495568,0,Houten,NL
Utrecht,Utrecht_T4,02:00:00:c3:d0:08,2026-08-09 14:36:06,28.1,52.02109,5.159084,3,Houten,NL
Utrecht,Utrecht_T4,02:00:00:1e:1f:c2,2026-08-09 14:33:43,30.8,52.0217800772731,5.16331951003446,0,Houten,NL
Utrecht,Utrecht_T4,02:00:00:b5:8f:e6,2026-08-09 14:39:12,30.8,52.018731,5.165264,1,Houten,NL
Utrecht,Utrecht_T4,02:00:00:12:cb:34,2026-08-09 14:31:20,31.4,52.019136,5.170292,2,Houten,NL
Utrecht,Utrecht_T4,02:00:00:c2:84:82,2026-08-09 14:34:07,30.6,52.019263,5.17283,2,Houten,NL
Utrecht,Utrecht_T4,02:00:00:58:e4:24,2026-08-09 14:33:40,37.9,52.016465,5.1768259,2,Houten,NL
Utrecht,Utrecht_T4,02:00:00:65:4f:8c,2026-08-09 14:32:40,33.0,52.0177737114648,5.18543422222138,2,Houten,NL
Utrecht,Utrecht_T4,02:00:00:74:5a:e8,2026-08-09 14:36:18,30.9,52.020733,5.186188,3,Houten,NL
Utrecht,Utrecht_T4,02:00:00:74:3b:36,2026-08-09 14:34:44,29.6,52.0223,5.1895,0,Houten,NL
Utrecht,Utrecht_T4,02:00:00:04:93:06,2026-08-09 14:30:56,30.6,52.0289905,5.07187920000001,4,Nieuwegein,NL
Utrecht,Utrecht_T4,02:00:00:b8:f9:c8,2026-08-09 14:35:32,32.6,52.0287780761719,5.08565378189087,6,Nieuwegein,NL
Utrecht,Utrecht_T4,02:00:00:a4:88:28,2026-08-09 14:37:44,31.1,52.0269966125488,5.08844327926636,1,Nieuwegein,NL
Utrecht,Utrecht_T4,02:00:00:05:4b:50,2026-08-09 14:36:02,37.5,52.0289077758789,5.09456300735474,2,Nieuwegein,NL
Utrecht,Utrecht_T4,02:00:00:32:db:f2,2026-08-09 14:38:56,29.2,52.0269902,5.1541533,3,Houten,NL
Utrecht,Utrecht_T4,02:00:00:01:06:72,2026-08-09 14:30:52,32.1,52.028621673584,5.15482234954834,2,Houten,NL
Utrecht,Utrecht_T4,02:00:00:33:19:c6,2026-08-09 14:35:13,29.5,52.0243587320194,5.18782782552989,4,Houten,NL
Utrecht,Utrecht_T4,02:00:00:a2:16:ca,2026-08-09 14:39:20,30.3,52.0239254,5.1937902,4,Houten,NL
Utrecht,Utrecht_T4,02:00:00:58:f8:20,2026-08-09 14:31:16,31.0,52.026073,5.1916294,2,Houten,NL
Utrecht,Utrecht_T4,02:00:00:2b:24:a4,2026-08-09 14:30:49,28.8,52.031801,5.068737,2,Nieuwegein,NL
Utrecht,Utrecht_T4,02:00:00:12:f7:00,2026-08-09 14:32:43,32.1,52.033787,5.08994400000002,2,Nieuwegein,NL
Utrecht,Utrecht_T4,02:00:00:70:44:b6,2026-08-09 14:30:49,33.1,52.031138,5.153576,3,Houten,NL
Utrecht,Utrecht_T4,02:00:00:a4:45:fc,2026-08-09 14:40:32,31.4,52.036554,5.148482,3,Houten,NL
Utrecht,Utrecht_T4,02:00:00:74:59:5e,2026-08-09 14:37:18,29.6,52.032651,5.150862,2,Houten,NL
Utrecht,Utrecht_T4,02:00:00:ab:dd:0a,2026-08-09 14:37:36,29.5,52.0323257446289,5.16029739379883,3,Houten,NL
Utrecht,Utrecht_T4,02:00:00:6b:2a:78,2026-08-09 14:36:29,30.6,52.0377721438269,5.16268372535706,3,Houten,NL
Utrecht,Utrecht_T4,02:00:00:b5:88:ca,2026-08-09 14:37:31,27.7,52.0330682,5.1643068,2,Houten,NL
Utrecht,Utrecht_T4,02:00:00:5f:4f:c8,2026-08-09 14:36:42,29.6,52.035129,5.182718,4,Houten,NL
Utrecht,Utrecht_T4,02:00:00:28:c7:0c,2026-08-09 14:33:08,26.7,52.037256,5.182483,2,Houten,NL
Utrecht,Utrecht_T4,02:00:00:12:64:3c,2026-08-09 14:36:19,31.9,52.042369,5.07917,3,Nieuwegein,NL
Utrecht,Utrecht_T4,02:00:00:53:1e:a0,2026-08-09 14:36:40,30.4,52.0402059772848,5.10207018160772,3,Nieuwegein,NL
Utrecht,Utrecht_T4,02:00:00:63:0f:fc,2026-08-09 14:31:44,32.3,52.043643951416,5.09791469573975,3,Nieuwegein,NL
Utrecht,Utrecht_T4,02:00:00:3f:0f:d8,2026-08-09 14:31:17,30.8,52.0384495763292,5.15799684264228,3,Houten,NL
Utrecht,Utrecht_T4,02:00:00:70:3c:28,2026-08-09 14:39:09,33.0,52.0407289705737,5.167678504783,4,Houten,NL
Utrecht,Utrecht_T4,02:00:00:02:95:d6,2026-08-09 14:37:31,28.8,52.0402984619141,5.17449998855591,2,Houten,NL
Utrecht,Utrecht_T4,02:00:00:69:27:06,2026-08-09 14:35:56,31.7,52.040443,5.176922,4,Houten,NL
Utrecht,Utrecht_T4,02:00:00:b5:93:ca,2026-08-09 14:37:08,30.5,52.0392990112305,5.18340015411377,5,Houten,NL
Utrecht,Utrecht_T4,02:00:00:3f:58:86,2026-08-09 14:32:37,30.6,52.0481972904497,5.06761884202619,1,Nieuwegein,NL
Utrecht,Utrecht_T4,02:00:00:5f:01:94,2026-08-09 14:32:06,30.9,52.0484008789062,5.06870937347412,1,Nieuwegein,NL
Utrecht,Utrecht_T4,02:00:00:70:2b:d4,2026-08-09 14:31:52,40.6,52.045972,5.07087,1,Nieuwegein,NL
Utrecht,Utrecht_T4,02:00:00:a2:79:5e,2026-08-09 14:38:17,33.4,52.0471801757812,5.09753036499023,1,Nieuwegein,NL
Utrecht,Utrecht_T4,02:00:00:7f:c1:6a,2026-08-09 14:37:13,33.6,52.048702,5.096273,1,Nieuwegein,NL
Utrecht,Utrecht_T4,02:00:00:02:81:ca,2026-08-09 14:36:24,33.1,52.051337,5.095642,5,Nieuwegein,NL
Amsterdam,Amsterdam_T1,02:00:00:1b:0b:da,2026-08-09 14:31:31,30.7,52.49417,4.78894000000004,2,Wormerveer,NL
Amsterdam,Amsterdam_T1,02:00:00:12:61:86,2026-08-09 14:36:19,33.4,52.4917057073896,4.80021612200147,2,Wormer,NL
Amsterdam,Amsterdam_T1,02:00:00:c2:84:0a,2026-08-09 14:40:12,31.4,52.4948445773121,4.79308347650687,2,Wormerveer,NL
Amsterdam,Amsterdam_T1,02:00:00:a4:18:7c,2026-08-09 14:37:38,36.7,52.493057,4.807123,0,Wormer,NL
Amsterdam,Amsterdam_T1,02:00:00:53:50:2a,2026-08-09 14:37:51,30.4,52.496266,4.819022,1,Wormer,NL
Amsterdam,Amsterdam_T1,02:00:00:8d:d0:7c,2026-08-09 14:32:29,31.0,52.490391116113,4.92924329763459,0,Purmerend,NL
Amsterdam,Amsterdam_T1,02:00:00:03:c7:82,2026-08-09 14:38:46,30.1,52.488343,4.938001,0,Purmerend,NL
Amsterdam,Amsterdam_T1,02:00:00:58:f7:dc,2026-08-09 14:38:13,31.0,52.496575,4.927704,0,Purmerend,NL
Amsterdam,Amsterdam_T1,02:00:00:9c:d8:1a,2026-08-09 14:33:28,31.4,52.4915202,4.96165890000017,0,Purmerend,NL
Amsterdam,Amsterdam_T1,02:00:00:c3:93:f6,2026-08-09 14:37:23,30.9,52.49484,4.946418,0,Purmerend,NL
Amsterdam,Amsterdam_T1,02:00:00:36:99:3e,2026-08-09 14:33:52,29.8,52.4873166828203,4.97366015893508,0,Purmerend,NL
Amsterdam,Amsterdam_T1,02:00:00:33:e1:40,2026-08-09 14:34:19,31.9,52.488644,4.9737200000001,0,Purmerend,NL
Amsterdam,Amsterdam_T1,02:00:00:13:45:82,2026-08-09 14:38:45,31.9,52.494463,4.982065,0,Purmerend,NL
Amsterdam,Amsterdam_T1,02:00:00:27:50:a8,2026-08-09 14:36:48,32.2,52.493988,5.047598,0,Volendam,NL
Amsterdam,Amsterdam_T1,02:00:00:02:f5:96,2026-08-09 14:39:48,31.2,52.496988,5.050034,0,Volendam,NL
Amsterdam,Amsterdam_T1,02:00:00:13:0f:6c,2026-08-09 14:31:53,32.2,52.500239,4.816214,0,Wormer,NL
Amsterdam,Amsterdam_T1,02:00:00:1c:6d:42,2026-08-09 14:32:54,30.3,52.500429,4.8242,1,Wormer,NL
Amsterdam,Amsterdam_T1,02:00:00:a4:41:de,2026-08-09 14:36:18,28.1,52.4998027881579,4.82577238512022,0,Wormer,NL
Amsterdam,Amsterdam_T1,02:00:00:70:52:6c,2026-08-09 14:30:46,26.9,52.509555,4.84741,0,Jisp,NL
Amsterdam,Amsterdam_T1,02:00:00:b5:b8:40,2026-08-09 14:39:05,32.3,52.5068085021421,4.91711662457473,0,Neck,NL
Amsterdam,Amsterdam_T1,02:00:00:9d:13:34,2026-08-09 14:35:34,32.9,52.498358,4.94377,0,Purmerend,NL
Amsterdam,Amsterdam_T1,02:00:00:b5:86:1a,2026-08-09 14:32:53,31.3,52.499132,4.950515,0,Purmerend,NL
Amsterdam,Amsterdam_T1,02:00:00:1d:eb:96,2026-08-09 14:34:44,31.7,52.505266,4.949082,1,Purmerend,NL
Amsterdam,Amsterdam_T1,02:00:00:7f:cd:5a,2026-08-09 14:34:16,31.3,52.499632,4.954935,0,Purmerend,NL
Amsterdam,Amsterdam_T1,02:00:00:28:ba:8e,2026-08-09 14:33:31,34.5,52.49846,4.985919,0,Purmerend,NL
Amsterdam,Amsterdam_T1,02:00:00:01:cb:8a,2026-08-09 14:35:11,32.3,52.500789,4.986087,0,Purmerend,NL
Amsterdam,Amsterdam_T1,02:00:00:b2:a8:8a,2026-08-09 14:34:40,28.6,52.5045,4.9867,0,Purmerend,NL
Amsterdam,Amsterdam_T1,02:00:00:7a:ea:00,2026-08-09 14:40:44,34.0,52.510647,4.9936514,0,Purmerend,NL
Amsterdam,Amsterdam_T1,02:00:00:1f:3e:84,2026-08-09 14:33:08,33.5,52.504946,5.05026,0,Edam-Volendam,NL
Amsterdam,Amsterdam_T1,02:00:00:6b:56:92,2026-08-09 14:36:50,32.3,52.5107399131418,5.05132626109,2,Edam,NL
Amsterdam,Amsterdam_T1,02:00:00:ab:f4:ec,2026-08-09 14:38:25,27.9,52.503962,5.060446,0,Volendam,NL
Amsterdam,Amsterdam_T1,02:00:00:7f:af:0c,2026-08-09 14:33:19,28.9,52.514489,4.963296,0,Purmerend,NL
Amsterdam,Amsterdam_T1,02:00:00:70:1b:98,2026-08-09 14:31:33,30.3,52.518831,4.948998,0,Zuidoostbeemster,NL
Amsterdam,Amsterdam_T1,02:00:00:14:48:40,2026-08-09 14:29:24,28.7,52.514999,4.952826,0,Purmerend,NL
Amsterdam,Amsterdam_T1,02:00:00:2e:ec:0a,2026-08-09 14:32:55,30.8,52.513165,4.985127,0,Purmerend,NL
Amsterdam,Amsterdam_T1,02:00:00:7a:a3:b2,2026-08-09 14:37:19,29.2,52.52057,4.9764185,0,Purmerend,NL
Amsterdam,Amsterdam_T1,02:00:00:a4:43:5c,2026-08-09 14:40:34,32.2,52.51412,5.05999,1,Edam,NL
Amsterdam,Amsterdam_T1,02:00:00:5f:01:22,2026-08-09 14:37:19,32.3,52.526959,4.887042,0,Beemster,NL
Amsterdam,Amsterdam_T1,02:00:00:2b:22:ba,2026-08-09 14:35:09,29.4,52.528348,4.978256,1,Kwadijk,NL
Amsterdam,Amsterdam_T1,02:00:00:2f:2a:40,2026-08-09 14:32:26,25.7,52.54467,4.81628,0,Alkmaar,NL
Amsterdam,Amsterdam_T1,02:00:00:2b:20:e2,2026-08-09 14:37:05,29.9,52.557103,4.842962,0,De Rijp,NL
Amsterdam,Amsterdam_T1,02:00:00:a2:4e:70,2026-08-09 14:39:56,27.5,52.560772,4.83367,0,Graft,NL
Amsterdam,Amsterdam_T1,02:00:00:5e:d1:f0,2026-08-09 14:32:18,30.2,52.557323,4.95315,0,Middenbeemster,NL
Amsterdam,Amsterdam_T1,02:00:00:8d:d2:a6,2026-08-09 14:33:09,27.2,52.5748079414121,4.9975723028183,1,Oosthuizen,NL
Amsterdam,Amsterdam_T1,02:00:00:bd:cf:d4,2026-08-09 14:40:02,29.8,52.583034,4.850177,1,Grootschermer,NL
Amsterdam,Amsterdam_T1,02:00:00:18:fe:32,2026-08-09 14:33:36,39.4,52.589092,4.889988,0,Noordbeemster,NL
Amsterdam,Amsterdam_T1,02:00:00:5e:e2:a2,2026-08-09 14:32:57,29.8,52.590799,4.99267889999998,0,Beets,NL
Amsterdam,Amsterdam_T1,02:00:00:a9:e7:3e,2026-08-09 14:31:57,28.5,52.5977249145508,4.80700254440308,0,Zuidschermer,NL
Amsterdam,Amsterdam_T1,02:00:00:a9:9a:0e,2026-08-09 14:34:34,29.3,52.60907,4.82852,0,Stompetoren,NL
Amsterdam,Amsterdam_T1,02:00:00:a4:1f:24,2026-08-09 14:39:58,36.1,52.601368,4.895885,0,Schermerhorn,NL
Amsterdam,Amsterdam_T1,02:00:00:00:5c:fe,2026-08-09 14:35:48,30.3,52.611835,4.819923,0,Stompetoren,NL
Amsterdam,Amsterdam_T1,02:00:00:a2:05:f0,2026-08-09 14:32:01,30.7,52.61378,4.8226314,0,Stompetoren,NL
Amsterdam,Amsterdam_T1,02:00:00:b5:9f:ce,2026-08-09 14:34:28,29.7,52.616386,4.82743400000004,0,Stompetoren,NL
Amsterdam,Amsterdam_T1,02:00:00:3c:f7:c6,2026-08-09 14:31:20,29.5,52.617355,4.951664,0,Avenhorn,NL
Amsterdam,Amsterdam_T1,02:00:00:6b:31:7e,2026-08-09 14:38:07,30.6,52.634415,4.8763695,0,Rustenburg,NL
Amsterdam,Amsterdam_T1,02:00:00:36:d3:84,2026-08-09 14:33:36,32.6,52.636567,4.911496,0,Ursem,NL
Amsterdam,Amsterdam_T1,02:00:00:05:f7:7a,2026-08-09 14:39:37,32.8,52.6322945249135,4.94891703128815,0,De Goorn,NL
Amsterdam,Amsterdam_T1,02:00:00:9d:00:22,2026-08-09 14:31:36,29.0,52.6390495300293,4.98681020736694,0,Berkhout,NL
Amsterdam,Amsterdam_T1,02:00:00:58:dd:3c,2026-08-09 14:32:06,32.6,52.6367146407962,5.02217284801564,0,Hoorn,NL
Amsterdam,Amsterdam_T1,02:00:00:31:d8:fc,2026-08-09 14:37:16,30.0,52.6358,5.035,1,Hoorn,NL
Amsterdam,Amsterdam_T1,02:00:00:7f:aa:9a,2026-08-09 14:36:25,27.9,52.6374130249023,5.03559350967407,0,Hoorn,NL
Amsterdam,Amsterdam_T1,02:00:00:12:5a:d0,2026-08-09 14:35:34,30.3,52.6491675042269,4.78180266103391,0,Alkmaar,NL
Amsterdam,Amsterdam_T1,02:00:00:8d:c8:3e,2026-08-09 14:40:22,31.9,52.6458,4.8165,0,Heerhugowaard,NL
Amsterdam,Amsterdam_T1,02:00:00:70:45:b4,2026-08-09 14:36:18,29.3,52.6408805482461,4.82286089912765,0,Heerhugowaard,NL
Amsterdam,Amsterdam_T1,02:00:00:3f:78:02,2026-08-09 14:38:46,33.0,52.650978,4.819594,0,Heerhugowaard,NL
Amsterdam,Amsterdam_T1,02:00:00:73:a4:18,2026-08-09 14:31:35,34.8,52.651179,4.836669,0,Heerhugowaard,NL
Amsterdam,Amsterdam_T1,02:00:00:84:a4:8a,2026-08-09 14:36:07,30.3,52.65307,4.842089,0,Heerhugowaard,NL
Amsterdam,Amsterdam_T1,02:00:00:ab:e2:60,2026-08-09 14:39:44,33.1,52.6533337948181,5.00276838610966,0,Berkhout,NL
Amsterdam,Amsterdam_T1,02:00:00:bd:f8:2a,2026-08-09 14:39:51,31.0,52.6404246842747,5.01088078453655,0,Berkhout,NL
Amsterdam,Amsterdam_T1,02:00:00:a2:62:b0,2026-08-09 14:32:37,23.8,52.644273,5.058899,0,Hoorn,NL
Amsterdam,Amsterdam_T1,02:00:00:ab:e6:7e,2026-08-09 14:35:43,25.4,52.6451580761367,5.06099598419189,0,Hoorn,NL
Amsterdam,Amsterdam_T1,02:00:00:6b:8c:40,2026-08-09 14:34:07,30.8,52.314831,4.863595,0,Amstelveen,NL
Amsterdam,Amsterdam_T1,02:00:00:3d:0e:66,2026-08-09 14:38:36,30.6,52.3116821436819,4.86693327521717,0,Amstelveen,NL
Amsterdam,Amsterdam_T1,02:00:00:2f:24:f4,2026-08-09 14:38:33,33.5,52.3131760328984,4.9050662899177,0,Amstelveen,NL
Amsterdam,Amsterdam_T1,02:00:00:90:ba:a6,2026-08-09 14:37:36,30.5,52.3243254,4.945702,1,Amsterdam,NL
Amsterdam,Amsterdam_T1,02:00:00:64:f4:40,2026-08-09 14:33:54,30.8,52.323489,4.949922,0,Amsterdam,NL
Amsterdam,Amsterdam_T1,02:00:00:a9:c7:92,2026-08-09 14:34:36,31.7,52.3181934768859,4.99123257230989,0,Amsterdam,NL
Amsterdam,Amsterdam_T1,02:00:00:b9:52:60,2026-08-09 14:32:26,29.0,52.3166694641113,5.02612543106079,0,Weesp,NL
Amsterdam,Amsterdam_T1,02:00:00:73:a6:c6,2026-08-09 14:34:22,29.3,52.314064,5.0302644,4,Weesp,NL
Amsterdam,Amsterdam_T1,02:00:00:a9:70:6c,2026-08-09 14:40:15,30.4,52.319796,5.037465,0,Weesp,NL
Amsterdam,Amsterdam_T1,02:00:00:9c:e0:8c,2026-08-09 14:38:39,35.4,52.31591,5.04735999999998,0,Weesp,NL
Amsterdam,Amsterdam_T1,02:00:00:1e:02:e4,2026-08-09 14:35:41,31.5,52.317602,5.04012000000006,0,Weesp,NL
Amsterdam,Amsterdam_T1,02:00:00:bc:ac:0e,2026-08-09 14:38:42,32.1,52.317851,5.049238,0,Weesp,NL
Amsterdam,Amsterdam_T1,02:00:00:8d:e3:a0,2026-08-09 14:38:58,33.9,52.333433,4.791664,0,Badhoevedorp,NL
Amsterdam,Amsterdam_T1,02:00:00:9c:d7:d8,2026-08-09 14:32:45,29.5,52.327142,4.863718,0,Amsterdam,NL
Amsterdam,Amsterdam_T1,02:00:00:a4:21:fc,2026-08-09 14:35:49,28.4,52.3272787,4.86810710000012,0,Amsterdam,NL
Amsterdam,Amsterdam_T1,02:00:00:53:18:1c,2026-08-09 14:31:37,29.4,52.3359671746926,4.87311174029132,0,Amsterdam,NL
Amsterdam,Amsterdam_T1,02:00:00:6b:54:3c,2026-08-09 14:37:05,32.0,52.3274342242951,4.87812453825795,4,Amsterdam,NL
Amsterdam,Amsterdam_T1,02:00:00:bd:1d:3e,2026-08-09 14:36:55,33.9,52.331773,4.888536,4,Amsterdam,NL
Amsterdam,Amsterdam_T1,02:00:00:70:4c:80,2026-08-09 14:30:57,26.6,52.3385,4.9168,3,Amsterdam,NL
Amsterdam,Amsterdam_T1,02:00:00:14:4a:4a,2026-08-09 14:34:00,30.5,52.327394029908,4.9403138410331,0,Duivendrecht,NL
Amsterdam,Amsterdam_T1,02:00:00:9c:da:94,2026-08-09 14:32:07,30.2,52.332847,4.936642,4,Duivendrecht,NL
Amsterdam,Amsterdam_T1,02:00:00:64:2a:2a,2026-08-09 14:33:56,30.3,52.332953,4.959029,0,Diemen,NL
Amsterdam,Amsterdam_T1,02:00:00:9d:0c:d8,2026-08-09 14:35:18,29.1,52.32961,4.961911,2,Diemen,NL
Amsterdam,Amsterdam_T1,02:00:00:b5:71:d4,2026-08-09 14:34:53,30.7,52.3371353071573,4.96234081685543,0,Diemen,NL
Amsterdam,Amsterdam_T1,02:00:00:37:27:a2,2026-08-09 14:37:02,25.9,52.325691,4.975271,4,Amsterdam,NL
Amsterdam,Amsterdam_T1,02:00:00:27:51:b8,2026-08-09 14:39:08,29.9,52.326592,4.978735,0,Amsterdam,NL
Amsterdam,Amsterdam_T1,02:00:00:64:f7:0c,2026-08-09 14:35:40,26.7,52.3283278999999,4.98179320000003,0,Amsterdam,NL
Amsterdam,Amsterdam_T1,02:00:00:83:bf:80,2026-08-09 14:36:28,32.5,52.333599,5.061164,2,Muiden,NL
Amsterdam,Amsterdam_T1,02:00:00:01:6c:5e,2026-08-09 14:36:23,31.9,52.3446448698127,4.79225000001364,0,Amsterdam,NL
Amsterdam,Amsterdam_T1,02:00:00:63:45:58,2026-08-09 14:32:06,31.8,52.3414578220111,4.79799399999996,1,Amsterdam,NL
Amsterdam,Amsterdam_T1,02:00:00:01:6a:12,2026-08-09 14:38:33,32.2,52.351932,4.80019,1,Amsterdam,NL
Amsterdam,Amsterdam_T1,02:00:00:14:47:bc,2026-08-09 14:32:09,31.0,52.3527607864368,4.80871260166168,1,Amsterdam,NL
Amsterdam,Amsterdam_T1,02:00:00:27:63:7e,2026-08-09 14:38:19,30.1,52.349896,4.810742,0,Amsterdam,NL
Amsterdam,Amsterdam_T1,02:00:00:84:73:aa,2026-08-09 14:40:45,24.9,52.342971,4.825803,0,Amsterdam,NL
Amsterdam,Amsterdam_T1,02:00:00:65:84:16,2026-08-09 14:39:38,30.3,52.34792,4.846243,4,Amsterdam,NL
Amsterdam,Amsterdam_T1,02:00:00:84:4c:e4,2026-08-09 14:30:50,31.2,52.349351,4.845073,1,Amsterdam,NL
Amsterdam,Amsterdam_T1,02:00:00:5f:1f:26,2026-08-09 14:38:52,31.4,52.3457181372478,4.86503304724545,2,Amsterdam,NL
Amsterdam,Amsterdam_T1,02:00:00:29:77:f8,2026-08-09 14:31:05,27.1,52.352721,4.860868,4,Amsterdam,NL
Amsterdam,Amsterdam_T1,02:00:00:ab:da:ba,2026-08-09 14:31:52,30.1,52.34847,4.870878,7,Amsterdam,NL
Amsterdam,Amsterdam_T1,02:00:00:74:60:90,2026-08-09 14:32:23,28.0,52.343761,4.875174,3,Amsterdam,NL
Amsterdam,Amsterdam_T1,02:00:00:01:ca:e6,2026-08-09 14:38:17,27.1,52.34572,4.876628,4,Amsterdam,NL
Amsterdam,Amsterdam_T1,02:00:00:a4:37:d4,2026-08-09 14:38:39,33.1,52.3475151062012,4.87605476379395,5,Amsterdam,NL
Amsterdam,Amsterdam_T1,02:00:00:32:e5:36,2026-08-09 14:31:51,24.9,52.342399597168,4.90369987487793,1,Amsterdam,NL
Amsterdam,Amsterdam_T1,02:00:00:22:e1:1a,2026-08-09 14:33:09,26.0,52.343674,4.907335,5,Amsterdam,NL
Amsterdam,Amsterdam_T1,02:00:00:83:ef:18,2026-08-09 14:34:24,26.2,52.34854,4.90630999999996,5,Amsterdam,NL
Amsterdam,Amsterdam_T1,02:00:00:b9:59:14,2026-08-09 14:37:01,27.5,52.352879,4.928205,0,Amsterdam,NL
Amsterdam,Amsterdam_T1,02:00:00:2a:db:3c,2026-08-09 14:38:20,29.3,52.347729,4.941162,0,Amsterdam,NL
Amsterdam,Amsterdam_T1,02:00:00:2c:f1:9a,2026-08-09 14:32:19,30.3,52.34402,4.952192,0,Amsterdam,NL
Amsterdam,Amsterdam_T1,02:00:00:13:3c:4c,2026-08-09 14:39:27,31.4,52.3399512086528,4.96276274283001,2,Diemen,NL
Amsterdam,Amsterdam_T1,02:00:00:1f:79:96,2026-08-09 14:39:55,28.4,52.3467706,4.983125,0,Diemen,NL
Amsterdam,Amsterdam_T1,02:00:00:bd:c0:be,2026-08-09 14:40:03,27.2,52.350442,4.98087900000004,6,Diemen,NL
Amsterdam,Amsterdam_T1,02:00:00:c2:2e:4a,2026-08-09 14:37:36,29.2,52.351406,5.001968,0,Amsterdam,NL
Amsterdam,Amsterdam_T1,02:00:00:5f:2d:ec,2026-08-09 14:33:06,32.7,52.350554,5.003617,0,Amsterdam,NL
Amsterdam,Amsterdam_T1,02:00:00:53:21:30,2026-08-09 14:36:49,31.1,52.355412,4.787642,0,Amsterdam,NL
Amsterdam,Amsterdam_T1,02:00:00:5e:f9:38,2026-08-09 14:34:38,29.9,52.354861,4.832611,0,Amsterdam,NL
Amsterdam,Amsterdam_T1,02:00:00:84:0b:ca,2026-08-09 14:34:34,26.4,52.367164,4.83112,0,Amsterdam,NL
Amsterdam,Amsterdam_T1,02:00:00:af:7d:bc,2026-08-09 14:36:45,28.8,52.3570713933203,4.84621300000002,5,Amsterdam,NL
Amsterdam,Amsterdam_T1,02:00:00:63:33:0c,2026-08-09 14:37:40,29.1,52.365672,4.85523999999998,1,Amsterdam,NL
Amsterdam,Amsterdam_T1,02:00:00:b5:9e:5c,2026-08-09 14:35:08,28.6,52.355088,4.871859,6,Amsterdam,NL
Amsterdam,Amsterdam_T1,02:00:00:2b:ef:e6,2026-08-09 14:32:10,30.1,52.361571,4.864208,5,Amsterdam,NL
Amsterdam,Amsterdam_T1,02:00:00:7a:85:20,2026-08-09 14:38:49,33.3,52.354887,4.876879,4,Amsterdam,NL
Amsterdam,Amsterdam_T1,02:00:00:b5:54:dc,2026-08-09 14:40:14,31.8,52.3564,4.8802,2,Amsterdam,NL
Amsterdam,Amsterdam_T1,02:00:00:1e:2b:4a,2026-08-09 14:31:53,27.5,52.362908,4.884243,8,Amsterdam,NL
Amsterdam,Amsterdam_T1,02:00:00:02:b1:be,2026-08-09 14:31:23,30.9,52.3573648188524,4.89851619487149,4,Amsterdam,NL
Amsterdam,Amsterdam_T1,02:00:00:3a:24:be,2026-08-09 14:32:20,31.3,52.3540842,4.90596159999996,5,Amsterdam,NL
Amsterdam,Amsterdam_T1,02:00:00:70:42:62,2026-08-09 14:31:54,31.6,52.356221,4.909817,3,Amsterdam,NL
Amsterdam,Amsterdam_T1,02:00:00:b2:b2:58,2026-08-09 14:32:46,29.1,52.357371,4.926031,3,Amsterdam,NL
Amsterdam,Amsterdam_T1,02:00:00:9b:51:e4,2026-08-09 14:38:13,29.0,52.360158,4.925819,2,Amsterdam,NL
Amsterdam,Amsterdam_T1,02:00:00:b5:3b:42,2026-08-09 14:34:06,26.1,52.3554232097861,4.93370711764691,0,Amsterdam,NL
Amsterdam,Amsterdam_T1,02:00:00:2a:fe:a6,2026-08-09 14:31:53,30.0,52.3572889935944,4.94533920674587,0,Amsterdam,NL
Amsterdam,Amsterdam_T1,02:00:00:3f:6a:62,2026-08-09 14:40:38,33.4,52.363079,4.979751,0,Amsterdam,NL
Amsterdam,Amsterdam_T1,02:00:00:b2:c1:1a,2026-08-09 14:37:06,30.3,52.359813,4.995219,0,Amsterdam,NL
Amsterdam,Amsterdam_T1,02:00:00:c6:24:60,2026-08-09 14:34:32,32.6,52.3561316,5.0025093,0,Amsterdam,NL
Amsterdam,Amsterdam_T1,02:00:00:83:d1:bc,2026-08-09 14:34:13,25.9,52.373107,4.810869,0,Amsterdam,NL
Amsterdam,Amsterdam_T1,02:00:00:83:eb:6a,2026-08-09 14:38:54,30.9,52.3771819548297,4.818619891921,1,Amsterdam,NL
Amsterdam,Amsterdam_T1,02:00:00:53:50:72,2026-08-09 14:38:58,31.4,52.375709,4.83394,1,Amsterdam,NL
Amsterdam,Amsterdam_T1,02:00:00:7a:7d:7c,2026-08-09 14:31:48,33.3,52.376183,4.8480215,3,Amsterdam,NL
Amsterdam,Amsterdam_T1,02:00:00:2b:49:82,2026-08-09 14:39:46,29.6,52.3727766,4.8646089,4,Amsterdam,NL
Amsterdam,Amsterdam_T1,02:00:00:af:9a:18,2026-08-09 14:32:15,28.1,52.371666,4.881638,9,Amsterdam,NL
Amsterdam,Amsterdam_T1,02:00:00:b8:e7:f0,2026-08-09 14:33:15,29.5,52.371671,4.887671,9,Amsterdam,NL
Amsterdam,Amsterdam_T1,02:00:00:83:ef:48,2026-08-09 14:31:41,29.9,52.3716,4.8883,0,Vijfhuizen,NL
Amsterdam,Amsterdam_T1,02:00:00:00:83:86,2026-08-09 14:38:32,32.3,52.3824005126953,4.89949989318848,1,Amsterdam,NL
Amsterdam,Amsterdam_T1,02:00:00:27:4a:1c,2026-08-09 14:30:24,31.6,52.3824,4.8995,5,Amsterdam,NL
Amsterdam,Amsterdam_T1,02:00:00:03:5a:a0,2026-08-09 14:32:08,32.5,52.3824,4.8995,1,Amsterdam,NL
Amsterdam,Amsterdam_T1,02:00:00:9b:59:de,2026-08-09 14:33:20,33.1,52.369161,4.9326972000001,4,Amsterdam,NL
Amsterdam,Amsterdam_T1,02:00:00:65:41:06,2026-08-09 14:34:45,34.9,52.379093,4.927459,4,Amsterdam,NL
Amsterdam,Amsterdam_T1,02:00:00:5f:5d:a6,2026-08-09 14:37:41,29.6,52.3784590885084,4.92971493551146,8,Amsterdam,NL
Amsterdam,Amsterdam_T1,02:00:00:28:9a:9a,2026-08-09 14:32:26,26.7,52.369183,4.95507,0,Amsterdam,NL
Amsterdam,Amsterdam_T1,02:00:00:c6:26:24,2026-08-09 14:36:01,26.1,52.3731658712137,4.96877610683441,1,Amsterdam,NL
Amsterdam,Amsterdam_T1,02:00:00:ab:e3:52,2026-08-09 14:31:40,30.9,52.3907,4.86369999999998,4,Amsterdam,NL
Amsterdam,Amsterdam_T1,02:00:00:a2:31:fc,2026-08-09 14:38:19,33.5,52.3845558166504,4.86922264099121,7,Amsterdam,NL
Amsterdam,Amsterdam_T1,02:00:00:36:9f:fe,2026-08-09 14:36:59,28.9,52.383123,4.874172,6,Amsterdam,NL
Amsterdam,Amsterdam_T1,02:00:00:af:30:44,2026-08-09 14:35:42,26.6,52.385656,4.891618,0,Amsterdam,NL
Amsterdam,Amsterdam_T1,02:00:00:9d:1b:ac,2026-08-09 14:39:17,28.6,52.386736,4.900561,4,Amsterdam,NL
Amsterdam,Amsterdam_T1,02:00:00:7f:be:6c,2026-08-09 14:40:10,28.6,52.385614,4.901338,2,Amsterdam,NL
Amsterdam,Amsterdam_T1,02:00:00:1c:5a:de,2026-08-09 14:36:45,29.5,52.3861524614255,4.90178911562291,1,Amsterdam,NL
Amsterdam,Amsterdam_T1,02:00:00:2a:d6:c6,2026-08-09 14:30:41,30.5,52.3936767578125,4.9279146194458,0,Amsterdam,NL
Amsterdam,Amsterdam_T1,02:00:00:58:da:86,2026-08-09 14:31:18,29.4,52.3937631533699,4.93177643254458,1,Amsterdam,NL
Amsterdam,Amsterdam_T1,02:00:00:63:2e:1e,2026-08-09 14:33:54,25.6,52.391364,4.942321,1,Amsterdam,NL
Amsterdam,Amsterdam_T1,02:00:00:af:9a:78,2026-08-09 14:39:39,28.0,52.4020652770996,4.89147710800171,0,Amsterdam,NL
Amsterdam,Amsterdam_T1,02:00:00:00:f7:8e,2026-08-09 14:30:36,27.8,52.4091,4.8896,0,Amsterdam,NL
Amsterdam,Amsterdam_T1,02:00:00:b5:76:26,2026-08-09 14:36:39,30.5,52.403811,4.914876,2,Amsterdam,NL
Amsterdam,Amsterdam_T1,02:00:00:84:9d:b8,2026-08-09 14:39:30,30.2,52.409513391525,4.90777124931917,3,Amsterdam,NL
Amsterdam,Amsterdam_T1,02:00:00:bd:d9:9e,2026-08-09 14:39:33,33.2,52.407674,4.932463,0,Amsterdam,NL
Amsterdam,Amsterdam_T1,02:00:00:7f:d5:6c,2026-08-09 14:40:53,31.6,52.407289,4.935319,0,Amsterdam,NL
Amsterdam,Amsterdam_T1,02:00:00:63:2c:2a,2026-08-09 14:32:03,29.5,52.402984,4.945694,2,Amsterdam,NL
Amsterdam,Amsterdam_T1,02:00:00:63:32:ca,2026-08-09 14:39:59,29.5,52.400011,4.948339,0,Amsterdam,NL
Amsterdam,Amsterdam_T1,02:00:00:7f:c1:54,2026-08-09 14:41:02,28.6,52.3997152224585,4.95156731297681,0,Amsterdam,NL
Amsterdam,Amsterdam_T1,02:00:00:74:33:d4,2026-08-09 14:33:37,28.4,52.417055,4.825916,2,Amsterdam,NL
Amsterdam,Amsterdam_T1,02:00:00:84:a0:80,2026-08-09 14:31:45,28.0,52.414189,4.871251,1,Amsterdam,NL
Amsterdam,Amsterdam_T1,02:00:00:70:5a:82,2026-08-09 14:32:35,29.5,52.420749,4.893155,0,Amsterdam,NL
Amsterdam,Amsterdam_T1,02:00:00:b5:1f:ee,2026-08-09 14:37:56,28.2,52.4212074279785,4.89612674713135,1,Amsterdam,NL
Amsterdam,Amsterdam_T1,02:00:00:bd:d6:68,2026-08-09 14:31:08,39.1,52.4134732394671,5.02463681500691,0,Amsterdam,NL
Amsterdam,Amsterdam_T1,02:00:00:b2:be:dc,2026-08-09 14:35:30,29.3,52.4336802968209,4.80540275573731,0,Zaanstad,NL
Amsterdam,Amsterdam_T1,02:00:00:84:7f:c4,2026-08-09 14:37:56,30.3,52.4315445597503,4.8274827003479,2,Zaandam,NL
Amsterdam,Amsterdam_T1,02:00:00:63:1e:a2,2026-08-09 14:35:11,33.7,52.432955,4.829382,3,Zaandam,NL
Amsterdam,Amsterdam_T1,02:00:00:a4:5d:e2,2026-08-09 14:32:10,32.0,52.429596,4.834617,2,Zaandam,NL
Amsterdam,Amsterdam_T1,02:00:00:04:60:50,2026-08-09 14:37:34,26.6,52.4362386996961,4.8581631145293,0,Oostzaan,NL
Amsterdam,Amsterdam_T1,02:00:00:b9:17:08,2026-08-09 14:32:43,26.6,52.4381332397461,4.87382507324219,1,Oostzaan,NL
Amsterdam,Amsterdam_T1,02:00:00:b2:a7:20,2026-08-09 14:34:27,28.3,52.4381484985352,4.87386560440063,1,Oostzaan,NL
Amsterdam,Amsterdam_T1,02:00:00:b5:05:fe,2026-08-09 14:33:40,29.8,52.43446,4.876556,0,Oostzaan,NL
Amsterdam,Amsterdam_T1,02:00:00:b8:ec:c0,2026-08-09 14:34:29,28.9,52.434645,4.88352290000002,0,Oostzaan,NL
Amsterdam,Amsterdam_T1,02:00:00:a4:16:16,2026-08-09 14:37:57,30.1,52.437968,4.884335,1,Oostzaan,NL
Amsterdam,Amsterdam_T1,02:00:00:84:97:78,2026-08-09 14:31:04,31.2,52.4303782,4.9118837,0,Landsmeer,NL
Amsterdam,Amsterdam_T1,02:00:00:b2:ac:88,2026-08-09 14:36:07,31.5,52.430258,4.915548,1,Landsmeer,NL
Amsterdam,Amsterdam_T1,02:00:00:19:9f:a0,2026-08-09 14:32:01,33.4,52.42952,4.922538,2,Landsmeer,NL
Amsterdam,Amsterdam_T1,02:00:00:b2:a8:40,2026-08-09 14:30:55,28.5,52.4277367607842,4.97108750037114,0,Watergang,NL
Amsterdam,Amsterdam_T1,02:00:00:03:66:0a,2026-08-09 14:30:56,31.4,52.435455,4.998643,0,Waterland,NL
Amsterdam,Amsterdam_T1,02:00:00:c5:39:e6,2026-08-09 14:31:50,29.2,52.4318871,5.00355289999993,0,Waterland,NL
Amsterdam,Amsterdam_T1,02:00:00:74:2f:bc,2026-08-09 14:32:16,29.6,52.441813,4.800982,2,Zaandam,NL
Amsterdam,Amsterdam_T1,02:00:00:28:b4:66,2026-08-09 14:34:01,29.3,52.44171,4.801541,2,Zaandam,NL
Amsterdam,Amsterdam_T1,02:00:00:90:6d:84,2026-08-09 14:35:44,30.7,52.451797,4.81541440000003,0,Zaandam,NL
Amsterdam,Amsterdam_T1,02:00:00:84:6d:0c,2026-08-09 14:35:09,27.3,52.451021,4.819376,0,Zaandam,NL
Amsterdam,Amsterdam_T1,02:00:00:70:48:54,2026-08-09 14:38:15,27.9,52.4493083,4.87009850000007,0,Oostzaan,NL
Amsterdam,Amsterdam_T1,02:00:00:70:51:98,2026-08-09 14:31:27,29.4,52.449376,4.873678,0,Oostzaan,NL
Amsterdam,Amsterdam_T1,02:00:00:74:38:ae,2026-08-09 14:35:46,33.9,52.448765,5.040629,0,Monnickendam,NL
Amsterdam,Amsterdam_T1,02:00:00:65:7b:60,2026-08-09 14:34:49,30.4,52.45517,4.796338,0,Koog aan de Zaan,NL
Amsterdam,Amsterdam_T1,02:00:00:65:85:14,2026-08-09 14:34:42,32.4,52.460911,4.798072,0,Koog aan de Zaan,NL
Amsterdam,Amsterdam_T1,02:00:00:70:59:8a,2026-08-09 14:33:42,28.2,52.461746,4.800009,0,Zaanstad,NL
Amsterdam,Amsterdam_T1,02:00:00:b2:a4:56,2026-08-09 14:32:11,31.5,52.458013,4.806933,1,Koog aan de Zaan,NL
Amsterdam,Amsterdam_T1,02:00:00:12:55:1a,2026-08-09 14:30:33,30.6,52.4596497323282,4.81831419827456,3,Zaanstad,NL
Amsterdam,Amsterdam_T1,02:00:00:83:c1:36,2026-08-09 14:40:26,31.6,52.46779,4.833544,2,Zaandam,NL
Amsterdam,Amsterdam_T1,02:00:00:65:59:44,2026-08-09 14:38:29,30.4,52.46492,4.947995,0,Landsmeer,NL
Amsterdam,Amsterdam_T1,02:00:00:36:b5:10,2026-08-09 14:34:11,34.0,52.4607855,5.0354233,5,Waterland,NL
Amsterdam,Amsterdam_T1,02:00:00:74:32:a4,2026-08-09 14:37:21,29.7,52.4731842031282,4.79222238063812,0,Zaandijk,NL
Amsterdam,Amsterdam_T1,02:00:00:83:fe:54,2026-08-09 14:34:55,33.3,52.473273,4.792316,1,Zaandijk,NL
Amsterdam,Amsterdam_T1,02:00:00:b9:41:ba,2026-08-09 14:37:12,29.8,52.468595,4.827322,2,Zaandam,NL
Amsterdam,Amsterdam_T1,02:00:00:af:6e:4c,2026-08-09 14:35:27,31.6,52.472511,4.809806,1,Zaandijk,NL
Amsterdam,Amsterdam_T1,02:00:00:14:3f:f0,2026-08-09 14:32:15,29.5,52.478533,4.808805,0,Zaandijk,NL
Amsterdam,Amsterdam_T1,02:00:00:ab:f0:04,2026-08-09 14:39:48,31.2,52.4732402,4.82852159999997,1,Zaanstad,NL
Amsterdam,Amsterdam_T1,02:00:00:bd:20:42,2026-08-09 14:31:32,32.7,52.490773,4.590405,13,Wijk aan Zee,NL
Amsterdam,Amsterdam_T1,02:00:00:a2:61:20,2026-08-09 14:36:14,31.5,52.4932975227619,4.60278952387853,8,Wijk aan Zee,NL
Amsterdam,Amsterdam_T1,02:00:00:b5:31:48,2026-08-09 14:33:28,29.8,52.48672,4.649581,3,Beverwijk,NL
Amsterdam,Amsterdam_T1,02:00:00:a4:41:2c,2026-08-09 14:39:38,29.3,52.493777,4.651065,3,Beverwijk,NL
Amsterdam,Amsterdam_T1,02:00:00:a4:15:3e,2026-08-09 14:34:15,32.1,52.4881248474121,4.65965270996094,2,Beverwijk,NL
Amsterdam,Amsterdam_T1,02:00:00:1f:75:1e,2026-08-09 14:39:20,30.9,52.495347,4.671976,3,Beverwijk,NL
Amsterdam,Amsterdam_T1,02:00:00:63:48:12,2026-08-09 14:39:31,30.4,52.4925710517851,4.68104579285944,0,Beverwijk,NL
Amsterdam,Amsterdam_T1,02:00:00:70:4d:7a,2026-08-09 14:40:22,29.3,52.4936408996582,4.68717861175537,0,Heemskerk,NL
Amsterdam,Amsterdam_T1,02:00:00:c2:3f:1a,2026-08-09 14:38:41,27.7,52.494114652513,4.69021010199475,0,Heemskerk,NL
Amsterdam,Amsterdam_T1,02:00:00:b9:2d:62,2026-08-09 14:36:16,32.5,52.487002,4.745845,0,Assendelft,NL
Amsterdam,Amsterdam_T1,02:00:00:74:2b:b0,2026-08-09 14:31:54,31.1,52.491181,4.741493,0,Assendelft,NL
Amsterdam,Amsterdam_T1,02:00:00:b9:7d:88,2026-08-09 14:31:33,31.3,52.49439,4.74019999999999,0,Assendelft,NL
Amsterdam,Amsterdam_T1,02:00:00:bd:ba:0a,2026-08-09 14:34:27,32.7,52.485389,4.760449,0,Assendelft,NL
Amsterdam,Amsterdam_T1,02:00:00:64:00:98,2026-08-09 14:30:55,28.9,52.487216,4.759611,0,Assendelft,NL
Amsterdam,Amsterdam_T1,02:00:00:c3:9b:7c,2026-08-09 14:33:50,30.9,52.508597,4.657421,1,Heemskerk,NL
Amsterdam,Amsterdam_T1,02:00:00:64:29:c8,2026-08-09 14:38:15,27.0,52.509686,4.657991,3,Heemskerk,NL
Amsterdam,Amsterdam_T1,02:00:00:28:d9:68,2026-08-09 14:34:05,29.3,52.505043,4.663006,3,Heemskerk,NL
Amsterdam,Amsterdam_T1,02:00:00:74:38:16,2026-08-09 14:36:06,27.1,52.5022010803223,4.66760015487671,3,Heemskerk,NL
Amsterdam,Amsterdam_T1,02:00:00:5f:27:32,2026-08-09 14:33:15,28.8,52.507020773057,4.66796492578298,2,Heemskerk,NL
Amsterdam,Amsterdam_T1,02:00:00:70:4f:d8,2026-08-09 14:34:21,28.1,52.5015798,4.66960700000006,1,Heemskerk,NL
Amsterdam,Amsterdam_T1,02:00:00:70:3c:30,2026-08-09 14:33:17,28.8,52.510432,4.688887,1,Heemskerk,NL
Amsterdam,Amsterdam_T1,02:00:00:73:f5:76,2026-08-09 14:33:53,28.1,52.499622,4.6940675,0,Heemskerk,NL
Amsterdam,Amsterdam_T1,02:00:00:1a:fe:50,2026-08-09 14:31:45,29.2,52.5053081762322,4.75592475261492,1,Krommenie,NL
Amsterdam,Amsterdam_T1,02:00:00:bd:f4:02,2026-08-09 14:38:06,30.3,52.4973426347924,4.76018432436422,0,Zaanstad,NL
Amsterdam,Amsterdam_T1,02:00:00:14:48:26,2026-08-09 14:35:37,34.0,52.502025,4.767892,0,Krommenie,NL
Amsterdam,Amsterdam_T1,02:00:00:c3:dd:06,2026-08-09 14:36:53,37.3,52.5044019083239,4.77092044039439,0,Krommenie,NL
Amsterdam,Amsterdam_T1,02:00:00:2c:be:d2,2026-08-09 14:31:31,25.9,52.512672,4.666764,1,Heemskerk,NL
Amsterdam,Amsterdam_T1,02:00:00:74:32:2e,2026-08-09 14:39:49,26.4,52.512731,4.670313,3,Heemskerk,NL
Amsterdam,Amsterdam_T1,02:00:00:58:bd:d0,2026-08-09 14:33:41,28.6,52.517194,4.672498,0,Heemskerk,NL
Amsterdam,Amsterdam_T1,02:00:00:b4:f1:96,2026-08-09 14:32:18,28.4,52.5120620727539,4.68826818466187,1,Heemskerk,NL
Amsterdam,Amsterdam_T1,02:00:00:19:33:4e,2026-08-09 14:31:21,30.6,52.5206,4.6901,0,Heemskerk,NL
Amsterdam,Amsterdam_T1,02:00:00:b9:80:64,2026-08-09 14:39:06,29.9,52.514315,4.70612800000002,0,Uitgeest,NL
Amsterdam,Amsterdam_T1,02:00:00:63:34:a0,2026-08-09 14:36:39,29.0,52.5164485389808,4.7633657697163,0,Zaanstad,NL
Amsterdam,Amsterdam_T1,02:00:00:63:24:da,2026-08-09 14:30:45,30.0,52.5267021414972,4.70168518277734,0,Uitgeest,NL
Amsterdam,Amsterdam_T1,02:00:00:b9:5f:90,2026-08-09 14:31:06,27.1,52.533084264192,4.71261564257397,0,Uitgeest,NL
Amsterdam,Amsterdam_T1,02:00:00:63:2d:f0,2026-08-09 14:33:15,30.2,52.533104,4.712557,0,Uitgeest,NL
Amsterdam,Amsterdam_T1,02:00:00:b5:8b:c2,2026-08-09 14:39:41,26.9,52.529381,4.713874,2,Uitgeest,NL
Amsterdam,Amsterdam_T1,02:00:00:b5:a6:8a,2026-08-09 14:35:39,30.4,52.530517,4.778969,0,Markenbinnen,NL
Amsterdam,Amsterdam_T1,02:00:00:b9:52:2e,2026-08-09 14:38:54,32.0,52.543081,4.660629,1,Castricum,NL
Amsterdam,Amsterdam_T1,02:00:00:b2:a8:d0,2026-08-09 14:37:23,32.4,52.5532143015102,4.66275751590729,2,Castricum,NL
Amsterdam,Amsterdam_T1,02:00:00:2b:20:f8,2026-08-09 14:34:05,30.3,52.552362718395,4.66431157696726,4,Castricum,NL
Amsterdam,Amsterdam_T1,02:00:00:a9:77:2c,2026-08-09 14:38:24,35.4,52.5528869628906,4.66596078872681,1,Castricum,NL
Amsterdam,Amsterdam_T1,02:00:00:00:f7:ea,2026-08-09 14:31:42,28.9,52.552456056786,4.66874740076037,2,Castricum,NL
Amsterdam,Amsterdam_T1,02:00:00:27:2c:12,2026-08-09 14:40:13,30.4,52.5579643249512,4.65175914764404,11,Castricum,NL
Amsterdam,Amsterdam_T1,02:00:00:00:56:b0,2026-08-09 14:31:21,26.6,52.559481,4.645325,8,Castricum,NL
Amsterdam,Amsterdam_T1,02:00:00:36:a3:a2,2026-08-09 14:39:49,29.2,52.561176,4.647979,12,Castricum,NL
Amsterdam,Amsterdam_T1,02:00:00:c3:74:74,2026-08-09 14:38:04,30.1,52.556907,4.668744,1,Castricum,NL
Amsterdam,Amsterdam_T1,02:00:00:bd:e4:0a,2026-08-09 14:37:28,30.1,52.557114,4.6693296,0,Castricum,NL
Amsterdam,Amsterdam_T1,02:00:00:bd:db:96,2026-08-09 14:33:15,28.0,52.5677,4.688097,2,Castricum,NL
Amsterdam,Amsterdam_T1,02:00:00:83:f9:38,2026-08-09 14:38:47,32.5,52.5667610168457,4.69240951538086,4,Castricum,NL
Amsterdam,Amsterdam_T1,02:00:00:bd:d4:66,2026-08-09 14:39:45,32.5,52.5567058594671,4.72576493881832,0,Castricum,NL
Amsterdam,Amsterdam_T1,02:00:00:b0:a9:ae,2026-08-09 14:39:28,29.9,52.556932,4.728066,0,Castricum,NL
Amsterdam,Amsterdam_T1,02:00:00:2c:f9:46,2026-08-09 14:39:44,30.2,52.5711657,4.69811320000005,2,Castricum,NL
Amsterdam,Amsterdam_T1,02:00:00:7f:ca:86,2026-08-09 14:39:13,28.5,52.575198,4.701347,2,Castricum,NL
Amsterdam,Amsterdam_T1,02:00:00:83:b0:d6,2026-08-09 14:36:07,29.7,52.592226,4.690301,0,Heiloo,NL
Amsterdam,Amsterdam_T1,02:00:00:b5:77:5a,2026-08-09 14:32:13,31.5,52.589641,4.701077,1,Heiloo,NL
Amsterdam,Amsterdam_T1,02:00:00:5f:28:b6,2026-08-09 14:34:20,30.1,52.593292,4.713329,0,Heiloo,NL
Amsterdam,Amsterdam_T1,02:00:00:13:81:dc,2026-08-09 14:37:04,29.7,52.5917217300149,4.71660864874474,1,Heiloo,NL
Amsterdam,Amsterdam_T1,02:00:00:14:4a:16,2026-08-09 14:30:04,27.4,52.5979706,4.68623639999998,2,Heiloo,NL
Amsterdam,Amsterdam_T1,02:00:00:27:49:96,2026-08-09 14:34:56,28.4,52.596877,4.700662,2,Heiloo,NL
Amsterdam,Amsterdam_T1,02:00:00:b2:c5:8e,2026-08-09 14:37:48,28.5,52.607205,4.694133,1,Heiloo,NL
Amsterdam,Amsterdam_T1,02:00:00:bd:0d:f4,2026-08-09 14:33:46,31.8,52.608246,4.707137,1,Heiloo,NL
Amsterdam,Amsterdam_T1,02:00:00:a9:f1:36,2026-08-09 14:34:44,28.3,52.6009402517112,4.7194606130876,4,Heiloo,NL
Amsterdam,Amsterdam_T1,02:00:00:15:dc:9e,2026-08-09 14:34:15,28.0,52.607723,4.716598,6,Heiloo,NL
Amsterdam,Amsterdam_T1,02:00:00:64:09:44,2026-08-09 14:33:50,29.1,52.602954864502,4.7196626663208,2,Heiloo,NL
Amsterdam,Amsterdam_T1,02:00:00:02:63:54,2026-08-09 14:32:32,26.2,52.6134354354965,4.62090881276794,20,Bergen,NL
Amsterdam,Amsterdam_T1,02:00:00:00:da:fe,2026-08-09 14:34:11,28.2,52.62333,4.630068,11,Bergen,NL
Amsterdam,Amsterdam_T1,02:00:00:31:ea:ec,2026-08-09 14:31:33,28.5,52.6170874425851,4.65225869437614,1,Bergen (NH),NL
Amsterdam,Amsterdam_T1,02:00:00:64:29:b6,2026-08-09 14:32:52,27.7,52.6201341308608,4.6524031553414,3,Bergen (NH),NL
Amsterdam,Amsterdam_T1,02:00:00:b2:a7:60,2026-08-09 14:32:34,28.7,52.617767,4.735231,3,Alkmaar,NL
Amsterdam,Amsterdam_T1,02:00:00:2f:07:0e,2026-08-09 14:38:04,30.8,52.619869,4.74062129999993,2,Alkmaar,NL
Amsterdam,Amsterdam_T1,02:00:00:b9:2a:8c,2026-08-09 14:34:42,29.6,52.6220359802246,4.74117708206177,3,Alkmaar,NL
Amsterdam,Amsterdam_T1,02:00:00:64:41:c4,2026-08-09 14:35:45,29.9,52.6182297305515,4.76174610319983,1,Alkmaar,NL
Amsterdam,Amsterdam_T1,02:00:00:c2:7c:c6,2026-08-09 14:30:26,34.5,52.625301,4.656129,4,Bergen,NL
Amsterdam,Amsterdam_T1,02:00:00:63:41:1a,2026-08-09 14:38:28,30.6,52.6295856026728,4.71791982650757,2,Alkmaar,NL
Amsterdam,Amsterdam_T1,02:00:00:01:aa:12,2026-08-09 14:36:03,26.9,52.633442,4.7215387,2,Alkmaar,NL
Amsterdam,Amsterdam_T1,02:00:00:ab:c4:e2,2026-08-09 14:36:37,29.2,52.6328430175781,4.72380399703979,2,Alkmaar,NL
Amsterdam,Amsterdam_T1,02:00:00:1f:79:cc,2026-08-09 14:34:09,27.8,52.636603,4.745265,4,Alkmaar,NL
Amsterdam,Amsterdam_T1,02:00:00:b5:9a:a0,2026-08-09 14:35:50,30.8,52.637733,4.745801,4,Alkmaar,NL
Amsterdam,Amsterdam_T1,02:00:00:31:bd:b4,2026-08-09 14:36:28,27.4,52.634031,4.750493,5,Alkmaar,NL
Amsterdam,Amsterdam_T1,02:00:00:c2:2e:b6,2026-08-09 14:38:18,29.4,52.633771,4.75851099999995,2,Alkmaar,NL
Amsterdam,Amsterdam_T1,02:00:00:64:01:d0,2026-08-09 14:37:26,32.2,52.634199,4.759869,6,Alkmaar,NL
Amsterdam,Amsterdam_T1,02:00:00:63:37:be,2026-08-09 14:36:03,29.0,52.633652,4.765127,1,Alkmaar,NL
Amsterdam,Amsterdam_T1,02:00:00:ab:df:8c,2026-08-09 14:36:35,28.6,52.641745,4.756303,1,Alkmaar,NL
Amsterdam,Amsterdam_T1,02:00:00:c2:38:70,2026-08-09 14:31:50,27.7,52.64382,4.75634999999998,2,Alkmaar,NL
Amsterdam,Amsterdam_T1,02:00:00:58:bc:d2,2026-08-09 14:38:55,29.9,52.6466445922852,4.75525665283203,1,Alkmaar,NL
Amsterdam,Amsterdam_T1,02:00:00:12:7e:c4,2026-08-09 14:33:53,30.4,52.6525888583169,4.76428381045071,1,Alkmaar,NL
Amsterdam,Amsterdam_T1,02:00:00:a2:25:b4,2026-08-09 14:40:13,31.2,52.652943,4.772452,0,Alkmaar,NL
Amsterdam,Amsterdam_T1,02:00:00:29:28:d6,2026-08-09 14:38:18,34.1,52.6496216,4.7809262,0,Alkmaar,NL
Amsterdam,Amsterdam_T1,02:00:00:a9:5f:3c,2026-08-09 14:39:19,29.5,52.3233565620573,4.58888893347402,2,Bennebroek,NL
Amsterdam,Amsterdam_T1,02:00:00:74:30:a2,2026-08-09 14:30:37,29.3,52.31667,4.601682,2,Bennebroek,NL
Amsterdam,Amsterdam_T1,02:00:00:52:ff:4a,2026-08-09 14:39:46,30.6,52.316234,4.613678,0,Zwaanshoek,NL
Amsterdam,Amsterdam_T1,02:00:00:04:e0:62,2026-08-09 14:38:36,28.9,52.3190344282112,4.59699478325753,2,Bennebroek,NL
Amsterdam,Amsterdam_T1,02:00:00:58:dc:8e,2026-08-09 14:39:35,29.1,52.314828,4.626092,0,Zwaanshoek,NL
Amsterdam,Amsterdam_T1,02:00:00:34:0d:20,2026-08-09 14:33:18,32.8,52.314469,4.637147,0,Haarlemmermeer,NL
Amsterdam,Amsterdam_T1,02:00:00:8d:cc:36,2026-08-09 14:34:22,30.2,52.3125,4.6445,0,Hoofddorp,NL
Amsterdam,Amsterdam_T1,02:00:00:06:02:ae,2026-08-09 14:33:46,28.9,52.313344,4.652007,0,Haarlemmermeer,NL
Amsterdam,Amsterdam_T1,02:00:00:00:d2:c8,2026-08-09 14:39:17,29.7,52.3246564313998,4.64318761619814,0,Haarlemmermeer,NL
Amsterdam,Amsterdam_T1,02:00:00:2b:51:7c,2026-08-09 14:31:06,29.9,52.314801,4.664166,0,Hoofddorp,NL
Amsterdam,Amsterdam_T1,02:00:00:12:6f:32,2026-08-09 14:33:56,31.7,52.318731,4.675906,0,Hoofddorp,NL
Amsterdam,Amsterdam_T1,02:00:00:04:a8:18,2026-08-09 14:31:40,34.2,52.3118591308594,4.69132137298584,0,Haarlemmermeer,NL
Amsterdam,Amsterdam_T1,02:00:00:04:5c:16,2026-08-09 14:36:07,35.3,52.325924,4.593691,3,Bennebroek,NL
Amsterdam,Amsterdam_T1,02:00:00:8d:d6:b0,2026-08-09 14:37:21,29.1,52.335645,4.632993,0,Cruquius,NL
Amsterdam,Amsterdam_T1,02:00:00:be:07:f0,2026-08-09 14:32:07,28.2,52.3348065616568,4.64470551369772,0,Cruquius,NL
Amsterdam,Amsterdam_T1,02:00:00:c2:49:e6,2026-08-09 14:38:12,28.5,52.336126,4.644912,0,Cruquius,NL
Amsterdam,Amsterdam_T1,02:00:00:b5:9e:1e,2026-08-09 14:36:24,28.4,52.3426322937012,4.60296392440796,3,Heemstede,NL
Amsterdam,Amsterdam_T1,02:00:00:bd:c0:ba,2026-08-09 14:33:01,29.8,52.3423288406971,4.60312933229977,2,Heemstede,NL
Amsterdam,Amsterdam_T1,02:00:00:b4:f1:9a,2026-08-09 14:33:48,31.7,52.3455882986117,4.6028138830537,3,Heemstede,NL
Amsterdam,Amsterdam_T1,02:00:00:8d:e0:c8,2026-08-09 14:34:14,29.9,52.342843,4.623263,3,Heemstede,NL
Amsterdam,Amsterdam_T1,02:00:00:b5:4a:8a,2026-08-09 14:34:00,27.0,52.346112,4.624803,2,Heemstede,NL
Amsterdam,Amsterdam_T1,02:00:00:b2:b9:40,2026-08-09 14:33:31,27.7,52.3414526,4.6261209,3,Heemstede,NL
Amsterdam,Amsterdam_T1,02:00:00:74:5c:56,2026-08-09 14:33:03,32.9,52.350723,4.644351,0,Haarlem,NL
Amsterdam,Amsterdam_T1,02:00:00:9c:f8:c4,2026-08-09 14:33:39,30.8,52.3476130477796,4.650423771551,2,Haarlem,NL
Amsterdam,Amsterdam_T1,02:00:00:02:9b:e4,2026-08-09 14:33:00,31.6,52.347191,4.652659,1,Haarlem,NL
Amsterdam,Amsterdam_T1,02:00:00:b5:52:ca,2026-08-09 14:37:21,28.1,52.3431975,4.67456669,0,Vijfhuizen,NL
Amsterdam,Amsterdam_T1,02:00:00:3a:25:94,2026-08-09 14:31:34,26.5,52.34347,4.674454,0,Vijfhuizen,NL
Amsterdam,Amsterdam_T1,02:00:00:64:1b:22,2026-08-09 14:32:23,29.3,52.3475604591872,4.67093580894672,1,Haarlemmermeer,NL
Amsterdam,Amsterdam_T1,02:00:00:bd:de:aa,2026-08-09 14:32:28,31.0,52.35104,4.773909,0,Amsterdam,NL
Amsterdam,Amsterdam_T1,02:00:00:a9:8b:b6,2026-08-09 14:31:36,28.9,52.3675,4.5304,6,Zandvoort,NL
Amsterdam,Amsterdam_T1,02:00:00:2c:c2:30,2026-08-09 14:36:17,30.1,52.3675968,4.5420004,6,Zandvoort,NL
Amsterdam,Amsterdam_T1,02:00:00:b0:97:dc,2026-08-09 14:36:42,31.6,52.367772,4.606125,2,Haarlem,NL
Amsterdam,Amsterdam_T1,02:00:00:02:ea:00,2026-08-09 14:34:37,33.8,52.3632352276022,4.61015882569882,4,Haarlem,NL
Amsterdam,Amsterdam_T1,02:00:00:83:99:52,2026-08-09 14:32:00,27.5,52.3554,4.6149,7,Heemstede,NL
Amsterdam,Amsterdam_T1,02:00:00:83:fd:c4,2026-08-09 14:39:01,27.5,52.355408,4.626659,3,Heemstede,NL
Amsterdam,Amsterdam_T1,02:00:00:b5:27:24,2026-08-09 14:31:58,27.5,52.363345910022,4.63381849071414,2,Haarlem,NL
Amsterdam,Amsterdam_T1,02:00:00:03:9c:a2,2026-08-09 14:33:12,29.6,52.3547002557013,4.64688848693248,0,Haarlem,NL
Amsterdam,Amsterdam_T1,02:00:00:01:8b:04,2026-08-09 14:32:38,29.1,52.357799252269,4.64295928937645,4,Haarlem,NL
Amsterdam,Amsterdam_T1,02:00:00:36:dc:4a,2026-08-09 14:32:21,27.7,52.361993,4.651678,5,Haarlem,NL
Amsterdam,Amsterdam_T1,02:00:00:29:66:d8,2026-08-09 14:32:10,30.5,52.354517,4.779536,0,Amsterdam,NL
Amsterdam,Amsterdam_T1,02:00:00:b4:f0:46,2026-08-09 14:32:24,30.1,52.3692474365234,4.5371298789978,8,Zandvoort,NL
Amsterdam,Amsterdam_T1,02:00:00:1c:57:72,2026-08-09 14:32:11,28.5,52.3705376377954,4.53681784129898,5,Zandvoort,NL
Amsterdam,Amsterdam_T1,02:00:00:3f:4c:f4,2026-08-09 14:38:26,25.8,52.372587,4.530564,6,Zandvoort,NL
Amsterdam,Amsterdam_T1,02:00:00:c2:32:aa,2026-08-09 14:39:29,27.8,52.372037,4.59458,8,Aerdenhout,NL
Amsterdam,Amsterdam_T1,02:00:00:c3:ec:bc,2026-08-09 14:35:02,30.5,52.3714478705273,4.62272452350821,1,Haarlem,NL
Amsterdam,Amsterdam_T1,02:00:00:bd:fb:06,2026-08-09 14:35:15,30.8,52.3736267089844,4.61951780319214,0,Haarlem,NL
Amsterdam,Amsterdam_T1,02:00:00:3a:2a:c8,2026-08-09 14:38:59,30.0,52.37427,4.6192017,1,Haarlem,NL
Amsterdam,Amsterdam_T1,02:00:00:83:b1:9e,2026-08-09 14:33:46,29.8,52.381217,4.641662,3,Haarlem,NL
Amsterdam,Amsterdam_T1,02:00:00:33:d2:64,2026-08-09 14:32:15,29.5,52.3809272917764,4.64569719847814,1,Haarlem,NL
Amsterdam,Amsterdam_T1,02:00:00:12:93:68,2026-08-09 14:33:08,28.4,52.3707324317005,4.64776396751404,5,Haarlem,NL
Amsterdam,Amsterdam_T1,02:00:00:bd:02:30,2026-08-09 14:36:23,25.4,52.378145,4.670558,1,Haarlem,NL
Amsterdam,Amsterdam_T1,02:00:00:a9:82:9a,2026-08-09 14:35:26,26.8,52.378145,4.670558,1,Haarlem,NL
Amsterdam,Amsterdam_T1,02:00:00:b9:44:aa,2026-08-09 14:32:31,29.5,52.375513,4.67675000000014,0,Vijfhuizen,NL
Amsterdam,Amsterdam_T1,02:00:00:27:b4:36,2026-08-09 14:38:28,33.6,52.3779792785645,4.7358570098877,0,Haarlemmermeer,NL
Amsterdam,Amsterdam_T1,02:00:00:27:4b:10,2026-08-09 14:33:30,33.8,52.37942,4.744301,0,Haarlemmermeer,NL
Amsterdam,Amsterdam_T1,02:00:00:1e:21:d8,2026-08-09 14:33:03,31.3,52.3836936950684,4.60500431060791,3,Haarlem,NL
Amsterdam,Amsterdam_T1,02:00:00:3f:4b:00,2026-08-09 14:37:17,32.8,52.3919181,4.6090654,10,Bloemendaal,NL
Amsterdam,Amsterdam_T1,02:00:00:90:90:54,2026-08-09 14:38:08,29.2,52.3920090859054,4.61050858570127,4,Overveen,NL
Amsterdam,Amsterdam_T1,02:00:00:ab:e0:5c,2026-08-09 14:39:10,29.8,52.382743416844,4.62757179341502,3,Haarlem,NL
Amsterdam,Amsterdam_T1,02:00:00:6b:2a:8e,2026-08-09 14:33:48,30.3,52.383527,4.626926,4,Haarlem,NL
Amsterdam,Amsterdam_T1,02:00:00:bd:fd:1a,2026-08-09 14:31:31,29.9,52.3856228,4.62560090000005,2,Haarlem,NL
Amsterdam,Amsterdam_T1,02:00:00:a4:29:1a,2026-08-09 14:37:02,38.3,52.39233,4.64477999999999,2,Haarlem,NL
Amsterdam,Amsterdam_T1,02:00:00:19:12:9e,2026-08-09 14:33:24,30.4,52.395697,4.646471,2,Haarlem,NL
Amsterdam,Amsterdam_T1,02:00:00:29:68:b8,2026-08-09 13:58:07,29.6,52.396323,4.647771,1,Haarlem,NL
Amsterdam,Amsterdam_T1,02:00:00:03:70:e8,2026-08-09 14:35:17,30.4,52.383225,4.726661,0,Zwanenburg,NL
Amsterdam,Amsterdam_T1,02:00:00:a2:6a:14,2026-08-09 14:32:36,28.9,52.383301,4.758271,4,Halfweg,NL
Amsterdam,Amsterdam_T1,02:00:00:13:52:76,2026-08-09 14:34:43,30.1,52.3991470336914,4.62305593490601,2,Bloemendaal,NL
Amsterdam,Amsterdam_T1,02:00:00:83:f0:02,2026-08-09 14:36:42,30.0,52.405965,4.631168,2,Haarlem,NL
Amsterdam,Amsterdam_T1,02:00:00:84:91:00,2026-08-09 14:31:00,30.8,52.409397,4.63672,4,Haarlem,NL
Amsterdam,Amsterdam_T1,02:00:00:65:6b:94,2026-08-09 14:35:34,29.6,52.406331,4.652223,0,Haarlem,NL
Amsterdam,Amsterdam_T1,02:00:00:1c:67:e6,2026-08-09 14:37:30,33.9,52.416089,4.628222,3,Santpoort-Zuid,NL
Amsterdam,Amsterdam_T1,02:00:00:7f:be:68,2026-08-09 14:32:40,35.6,52.424201965332,4.62889003753662,9,Velsen,NL
Amsterdam,Amsterdam_T1,02:00:00:2f:2c:10,2026-08-09 14:38:44,32.2,52.4139580938156,4.64802011595694,0,Haarlem,NL
Amsterdam,Amsterdam_T1,02:00:00:a2:0a:b0,2026-08-09 14:33:25,30.7,52.418751,4.6510605,1,Haarlem,NL
Amsterdam,Amsterdam_T1,02:00:00:b9:1c:8a,2026-08-09 14:40:28,31.7,52.4189992,4.65495759999998,0,Haarlem,NL
Amsterdam,Amsterdam_T1,02:00:00:be:06:98,2026-08-09 14:34:15,30.6,52.4134979248047,4.68100881576538,0,Haarlem,NL
Amsterdam,Amsterdam_T1,02:00:00:c6:2e:98,2026-08-09 14:33:19,31.5,52.41549,4.690098,0,Spaarndam,NL
Amsterdam,Amsterdam_T1,02:00:00:03:cf:ae,2026-08-09 14:38:35,28.0,52.430961,4.626516,7,Santpoort-Noord,NL
Amsterdam,Amsterdam_T1,02:00:00:a2:25:f2,2026-08-09 14:35:33,29.8,52.430885,4.633629,5,Santpoort-Noord,NL
Amsterdam,Amsterdam_T1,02:00:00:6b:54:fc,2026-08-09 14:36:04,30.7,52.43138,4.637592,7,Santpoort-Noord,NL
Amsterdam,Amsterdam_T1,02:00:00:34:06:e2,2026-08-09 14:39:10,31.6,52.43278,4.654448,3,Velserbroek,NL
Amsterdam,Amsterdam_T1,02:00:00:b5:b6:ae,2026-08-09 14:38:08,30.9,52.4339768,4.6563109,1,Velsen,NL
Amsterdam,Amsterdam_T1,02:00:00:64:29:b8,2026-08-09 14:35:36,29.6,52.438749,4.657498,1,Velsen,NL
Amsterdam,Amsterdam_T1,02:00:00:bd:ec:92,2026-08-09 14:40:01,33.1,52.4288634,4.67031360000004,0,Velserbroek,NL
Amsterdam,Amsterdam_T1,02:00:00:b5:4b:32,2026-08-09 14:33:26,28.2,52.4319432,4.78043320000006,0,Westzaan,NL
Amsterdam,Amsterdam_T1,02:00:00:bc:b6:d4,2026-08-09 14:32:43,29.3,52.4456,4.5918,11,IJmuiden,NL
Amsterdam,Amsterdam_T1,02:00:00:b2:aa:ac,2026-08-09 14:37:52,27.1,52.448609,4.590747,10,IJmuiden,NL
Amsterdam,Amsterdam_T1,02:00:00:a9:65:06,2026-08-09 14:34:47,31.3,52.4453624156696,4.63662952934719,6,Driehuis NH,NL
Amsterdam,Amsterdam_T1,02:00:00:27:13:90,2026-08-09 14:40:01,30.6,52.44252,4.65480000000011,2,Velserbroek,NL
Amsterdam,Amsterdam_T1,02:00:00:9c:fa:06,2026-08-09 14:32:13,34.0,52.4489951330939,4.64108121865961,6,Driehuis NH,NL
Amsterdam,Amsterdam_T1,02:00:00:b5:93:86,2026-08-09 14:30:14,29.0,52.443132,4.68768400000007,0,Velsen-Zuid,NL
Amsterdam,Amsterdam_T1,02:00:00:37:27:c4,2026-08-09 14:34:40,31.2,52.462665,4.602491,9,IJmuiden,NL
Amsterdam,Amsterdam_T1,02:00:00:6b:9c:56,2026-08-09 14:33:59,31.0,52.4615355374391,4.62213646156055,7,IJmuiden,NL
Amsterdam,Amsterdam_T1,02:00:00:33:ff:50,2026-08-09 14:35:10,26.2,52.47222,4.64417,3,Velsen-Noord,NL
Amsterdam,Amsterdam_T1,02:00:00:8d:c5:b8,2026-08-09 14:32:58,29.0,52.481261073535,4.65143322944641,3,Beverwijk,NL
Amsterdam,Amsterdam_T1,02:00:00:73:c3:3e,2026-08-09 14:30:46,29.3,52.469413,4.748364,0,Assendelft,NL
Amsterdam,Amsterdam_T1,02:00:00:a2:60:a8,2026-08-09 14:34:08,31.4,52.4727440027025,4.74969940572919,0,Assendelft,NL
Amsterdam,Amsterdam_T2,02:00:00:b9:1a:3c,2026-08-09 14:40:27,41.3,52.493042,5.07125,0,Volendam,NL
Amsterdam,Amsterdam_T2,02:00:00:1e:28:64,2026-08-09 14:37:50,29.9,52.5012,5.0626,0,Volendam,NL
Amsterdam,Amsterdam_T2,02:00:00:bd:f1:80,2026-08-09 14:31:57,28.2,52.5039741486075,5.06583976745605,0,Edam-Volendam,NL
Amsterdam,Amsterdam_T2,02:00:00:2d:00:08,2026-08-09 14:33:30,30.8,52.510217,5.066857,0,Edam,NL
Amsterdam,Amsterdam_T2,02:00:00:84:41:96,2026-08-09 14:31:03,26.8,52.511852,5.075232,0,Volendam,NL
Amsterdam,Amsterdam_T2,02:00:00:84:70:bc,2026-08-09 14:35:48,26.9,52.513283,5.074401,0,Volendam,NL
Amsterdam,Amsterdam_T2,02:00:00:a9:d4:76,2026-08-09 14:34:40,27.5,52.636438,5.157458,0,Wijdenes,NL
Amsterdam,Amsterdam_T2,02:00:00:65:41:36,2026-08-09 14:32:47,29.3,52.640045,5.064139,3,Hoorn,NL
Amsterdam,Amsterdam_T2,02:00:00:2f:35:a2,2026-08-09 14:36:59,28.3,52.6429770416675,5.077702583676,0,Hoorn,NL
Amsterdam,Amsterdam_T2,02:00:00:2e:b5:88,2026-08-09 14:31:09,29.1,52.651823,5.076761,0,Hoorn,NL
Amsterdam,Amsterdam_T2,02:00:00:65:84:72,2026-08-09 14:39:14,29.6,52.6471319,5.0887278,0,Hoorn,NL
Amsterdam,Amsterdam_T2,02:00:00:65:69:1e,2026-08-09 14:37:03,31.9,52.649585,5.097258,0,Hoorn,NL
Amsterdam,Amsterdam_T2,02:00:00:22:ea:76,2026-08-09 14:37:16,31.3,52.6533,5.0955,0,Hoorn,NL
Amsterdam,Amsterdam_T2,02:00:00:90:5f:c4,2026-08-09 14:33:39,27.8,52.321893,5.116822,3,Muiderberg,NL
Amsterdam,Amsterdam_T2,02:00:00:12:fe:e4,2026-08-09 14:36:25,30.8,52.3113794,5.15152499999999,3,Gooise Meren,NL
Amsterdam,Amsterdam_T2,02:00:00:29:43:f2,2026-08-09 14:32:09,32.1,52.313681,5.148801,6,Naarden,NL
Amsterdam,Amsterdam_T2,02:00:00:8d:c2:62,2026-08-09 14:36:40,33.9,52.3290573,5.06640220000001,2,Muiden,NL
Amsterdam,Amsterdam_T2,02:00:00:bd:eb:f2,2026-08-09 14:35:42,30.3,52.328728,5.06968,3,Muiden,NL
Amsterdam,Amsterdam_T2,02:00:00:32:d5:be,2026-08-09 14:32:38,33.3,52.329636,5.070703,1,Muiden,NL
Amsterdam,Amsterdam_T2,02:00:00:90:d2:d0,2026-08-09 14:34:06,27.8,52.326425,5.12370000000006,4,Muiderberg,NL
Amsterdam,Amsterdam_T2,02:00:00:2b:04:42,2026-08-09 14:07:26,28.1,52.3372959158816,5.13216555118561,0,Almere,NL
Amsterdam,Amsterdam_T2,02:00:00:36:e2:78,2026-08-09 14:39:43,32.5,52.3371049,5.1901735,0,Almere,NL
Amsterdam,Amsterdam_T2,02:00:00:2b:f1:24,2026-08-09 14:31:47,27.2,52.3379513,5.19054610000001,0,Almere,NL
Amsterdam,Amsterdam_T2,02:00:00:90:ac:fe,2026-08-09 14:31:53,31.7,52.338809,5.200362,0,Almere,NL
Amsterdam,Amsterdam_T2,02:00:00:9d:29:10,2026-08-09 14:30:59,32.6,52.337369,5.21375,0,Almere,NL
Amsterdam,Amsterdam_T2,02:00:00:2e:9a:cc,2026-08-09 14:38:44,30.9,52.336882,5.240898,0,Almere,NL
Amsterdam,Amsterdam_T2,02:00:00:2e:b5:4c,2026-08-09 14:35:35,30.5,52.3430088208381,5.19504211113633,0,Almere,NL
Amsterdam,Amsterdam_T2,02:00:00:b8:f6:48,2026-08-09 14:33:37,30.2,52.3406143188477,5.20010089874268,0,Almere,NL
Amsterdam,Amsterdam_T2,02:00:00:2c:c4:84,2026-08-09 14:39:23,31.1,52.3477676,5.2148857,0,Almere,NL
Amsterdam,Amsterdam_T2,02:00:00:bd:f8:fa,2026-08-09 14:32:09,31.8,52.3424109,5.2190179,0,Almere,NL
Amsterdam,Amsterdam_T2,02:00:00:31:c8:80,2026-08-09 14:35:38,29.3,52.347752,5.226271,0,Almere,NL
Amsterdam,Amsterdam_T2,02:00:00:3f:3f:c2,2026-08-09 14:34:29,28.9,52.343591,5.300593,0,Almere,NL
Amsterdam,Amsterdam_T2,02:00:00:c3:74:e2,2026-08-09 14:31:10,28.2,52.339954,5.30997100000004,0,Almere,NL
Amsterdam,Amsterdam_T2,02:00:00:27:45:f2,2026-08-09 14:35:27,29.5,52.339923,5.322713,0,Almere,NL
Amsterdam,Amsterdam_T2,02:00:00:a2:74:d6,2026-08-09 14:35:58,28.3,52.3410034179688,5.32753562927246,0,Almere,NL
Amsterdam,Amsterdam_T2,02:00:00:c2:7c:f4,2026-08-09 14:36:32,31.5,52.342907,5.329785,0,Almere,NL
Amsterdam,Amsterdam_T2,02:00:00:83:bd:82,2026-08-09 14:32:30,36.9,52.355964,5.150352,0,Almere,NL
Amsterdam,Amsterdam_T2,02:00:00:20:a9:28,2026-08-09 14:34:09,31.1,52.3552207946777,5.15794372558594,0,Almere,NL
Amsterdam,Amsterdam_T2,02:00:00:1f:41:a2,2026-08-09 14:31:55,33.9,52.359159,5.157519,0,Almere,NL
Amsterdam,Amsterdam_T2,02:00:00:bd:f3:22,2026-08-09 14:36:08,30.8,52.3556832426708,5.17759948959218,0,Almere,NL
Amsterdam,Amsterdam_T2,02:00:00:53:27:88,2026-08-09 14:40:55,35.9,52.3599,5.18,0,Almere,NL
Amsterdam,Amsterdam_T2,02:00:00:32:fc:ea,2026-08-09 14:34:51,38.9,52.3599014282227,5.17999982833862,0,Almere,NL
Amsterdam,Amsterdam_T2,02:00:00:7f:8b:a0,2026-08-09 14:37:33,31.3,52.356455,5.190885,0,Almere,NL
Amsterdam,Amsterdam_T2,02:00:00:83:cc:f8,2026-08-09 14:33:13,30.9,52.365,5.225,3,Almere,NL
Amsterdam,Amsterdam_T2,02:00:00:74:2f:a0,2026-08-09 14:31:32,30.8,52.361122,5.240015,0,Almere,NL
Amsterdam,Amsterdam_T2,02:00:00:01:e3:f6,2026-08-09 14:35:45,29.1,52.36436,5.23972999999998,0,Almere,NL
Amsterdam,Amsterdam_T2,02:00:00:33:e0:2c,2026-08-09 14:32:10,28.9,52.36486,5.240825,0,Almere,NL
Amsterdam,Amsterdam_T2,02:00:00:27:5a:b2,2026-08-09 14:31:08,31.1,52.362427,5.25434,0,Almere,NL
Amsterdam,Amsterdam_T2,02:00:00:74:32:de,2026-08-09 14:31:22,32.5,52.355048,5.27963999999998,0,Almere,NL
Amsterdam,Amsterdam_T2,02:00:00:a9:83:8c,2026-08-09 14:31:44,33.4,52.357345,5.286959,0,Almere,NL
Amsterdam,Amsterdam_T2,02:00:00:b5:0c:90,2026-08-09 14:32:13,33.0,52.361835,5.29245499999999,0,Almere,NL
Amsterdam,Amsterdam_T2,02:00:00:b2:a4:f6,2026-08-09 14:35:19,30.8,52.356743,5.305346,0,Almere,NL
Amsterdam,Amsterdam_T2,02:00:00:b9:58:8a,2026-08-09 14:39:19,32.2,52.357433,5.307289,0,Almere,NL
Amsterdam,Amsterdam_T2,02:00:00:28:aa:08,2026-08-09 14:36:01,32.2,52.3726348876953,5.18710041046143,0,Almere,NL
Amsterdam,Amsterdam_T2,02:00:00:5f:51:f6,2026-08-09 14:32:19,30.0,52.3763868010158,5.18871491122013,0,Almere,NL
Amsterdam,Amsterdam_T2,02:00:00:52:d5:9e,2026-08-09 14:31:14,32.6,52.3698,5.213,0,Almere,NL
Amsterdam,Amsterdam_T2,02:00:00:a4:40:a2,2026-08-09 14:36:32,30.7,52.3825,5.2101,0,Almere,NL
Amsterdam,Amsterdam_T2,02:00:00:a9:eb:4e,2026-08-09 14:30:10,30.8,52.368543,5.233816,0,Almere,NL
Amsterdam,Amsterdam_T2,02:00:00:53:48:18,2026-08-09 14:36:30,32.6,52.37066,5.233283,0,Almere,NL
Amsterdam,Amsterdam_T2,02:00:00:b9:1a:4e,2026-08-09 14:32:17,28.9,52.3704528808594,5.23384428024292,0,Almere,NL
Amsterdam,Amsterdam_T2,02:00:00:b5:6d:e8,2026-08-09 14:36:09,29.3,52.374999,5.254935,0,Almere,NL
Amsterdam,Amsterdam_T2,02:00:00:63:38:56,2026-08-09 14:30:22,29.6,52.380046,5.256249,0,Almere,NL
Amsterdam,Amsterdam_T2,02:00:00:73:c6:2e,2026-08-09 14:39:15,30.8,52.380726,5.257692,0,Almere,NL
Amsterdam,Amsterdam_T2,02:00:00:03:7c:78,2026-08-09 14:36:08,31.1,52.391575,5.177948,0,Almere,NL
Amsterdam,Amsterdam_T2,02:00:00:12:ed:8e,2026-08-09 14:31:18,28.7,52.3836744484748,5.19456455400282,0,Almere,NL
Amsterdam,Amsterdam_T2,02:00:00:53:5c:9c,2026-08-09 14:31:12,27.2,52.3900854363991,5.20024865531923,0,Almere,NL
Amsterdam,Amsterdam_T2,02:00:00:9b:58:5a,2026-08-09 14:34:21,29.2,52.393024667432,5.2090859413147,0,Almere,NL
Amsterdam,Amsterdam_T2,02:00:00:17:7b:d4,2026-08-09 14:31:20,32.2,52.383191,5.221105,0,Almere,NL
Amsterdam,Amsterdam_T2,02:00:00:84:5a:ae,2026-08-09 14:35:22,32.3,52.3883,5.224379,0,Almere,NL
Amsterdam,Amsterdam_T2,02:00:00:a4:6d:b2,2026-08-09 14:38:11,32.6,52.388077,5.240579,0,Almere,NL
Amsterdam,Amsterdam_T2,02:00:00:7f:9e:de,2026-08-09 14:35:15,31.6,52.384025,5.25010500000001,0,Almere,NL
Amsterdam,Amsterdam_T2,02:00:00:58:e1:26,2026-08-09 14:38:08,30.7,52.384533,5.252609,0,Almere,NL
Amsterdam,Amsterdam_T2,02:00:00:58:bf:ca,2026-08-09 14:35:34,31.5,52.38307,5.265491,0,Almere,NL
Amsterdam,Amsterdam_T2,02:00:00:3d:1b:4c,2026-08-09 14:34:13,30.9,52.3837937593531,5.27678767891788,0,Almere,NL
Amsterdam,Amsterdam_T2,02:00:00:bd:e8:f0,2026-08-09 14:34:29,32.3,52.3959675,5.3090496,0,Almere,NL
Amsterdam,Amsterdam_T2,02:00:00:71:39:50,2026-08-09 14:34:21,31.0,52.39723,5.164732,0,Almere,NL
Amsterdam,Amsterdam_T2,02:00:00:1f:4f:22,2026-08-09 14:37:50,33.2,52.3979296375149,5.16967981825021,0,Almere,NL
Amsterdam,Amsterdam_T2,02:00:00:83:e8:7e,2026-08-09 14:37:21,33.5,52.397284,5.254051,0,Almere,NL
Amsterdam,Amsterdam_T2,02:00:00:65:44:b2,2026-08-09 14:33:30,28.8,52.4001681563975,5.27203023477341,0,Almere,NL
Amsterdam,Amsterdam_T2,02:00:00:b2:ba:be,2026-08-09 14:33:35,27.5,52.3992347717285,5.2774977684021,0,Almere,NL
Amsterdam,Amsterdam_T2,02:00:00:9c:dc:e4,2026-08-09 14:34:21,31.2,52.400918,5.274714,0,Almere,NL
Amsterdam,Amsterdam_T2,02:00:00:03:cb:e8,2026-08-09 14:30:59,31.2,52.404926,5.287006,0,Almere,NL
Amsterdam,Amsterdam_T2,02:00:00:7a:83:18,2026-08-09 14:34:45,37.1,52.397218,5.30246,0,Almere,NL
Amsterdam,Amsterdam_T2,02:00:00:12:9c:64,2026-08-09 14:40:04,30.0,52.398632,5.308742,0,Almere,NL
Amsterdam,Amsterdam_T2,02:00:00:31:c7:1a,2026-08-09 14:35:17,28.6,52.39835027,5.31214431000001,0,Almere,NL
Amsterdam,Amsterdam_T2,02:00:00:7f:d3:7a,2026-08-09 14:33:22,31.8,52.3993820578264,5.32481566205385,0,Almere,NL
Amsterdam,Amsterdam_T2,02:00:00:74:7c:9e,2026-08-09 14:37:10,31.0,52.414947,5.280712,0,Almere,NL
Amsterdam,Amsterdam_T2,02:00:00:a9:d3:92,2026-08-09 14:36:34,29.3,52.430297,5.077604,0,Uitdam,NL
Amsterdam,Amsterdam_T2,02:00:00:7f:b2:de,2026-08-09 14:31:11,31.8,52.457411,5.102286,1,Marken,NL
Amsterdam,Amsterdam_T2,02:00:00:ab:e9:c0,2026-08-09 14:34:42,27.6,52.456592,5.107932,0,Marken,NL
Amsterdam,Amsterdam_T2,02:00:00:58:e6:76,2026-08-09 14:36:05,29.1,52.460474,5.102583,1,Marken,NL
Amsterdam,Amsterdam_T3,02:00:00:b5:b2:22,2026-08-09 14:36:03,26.4,52.180305,4.866178,0,Wilnis,NL
Amsterdam,Amsterdam_T3,02:00:00:b9:1f:00,2026-08-09 14:39:21,31.5,52.1843654615619,4.8412770498544,0,Mijdrecht,NL
Amsterdam,Amsterdam_T3,02:00:00:9c:de:20,2026-08-09 14:32:27,30.0,52.1958658,4.86264180000002,0,Mijdrecht,NL
Amsterdam,Amsterdam_T3,02:00:00:39:f9:dc,2026-08-09 14:32:51,33.0,52.202356,4.852284,0,Mijdrecht,NL
Amsterdam,Amsterdam_T3,02:00:00:64:f2:e6,2026-08-09 14:37:17,32.2,52.202097,4.867608,0,Mijdrecht,NL
Amsterdam,Amsterdam_T3,02:00:00:53:07:a6,2026-08-09 14:35:16,28.0,52.204351,4.867309,0,Mijdrecht,NL
Amsterdam,Amsterdam_T3,02:00:00:36:9e:aa,2026-08-09 14:33:55,31.2,52.1987979923771,4.88789952274533,0,De Ronde Venen,NL
Amsterdam,Amsterdam_T3,02:00:00:c3:8b:28,2026-08-09 14:39:43,31.6,52.204623,4.888187,0,Wilnis,NL
Amsterdam,Amsterdam_T3,02:00:00:5e:d8:5c,2026-08-09 14:33:06,36.2,52.1964,4.8915,0,Wilnis,NL
Amsterdam,Amsterdam_T3,02:00:00:bd:eb:2a,2026-08-09 14:39:51,33.9,52.2142662937636,4.86259564698173,0,De Ronde Venen,NL
Amsterdam,Amsterdam_T3,02:00:00:83:9c:f6,2026-08-09 14:31:20,32.4,52.214242,4.868094,0,Mijdrecht,NL
Amsterdam,Amsterdam_T3,02:00:00:1c:65:c8,2026-08-09 14:33:11,31.2,52.233621,4.809495,0,Uithoorn,NL
Amsterdam,Amsterdam_T3,02:00:00:c3:91:d0,2026-08-09 14:35:46,33.0,52.236612,4.807596,0,Uithoorn,NL
Amsterdam,Amsterdam_T3,02:00:00:8d:e9:88,2026-08-09 14:33:47,30.4,52.23393,4.82381000000006,0,Uithoorn,NL
Amsterdam,Amsterdam_T3,02:00:00:2d:08:dc,2026-08-09 14:39:51,28.8,52.232,4.8319,0,Amstelhoek,NL
Amsterdam,Amsterdam_T3,02:00:00:9c:dd:36,2026-08-09 14:34:15,29.3,52.237927,4.829257,0,Uithoorn,NL
Amsterdam,Amsterdam_T3,02:00:00:b5:2d:12,2026-08-09 14:31:52,29.4,52.235874,4.833385,0,Uithoorn,NL
Amsterdam,Amsterdam_T3,02:00:00:c2:87:00,2026-08-09 14:30:41,33.9,52.238525,4.967143,0,Vinkeveen,NL
Amsterdam,Amsterdam_T3,02:00:00:32:c6:08,2026-08-09 14:31:23,29.4,52.2411689758301,4.79375600814819,0,Uithoorn,NL
Amsterdam,Amsterdam_T3,02:00:00:58:75:48,2026-08-09 14:39:53,36.1,52.249742,4.801575,0,Uithoorn,NL
Amsterdam,Amsterdam_T3,02:00:00:31:ee:90,2026-08-09 14:34:58,31.9,52.2430443,4.81080739999993,0,Uithoorn,NL
Amsterdam,Amsterdam_T3,02:00:00:c2:3d:10,2026-08-09 14:36:24,33.4,52.2475852966309,4.80956983566284,0,Uithoorn,NL
Amsterdam,Amsterdam_T3,02:00:00:74:4d:d2,2026-08-09 14:32:31,31.1,52.252629,4.81731699999996,0,Uithoorn,NL
Amsterdam,Amsterdam_T3,02:00:00:af:23:1a,2026-08-09 14:34:16,26.8,52.24463,4.83123,0,Uithoorn,NL
Amsterdam,Amsterdam_T3,02:00:00:90:96:08,2026-08-09 14:34:45,30.8,52.25234,4.956786,0,Vinkeveen,NL
Amsterdam,Amsterdam_T3,02:00:00:a4:6b:32,2026-08-09 14:39:21,27.9,52.25339,4.959288,0,Vinkeveen,NL
Amsterdam,Amsterdam_T3,02:00:00:2e:95:68,2026-08-09 14:32:55,30.0,52.242711,5.04575,0,Vreeland,NL
Amsterdam,Amsterdam_T3,02:00:00:b8:ea:a2,2026-08-09 14:38:10,26.7,52.2659683227539,4.97129917144775,0,Abcoude,NL
Amsterdam,Amsterdam_T3,02:00:00:29:47:02,2026-08-09 14:32:43,28.3,52.2751,4.7914,0,Aalsmeer,NL
Amsterdam,Amsterdam_T3,02:00:00:5e:d5:82,2026-08-09 14:33:01,32.6,52.2759595,4.7924495,0,Aalsmeer,NL
Amsterdam,Amsterdam_T3,02:00:00:7b:04:06,2026-08-09 14:37:29,28.6,52.277422,4.794365,0,Aalsmeer,NL
Amsterdam,Amsterdam_T3,02:00:00:af:5c:a8,2026-08-09 14:31:25,30.7,52.279588,4.807665,0,Aalsmeer,NL
Amsterdam,Amsterdam_T3,02:00:00:12:5f:7e,2026-08-09 14:34:06,34.0,52.2806016101332,4.80718300000004,0,Aalsmeer,NL
Amsterdam,Amsterdam_T3,02:00:00:58:c4:5a,2026-08-09 14:33:39,30.7,52.27291,4.8268547,0,Amstelveen,NL
Amsterdam,Amsterdam_T3,02:00:00:b5:b6:fe,2026-08-09 14:35:45,30.3,52.2803576108898,4.83137900000014,0,Amstelveen,NL
Amsterdam,Amsterdam_T3,02:00:00:a9:e0:be,2026-08-09 14:31:17,33.7,52.276607,4.835382,0,Amstelveen,NL
Amsterdam,Amsterdam_T3,02:00:00:2b:50:5e,2026-08-09 14:33:48,31.3,52.2791747,4.84435499999995,0,Amstelveen,NL
Amsterdam,Amsterdam_T3,02:00:00:64:38:08,2026-08-09 14:30:34,29.8,52.277126,4.855131,0,Amstelveen,NL
Amsterdam,Amsterdam_T3,02:00:00:2a:d6:7a,2026-08-09 14:31:41,30.2,52.2696126098744,4.96684000945569,0,De Ronde Venen,NL
Amsterdam,Amsterdam_T3,02:00:00:02:b3:b8,2026-08-09 14:30:28,28.0,52.2708583441107,4.97803043918141,0,Abcoude,NL
Amsterdam,Amsterdam_T3,02:00:00:69:26:be,2026-08-09 14:36:51,27.3,52.277725,4.972173,0,De Ronde Venen,NL
Amsterdam,Amsterdam_T3,02:00:00:00:0f:fc,2026-08-09 14:37:27,29.9,52.275266,5.048392,0,Nederhorst den Berg,NL
Amsterdam,Amsterdam_T3,02:00:00:90:8f:d2,2026-08-09 14:36:22,31.9,52.28312,4.82091999999998,0,Amstelveen,NL
Amsterdam,Amsterdam_T3,02:00:00:a4:1c:84,2026-08-09 14:39:20,30.2,52.2838261,4.82931780000006,0,Amstelveen,NL
Amsterdam,Amsterdam_T3,02:00:00:28:78:00,2026-08-09 14:34:46,30.4,52.284613,4.828821,0,Amstelveen,NL
Amsterdam,Amsterdam_T3,02:00:00:52:c6:8a,2026-08-09 14:32:29,28.3,52.290750006649,4.8284928930409,0,Amstelveen,NL
Amsterdam,Amsterdam_T3,02:00:00:1d:e4:b2,2026-08-09 14:30:51,31.0,52.2832132669251,4.85250011221136,0,Amstelveen,NL
Amsterdam,Amsterdam_T3,02:00:00:05:82:46,2026-08-09 14:35:52,29.6,52.2844,4.8662,0,Amstelveen,NL
Amsterdam,Amsterdam_T3,02:00:00:7f:c0:3a,2026-08-09 14:33:48,29.2,52.291911,4.864234,0,Amstelveen,NL
Amsterdam,Amsterdam_T3,02:00:00:01:9c:20,2026-08-09 14:38:41,32.0,52.290428,4.906343,4,Ouder-Amstel,NL
Amsterdam,Amsterdam_T3,02:00:00:58:bb:aa,2026-08-09 14:35:31,32.6,52.291399,4.906819,0,Ouder-Amstel,NL
Amsterdam,Amsterdam_T3,02:00:00:bd:fa:d8,2026-08-09 14:34:26,28.3,52.2940673828125,4.90632486343384,0,Ouder-Amstel,NL
Amsterdam,Amsterdam_T3,02:00:00:bd:bf:ee,2026-08-09 14:33:44,31.3,52.293971,4.969643,0,Amsterdam,NL
Amsterdam,Amsterdam_T3,02:00:00:a9:e1:5c,2026-08-09 14:39:20,31.4,52.2913856506348,4.98309993743896,0,Amsterdam,NL
Amsterdam,Amsterdam_T3,02:00:00:70:5c:6e,2026-08-09 14:34:08,29.6,52.295512,4.99334,1,Amsterdam,NL
Amsterdam,Amsterdam_T3,02:00:00:84:4f:60,2026-08-09 14:37:08,33.6,52.308615,4.846179,0,Amstelveen,NL
Amsterdam,Amsterdam_T3,02:00:00:63:12:64,2026-08-09 14:38:43,32.2,52.3035226248921,4.85305577851774,0,Amstelveen,NL
Amsterdam,Amsterdam_T3,02:00:00:7f:ed:f6,2026-08-09 14:32:32,36.1,52.3022440001073,4.85541709109702,0,Amstelveen,NL
Amsterdam,Amsterdam_T3,02:00:00:00:c8:ee,2026-08-09 14:33:58,29.4,52.3100964,4.85365419999994,0,Amstelveen,NL
Amsterdam,Amsterdam_T3,02:00:00:31:b5:52,2026-08-09 14:38:09,31.3,52.3018417358398,4.87595748901367,0,Amstelveen,NL
Amsterdam,Amsterdam_T3,02:00:00:2b:42:8e,2026-08-09 14:32:25,29.2,52.2987889273546,4.90443549467524,0,Ouderkerk aan de Amstel,NL
Amsterdam,Amsterdam_T3,02:00:00:01:3d:1e,2026-08-09 14:37:18,28.4,52.3109,4.9453,2,Amsterdam,NL
Amsterdam,Amsterdam_T3,02:00:00:53:58:44,2026-08-09 14:36:47,33.9,52.30087,4.959429,0,Amsterdam,NL
Amsterdam,Amsterdam_T3,02:00:00:bd:d6:82,2026-08-09 14:31:26,29.8,52.2994499206543,4.97056102752686,0,Amsterdam,NL
Amsterdam,Amsterdam_T3,02:00:00:03:b8:62,2026-08-09 14:40:20,30.3,52.3082015,4.98595279999995,1,Amsterdam,NL
Amsterdam,Amsterdam_T3,02:00:00:3b:fd:5e,2026-08-09 14:31:42,29.2,52.306607,5.037148,5,Weesp,NL
Amsterdam,Amsterdam_T3,02:00:00:b5:73:e8,2026-08-09 14:40:06,35.1,52.301728,5.041241,0,Weesp,NL
Amsterdam,Amsterdam_T3,02:00:00:c3:de:1c,2026-08-09 14:38:52,31.6,52.3050727844238,5.04161167144775,2,Weesp,NL
Amsterdam,Amsterdam_T3,02:00:00:31:ce:86,2026-08-09 14:36:20,32.0,52.3110204410649,5.04192531108862,2,Weesp,NL
Amsterdam,Amsterdam_T3,02:00:00:5f:35:68,2026-08-09 14:34:29,29.3,52.149227142334,4.50348806381226,2,Leiden,NL
Amsterdam,Amsterdam_T3,02:00:00:c5:38:26,2026-08-09 14:34:27,31.9,52.141874,4.512709,0,Zoeterwoude,NL
Amsterdam,Amsterdam_T3,02:00:00:01:42:9e,2026-08-09 14:32:36,33.3,52.140906,4.534202,1,Zoeterwoude,NL
Amsterdam,Amsterdam_T3,02:00:00:a2:35:c6,2026-08-09 14:35:42,30.3,52.14029,4.536627,0,Zoeterwoude,NL
Amsterdam,Amsterdam_T3,02:00:00:02:77:5e,2026-08-09 14:33:38,28.4,52.1448431105189,4.5276681094113,0,Leiderdorp,NL
Amsterdam,Amsterdam_T3,02:00:00:a9:52:dc,2026-08-09 14:40:16,32.7,52.1443095,4.6508122,0,Alphen aan den Rijn,NL
Amsterdam,Amsterdam_T3,02:00:00:90:f7:7a,2026-08-09 14:37:35,32.1,52.146214,4.6518717,0,Alphen aan den Rijn,NL
Amsterdam,Amsterdam_T3,02:00:00:b0:9c:78,2026-08-09 14:39:11,31.4,52.145522,4.657015,0,Alphen aan den Rijn,NL
Amsterdam,Amsterdam_T3,02:00:00:01:6c:1c,2026-08-09 14:31:54,36.6,52.1399723999613,4.67088000000008,0,Alphen aan den Rijn,NL
Amsterdam,Amsterdam_T3,02:00:00:74:7a:b2,2026-08-09 14:35:04,35.2,52.141687,4.666902,0,Alphen aan den Rijn,NL
Amsterdam,Amsterdam_T3,02:00:00:b5:b1:54,2026-08-09 14:32:27,31.8,52.1509846,4.6664651,0,Alphen aan den Rijn,NL
Amsterdam,Amsterdam_T3,02:00:00:33:d1:80,2026-08-09 14:33:52,28.6,52.142567,4.728438,0,Aarlanderveen,NL
Amsterdam,Amsterdam_T3,02:00:00:28:8f:36,2026-08-09 14:33:50,30.2,52.146449,4.7686720000001,0,Nieuwkoop,NL
Amsterdam,Amsterdam_T3,02:00:00:12:cc:52,2026-08-09 14:33:28,33.2,52.147432,4.76853900000003,0,Nieuwkoop,NL
Amsterdam,Amsterdam_T3,02:00:00:1c:67:98,2026-08-09 14:31:39,29.0,52.1479934127346,4.77060892023442,0,Nieuwkoop,NL
Amsterdam,Amsterdam_T3,02:00:00:3e:e0:9a,2026-08-09 14:38:22,30.0,52.161192,4.50144,1,Leiden,NL
Amsterdam,Amsterdam_T3,02:00:00:83:9d:d8,2026-08-09 14:32:04,28.9,52.1586889351553,4.50260069020393,1,Leiden,NL
Amsterdam,Amsterdam_T3,02:00:00:b9:40:8e,2026-08-09 14:37:05,30.2,52.160327911377,4.50235891342163,2,Leiden,NL
Amsterdam,Amsterdam_T3,02:00:00:64:26:78,2026-08-09 14:33:24,35.3,52.162522,4.533056,7,Leiderdorp,NL
Amsterdam,Amsterdam_T3,02:00:00:27:5b:44,2026-08-09 14:36:04,30.6,52.1626537177977,4.53790140151978,0,Leiderdorp,NL
Amsterdam,Amsterdam_T3,02:00:00:7a:c3:80,2026-08-09 14:34:44,35.2,52.162409,4.542551,0,Leiderdorp,NL
Amsterdam,Amsterdam_T3,02:00:00:02:be:00,2026-08-09 14:39:14,31.6,52.1533851623535,4.65606546401978,0,Alphen aan den Rijn,NL
Amsterdam,Amsterdam_T3,02:00:00:29:78:6e,2026-08-09 14:39:07,30.0,52.154164,4.65799200000001,0,Alphen aan den Rijn,NL
Amsterdam,Amsterdam_T3,02:00:00:19:9b:18,2026-08-09 14:35:33,31.6,52.1559257,4.66168180000011,0,Alphen aan den Rijn,NL
Amsterdam,Amsterdam_T3,02:00:00:65:7e:88,2026-08-09 14:33:06,31.4,52.154239,4.667607,0,Alphen aan den Rijn,NL
Amsterdam,Amsterdam_T3,02:00:00:27:28:d6,2026-08-09 14:37:02,30.9,52.163754,4.727356,0,Ter Aar,NL
Amsterdam,Amsterdam_T3,02:00:00:a4:29:7c,2026-08-09 14:37:24,31.5,52.1643447875977,4.72910165786743,0,Ter Aar,NL
Amsterdam,Amsterdam_T3,02:00:00:c2:43:10,2026-08-09 14:36:34,28.6,52.1789963730813,4.51158495661505,0,Leiden,NL
Amsterdam,Amsterdam_T3,02:00:00:a9:80:3a,2026-08-09 14:33:53,29.2,52.1757382786811,4.51585644675129,1,Leiden,NL
Amsterdam,Amsterdam_T3,02:00:00:05:4d:86,2026-08-09 14:01:44,26.6,52.1684195813875,4.52365448028215,0,Leiderdorp,NL
Amsterdam,Amsterdam_T3,02:00:00:3f:0a:64,2026-08-09 14:31:10,29.6,52.167967,4.525627,0,Leiderdorp,NL
Amsterdam,Amsterdam_T3,02:00:00:5f:42:c2,2026-08-09 14:39:19,33.4,52.1707484020713,4.53269621650751,0,Leiderdorp,NL
Amsterdam,Amsterdam_T3,02:00:00:b9:65:4e,2026-08-09 14:40:15,29.2,52.177334,4.595655,0,Hoogmade,NL
Amsterdam,Amsterdam_T3,02:00:00:5f:61:f8,2026-08-09 14:33:04,30.9,52.17337,4.6298833,0,Woubrugge,NL
Amsterdam,Amsterdam_T3,02:00:00:17:c1:e0,2026-08-09 14:38:25,29.1,52.16938,4.634362,0,Woubrugge,NL
Amsterdam,Amsterdam_T3,02:00:00:5f:3c:9e,2026-08-09 14:34:18,32.8,52.1824479,4.5021493,1,Leiden,NL
Amsterdam,Amsterdam_T3,02:00:00:bd:ba:86,2026-08-09 14:33:45,28.5,52.182112,4.506149,1,Leiden,NL
Amsterdam,Amsterdam_T3,02:00:00:bd:c0:00,2026-08-09 14:37:07,28.8,52.183604,4.507239,2,Leiden,NL
Amsterdam,Amsterdam_T3,02:00:00:3f:52:44,2026-08-09 14:40:02,37.8,52.193246,4.544332,0,Teylingen,NL
Amsterdam,Amsterdam_T3,02:00:00:12:c9:6c,2026-08-09 14:35:41,27.0,52.184724,4.5896386,1,Rijpwetering,NL
Amsterdam,Amsterdam_T3,02:00:00:64:2a:32,2026-08-09 14:36:10,28.0,52.1872722,4.6977901,0,Kaag en Braassem,NL
Amsterdam,Amsterdam_T3,02:00:00:03:64:d6,2026-08-09 14:33:26,31.4,52.194439,4.705226,0,Ter Aar,NL
Amsterdam,Amsterdam_T3,02:00:00:3f:45:ee,2026-08-09 14:38:09,35.6,52.194508,4.753052,0,Nieuwkoop,NL
Amsterdam,Amsterdam_T3,02:00:00:7f:8b:fe,2026-08-09 14:35:08,32.6,52.190956,4.7552314,0,Nieuwveen,NL
Amsterdam,Amsterdam_T3,02:00:00:64:35:be,2026-08-09 14:39:13,30.5,52.205606,4.616234,0,Kaag en Braassem,NL
Amsterdam,Amsterdam_T3,02:00:00:63:10:34,2026-08-09 14:37:49,33.6,52.197176,4.711405,0,Nieuwkoop,NL
Amsterdam,Amsterdam_T3,02:00:00:b9:14:aa,2026-08-09 14:38:29,27.9,52.220093,4.506084,0,Sassenheim,NL
Amsterdam,Amsterdam_T3,02:00:00:73:cb:f4,2026-08-09 14:34:31,28.7,52.219608,4.506889,0,Sassenheim,NL
Amsterdam,Amsterdam_T3,02:00:00:31:c7:b6,2026-08-09 14:40:49,26.5,52.2243288,4.52245489999996,1,Teylingen,NL
Amsterdam,Amsterdam_T3,02:00:00:7f:d6:6a,2026-08-09 14:37:43,27.5,52.22341,4.530361,1,Sassenheim,NL
Amsterdam,Amsterdam_T3,02:00:00:73:a4:76,2026-08-09 14:39:14,28.2,52.222199,4.53317500000003,0,Sassenheim,NL
Amsterdam,Amsterdam_T3,02:00:00:84:02:9e,2026-08-09 14:32:42,30.2,52.216465,4.558161,0,Kaag,NL
Amsterdam,Amsterdam_T3,02:00:00:62:ff:da,2026-08-09 14:34:20,30.1,52.211627,4.6430572,0,Oude Wetering,NL
Amsterdam,Amsterdam_T3,02:00:00:83:ac:ee,2026-08-09 14:35:52,30.6,52.214876,4.645154,0,Oude Wetering,NL
Amsterdam,Amsterdam_T3,02:00:00:3f:71:a6,2026-08-09 14:35:00,28.9,52.21414,4.6472287,1,Leimuiden,NL
Amsterdam,Amsterdam_T3,02:00:00:70:40:80,2026-08-09 14:37:35,30.1,52.225735,4.501063,0,Voorhout,NL
Amsterdam,Amsterdam_T3,02:00:00:58:f7:34,2026-08-09 14:32:39,25.6,52.2273134539933,4.68486487480471,0,Aalsmeer,NL
Amsterdam,Amsterdam_T3,02:00:00:ab:e3:e0,2026-08-09 14:33:24,31.3,52.2331181,4.75635320000001,0,Aalsmeer,NL
Amsterdam,Amsterdam_T3,02:00:00:52:ea:f0,2026-08-09 14:35:51,28.9,52.233768,4.756648,0,Aalsmeer,NL
Amsterdam,Amsterdam_T3,02:00:00:c2:89:3c,2026-08-09 14:37:27,26.8,52.237688,4.755142,0,Aalsmeer,NL
Amsterdam,Amsterdam_T3,02:00:00:63:07:c8,2026-08-09 14:31:01,28.2,52.240259,4.54156,0,Lisse,NL
Amsterdam,Amsterdam_T3,02:00:00:2c:d2:28,2026-08-09 14:40:10,25.7,52.249578,4.552296,0,Lisse,NL
Amsterdam,Amsterdam_T3,02:00:00:05:f8:0e,2026-08-09 14:37:33,30.1,52.241284,4.560116,0,Lisse,NL
Amsterdam,Amsterdam_T3,02:00:00:02:39:6c,2026-08-09 14:39:16,30.7,52.243684,4.560772,0,Lisse,NL
Amsterdam,Amsterdam_T3,02:00:00:9b:5b:10,2026-08-09 14:36:29,27.4,52.2406594049526,4.7535080909729,0,Aalsmeer,NL
Amsterdam,Amsterdam_T3,02:00:00:a9:ab:9a,2026-08-09 14:35:54,27.9,52.258763,4.500574,1,Noordwijk,NL
Amsterdam,Amsterdam_T3,02:00:00:b2:b6:8e,2026-08-09 14:33:38,27.2,52.257173,4.547704,1,Lisse,NL
Amsterdam,Amsterdam_T3,02:00:00:5f:5c:b0,2026-08-09 14:37:56,30.0,52.2589063,4.55015320000004,0,Lisse,NL
Amsterdam,Amsterdam_T3,02:00:00:53:23:72,2026-08-09 14:37:29,30.1,52.257913,4.555179,2,Lisse,NL
Amsterdam,Amsterdam_T3,02:00:00:1e:0c:6c,2026-08-09 14:32:29,33.0,52.254381,4.574299,0,Lisserbroek,NL
Amsterdam,Amsterdam_T3,02:00:00:7a:c4:c4,2026-08-09 14:35:39,29.6,52.2553855604041,4.57307485801721,0,Lisserbroek,NL
Amsterdam,Amsterdam_T3,02:00:00:33:de:18,2026-08-09 14:36:26,33.9,52.265319,4.611127,0,Haarlemmermeer,NL
Amsterdam,Amsterdam_T3,02:00:00:04:91:16,2026-08-09 14:31:49,30.9,52.2679929198165,4.63278969460699,0,Haarlemmermeer,NL
Amsterdam,Amsterdam_T3,02:00:00:ab:d3:c0,2026-08-09 14:39:27,29.0,52.262134,4.641842,0,Nieuw-Vennep,NL
Amsterdam,Amsterdam_T3,02:00:00:ab:ef:e6,2026-08-09 14:39:47,33.1,52.258925,4.709788,0,Rijsenhout,NL
Amsterdam,Amsterdam_T3,02:00:00:2c:8f:94,2026-08-09 14:37:32,31.2,52.2557,4.7136,1,Rijsenhout,NL
Amsterdam,Amsterdam_T3,02:00:00:a9:d2:88,2026-08-09 14:32:20,30.8,52.2617816302565,4.7177267074585,0,Rijsenhout,NL
Amsterdam,Amsterdam_T3,02:00:00:27:7c:82,2026-08-09 14:37:48,29.6,52.26433,4.749465,2,Aalsmeer,NL
Amsterdam,Amsterdam_T3,02:00:00:b5:06:8c,2026-08-09 14:33:56,30.4,52.2593561,4.76086150000002,0,Aalsmeer,NL
Amsterdam,Amsterdam_T3,02:00:00:70:50:ec,2026-08-09 14:32:10,30.3,52.28026,4.58363999999996,1,Hillegom,NL
Amsterdam,Amsterdam_T3,02:00:00:36:a1:5e,2026-08-09 14:36:38,30.6,52.272289276123,4.61073160171509,0,Haarlemmermeer,NL
Amsterdam,Amsterdam_T3,02:00:00:c5:41:0e,2026-08-09 14:34:18,31.0,52.268771,4.614682,0,Haarlemmermeer,NL
Amsterdam,Amsterdam_T3,02:00:00:05:f6:da,2026-08-09 14:40:40,36.3,52.2694883,4.6143998,0,Haarlemmermeer,NL
Amsterdam,Amsterdam_T3,02:00:00:b5:33:50,2026-08-09 14:38:01,29.2,52.272833,4.62205300000007,0,Nieuw-Vennep,NL
Amsterdam,Amsterdam_T3,02:00:00:28:8c:16,2026-08-09 14:37:23,35.0,52.2701110839844,4.62496519088745,0,Haarlemmermeer,NL
Amsterdam,Amsterdam_T3,02:00:00:7a:eb:e8,2026-08-09 14:34:21,29.9,52.2695265,4.6269616,0,Nieuw-Vennep,NL
Amsterdam,Amsterdam_T3,02:00:00:70:5b:08,2026-08-09 14:34:38,28.8,52.2704520230828,4.64109063148504,0,Nieuw-Vennep,NL
Amsterdam,Amsterdam_T3,02:00:00:27:87:a6,2026-08-09 14:38:58,32.0,52.271603,4.747902,1,Aalsmeer,NL
Amsterdam,Amsterdam_T3,02:00:00:bd:c1:d8,2026-08-09 14:40:24,26.7,52.2719283892474,4.75864973891189,2,Aalsmeer,NL
Amsterdam,Amsterdam_T3,02:00:00:7f:99:2a,2026-08-09 14:32:22,31.7,52.284849,4.505254,2,Noordwijk,NL
Amsterdam,Amsterdam_T3,02:00:00:bd:d4:56,2026-08-09 14:32:04,31.0,52.282842,4.573196,1,Hillegom,NL
Amsterdam,Amsterdam_T3,02:00:00:a9:9a:c0,2026-08-09 14:38:01,31.7,52.2850256671856,4.57413466944628,0,Hillegom,NL
Amsterdam,Amsterdam_T3,02:00:00:ab:e4:7a,2026-08-09 14:30:35,31.3,52.288833,4.575956,1,Hillegom,NL
Amsterdam,Amsterdam_T3,02:00:00:ab:ed:78,2026-08-09 14:30:03,29.9,52.2926323,4.6576058,0,Hoofddorp,NL
Amsterdam,Amsterdam_T3,02:00:00:b5:95:dc,2026-08-09 14:35:52,28.5,52.2948024141077,4.65833830477996,0,Haarlemmermeer,NL
Amsterdam,Amsterdam_T3,02:00:00:31:ea:fc,2026-08-09 14:33:06,33.8,52.292435,4.660293,0,Hoofddorp,NL
Amsterdam,Amsterdam_T3,02:00:00:2a:f2:9a,2026-08-09 14:37:31,33.0,52.2955085,4.665574,0,Haarlemmermeer,NL
Amsterdam,Amsterdam_T3,02:00:00:7a:fc:64,2026-08-09 14:33:55,33.6,52.2958984375,4.66769981384277,0,Haarlemmermeer,NL
Amsterdam,Amsterdam_T3,02:00:00:1e:01:86,2026-08-09 14:35:13,31.8,52.2942651400619,4.69299365114933,0,Haarlemmermeer,NL
Amsterdam,Amsterdam_T3,02:00:00:84:a3:4e,2026-08-09 14:32:01,31.1,52.2966613769531,4.69120836257935,0,Hoofddorp,NL
Amsterdam,Amsterdam_T3,02:00:00:c2:81:f2,2026-08-09 14:38:25,27.6,52.2832,4.7521,0,Schiphol,NL
Amsterdam,Amsterdam_T3,02:00:00:bd:c9:0e,2026-08-09 14:31:38,30.8,52.303827,4.54746,0,Noordwijk,NL
Amsterdam,Amsterdam_T3,02:00:00:90:ae:fa,2026-08-09 14:36:10,33.7,52.3039033,4.54748825,0,Noordwijk,NL
Amsterdam,Amsterdam_T3,02:00:00:13:20:e6,2026-08-09 14:35:49,29.1,52.301301,4.57108,1,Hillegom,NL
Amsterdam,Amsterdam_T3,02:00:00:c3:9a:a4,2026-08-09 14:31:32,32.2,52.299727,4.580897,2,Hillegom,NL
Amsterdam,Amsterdam_T3,02:00:00:a2:09:b8,2026-08-09 14:38:52,31.3,52.298534,4.582844,4,Hillegom,NL
Amsterdam,Amsterdam_T3,02:00:00:bd:fa:42,2026-08-09 14:32:38,31.5,52.309433,4.616575,0,Zwaanshoek,NL
Amsterdam,Amsterdam_T3,02:00:00:6b:60:74,2026-08-09 14:34:55,30.4,52.3056584,4.6281179,0,Haarlemmermeer,NL
Amsterdam,Amsterdam_T3,02:00:00:af:71:90,2026-08-09 14:31:51,30.2,52.3017578125,4.63483810424805,0,Haarlemmermeer,NL
Amsterdam,Amsterdam_T3,02:00:00:65:3c:26,2026-08-09 14:39:06,31.5,52.308498,4.629693,0,Hoofddorp,NL
Amsterdam,Amsterdam_T3,02:00:00:c3:7e:da,2026-08-09 14:31:35,29.0,52.298948,4.64121,0,Hoofddorp,NL
Amsterdam,Amsterdam_T3,02:00:00:84:ae:8c,2026-08-09 14:33:34,27.5,52.30184,4.6522217,0,Hoofddorp,NL
Amsterdam,Amsterdam_T3,02:00:00:65:31:6e,2026-08-09 14:31:44,28.4,52.3043126639953,4.65336717353921,0,Haarlemmermeer,NL
Amsterdam,Amsterdam_T3,02:00:00:01:cc:ce,2026-08-09 14:36:32,28.2,52.297203,4.664856,0,Hoofddorp,NL
Amsterdam,Amsterdam_T3,02:00:00:b5:16:b8,2026-08-09 14:40:17,30.3,52.2970073,4.6658259,0,Hoofddorp,NL
Amsterdam,Amsterdam_T3,02:00:00:9d:0f:26,2026-08-09 14:36:53,28.6,52.3032026,4.67342200000001,0,Hoofddorp,NL
Amsterdam,Amsterdam_T3,02:00:00:03:d6:30,2026-08-09 14:30:27,30.1,52.3030514321702,4.68862533498523,0,Hoofddorp,NL
Amsterdam,Amsterdam_T3,02:00:00:37:28:a6,2026-08-09 14:39:19,30.6,52.303769,4.696577,0,Hoofddorp,NL
Amsterdam,Amsterdam_T3,02:00:00:33:e1:a0,2026-08-09 14:36:41,28.0,52.297694,4.697439,0,Hoofddorp,NL
Amsterdam,Amsterdam_T3,02:00:00:b9:1a:94,2026-08-09 14:35:56,30.7,52.302276,4.711949,0,Hoofddorp,NL
Amsterdam,Amsterdam_T4,02:00:00:29:0c:f2,2026-08-09 14:39:41,30.8,52.227555,5.08386,0,Kortenhoef,NL
Amsterdam,Amsterdam_T4,02:00:00:3c:f5:64,2026-08-09 14:39:42,24.5,52.2325422,5.09723780000001,0,Kortenhoef,NL
Amsterdam,Amsterdam_T4,02:00:00:2c:bd:b2,2026-08-09 14:37:33,30.8,52.2356,5.1103,1,Kortenhoef,NL
Amsterdam,Amsterdam_T4,02:00:00:04:93:66,2026-08-09 14:31:16,32.3,52.2312,5.1544,18,Hilversum,NL
Amsterdam,Amsterdam_T4,02:00:00:70:52:52,2026-08-09 14:31:00,30.5,52.2312,5.1544,17,Hilversum,NL
Amsterdam,Amsterdam_T4,02:00:00:70:55:58,2026-08-09 14:39:35,29.6,52.2351843,5.1552920000001,12,Hilversum,NL
Amsterdam,Amsterdam_T4,02:00:00:74:75:84,2026-08-09 14:36:12,31.8,52.230074,5.157847,10,Hilversum,NL
Amsterdam,Amsterdam_T4,02:00:00:c3:92:12,2026-08-09 14:38:52,28.6,52.238763,5.16284799999995,17,Hilversum,NL
Amsterdam,Amsterdam_T4,02:00:00:7a:ef:d6,2026-08-09 14:35:23,32.2,52.2281928,5.17709320000006,4,Hilversum,NL
Amsterdam,Amsterdam_T4,02:00:00:65:71:1c,2026-08-09 14:38:44,29.4,52.234066,5.179928,8,Hilversum,NL
Amsterdam,Amsterdam_T4,02:00:00:a4:38:20,2026-08-09 14:36:17,30.9,52.2281,5.198,7,Hilversum,NL
Amsterdam,Amsterdam_T4,02:00:00:b2:bd:2c,2026-08-09 14:34:27,32.1,52.225197,5.201846,7,Hilversum,NL
Amsterdam,Amsterdam_T4,02:00:00:7f:b5:f0,2026-08-09 14:37:42,33.0,52.244442,5.115084,0,Kortenhoef,NL
Amsterdam,Amsterdam_T4,02:00:00:b8:ef:e6,2026-08-09 14:32:19,30.5,52.244014,5.117409,0,Kortenhoef,NL
Amsterdam,Amsterdam_T4,02:00:00:c5:40:be,2026-08-09 14:40:12,29.3,52.251322,5.211686,18,Laren,NL
Amsterdam,Amsterdam_T4,02:00:00:83:7e:f0,2026-08-09 14:37:20,28.7,52.251473,5.219376,10,Laren,NL
Amsterdam,Amsterdam_T4,02:00:00:74:2a:78,2026-08-09 14:38:34,32.3,52.248047,5.251525,0,Eemnes,NL
Amsterdam,Amsterdam_T4,02:00:00:73:e8:cc,2026-08-09 14:34:59,30.8,52.248071,5.255225,0,Eemnes,NL
Amsterdam,Amsterdam_T4,02:00:00:9d:28:b2,2026-08-09 14:38:49,31.0,52.2487106323242,5.25836563110352,0,Eemnes,NL
Amsterdam,Amsterdam_T4,02:00:00:02:7b:da,2026-08-09 14:39:30,30.5,52.2670890638603,5.13611126961837,1,Hilversum,NL
Amsterdam,Amsterdam_T4,02:00:00:02:3e:4c,2026-08-09 14:34:06,26.1,52.26342,5.16939000000001,7,Bussum,NL
Amsterdam,Amsterdam_T4,02:00:00:5f:48:72,2026-08-09 14:31:42,31.4,52.265510559082,5.18823289871216,14,Gooise Meren,NL
Amsterdam,Amsterdam_T4,02:00:00:7f:98:f0,2026-08-09 14:32:49,31.4,52.260707,5.221112,11,Laren,NL
Amsterdam,Amsterdam_T4,02:00:00:b5:74:92,2026-08-09 14:33:43,35.3,52.2546636,5.23107809999996,6,Laren,NL
Amsterdam,Amsterdam_T4,02:00:00:3a:09:c4,2026-08-09 14:34:46,34.0,52.257431,5.233823,4,Laren,NL
Amsterdam,Amsterdam_T4,02:00:00:84:4f:78,2026-08-09 14:37:14,29.0,52.256795,5.244953,5,Blaricum,NL
Amsterdam,Amsterdam_T4,02:00:00:3d:1b:a8,2026-08-09 14:33:50,28.8,52.2585411,5.2542984,1,Eemnes,NL
Amsterdam,Amsterdam_T4,02:00:00:90:d0:a8,2026-08-09 14:32:00,30.8,52.25711,5.25711,0,Eemnes,NL
Amsterdam,Amsterdam_T4,02:00:00:27:78:d4,2026-08-09 14:37:16,28.4,52.270871,5.135441,2,Hilversum,NL
Amsterdam,Amsterdam_T4,02:00:00:65:51:5c,2026-08-09 14:33:18,29.1,52.272394,5.138071,0,Hilversum,NL
Amsterdam,Amsterdam_T4,02:00:00:20:93:06,2026-08-09 14:38:40,28.4,52.278192,5.147376,3,Bussum,NL
Amsterdam,Amsterdam_T4,02:00:00:02:e5:72,2026-08-09 14:32:09,28.5,52.2774,5.1728,6,Bussum,NL
Amsterdam,Amsterdam_T4,02:00:00:53:19:8e,2026-08-09 14:40:40,30.6,52.279817,5.17271000000011,3,Bussum,NL
Amsterdam,Amsterdam_T4,02:00:00:34:0b:50,2026-08-09 14:39:57,27.8,52.2759421688218,5.17775304350951,6,Gooise Meren,NL
Amsterdam,Amsterdam_T4,02:00:00:53:19:a4,2026-08-09 14:36:01,27.1,52.27287,5.181633,9,Bussum,NL
Amsterdam,Amsterdam_T4,02:00:00:02:f7:80,2026-08-09 14:36:25,29.9,52.2738866862178,5.18508174396095,9,Gooise Meren,NL
Amsterdam,Amsterdam_T4,02:00:00:1b:33:80,2026-08-09 14:34:59,28.4,52.27802,5.183551,7,Bussum,NL
Amsterdam,Amsterdam_T4,02:00:00:ab:e1:94,2026-08-09 14:39:06,28.2,52.273692,5.2380480000001,9,Blaricum,NL
Amsterdam,Amsterdam_T4,02:00:00:2e:a7:74,2026-08-09 14:36:11,29.5,52.296135,5.067416,0,Weesp,NL
Amsterdam,Amsterdam_T4,02:00:00:27:2a:1e,2026-08-09 14:35:15,33.8,52.2833510592975,5.10046184062958,0,Weesp,NL
Amsterdam,Amsterdam_T4,02:00:00:63:0e:70,2026-08-09 14:31:06,30.3,52.283004,5.150282,3,Gooise Meren,NL
Amsterdam,Amsterdam_T4,02:00:00:74:34:48,2026-08-09 14:34:48,29.3,52.285847,5.145681,0,Naarden,NL
Amsterdam,Amsterdam_T4,02:00:00:00:e6:96,2026-08-09 14:36:42,28.9,52.2874298064609,5.14652182865052,1,Naarden,NL
Amsterdam,Amsterdam_T4,02:00:00:12:c6:f0,2026-08-09 14:32:13,30.9,52.2862021,5.16103320000002,4,Gooise Meren,NL
Amsterdam,Amsterdam_T4,02:00:00:36:e2:9a,2026-08-09 14:30:48,31.0,52.284748,5.165268,0,Naarden,NL
Amsterdam,Amsterdam_T4,02:00:00:65:7d:06,2026-08-09 14:36:18,33.9,52.286542,5.169909,3,Naarden,NL
Amsterdam,Amsterdam_T4,02:00:00:bc:aa:94,2026-08-09 14:34:18,28.4,52.285146,5.180716,3,Naarden,NL
Amsterdam,Amsterdam_T4,02:00:00:c3:75:7e,2026-08-09 14:36:05,28.9,52.294065,5.219145,18,Huizen,NL
Amsterdam,Amsterdam_T4,02:00:00:c3:a9:aa,2026-08-09 14:39:31,29.6,52.2941,5.228617,13,Huizen,NL
Amsterdam,Amsterdam_T4,02:00:00:b5:96:2e,2026-08-09 14:34:09,29.5,52.291742,5.231742,6,Huizen,NL
Amsterdam,Amsterdam_T4,02:00:00:7f:a8:5c,2026-08-09 14:30:58,30.1,52.288574,5.249387,2,Huizen,NL
Amsterdam,Amsterdam_T4,02:00:00:c3:a4:48,2026-08-09 14:33:05,31.8,52.2875773951352,5.25933862877475,5,Huizen,NL
Amsterdam,Amsterdam_T4,02:00:00:27:36:90,2026-08-09 14:31:26,31.4,52.286104,5.261744,5,Blaricum,NL
Amsterdam,Amsterdam_T4,02:00:00:3f:2b:3a,2026-08-09 14:33:39,29.0,52.292332,5.257277,3,Huizen,NL
Amsterdam,Amsterdam_T4,02:00:00:06:8d:38,2026-08-09 14:36:07,32.0,52.28867,5.27809999999999,0,Blaricum,NL
Amsterdam,Amsterdam_T4,02:00:00:00:cc:3c,2026-08-09 14:37:38,31.2,52.292528,5.275142,0,Blaricum,NL
Amsterdam,Amsterdam_T4,02:00:00:53:30:4c,2026-08-09 14:35:37,34.1,52.2967488431847,5.2805160857573,2,Huizen,NL
Amsterdam,Amsterdam_T4,02:00:00:52:e4:b0,2026-08-09 14:40:51,23.9,52.3021774291992,5.18526268005371,5,Gooise Meren,NL
Amsterdam,Amsterdam_T4,02:00:00:27:3e:7a,2026-08-09 14:39:49,29.7,52.297392,5.218971,10,Huizen,NL
Amsterdam,Amsterdam_T4,02:00:00:9c:fc:da,2026-08-09 14:40:09,30.9,52.29853,5.225884,8,Huizen,NL
Amsterdam,Amsterdam_T4,02:00:00:b0:a2:42,2026-08-09 14:34:51,32.2,52.298451,5.231098,8,Huizen,NL
Amsterdam,Amsterdam_T4,02:00:00:65:61:82,2026-08-09 14:33:08,27.3,52.29902,5.2517557,3,Huizen,NL
Amsterdam,Amsterdam_T4,02:00:00:90:e0:a0,2026-08-09 14:34:22,29.3,52.301278,5.25172,3,Huizen,NL
Amsterdam,Amsterdam_T4,02:00:00:7a:6b:26,2026-08-09 14:37:42,27.8,52.303754,5.255056,2,Huizen,NL
Amsterdam,Amsterdam_T4,02:00:00:b9:76:06,2026-08-09 14:35:59,31.5,52.2978005718795,5.27923109387971,2,Huizen,NL
