city_area,tile_id,device_id,timestamp_amsterdam,temperature_c,latitude,longitude,altitude_m,location_name,country
Amsterdam,Amsterdam_T3,02:00:00:6b:8c:40,2026-08-26 10:26:48,23.9,52.314831,4.863595,0,Amstelveen,NL
Amsterdam,Amsterdam_T3,02:00:00:05:4b:44,2026-08-26 10:23:26,21.0,52.311724,4.866482,0,Amstelveen,NL
Amsterdam,Amsterdam_T3,02:00:00:3d:0e:66,2026-08-26 10:26:15,22.8,52.3116821436819,4.86693327521717,0,Amstelveen,NL
Amsterdam,Amsterdam_T3,02:00:00:2f:24:f4,2026-08-26 10:21:17,23.6,52.3131760328984,4.9050662899177,0,Amstelveen,NL
Amsterdam,Amsterdam_T3,02:00:00:90:ba:a6,2026-08-26 10:25:23,24.9,52.3243254,4.945702,1,Amsterdam,NL
Amsterdam,Amsterdam_T3,02:00:00:64:f4:40,2026-08-26 10:24:48,26.1,52.323489,4.949922,0,Amsterdam,NL
Amsterdam,Amsterdam_T3,02:00:00:a9:c7:92,2026-08-26 10:22:50,25.0,52.3181934768859,4.99123257230989,0,Amsterdam,NL
Amsterdam,Amsterdam_T3,02:00:00:b9:52:60,2026-08-26 10:28:13,20.2,52.3166694641113,5.02612543106079,0,Weesp,NL
Amsterdam,Amsterdam_T3,02:00:00:73:a6:c6,2026-08-26 10:28:42,20.7,52.314064,5.0302644,4,Weesp,NL
Amsterdam,Amsterdam_T3,02:00:00:a9:70:6c,2026-08-26 10:24:00,21.2,52.319796,5.037465,0,Weesp,NL
Amsterdam,Amsterdam_T3,02:00:00:9c:e0:8c,2026-08-26 10:27:24,21.1,52.31591,5.04735999999998,0,Weesp,NL
Amsterdam,Amsterdam_T3,02:00:00:1e:02:e4,2026-08-26 10:27:25,21.3,52.317602,5.04012000000006,0,Weesp,NL
Amsterdam,Amsterdam_T3,02:00:00:bc:ac:0e,2026-08-26 10:23:19,22.2,52.317851,5.049238,0,Weesp,NL
Amsterdam,Amsterdam_T3,02:00:00:8d:e3:a0,2026-08-26 10:27:29,22.5,52.333433,4.791664,0,Badhoevedorp,NL
Amsterdam,Amsterdam_T3,02:00:00:8d:d6:dc,2026-08-26 10:20:14,21.0,52.337084,4.79042,0,Badhoevedorp,NL
Amsterdam,Amsterdam_T3,02:00:00:a4:21:fc,2026-08-26 10:27:53,21.2,52.3272787,4.86810710000012,0,Amsterdam,NL
Amsterdam,Amsterdam_T3,02:00:00:6b:54:3c,2026-08-26 10:25:27,24.2,52.3274342242951,4.87812453825795,4,Amsterdam,NL
Amsterdam,Amsterdam_T3,02:00:00:bd:1d:3e,2026-08-26 10:20:59,24.4,52.331773,4.888536,4,Amsterdam,NL
Amsterdam,Amsterdam_T3,02:00:00:a4:51:b4,2026-08-26 10:24:56,21.7,52.337832,4.894324,4,Amsterdam,NL
Amsterdam,Amsterdam_T3,02:00:00:70:4c:80,2026-08-26 10:26:09,22.8,52.3385,4.9168,3,Amsterdam,NL
Amsterdam,Amsterdam_T3,02:00:00:14:4a:4a,2026-08-26 10:21:07,25.7,52.327394029908,4.9403138410331,0,Duivendrecht,NL
Amsterdam,Amsterdam_T3,02:00:00:9d:0c:d8,2026-08-26 10:24:23,22.4,52.32961,4.961911,2,Diemen,NL
Amsterdam,Amsterdam_T3,02:00:00:27:76:38,2026-08-26 10:25:12,24.7,52.3363586,4.9621297,0,Diemen,NL
Amsterdam,Amsterdam_T3,02:00:00:b5:71:d4,2026-08-26 10:27:33,21.3,52.3371353071573,4.96234081685543,0,Diemen,NL
Amsterdam,Amsterdam_T3,02:00:00:18:f9:e8,2026-08-26 10:20:20,22.3,52.325482,4.97447,3,Amsterdam,NL
Amsterdam,Amsterdam_T3,02:00:00:27:51:b8,2026-08-26 10:28:33,22.3,52.326592,4.978735,0,Amsterdam,NL
Amsterdam,Amsterdam_T3,02:00:00:64:f7:0c,2026-08-26 10:29:34,21.3,52.3283278999999,4.98179320000003,0,Amsterdam,NL
Amsterdam,Amsterdam_T3,02:00:00:83:bf:80,2026-08-26 10:29:05,22.0,52.333599,5.061164,2,Muiden,NL
Amsterdam,Amsterdam_T3,02:00:00:01:6c:5e,2026-08-26 10:29:04,23.8,52.3446448698127,4.79225000001364,0,Amsterdam,NL
Amsterdam,Amsterdam_T3,02:00:00:63:45:58,2026-08-26 10:23:20,23.7,52.3414578220111,4.79799399999996,1,Amsterdam,NL
Amsterdam,Amsterdam_T3,02:00:00:00:c9:c8,2026-08-26 10:27:14,24.4,52.3535947951943,4.79096345471049,2,Amsterdam,NL
Amsterdam,Amsterdam_T3,02:00:00:27:63:7e,2026-08-26 10:24:28,21.9,52.349896,4.810742,0,Amsterdam,NL
Amsterdam,Amsterdam_T3,02:00:00:84:73:aa,2026-08-26 10:20:04,23.8,52.342971,4.825803,0,Amsterdam,NL
Amsterdam,Amsterdam_T3,02:00:00:84:03:f4,2026-08-26 10:27:23,22.9,52.34298,4.825876,0,Amsterdam,NL
Amsterdam,Amsterdam_T3,02:00:00:65:84:16,2026-08-26 10:26:45,37.6,52.34792,4.846243,4,Amsterdam,NL
Amsterdam,Amsterdam_T3,02:00:00:04:75:d4,2026-08-26 10:23:58,21.1,52.3449817790461,4.85212203743075,0,Amsterdam,NL
Amsterdam,Amsterdam_T3,02:00:00:5f:1f:26,2026-08-26 10:23:08,21.8,52.3457181372478,4.86503304724545,2,Amsterdam,NL
Amsterdam,Amsterdam_T3,02:00:00:29:77:f8,2026-08-26 10:23:59,22.9,52.352721,4.860868,4,Amsterdam,NL
Amsterdam,Amsterdam_T3,02:00:00:74:60:90,2026-08-26 10:25:38,21.0,52.343761,4.875174,3,Amsterdam,NL
Amsterdam,Amsterdam_T3,02:00:00:01:ca:e6,2026-08-26 10:28:42,21.4,52.34572,4.876628,4,Amsterdam,NL
Amsterdam,Amsterdam_T3,02:00:00:a4:37:d4,2026-08-26 10:20:36,23.2,52.3475151062012,4.87605476379395,5,Amsterdam,NL
Amsterdam,Amsterdam_T3,02:00:00:22:e1:1a,2026-08-26 10:19:56,21.2,52.343674,4.907335,5,Amsterdam,NL
Amsterdam,Amsterdam_T3,02:00:00:c6:2c:e4,2026-08-26 10:24:12,20.9,52.352244,4.899948,7,Amsterdam,NL
Amsterdam,Amsterdam_T3,02:00:00:63:11:04,2026-08-26 10:23:06,21.3,52.352951,4.903895,4,Amsterdam,NL
Amsterdam,Amsterdam_T3,02:00:00:b9:59:14,2026-08-26 10:22:07,20.2,52.352879,4.928205,0,Amsterdam,NL
Amsterdam,Amsterdam_T3,02:00:00:2a:db:3c,2026-08-26 10:20:39,21.1,52.347729,4.941162,0,Amsterdam,NL
Amsterdam,Amsterdam_T3,02:00:00:7a:89:24,2026-08-26 10:21:33,24.7,52.348087,4.941446,0,Amsterdam,NL
Amsterdam,Amsterdam_T3,02:00:00:2c:f1:9a,2026-08-26 10:30:04,22.7,52.34402,4.952192,0,Amsterdam,NL
Amsterdam,Amsterdam_T3,02:00:00:bd:c0:be,2026-08-26 10:28:46,20.0,52.350442,4.98087900000004,6,Diemen,NL
Amsterdam,Amsterdam_T3,02:00:00:70:51:ce,2026-08-26 10:20:50,23.9,52.3533443,4.99812519999998,0,Amsterdam,NL
Amsterdam,Amsterdam_T3,02:00:00:c2:2e:4a,2026-08-26 10:23:02,21.5,52.351406,5.001968,0,Amsterdam,NL
Amsterdam,Amsterdam_T3,02:00:00:5f:2d:ec,2026-08-26 10:27:55,22.5,52.350554,5.003617,0,Amsterdam,NL
Amsterdam,Amsterdam_T3,02:00:00:53:21:30,2026-08-26 10:24:18,25.2,52.355412,4.787642,0,Amsterdam,NL
Amsterdam,Amsterdam_T3,02:00:00:5e:f9:38,2026-08-26 10:22:47,21.6,52.354861,4.832611,0,Amsterdam,NL
Amsterdam,Amsterdam_T3,02:00:00:af:7d:bc,2026-08-26 10:24:23,20.9,52.3570713933203,4.84621300000002,5,Amsterdam,NL
Amsterdam,Amsterdam_T3,02:00:00:63:33:0c,2026-08-26 10:20:50,20.8,52.365672,4.85523999999998,1,Amsterdam,NL
Amsterdam,Amsterdam_T3,02:00:00:a4:1b:60,2026-08-26 10:21:53,22.3,52.354291,4.861925,4,Amsterdam,NL
Amsterdam,Amsterdam_T3,02:00:00:b5:9e:5c,2026-08-26 10:21:14,21.7,52.355088,4.871859,6,Amsterdam,NL
Amsterdam,Amsterdam_T3,02:00:00:7a:85:20,2026-08-26 10:26:27,24.7,52.354887,4.876879,4,Amsterdam,NL
Amsterdam,Amsterdam_T3,02:00:00:1e:2b:4a,2026-08-26 10:27:44,21.7,52.362908,4.884243,8,Amsterdam,NL
Amsterdam,Amsterdam_T3,02:00:00:02:b1:be,2026-08-26 10:20:33,22.1,52.3573648188524,4.89851619487149,4,Amsterdam,NL
Amsterdam,Amsterdam_T3,02:00:00:3a:24:be,2026-08-26 10:25:52,23.6,52.3540842,4.90596159999996,5,Amsterdam,NL
Amsterdam,Amsterdam_T3,02:00:00:70:42:62,2026-08-26 10:26:06,23.0,52.356221,4.909817,3,Amsterdam,NL
Amsterdam,Amsterdam_T3,02:00:00:04:a6:8a,2026-08-26 10:27:44,20.5,52.3607,4.9243,1,Amsterdam,NL
Amsterdam,Amsterdam_T3,02:00:00:b2:b2:58,2026-08-26 10:24:17,20.9,52.357371,4.926031,3,Amsterdam,NL
Amsterdam,Amsterdam_T3,02:00:00:b5:3b:42,2026-08-26 10:20:34,20.3,52.3554232097861,4.93370711764691,0,Amsterdam,NL
Amsterdam,Amsterdam_T3,02:00:00:2a:fe:a6,2026-08-26 10:26:13,23.1,52.3572889935944,4.94533920674587,0,Amsterdam,NL
Amsterdam,Amsterdam_T3,02:00:00:3f:6a:62,2026-08-26 10:28:45,21.3,52.363079,4.979751,0,Amsterdam,NL
Amsterdam,Amsterdam_T3,02:00:00:b2:c1:1a,2026-08-26 10:22:15,23.1,52.359813,4.995219,0,Amsterdam,NL
Amsterdam,Amsterdam_T3,02:00:00:83:d1:bc,2026-08-26 10:26:48,23.7,52.373107,4.810869,0,Amsterdam,NL
Amsterdam,Amsterdam_T3,02:00:00:83:eb:6a,2026-08-26 10:21:00,23.9,52.3771819548297,4.818619891921,1,Amsterdam,NL
Amsterdam,Amsterdam_T3,02:00:00:53:50:72,2026-08-26 10:20:41,21.7,52.375709,4.83394,1,Amsterdam,NL
Amsterdam,Amsterdam_T3,02:00:00:af:8c:48,2026-08-26 10:23:01,24.7,52.379386,4.839399,2,Amsterdam,NL
Amsterdam,Amsterdam_T3,02:00:00:7a:7d:7c,2026-08-26 10:29:52,21.6,52.376183,4.8480215,3,Amsterdam,NL
Amsterdam,Amsterdam_T3,02:00:00:2b:49:82,2026-08-26 10:24:35,21.2,52.3727766,4.8646089,4,Amsterdam,NL
Amsterdam,Amsterdam_T3,02:00:00:6b:32:8c,2026-08-26 10:22:16,20.1,52.370501,4.874214,6,Amsterdam,NL
Amsterdam,Amsterdam_T3,02:00:00:71:1d:7e,2026-08-26 10:24:15,20.4,52.3796,4.8778,1,Amsterdam,NL
Amsterdam,Amsterdam_T3,02:00:00:af:9a:18,2026-08-26 10:20:26,20.4,52.371666,4.881638,9,Amsterdam,NL
Amsterdam,Amsterdam_T3,02:00:00:83:ef:48,2026-08-26 10:23:24,23.3,52.3716,4.8883,0,Vijfhuizen,NL
Amsterdam,Amsterdam_T3,02:00:00:00:83:86,2026-08-26 10:20:36,24.3,52.3824005126953,4.89949989318848,1,Amsterdam,NL
Amsterdam,Amsterdam_T3,02:00:00:27:4a:1c,2026-08-26 10:26:45,21.1,52.3824,4.8995,5,Amsterdam,NL
Amsterdam,Amsterdam_T3,02:00:00:03:5a:a0,2026-08-26 10:20:17,21.9,52.3824,4.8995,1,Amsterdam,NL
Amsterdam,Amsterdam_T3,02:00:00:6b:27:ca,2026-08-26 10:22:39,23.9,52.3687377628581,4.93161678314209,1,Amsterdam,NL
Amsterdam,Amsterdam_T3,02:00:00:9b:59:de,2026-08-26 10:21:16,20.3,52.369161,4.9326972000001,4,Amsterdam,NL
Amsterdam,Amsterdam_T3,02:00:00:bd:07:a6,2026-08-26 10:26:31,24.3,52.375199,4.931954,1,Amsterdam,NL
Amsterdam,Amsterdam_T3,02:00:00:28:9a:9a,2026-08-26 10:26:53,20.5,52.369183,4.95507,0,Amsterdam,NL
Amsterdam,Amsterdam_T3,02:00:00:c6:26:24,2026-08-26 10:27:08,19.8,52.3731658712137,4.96877610683441,1,Amsterdam,NL
Amsterdam,Amsterdam_T3,02:00:00:ab:e3:52,2026-08-26 10:24:51,22.7,52.3907,4.86369999999998,4,Amsterdam,NL
Amsterdam,Amsterdam_T3,02:00:00:a2:31:fc,2026-08-26 10:20:22,25.3,52.3845558166504,4.86922264099121,7,Amsterdam,NL
Amsterdam,Amsterdam_T3,02:00:00:36:9f:fe,2026-08-26 10:23:45,24.3,52.383123,4.874172,6,Amsterdam,NL
Amsterdam,Amsterdam_T3,02:00:00:01:29:cc,2026-08-26 10:22:52,20.5,52.385014,4.891942,2,Amsterdam,NL
Amsterdam,Amsterdam_T3,02:00:00:7f:be:6c,2026-08-26 10:20:38,21.9,52.385614,4.901338,2,Amsterdam,NL
Amsterdam,Amsterdam_T3,02:00:00:1c:5a:de,2026-08-26 10:23:16,20.9,52.3861524614255,4.90178911562291,1,Amsterdam,NL
Amsterdam,Amsterdam_T3,02:00:00:5f:22:f2,2026-08-26 10:25:41,20.2,52.3868648961883,4.90291809918824,2,Amsterdam,NL
Amsterdam,Amsterdam_T3,02:00:00:2a:d6:c6,2026-08-26 10:20:41,20.7,52.3936767578125,4.9279146194458,0,Amsterdam,NL
Amsterdam,Amsterdam_T3,02:00:00:58:da:86,2026-08-26 10:29:01,20.3,52.3937631533699,4.93177643254458,1,Amsterdam,NL
Amsterdam,Amsterdam_T3,02:00:00:63:2e:1e,2026-08-26 10:22:38,17.6,52.391364,4.942321,1,Amsterdam,NL
Amsterdam,Amsterdam_T3,02:00:00:65:70:14,2026-08-26 10:22:43,23.6,52.406578,4.898823,3,Amsterdam,NL
Amsterdam,Amsterdam_T3,02:00:00:b5:76:26,2026-08-26 10:24:20,21.7,52.403811,4.914876,2,Amsterdam,NL
Amsterdam,Amsterdam_T3,02:00:00:9b:5a:46,2026-08-26 10:24:08,27.5,52.4092,4.911,1,Amsterdam,NL
Amsterdam,Amsterdam_T3,02:00:00:7f:d5:6c,2026-08-26 10:27:43,20.7,52.407289,4.935319,0,Amsterdam,NL
Amsterdam,Amsterdam_T3,02:00:00:63:2c:2a,2026-08-26 10:25:55,23.3,52.402984,4.945694,2,Amsterdam,NL
Amsterdam,Amsterdam_T3,02:00:00:7f:c1:54,2026-08-26 10:30:03,21.2,52.3997152224585,4.95156731297681,0,Amsterdam,NL
Amsterdam,Amsterdam_T3,02:00:00:74:33:d4,2026-08-26 10:23:25,23.2,52.417055,4.825916,2,Amsterdam,NL
Amsterdam,Amsterdam_T3,02:00:00:84:a0:80,2026-08-26 10:27:10,17.8,52.414189,4.871251,1,Amsterdam,NL
Amsterdam,Amsterdam_T3,02:00:00:70:5a:82,2026-08-26 10:26:30,21.4,52.420749,4.893155,0,Amsterdam,NL
Amsterdam,Amsterdam_T3,02:00:00:b2:be:dc,2026-08-26 10:21:02,22.7,52.4336802968209,4.80540275573731,0,Zaanstad,NL
Amsterdam,Amsterdam_T3,02:00:00:84:7f:c4,2026-08-26 10:25:11,22.1,52.4315445597503,4.8274827003479,2,Zaandam,NL
Amsterdam,Amsterdam_T3,02:00:00:c3:9d:f2,2026-08-26 10:25:32,21.2,52.432236,4.828755,2,Zaandam,NL
Amsterdam,Amsterdam_T3,02:00:00:63:1e:a2,2026-08-26 10:22:42,20.8,52.432955,4.829382,3,Zaandam,NL
Amsterdam,Amsterdam_T3,02:00:00:73:c0:fe,2026-08-26 10:29:26,20.7,52.428103,4.835043,0,Zaandam,NL
Amsterdam,Amsterdam_T3,02:00:00:04:60:50,2026-08-26 10:22:27,20.1,52.4362386996961,4.8581631145293,0,Oostzaan,NL
Amsterdam,Amsterdam_T3,02:00:00:b2:a7:20,2026-08-26 10:29:15,19.7,52.4381484985352,4.87386560440063,1,Oostzaan,NL
Amsterdam,Amsterdam_T3,02:00:00:b5:05:fe,2026-08-26 10:23:47,21.7,52.43446,4.876556,0,Oostzaan,NL
Amsterdam,Amsterdam_T3,02:00:00:b8:ec:c0,2026-08-26 10:23:18,20.6,52.434645,4.88352290000002,0,Oostzaan,NL
Amsterdam,Amsterdam_T3,02:00:00:a4:16:16,2026-08-26 10:22:10,21.9,52.437968,4.884335,1,Oostzaan,NL
Amsterdam,Amsterdam_T3,02:00:00:2c:81:ba,2026-08-26 10:22:43,19.2,52.42855131,4.90767144000006,0,Landsmeer,NL
Amsterdam,Amsterdam_T3,02:00:00:84:97:78,2026-08-26 10:27:02,22.0,52.4303782,4.9118837,0,Landsmeer,NL
Amsterdam,Amsterdam_T3,02:00:00:7f:8e:40,2026-08-26 10:28:23,19.7,52.4295166584759,4.91431653499603,1,Landsmeer,NL
Amsterdam,Amsterdam_T3,02:00:00:b2:a8:40,2026-08-26 10:22:32,21.5,52.4277367607842,4.97108750037114,0,Watergang,NL
Amsterdam,Amsterdam_T3,02:00:00:58:c1:a2,2026-08-26 10:29:25,29.8,52.427962,4.971568,0,Watergang,NL
Amsterdam,Amsterdam_T3,02:00:00:5f:16:d6,2026-08-26 10:23:31,21.8,52.4284796,4.9963295,0,Broek in Waterland,NL
Amsterdam,Amsterdam_T3,02:00:00:03:66:0a,2026-08-26 10:28:44,22.1,52.435455,4.998643,0,Waterland,NL
Amsterdam,Amsterdam_T3,02:00:00:c5:39:e6,2026-08-26 10:28:20,22.3,52.4318871,5.00355289999993,0,Waterland,NL
Amsterdam,Amsterdam_T3,02:00:00:74:2f:bc,2026-08-26 10:25:16,22.3,52.441813,4.800982,2,Zaandam,NL
Amsterdam,Amsterdam_T3,02:00:00:28:b4:66,2026-08-26 10:26:07,21.6,52.44171,4.801541,2,Zaandam,NL
Amsterdam,Amsterdam_T3,02:00:00:3b:e3:ba,2026-08-26 10:29:39,25.9,52.446107,4.818733,4,Zaandam,NL
Amsterdam,Amsterdam_T3,02:00:00:90:6d:84,2026-08-26 10:21:43,21.8,52.451797,4.81541440000003,0,Zaandam,NL
Amsterdam,Amsterdam_T3,02:00:00:84:6d:0c,2026-08-26 10:25:49,22.5,52.451021,4.819376,0,Zaandam,NL
Amsterdam,Amsterdam_T3,02:00:00:70:48:54,2026-08-26 10:28:55,18.9,52.4493083,4.87009850000007,0,Oostzaan,NL
Amsterdam,Amsterdam_T3,02:00:00:70:51:98,2026-08-26 10:25:22,21.1,52.449376,4.873678,0,Oostzaan,NL
Amsterdam,Amsterdam_T3,02:00:00:74:38:ae,2026-08-26 10:20:15,20.9,52.448765,5.040629,0,Monnickendam,NL
Amsterdam,Amsterdam_T3,02:00:00:65:7b:60,2026-08-26 10:20:48,21.4,52.45517,4.796338,0,Koog aan de Zaan,NL
Amsterdam,Amsterdam_T3,02:00:00:65:85:14,2026-08-26 10:27:50,22.4,52.460911,4.798072,0,Koog aan de Zaan,NL
Amsterdam,Amsterdam_T3,02:00:00:7f:a6:12,2026-08-26 10:30:04,20.3,52.4617208,4.80036530000009,0,Koog aan de Zaan,NL
Amsterdam,Amsterdam_T3,02:00:00:12:55:1a,2026-08-26 10:25:39,21.1,52.4596497323282,4.81831419827456,3,Zaanstad,NL
Amsterdam,Amsterdam_T3,02:00:00:83:c1:36,2026-08-26 10:27:03,25.3,52.46779,4.833544,2,Zaandam,NL
Amsterdam,Amsterdam_T3,02:00:00:a9:c1:1c,2026-08-26 10:25:45,20.3,52.4684745,4.8413454,2,Zaandam,NL
Amsterdam,Amsterdam_T3,02:00:00:65:59:44,2026-08-26 10:21:06,20.7,52.46492,4.947995,0,Landsmeer,NL
Amsterdam,Amsterdam_T3,02:00:00:36:b5:10,2026-08-26 10:25:58,21.9,52.4607855,5.0354233,5,Waterland,NL
Amsterdam,Amsterdam_T3,02:00:00:74:32:a4,2026-08-26 10:20:34,20.4,52.4731842031282,4.79222238063812,0,Zaandijk,NL
Amsterdam,Amsterdam_T3,02:00:00:83:fe:54,2026-08-26 10:24:50,23.6,52.473273,4.792316,1,Zaandijk,NL
Amsterdam,Amsterdam_T3,02:00:00:b9:41:ba,2026-08-26 10:23:07,23.0,52.468595,4.827322,2,Zaandam,NL
Amsterdam,Amsterdam_T3,02:00:00:af:6e:4c,2026-08-26 10:28:44,22.3,52.472511,4.809806,1,Zaandijk,NL
Amsterdam,Amsterdam_T3,02:00:00:ab:f0:04,2026-08-26 10:25:31,24.0,52.4732402,4.82852159999997,1,Zaanstad,NL
Amsterdam,Amsterdam_T3,02:00:00:2c:b8:78,2026-08-26 10:22:08,21.9,52.1517178597221,4.94924400000001,0,Kockengen,NL
Amsterdam,Amsterdam_T3,02:00:00:9d:25:4e,2026-08-26 10:23:45,21.9,52.15058,4.95477000000003,0,Kockengen,NL
Amsterdam,Amsterdam_T3,02:00:00:01:50:b6,2026-08-26 10:26:12,21.7,52.1411799412661,5.01502234507166,0,Maarssen,NL
Amsterdam,Amsterdam_T3,02:00:00:13:51:2c,2026-08-26 10:22:07,20.9,52.1396417101006,5.0186761524582,0,Maarssen,NL
Amsterdam,Amsterdam_T3,02:00:00:05:38:88,2026-08-26 10:27:04,21.0,52.1500807019266,5.03824532032017,0,Maarssen,NL
Amsterdam,Amsterdam_T3,02:00:00:9c:f9:4a,2026-08-26 10:26:06,20.8,52.1400375366211,5.04170799255371,2,Maarssen,NL
Amsterdam,Amsterdam_T3,02:00:00:00:f7:a2,2026-08-26 10:27:26,19.5,52.1404276175265,5.04727728441715,2,Stichtse Vecht,NL
Amsterdam,Amsterdam_T3,02:00:00:a4:59:54,2026-08-26 10:22:24,28.9,52.1487083,5.03985960000006,0,Maarssen,NL
Amsterdam,Amsterdam_T3,02:00:00:9b:60:ca,2026-08-26 10:25:23,24.7,52.1661071777344,4.99944877624512,0,Stichtse Vecht,NL
Amsterdam,Amsterdam_T3,02:00:00:b5:b2:22,2026-08-26 10:25:10,20.6,52.180305,4.866178,0,Wilnis,NL
Amsterdam,Amsterdam_T3,02:00:00:31:b2:30,2026-08-26 10:29:51,22.3,52.179563,5.020723,0,Breukelen,NL
Amsterdam,Amsterdam_T3,02:00:00:9b:59:44,2026-08-26 10:20:34,21.1,52.175474,5.027806,0,Breukelen,NL
Amsterdam,Amsterdam_T3,02:00:00:b9:1f:00,2026-08-26 10:22:10,22.5,52.1843654615619,4.8412770498544,0,Mijdrecht,NL
Amsterdam,Amsterdam_T3,02:00:00:9c:de:20,2026-08-26 10:22:12,21.8,52.1958658,4.86264180000002,0,Mijdrecht,NL
Amsterdam,Amsterdam_T3,02:00:00:5f:44:8a,2026-08-26 10:24:42,19.9,52.1946220397949,4.864089012146,0,De Ronde Venen,NL
Amsterdam,Amsterdam_T3,02:00:00:3f:28:4e,2026-08-26 10:24:17,24.9,52.1885295082791,4.98983681201935,0,Nieuwer Ter Aa,NL
Amsterdam,Amsterdam_T3,02:00:00:39:f9:dc,2026-08-26 10:29:11,22.7,52.202356,4.852284,0,Mijdrecht,NL
Amsterdam,Amsterdam_T3,02:00:00:c2:8b:66,2026-08-26 10:21:41,19.9,52.2024134198857,4.86232912167743,0,De Ronde Venen,NL
Amsterdam,Amsterdam_T3,02:00:00:64:f2:e6,2026-08-26 10:20:56,21.0,52.202097,4.867608,0,Mijdrecht,NL
Amsterdam,Amsterdam_T3,02:00:00:36:9e:aa,2026-08-26 10:25:48,23.4,52.1987979923771,4.88789952274533,0,De Ronde Venen,NL
Amsterdam,Amsterdam_T3,02:00:00:c3:8b:28,2026-08-26 10:22:35,25.4,52.204623,4.888187,0,Wilnis,NL
Amsterdam,Amsterdam_T3,02:00:00:5e:d8:5c,2026-08-26 10:27:59,24.8,52.1964,4.8915,0,Wilnis,NL
Amsterdam,Amsterdam_T3,02:00:00:59:08:9a,2026-08-26 10:27:22,21.0,52.206286,4.920018,0,Vinkeveen,NL
Amsterdam,Amsterdam_T3,02:00:00:37:28:66,2026-08-26 10:25:07,24.1,52.208307,4.923314,0,Vinkeveen,NL
Amsterdam,Amsterdam_T3,02:00:00:1f:7e:84,2026-08-26 10:21:49,18.9,52.208085,5.015193,0,Loenen aan de Vecht,NL
Amsterdam,Amsterdam_T3,02:00:00:5e:f1:70,2026-08-26 10:20:00,20.7,52.209506,5.015637,0,Loenen aan de Vecht,NL
Amsterdam,Amsterdam_T3,02:00:00:bc:d2:3a,2026-08-26 10:30:12,23.4,52.2071006719862,5.01808721691921,0,Loenen aan de Vecht,NL
Amsterdam,Amsterdam_T3,02:00:00:05:ef:2e,2026-08-26 10:23:14,19.9,52.212317,4.861425,0,De Ronde Venen,NL
Amsterdam,Amsterdam_T3,02:00:00:70:39:30,2026-08-26 10:20:19,21.7,52.2132735899086,4.92226205035142,0,Vinkeveen,NL
Amsterdam,Amsterdam_T3,02:00:00:14:48:30,2026-08-26 10:22:14,21.5,52.214024,5.026552,0,Loenen aan de Vecht,NL
Amsterdam,Amsterdam_T3,02:00:00:1c:65:c8,2026-08-26 10:27:12,21.9,52.233621,4.809495,0,Uithoorn,NL
Amsterdam,Amsterdam_T3,02:00:00:c3:91:d0,2026-08-26 10:24:13,23.9,52.236612,4.807596,0,Uithoorn,NL
Amsterdam,Amsterdam_T3,02:00:00:a4:24:e0,2026-08-26 10:29:05,19.3,52.238764,4.819495,0,Uithoorn,NL
Amsterdam,Amsterdam_T3,02:00:00:13:79:76,2026-08-26 10:27:24,20.0,52.233425,4.833803,4,Uithoorn,NL
Amsterdam,Amsterdam_T3,02:00:00:b5:2d:12,2026-08-26 10:29:08,21.0,52.235874,4.833385,0,Uithoorn,NL
Amsterdam,Amsterdam_T3,02:00:00:58:75:48,2026-08-26 10:30:02,27.0,52.249742,4.801575,0,Uithoorn,NL
Amsterdam,Amsterdam_T3,02:00:00:c2:3d:10,2026-08-26 10:29:46,24.1,52.2475852966309,4.80956983566284,0,Uithoorn,NL
Amsterdam,Amsterdam_T3,02:00:00:74:4d:d2,2026-08-26 10:25:24,20.6,52.252629,4.81731699999996,0,Uithoorn,NL
Amsterdam,Amsterdam_T3,02:00:00:52:ea:00,2026-08-26 10:24:02,23.2,52.2513635184711,4.82396519849737,0,Uithoorn,NL
Amsterdam,Amsterdam_T3,02:00:00:af:23:1a,2026-08-26 10:24:08,19.1,52.24463,4.83123,0,Uithoorn,NL
Amsterdam,Amsterdam_T3,02:00:00:a9:69:f8,2026-08-26 10:21:57,31.4,52.249231,4.963806,0,Vinkeveen,NL
Amsterdam,Amsterdam_T3,02:00:00:a4:6b:32,2026-08-26 10:23:44,22.2,52.25339,4.959288,0,Vinkeveen,NL
Amsterdam,Amsterdam_T3,02:00:00:65:62:cc,2026-08-26 10:27:08,19.3,52.23966,4.972592,0,Vinkeveen,NL
Amsterdam,Amsterdam_T3,02:00:00:2e:95:68,2026-08-26 10:24:23,22.2,52.242711,5.04575,0,Vreeland,NL
Amsterdam,Amsterdam_T3,02:00:00:a4:37:4a,2026-08-26 10:26:18,22.1,52.2536454,5.04736049999997,0,Nederhorst den Berg,NL
Amsterdam,Amsterdam_T3,02:00:00:29:47:02,2026-08-26 10:20:13,20.7,52.2751,4.7914,0,Aalsmeer,NL
Amsterdam,Amsterdam_T3,02:00:00:5e:d5:82,2026-08-26 10:24:01,21.3,52.2759595,4.7924495,0,Aalsmeer,NL
Amsterdam,Amsterdam_T3,02:00:00:7b:04:06,2026-08-26 10:26:23,20.9,52.277422,4.794365,0,Aalsmeer,NL
Amsterdam,Amsterdam_T3,02:00:00:af:5c:a8,2026-08-26 10:26:46,24.3,52.279588,4.807665,0,Aalsmeer,NL
Amsterdam,Amsterdam_T3,02:00:00:12:5f:7e,2026-08-26 10:27:38,21.6,52.2806016101332,4.80718300000004,0,Aalsmeer,NL
Amsterdam,Amsterdam_T3,02:00:00:65:54:ae,2026-08-26 10:13:57,22.1,52.275087,4.819074,0,,NL
Amsterdam,Amsterdam_T3,02:00:00:b5:b6:fe,2026-08-26 10:22:38,20.8,52.2803576108898,4.83137900000014,0,Amstelveen,NL
Amsterdam,Amsterdam_T3,02:00:00:a9:e0:be,2026-08-26 10:22:13,23.9,52.276607,4.835382,0,Amstelveen,NL
Amsterdam,Amsterdam_T3,02:00:00:2b:50:5e,2026-08-26 10:22:21,21.5,52.2791747,4.84435499999995,0,Amstelveen,NL
Amsterdam,Amsterdam_T3,02:00:00:64:38:08,2026-08-26 10:25:40,22.3,52.277126,4.855131,0,Amstelveen,NL
Amsterdam,Amsterdam_T3,02:00:00:b5:20:34,2026-08-26 10:22:19,19.7,52.270742,4.881992,0,Ouderkerk aan de Amstel,NL
Amsterdam,Amsterdam_T3,02:00:00:2a:d6:7a,2026-08-26 10:30:16,22.2,52.2696126098744,4.96684000945569,0,De Ronde Venen,NL
Amsterdam,Amsterdam_T3,02:00:00:90:8f:d2,2026-08-26 10:27:06,22.5,52.28312,4.82091999999998,0,Amstelveen,NL
Amsterdam,Amsterdam_T3,02:00:00:a4:1c:84,2026-08-26 10:27:16,20.5,52.2838261,4.82931780000006,0,Amstelveen,NL
Amsterdam,Amsterdam_T3,02:00:00:28:78:00,2026-08-26 10:21:03,20.9,52.284613,4.828821,0,Amstelveen,NL
Amsterdam,Amsterdam_T3,02:00:00:52:c6:8a,2026-08-26 10:24:18,20.0,52.290750006649,4.8284928930409,0,Amstelveen,NL
Amsterdam,Amsterdam_T3,02:00:00:1d:e4:b2,2026-08-26 10:26:39,23.6,52.2832132669251,4.85250011221136,0,Amstelveen,NL
Amsterdam,Amsterdam_T3,02:00:00:7f:c0:3a,2026-08-26 10:22:26,27.0,52.291911,4.864234,0,Amstelveen,NL
Amsterdam,Amsterdam_T3,02:00:00:69:29:a2,2026-08-26 10:20:38,22.9,52.2891133846977,4.86842930316925,8,Amstelveen,NL
Amsterdam,Amsterdam_T3,02:00:00:01:9c:20,2026-08-26 10:24:38,21.1,52.290428,4.906343,4,Ouder-Amstel,NL
Amsterdam,Amsterdam_T3,02:00:00:58:bb:aa,2026-08-26 10:21:48,19.8,52.291399,4.906819,0,Ouder-Amstel,NL
Amsterdam,Amsterdam_T3,02:00:00:bd:fa:d8,2026-08-26 10:23:21,21.8,52.2940673828125,4.90632486343384,0,Ouder-Amstel,NL
Amsterdam,Amsterdam_T3,02:00:00:bd:bf:ee,2026-08-26 10:27:01,22.6,52.293971,4.969643,0,Amsterdam,NL
Amsterdam,Amsterdam_T3,02:00:00:a9:e1:5c,2026-08-26 10:22:09,23.3,52.2913856506348,4.98309993743896,0,Amsterdam,NL
Amsterdam,Amsterdam_T3,02:00:00:70:5c:6e,2026-08-26 10:30:03,19.9,52.295512,4.99334,1,Amsterdam,NL
Amsterdam,Amsterdam_T3,02:00:00:84:4f:60,2026-08-26 10:21:06,22.4,52.308615,4.846179,0,Amstelveen,NL
Amsterdam,Amsterdam_T3,02:00:00:36:a2:ee,2026-08-26 10:28:28,22.0,52.2997402181942,4.85346257686615,0,Amstelveen,NL
Amsterdam,Amsterdam_T3,02:00:00:63:12:64,2026-08-26 10:25:37,21.5,52.3035226248921,4.85305577851774,0,Amstelveen,NL
Amsterdam,Amsterdam_T3,02:00:00:7f:ed:f6,2026-08-26 10:27:46,21.8,52.3022440001073,4.85541709109702,0,Amstelveen,NL
Amsterdam,Amsterdam_T3,02:00:00:2b:42:8e,2026-08-26 10:29:54,21.3,52.2987889273546,4.90443549467524,0,Ouderkerk aan de Amstel,NL
Amsterdam,Amsterdam_T3,02:00:00:01:3d:1e,2026-08-26 10:22:05,20.1,52.3109,4.9453,2,Amsterdam,NL
Amsterdam,Amsterdam_T3,02:00:00:53:58:44,2026-08-26 10:29:15,22.6,52.30087,4.959429,0,Amsterdam,NL
Amsterdam,Amsterdam_T3,02:00:00:63:1b:64,2026-08-26 10:21:43,19.3,52.303522,4.968488,0,Amsterdam,NL
Amsterdam,Amsterdam_T3,02:00:00:b5:98:ba,2026-08-26 10:26:03,25.4,52.2985992431641,4.97279977798462,1,Amsterdam,NL
Amsterdam,Amsterdam_T3,02:00:00:03:b8:62,2026-08-26 10:22:07,22.7,52.3082015,4.98595279999995,1,Amsterdam,NL
Amsterdam,Amsterdam_T3,02:00:00:3b:fd:5e,2026-08-26 10:24:50,23.4,52.306607,5.037148,5,Weesp,NL
Amsterdam,Amsterdam_T3,02:00:00:b5:73:e8,2026-08-26 10:28:35,24.3,52.301728,5.041241,0,Weesp,NL
Amsterdam,Amsterdam_T3,02:00:00:c3:de:1c,2026-08-26 10:29:12,22.0,52.3050727844238,5.04161167144775,2,Weesp,NL
Amsterdam,Amsterdam_T3,02:00:00:a9:5f:3c,2026-08-26 10:26:25,23.0,52.3233565620573,4.58888893347402,2,Bennebroek,NL
Amsterdam,Amsterdam_T3,02:00:00:74:30:a2,2026-08-26 10:23:29,21.8,52.31667,4.601682,2,Bennebroek,NL
Amsterdam,Amsterdam_T3,02:00:00:52:ff:4a,2026-08-26 10:22:10,21.6,52.316234,4.613678,0,Zwaanshoek,NL
Amsterdam,Amsterdam_T3,02:00:00:af:73:42,2026-08-26 10:28:31,21.9,52.3247833251953,4.60177183151245,2,Bennebroek,NL
Amsterdam,Amsterdam_T3,02:00:00:58:dc:8e,2026-08-26 10:20:03,22.1,52.314828,4.626092,0,Zwaanshoek,NL
Amsterdam,Amsterdam_T3,02:00:00:34:0d:20,2026-08-26 10:22:51,22.7,52.314469,4.637147,0,Haarlemmermeer,NL
Amsterdam,Amsterdam_T3,02:00:00:8d:cc:36,2026-08-26 10:20:52,21.6,52.3125,4.6445,0,Hoofddorp,NL
Amsterdam,Amsterdam_T3,02:00:00:06:02:ae,2026-08-26 10:28:18,21.5,52.313344,4.652007,0,Haarlemmermeer,NL
Amsterdam,Amsterdam_T3,02:00:00:00:d2:c8,2026-08-26 10:24:51,21.5,52.3246564313998,4.64318761619814,0,Haarlemmermeer,NL
Amsterdam,Amsterdam_T3,02:00:00:2b:51:7c,2026-08-26 10:26:50,20.2,52.314801,4.664166,0,Hoofddorp,NL
Amsterdam,Amsterdam_T3,02:00:00:12:6f:32,2026-08-26 10:22:37,24.9,52.318731,4.675906,0,Hoofddorp,NL
Amsterdam,Amsterdam_T3,02:00:00:04:a8:18,2026-08-26 10:28:42,24.2,52.3118591308594,4.69132137298584,0,Haarlemmermeer,NL
Amsterdam,Amsterdam_T3,02:00:00:04:5c:16,2026-08-26 10:26:41,22.4,52.325924,4.593691,3,Bennebroek,NL
Amsterdam,Amsterdam_T3,02:00:00:53:40:ac,2026-08-26 10:24:00,20.7,52.3348254552263,4.61766521558033,1,Heemstede,NL
Amsterdam,Amsterdam_T3,02:00:00:8d:d6:b0,2026-08-26 10:25:00,21.4,52.335645,4.632993,0,Cruquius,NL
Amsterdam,Amsterdam_T3,02:00:00:be:07:f0,2026-08-26 10:23:16,21.3,52.3348065616568,4.64470551369772,0,Cruquius,NL
Amsterdam,Amsterdam_T3,02:00:00:c2:49:e6,2026-08-26 10:25:17,22.3,52.336126,4.644912,0,Cruquius,NL
Amsterdam,Amsterdam_T3,02:00:00:29:0c:72,2026-08-26 10:24:23,22.1,52.3456538553203,4.60992780720815,4,Heemstede,NL
Amsterdam,Amsterdam_T3,02:00:00:8d:e0:c8,2026-08-26 10:23:18,20.9,52.342843,4.623263,3,Heemstede,NL
Amsterdam,Amsterdam_T3,02:00:00:b5:4a:8a,2026-08-26 10:21:56,21.2,52.346112,4.624803,2,Heemstede,NL
Amsterdam,Amsterdam_T3,02:00:00:b2:b9:40,2026-08-26 10:24:49,21.4,52.3414526,4.6261209,3,Heemstede,NL
Amsterdam,Amsterdam_T3,02:00:00:74:5c:56,2026-08-26 10:22:42,26.0,52.350723,4.644351,0,Haarlem,NL
Amsterdam,Amsterdam_T3,02:00:00:9c:f8:c4,2026-08-26 10:24:24,23.4,52.3476130477796,4.650423771551,2,Haarlem,NL
Amsterdam,Amsterdam_T3,02:00:00:02:9b:e4,2026-08-26 10:27:33,25.6,52.347191,4.652659,1,Haarlem,NL
Amsterdam,Amsterdam_T3,02:00:00:b5:52:ca,2026-08-26 10:26:53,20.3,52.3431975,4.67456669,0,Vijfhuizen,NL
Amsterdam,Amsterdam_T3,02:00:00:3a:25:94,2026-08-26 10:22:44,21.2,52.34347,4.674454,0,Vijfhuizen,NL
Amsterdam,Amsterdam_T3,02:00:00:2f:0c:1c,2026-08-26 10:28:50,22.5,52.3464166143002,4.67963541516469,0,Vijfhuizen,NL
Amsterdam,Amsterdam_T3,02:00:00:19:41:f0,2026-08-26 10:25:09,21.5,52.34581,4.772238,0,Badhoevedorp,NL
Amsterdam,Amsterdam_T3,02:00:00:bd:de:aa,2026-08-26 10:28:11,23.1,52.35104,4.773909,0,Amsterdam,NL
Amsterdam,Amsterdam_T3,02:00:00:ab:db:e0,2026-08-26 10:28:46,22.1,52.364787,4.52086100000004,14,Zandvoort,NL
Amsterdam,Amsterdam_T3,02:00:00:a9:8b:b6,2026-08-26 10:29:06,21.7,52.3675,4.5304,6,Zandvoort,NL
Amsterdam,Amsterdam_T3,02:00:00:2c:c2:30,2026-08-26 10:24:02,23.3,52.3675968,4.5420004,6,Zandvoort,NL
Amsterdam,Amsterdam_T3,02:00:00:b0:97:dc,2026-08-26 10:20:41,23.2,52.367772,4.606125,2,Haarlem,NL
Amsterdam,Amsterdam_T3,02:00:00:83:99:52,2026-08-26 10:22:19,20.2,52.3554,4.6149,7,Heemstede,NL
Amsterdam,Amsterdam_T3,02:00:00:63:3e:0e,2026-08-26 10:27:03,21.4,52.357028,4.615857,5,Heemstede,NL
Amsterdam,Amsterdam_T3,02:00:00:b2:b2:54,2026-08-26 10:23:06,22.7,52.357489,4.625746,4,Heemstede,NL
Amsterdam,Amsterdam_T3,02:00:00:83:fd:c4,2026-08-26 10:22:50,21.1,52.355408,4.626659,3,Heemstede,NL
Amsterdam,Amsterdam_T3,02:00:00:2e:ad:52,2026-08-26 10:22:33,23.5,52.361241,4.639961,3,Haarlem,NL
Amsterdam,Amsterdam_T3,02:00:00:03:9c:a2,2026-08-26 10:25:04,23.0,52.3547002557013,4.64688848693248,0,Haarlem,NL
Amsterdam,Amsterdam_T3,02:00:00:01:8b:04,2026-08-26 10:27:13,22.0,52.357799252269,4.64295928937645,4,Haarlem,NL
Amsterdam,Amsterdam_T3,02:00:00:36:dc:4a,2026-08-26 10:23:41,21.6,52.361993,4.651678,5,Haarlem,NL
Amsterdam,Amsterdam_T3,02:00:00:29:66:d8,2026-08-26 10:29:55,26.9,52.354517,4.779536,0,Amsterdam,NL
Amsterdam,Amsterdam_T3,02:00:00:3f:4c:f4,2026-08-26 10:28:45,21.3,52.372587,4.530564,6,Zandvoort,NL
Amsterdam,Amsterdam_T3,02:00:00:12:41:12,2026-08-26 10:25:00,24.4,52.374049,4.5339304,6,Zandvoort,NL
Amsterdam,Amsterdam_T3,02:00:00:8d:e0:26,2026-08-26 10:22:31,20.9,52.3739738937387,4.54128739892451,4,Zandvoort,NL
Amsterdam,Amsterdam_T3,02:00:00:c2:32:aa,2026-08-26 10:21:39,19.6,52.372037,4.59458,8,Aerdenhout,NL
Amsterdam,Amsterdam_T3,02:00:00:b5:b1:0c,2026-08-26 10:22:20,21.1,52.3695997,4.6135729,1,Haarlem,NL
Amsterdam,Amsterdam_T3,02:00:00:c3:ec:bc,2026-08-26 10:27:34,22.5,52.3714478705273,4.62272452350821,1,Haarlem,NL
Amsterdam,Amsterdam_T3,02:00:00:c6:5f:ac,2026-08-26 10:29:19,25.3,52.371608,4.62487800000002,5,Haarlem,NL
Amsterdam,Amsterdam_T3,02:00:00:bd:fb:06,2026-08-26 10:22:56,24.1,52.3736267089844,4.61951780319214,0,Haarlem,NL
Amsterdam,Amsterdam_T3,02:00:00:90:b9:a6,2026-08-26 10:28:45,23.5,52.3803,4.6422,2,Haarlem,NL
Amsterdam,Amsterdam_T3,02:00:00:33:d2:64,2026-08-26 10:26:52,25.2,52.3809272917764,4.64569719847814,1,Haarlem,NL
Amsterdam,Amsterdam_T3,02:00:00:12:93:68,2026-08-26 10:26:05,24.0,52.3707324317005,4.64776396751404,5,Haarlem,NL
Amsterdam,Amsterdam_T3,02:00:00:1f:3b:4a,2026-08-26 10:28:53,20.3,52.37831,4.669574,1,Haarlem,NL
Amsterdam,Amsterdam_T3,02:00:00:bd:02:30,2026-08-26 10:26:48,23.4,52.378145,4.670558,1,Haarlem,NL
Amsterdam,Amsterdam_T3,02:00:00:b9:44:aa,2026-08-26 10:26:08,23.9,52.375513,4.67675000000014,0,Vijfhuizen,NL
Amsterdam,Amsterdam_T3,02:00:00:27:4b:10,2026-08-26 10:26:06,29.3,52.37942,4.744301,0,Haarlemmermeer,NL
Amsterdam,Amsterdam_T3,02:00:00:1e:21:d8,2026-08-26 10:26:29,22.0,52.3836936950684,4.60500431060791,3,Haarlem,NL
Amsterdam,Amsterdam_T3,02:00:00:3f:4b:00,2026-08-26 10:21:31,21.8,52.3919181,4.6090654,10,Bloemendaal,NL
Amsterdam,Amsterdam_T3,02:00:00:90:90:54,2026-08-26 10:24:27,22.3,52.3920090859054,4.61050858570127,4,Overveen,NL
Amsterdam,Amsterdam_T3,02:00:00:ab:e0:5c,2026-08-26 10:26:14,21.1,52.382743416844,4.62757179341502,3,Haarlem,NL
Amsterdam,Amsterdam_T3,02:00:00:36:97:c0,2026-08-26 10:20:55,19.9,52.384901,4.618702,2,Haarlem,NL
Amsterdam,Amsterdam_T3,02:00:00:a9:4b:3c,2026-08-26 10:29:36,24.2,52.3831,4.6296,4,Haarlem,NL
Amsterdam,Amsterdam_T3,02:00:00:19:12:9e,2026-08-26 10:29:38,21.3,52.395697,4.646471,2,Haarlem,NL
Amsterdam,Amsterdam_T3,02:00:00:29:68:b8,2026-08-26 10:26:58,20.2,52.396323,4.647771,1,Haarlem,NL
Amsterdam,Amsterdam_T3,02:00:00:03:70:e8,2026-08-26 10:26:37,22.1,52.383225,4.726661,0,Zwanenburg,NL
Amsterdam,Amsterdam_T3,02:00:00:a2:6a:14,2026-08-26 10:20:43,22.8,52.383301,4.758271,4,Halfweg,NL
Amsterdam,Amsterdam_T3,02:00:00:13:52:76,2026-08-26 10:26:16,20.6,52.3991470336914,4.62305593490601,2,Bloemendaal,NL
Amsterdam,Amsterdam_T3,02:00:00:c5:40:ea,2026-08-26 10:24:07,21.8,52.400092,4.623392,4,Bloemendaal,NL
Amsterdam,Amsterdam_T3,02:00:00:83:f0:02,2026-08-26 10:28:29,23.6,52.405965,4.631168,2,Haarlem,NL
Amsterdam,Amsterdam_T3,02:00:00:65:6b:94,2026-08-26 10:24:55,21.7,52.406331,4.652223,0,Haarlem,NL
Amsterdam,Amsterdam_T3,02:00:00:1c:67:e6,2026-08-26 10:25:03,29.6,52.416089,4.628222,3,Santpoort-Zuid,NL
Amsterdam,Amsterdam_T3,02:00:00:5e:d7:a8,2026-08-26 10:23:08,20.3,52.424377,4.633687,9,Santpoort-Zuid,NL
Amsterdam,Amsterdam_T3,02:00:00:2f:2c:10,2026-08-26 10:24:24,24.5,52.4139580938156,4.64802011595694,0,Haarlem,NL
Amsterdam,Amsterdam_T3,02:00:00:a2:0a:b0,2026-08-26 10:20:00,23.8,52.418751,4.6510605,1,Haarlem,NL
Amsterdam,Amsterdam_T3,02:00:00:c6:18:2a,2026-08-26 10:20:16,24.0,52.41549,4.690098,0,Spaarndam,NL
Amsterdam,Amsterdam_T3,02:00:00:03:cf:ae,2026-08-26 10:25:52,21.8,52.430961,4.626516,7,Santpoort-Noord,NL
Amsterdam,Amsterdam_T3,02:00:00:6b:54:fc,2026-08-26 10:24:32,22.7,52.43138,4.637592,7,Santpoort-Noord,NL
Amsterdam,Amsterdam_T3,02:00:00:52:cd:ec,2026-08-26 10:29:34,21.7,52.435427,4.639712,7,Santpoort-Noord,NL
Amsterdam,Amsterdam_T3,02:00:00:1f:64:4e,2026-08-26 10:19:41,24.9,52.430948,4.651523,0,Velserbroek,NL
Amsterdam,Amsterdam_T3,02:00:00:36:ec:46,2026-08-26 10:27:39,21.0,52.4389800296369,4.65587516850894,0,Velsen,NL
Amsterdam,Amsterdam_T3,02:00:00:64:29:b8,2026-08-26 10:22:03,22.5,52.438749,4.657498,1,Velsen,NL
Amsterdam,Amsterdam_T3,02:00:00:ab:ec:c4,2026-08-26 10:21:41,24.8,52.4282927,4.6653309,0,Velserbroek,NL
Amsterdam,Amsterdam_T3,02:00:00:bc:b6:d4,2026-08-26 10:18:38,21.5,52.4456,4.5918,11,IJmuiden,NL
Amsterdam,Amsterdam_T3,02:00:00:b2:aa:ac,2026-08-26 10:25:13,21.7,52.448609,4.590747,10,IJmuiden,NL
Amsterdam,Amsterdam_T3,02:00:00:a2:3b:be,2026-08-26 10:22:56,19.5,52.442508,4.632853,5,Driehuis NH,NL
Amsterdam,Amsterdam_T3,02:00:00:7f:98:e4,2026-08-26 10:25:40,20.4,52.4443464,4.6335944,7,Driehuis NH,NL
Amsterdam,Amsterdam_T3,02:00:00:27:13:90,2026-08-26 10:29:41,22.7,52.44252,4.65480000000011,2,Velserbroek,NL
Amsterdam,Amsterdam_T3,02:00:00:9c:fa:06,2026-08-26 10:26:09,24.1,52.4489951330939,4.64108121865961,6,Driehuis NH,NL
Amsterdam,Amsterdam_T3,02:00:00:b5:93:86,2026-08-26 10:24:02,20.4,52.443132,4.68768400000007,0,Velsen-Zuid,NL
Amsterdam,Amsterdam_T3,02:00:00:c2:48:08,2026-08-26 10:24:30,25.7,52.462179,4.59518099999997,12,IJmuiden,NL
Amsterdam,Amsterdam_T3,02:00:00:37:27:c4,2026-08-26 10:23:05,22.1,52.462665,4.602491,9,IJmuiden,NL
Amsterdam,Amsterdam_T3,02:00:00:6b:9c:56,2026-08-26 10:26:55,22.9,52.4615355374391,4.62213646156055,7,IJmuiden,NL
Amsterdam,Amsterdam_T3,02:00:00:33:ff:50,2026-08-26 10:27:14,21.4,52.47222,4.64417,3,Velsen-Noord,NL
Amsterdam,Amsterdam_T3,02:00:00:73:c3:3e,2026-08-26 10:22:55,19.4,52.469413,4.748364,0,Assendelft,NL
Amsterdam,Amsterdam_T3,02:00:00:a2:60:a8,2026-08-26 10:21:02,22.0,52.4727440027025,4.74969940572919,0,Assendelft,NL
Amsterdam,Amsterdam_T3,02:00:00:9d:10:20,2026-08-26 10:26:21,21.1,52.4824444122797,4.75732270451103,0,Assendelft,NL
Amsterdam,Amsterdam_T3,02:00:00:5f:35:68,2026-08-26 10:26:16,22.7,52.149227142334,4.50348806381226,2,Leiden,NL
Amsterdam,Amsterdam_T3,02:00:00:c5:38:26,2026-08-26 10:23:30,25.4,52.141874,4.512709,0,Zoeterwoude,NL
Amsterdam,Amsterdam_T3,02:00:00:b5:4e:8a,2026-08-26 10:27:51,21.2,52.146866,4.510134,0,Leiden,NL
Amsterdam,Amsterdam_T3,02:00:00:01:42:9e,2026-08-26 10:28:58,22.8,52.140906,4.534202,1,Zoeterwoude,NL
Amsterdam,Amsterdam_T3,02:00:00:a2:35:c6,2026-08-26 10:22:51,22.3,52.14029,4.536627,0,Zoeterwoude,NL
Amsterdam,Amsterdam_T3,02:00:00:02:77:5e,2026-08-26 10:21:31,20.2,52.1448411184345,4.52764477723822,0,Leiderdorp,NL
Amsterdam,Amsterdam_T3,02:00:00:a9:52:dc,2026-08-26 10:30:01,22.3,52.1443095,4.6508122,0,Alphen aan den Rijn,NL
Amsterdam,Amsterdam_T3,02:00:00:90:f7:7a,2026-08-26 10:23:19,21.9,52.146214,4.6518717,0,Alphen aan den Rijn,NL
Amsterdam,Amsterdam_T3,02:00:00:b0:9c:78,2026-08-26 10:23:10,20.7,52.145522,4.657015,0,Alphen aan den Rijn,NL
Amsterdam,Amsterdam_T3,02:00:00:01:6c:1c,2026-08-26 10:26:58,21.7,52.1399723999613,4.67088000000008,0,Alphen aan den Rijn,NL
Amsterdam,Amsterdam_T3,02:00:00:74:7a:b2,2026-08-26 10:27:56,23.7,52.141687,4.666902,0,Alphen aan den Rijn,NL
Amsterdam,Amsterdam_T3,02:00:00:b5:b1:54,2026-08-26 10:27:45,23.3,52.1509846,4.6664651,0,Alphen aan den Rijn,NL
Amsterdam,Amsterdam_T3,02:00:00:33:d1:80,2026-08-26 10:21:43,20.3,52.142567,4.728438,0,Aarlanderveen,NL
Amsterdam,Amsterdam_T3,02:00:00:28:8f:36,2026-08-26 10:26:17,22.0,52.146449,4.7686720000001,0,Nieuwkoop,NL
Amsterdam,Amsterdam_T3,02:00:00:12:cc:52,2026-08-26 10:24:56,23.1,52.147432,4.76853900000003,0,Nieuwkoop,NL
Amsterdam,Amsterdam_T3,02:00:00:1c:67:98,2026-08-26 10:23:44,21.4,52.1479934127346,4.77060892023442,0,Nieuwkoop,NL
Amsterdam,Amsterdam_T3,02:00:00:3e:e0:9a,2026-08-26 10:28:04,23.9,52.161192,4.50144,1,Leiden,NL
Amsterdam,Amsterdam_T3,02:00:00:83:9d:d8,2026-08-26 10:29:25,22.3,52.1586889351553,4.50260069020393,1,Leiden,NL
Amsterdam,Amsterdam_T3,02:00:00:12:64:12,2026-08-26 10:22:15,22.2,52.156347,4.519042,1,Leiden,NL
Amsterdam,Amsterdam_T3,02:00:00:64:26:78,2026-08-26 10:23:48,23.6,52.162522,4.533056,7,Leiderdorp,NL
Amsterdam,Amsterdam_T3,02:00:00:27:5b:44,2026-08-26 10:24:09,22.5,52.1626537177977,4.53790140151978,0,Leiderdorp,NL
Amsterdam,Amsterdam_T3,02:00:00:7a:c3:80,2026-08-26 10:24:54,22.9,52.162409,4.542551,0,Leiderdorp,NL
Amsterdam,Amsterdam_T3,02:00:00:02:be:00,2026-08-26 10:23:48,21.8,52.1533851623535,4.65606546401978,0,Alphen aan den Rijn,NL
Amsterdam,Amsterdam_T3,02:00:00:c3:aa:00,2026-08-26 10:29:18,20.6,52.1534423828125,4.65705013275146,0,Alphen aan den Rijn,NL
Amsterdam,Amsterdam_T3,02:00:00:29:78:6e,2026-08-26 10:22:38,20.5,52.154164,4.65799200000001,0,Alphen aan den Rijn,NL
Amsterdam,Amsterdam_T3,02:00:00:65:7e:88,2026-08-26 10:29:41,22.0,52.154239,4.667607,0,Alphen aan den Rijn,NL
Amsterdam,Amsterdam_T3,02:00:00:27:28:d6,2026-08-26 10:27:33,22.5,52.163754,4.727356,0,Ter Aar,NL
Amsterdam,Amsterdam_T3,02:00:00:a4:29:7c,2026-08-26 10:25:45,24.9,52.1643447875977,4.72910165786743,0,Ter Aar,NL
Amsterdam,Amsterdam_T3,02:00:00:c2:43:10,2026-08-26 10:21:13,21.2,52.1789963730813,4.51158495661505,0,Leiden,NL
Amsterdam,Amsterdam_T3,02:00:00:a9:80:3a,2026-08-26 10:22:54,21.9,52.1757382786811,4.51585644675129,1,Leiden,NL
Amsterdam,Amsterdam_T3,02:00:00:3f:0a:64,2026-08-26 10:22:04,24.8,52.167967,4.525627,0,Leiderdorp,NL
Amsterdam,Amsterdam_T3,02:00:00:5f:42:c2,2026-08-26 10:27:15,21.6,52.1707484020713,4.53269621650751,0,Leiderdorp,NL
Amsterdam,Amsterdam_T3,02:00:00:14:4a:52,2026-08-26 10:24:18,20.0,52.171636,4.5371,0,Leiderdorp,NL
Amsterdam,Amsterdam_T3,02:00:00:5f:61:f8,2026-08-26 10:22:04,21.0,52.17337,4.6298833,0,Woubrugge,NL
Amsterdam,Amsterdam_T3,02:00:00:ab:f6:20,2026-08-26 10:21:25,21.6,52.174608,4.632151,0,Woubrugge,NL
Amsterdam,Amsterdam_T3,02:00:00:5f:3c:9e,2026-08-26 10:22:44,22.0,52.1824479,4.5021493,1,Leiden,NL
Amsterdam,Amsterdam_T3,02:00:00:a4:5b:ca,2026-08-26 10:27:13,20.8,52.190566,4.503065,0,Warmond,NL
Amsterdam,Amsterdam_T3,02:00:00:bd:ba:86,2026-08-26 10:23:59,21.1,52.182112,4.506149,1,Leiden,NL
Amsterdam,Amsterdam_T3,02:00:00:3f:52:44,2026-08-26 10:26:35,23.0,52.193246,4.544332,0,Teylingen,NL
Amsterdam,Amsterdam_T3,02:00:00:12:c9:6c,2026-08-26 10:23:00,20.5,52.184724,4.5896386,1,Rijpwetering,NL
Amsterdam,Amsterdam_T3,02:00:00:64:2a:32,2026-08-26 10:20:39,21.6,52.1872722,4.6977901,0,Kaag en Braassem,NL
Amsterdam,Amsterdam_T3,02:00:00:03:64:d6,2026-08-26 10:24:55,22.2,52.194439,4.705226,0,Ter Aar,NL
Amsterdam,Amsterdam_T3,02:00:00:3f:45:ee,2026-08-26 10:27:04,23.8,52.194508,4.753052,0,Nieuwkoop,NL
Amsterdam,Amsterdam_T3,02:00:00:7f:8b:fe,2026-08-26 10:23:18,23.6,52.190956,4.7552314,0,Nieuwveen,NL
Amsterdam,Amsterdam_T3,02:00:00:9d:0f:ac,2026-08-26 10:25:27,21.0,52.193178,4.754738,0,Nieuwveen,NL
Amsterdam,Amsterdam_T3,02:00:00:1b:29:e6,2026-08-26 10:21:40,20.4,52.185545,4.776855,0,Zevenhoven,NL
Amsterdam,Amsterdam_T3,02:00:00:64:35:be,2026-08-26 10:29:35,23.6,52.205606,4.616234,0,Kaag en Braassem,NL
Amsterdam,Amsterdam_T3,02:00:00:a9:67:8e,2026-08-26 10:30:08,23.8,52.196881,4.630811,0,Roelofarendsveen,NL
Amsterdam,Amsterdam_T3,02:00:00:b4:ee:24,2026-08-26 09:58:17,21.8,52.200526,4.63337600000008,0,Roelofarendsveen,NL
Amsterdam,Amsterdam_T3,02:00:00:63:10:34,2026-08-26 10:20:20,24.9,52.197176,4.711405,0,Nieuwkoop,NL
Amsterdam,Amsterdam_T3,02:00:00:37:28:16,2026-08-26 10:25:14,24.9,52.199941,4.759428,0,Nieuwveen,NL
Amsterdam,Amsterdam_T3,02:00:00:b9:14:aa,2026-08-26 10:29:04,21.2,52.220093,4.506084,0,Sassenheim,NL
Amsterdam,Amsterdam_T3,02:00:00:73:cb:f4,2026-08-26 10:23:40,21.5,52.219608,4.506889,0,Sassenheim,NL
Amsterdam,Amsterdam_T3,02:00:00:31:c7:b6,2026-08-26 10:28:41,20.8,52.2243288,4.52245489999996,1,Teylingen,NL
Amsterdam,Amsterdam_T3,02:00:00:7f:d6:6a,2026-08-26 10:28:15,21.1,52.22341,4.530361,1,Sassenheim,NL
Amsterdam,Amsterdam_T3,02:00:00:73:a4:76,2026-08-26 10:27:35,20.7,52.222199,4.53317500000003,0,Sassenheim,NL
Amsterdam,Amsterdam_T3,02:00:00:84:02:9e,2026-08-26 10:28:52,22.5,52.216465,4.558161,0,Kaag,NL
Amsterdam,Amsterdam_T3,02:00:00:62:ff:da,2026-08-26 10:22:07,21.9,52.211627,4.6430572,0,Oude Wetering,NL
Amsterdam,Amsterdam_T3,02:00:00:14:4a:36,2026-08-26 10:21:55,19.9,52.212447,4.646189,1,Oude Wetering,NL
Amsterdam,Amsterdam_T3,02:00:00:83:ac:ee,2026-08-26 10:24:49,21.7,52.214876,4.645154,0,Oude Wetering,NL
Amsterdam,Amsterdam_T3,02:00:00:70:40:80,2026-08-26 10:29:12,21.8,52.225735,4.501063,0,Voorhout,NL
Amsterdam,Amsterdam_T3,02:00:00:6b:68:24,2026-08-26 10:24:42,22.0,52.225423,4.518839,3,Teylingen,NL
Amsterdam,Amsterdam_T3,02:00:00:ab:e3:e0,2026-08-26 10:24:04,21.7,52.2331181,4.75635320000001,0,Aalsmeer,NL
Amsterdam,Amsterdam_T3,02:00:00:52:ea:f0,2026-08-26 10:27:35,22.0,52.233768,4.756648,0,Aalsmeer,NL
Amsterdam,Amsterdam_T3,02:00:00:c2:89:3c,2026-08-26 10:27:49,20.0,52.237688,4.755142,0,Aalsmeer,NL
Amsterdam,Amsterdam_T3,02:00:00:63:07:c8,2026-08-26 10:27:32,21.2,52.240259,4.54156,0,Lisse,NL
Amsterdam,Amsterdam_T3,02:00:00:05:f8:0e,2026-08-26 10:28:36,23.5,52.241284,4.560116,0,Lisse,NL
Amsterdam,Amsterdam_T3,02:00:00:02:39:6c,2026-08-26 10:28:19,22.9,52.243684,4.560772,0,Lisse,NL
Amsterdam,Amsterdam_T3,02:00:00:b9:53:f0,2026-08-26 10:23:40,23.4,52.2532806396484,4.55268144607544,1,Lisse,NL
Amsterdam,Amsterdam_T3,02:00:00:9b:5b:10,2026-08-26 10:28:08,21.2,52.2406594049526,4.7535080909729,0,Aalsmeer,NL
Amsterdam,Amsterdam_T3,02:00:00:a9:ab:9a,2026-08-26 10:25:33,21.6,52.258763,4.500574,1,Noordwijk,NL
Amsterdam,Amsterdam_T3,02:00:00:b2:b6:8e,2026-08-26 10:21:17,20.8,52.257173,4.547704,1,Lisse,NL
Amsterdam,Amsterdam_T3,02:00:00:5f:5c:b0,2026-08-26 10:24:40,23.3,52.2589063,4.55015320000004,0,Lisse,NL
Amsterdam,Amsterdam_T3,02:00:00:53:23:72,2026-08-26 10:22:54,21.8,52.257913,4.555179,2,Lisse,NL
Amsterdam,Amsterdam_T3,02:00:00:1e:0c:6c,2026-08-26 10:23:40,21.6,52.254381,4.574299,0,Lisserbroek,NL
Amsterdam,Amsterdam_T3,02:00:00:7a:c4:c4,2026-08-26 10:23:30,24.1,52.2553855604041,4.57307485801721,0,Lisserbroek,NL
Amsterdam,Amsterdam_T3,02:00:00:04:69:d0,2026-08-26 10:23:49,20.2,52.2678816139251,4.60520267486572,0,Nieuw-Vennep,NL
Amsterdam,Amsterdam_T3,02:00:00:33:de:18,2026-08-26 10:22:19,23.8,52.265319,4.611127,0,Haarlemmermeer,NL
Amsterdam,Amsterdam_T3,02:00:00:be:01:54,2026-08-26 10:23:44,22.4,52.263414,4.616771,0,Haarlemmermeer,NL
Amsterdam,Amsterdam_T3,02:00:00:04:91:16,2026-08-26 10:24:54,22.1,52.2679929198165,4.63278969460699,0,Haarlemmermeer,NL
Amsterdam,Amsterdam_T3,02:00:00:ab:d3:c0,2026-08-26 10:22:51,20.8,52.262134,4.641842,0,Nieuw-Vennep,NL
Amsterdam,Amsterdam_T3,02:00:00:c2:2e:68,2026-08-26 10:28:46,22.7,52.257818,4.705748,0,Rijsenhout,NL
Amsterdam,Amsterdam_T3,02:00:00:ab:ef:e6,2026-08-26 10:28:55,22.8,52.258925,4.709788,0,Rijsenhout,NL
Amsterdam,Amsterdam_T3,02:00:00:2c:8f:94,2026-08-26 10:26:48,21.4,52.2557,4.7136,1,Rijsenhout,NL
Amsterdam,Amsterdam_T3,02:00:00:00:45:7a,2026-08-26 10:22:07,21.0,52.2604978021127,4.72876241421723,1,Aalsmeer,NL
Amsterdam,Amsterdam_T3,02:00:00:b5:06:8c,2026-08-26 10:21:30,20.6,52.2593561,4.76086150000002,0,Aalsmeer,NL
Amsterdam,Amsterdam_T3,02:00:00:36:a1:5e,2026-08-26 10:24:22,22.4,52.272289276123,4.61073160171509,0,Haarlemmermeer,NL
Amsterdam,Amsterdam_T3,02:00:00:c5:41:0e,2026-08-26 10:21:23,22.4,52.268771,4.614682,0,Haarlemmermeer,NL
Amsterdam,Amsterdam_T3,02:00:00:05:f6:da,2026-08-26 10:22:02,23.9,52.2694883,4.6143998,0,Haarlemmermeer,NL
Amsterdam,Amsterdam_T3,02:00:00:28:8c:16,2026-08-26 10:25:05,24.9,52.2701110839844,4.62496519088745,0,Haarlemmermeer,NL
Amsterdam,Amsterdam_T3,02:00:00:7a:eb:e8,2026-08-26 10:28:04,23.1,52.2695265,4.6269616,0,Nieuw-Vennep,NL
Amsterdam,Amsterdam_T3,02:00:00:58:86:a4,2026-08-26 10:28:59,20.6,52.2784807193431,4.61771249771118,0,Nieuw-Vennep,NL
Amsterdam,Amsterdam_T3,02:00:00:70:5b:08,2026-08-26 10:20:43,21.2,52.2704520230828,4.64109063148504,0,Nieuw-Vennep,NL
Amsterdam,Amsterdam_T3,02:00:00:27:87:a6,2026-08-26 10:27:24,21.1,52.271603,4.747902,1,Aalsmeer,NL
Amsterdam,Amsterdam_T3,02:00:00:bd:c1:d8,2026-08-26 10:25:41,19.5,52.2719283892474,4.75864973891189,2,Aalsmeer,NL
Amsterdam,Amsterdam_T3,02:00:00:7f:99:2a,2026-08-26 10:26:46,20.8,52.284849,4.505254,2,Noordwijk,NL
Amsterdam,Amsterdam_T3,02:00:00:bd:d4:56,2026-08-26 10:22:47,22.0,52.282842,4.573196,1,Hillegom,NL
Amsterdam,Amsterdam_T3,02:00:00:a9:9a:c0,2026-08-26 10:22:40,21.8,52.2850256671856,4.57413466944628,0,Hillegom,NL
Amsterdam,Amsterdam_T3,02:00:00:ab:e4:7a,2026-08-26 10:26:14,23.0,52.288833,4.575956,1,Hillegom,NL
Amsterdam,Amsterdam_T3,02:00:00:ab:ed:78,2026-08-26 10:20:25,22.3,52.2926323,4.6576058,0,Hoofddorp,NL
Amsterdam,Amsterdam_T3,02:00:00:31:ea:fc,2026-08-26 10:27:49,27.8,52.292435,4.660293,0,Hoofddorp,NL
Amsterdam,Amsterdam_T3,02:00:00:b5:4b:12,2026-08-26 10:22:20,23.7,52.29117,4.661851,0,Hoofddorp,NL
Amsterdam,Amsterdam_T3,02:00:00:73:ab:a6,2026-08-26 10:28:13,25.0,52.294909,4.665188,0,Hoofddorp,NL
Amsterdam,Amsterdam_T3,02:00:00:1e:01:86,2026-08-26 10:30:18,22.7,52.2942651400619,4.69299365114933,0,Haarlemmermeer,NL
Amsterdam,Amsterdam_T3,02:00:00:84:a3:4e,2026-08-26 10:20:48,21.7,52.2966613769531,4.69120836257935,0,Hoofddorp,NL
Amsterdam,Amsterdam_T3,02:00:00:c2:81:f2,2026-08-26 10:21:19,21.3,52.2832,4.7521,0,Schiphol,NL
Amsterdam,Amsterdam_T3,02:00:00:bd:c9:0e,2026-08-26 10:21:08,22.8,52.303827,4.54746,0,Noordwijk,NL
Amsterdam,Amsterdam_T3,02:00:00:90:ae:fa,2026-08-26 10:27:54,20.6,52.3039033,4.54748825,0,Noordwijk,NL
Amsterdam,Amsterdam_T3,02:00:00:13:20:e6,2026-08-26 10:30:04,22.6,52.301301,4.57108,1,Hillegom,NL
Amsterdam,Amsterdam_T3,02:00:00:c3:9a:a4,2026-08-26 10:24:47,23.6,52.299727,4.580897,2,Hillegom,NL
Amsterdam,Amsterdam_T3,02:00:00:a2:09:b8,2026-08-26 10:26:25,21.8,52.298534,4.582844,4,Hillegom,NL
Amsterdam,Amsterdam_T3,02:00:00:af:71:90,2026-08-26 10:21:12,22.2,52.3017578125,4.63483810424805,0,Haarlemmermeer,NL
Amsterdam,Amsterdam_T3,02:00:00:8d:d9:14,2026-08-26 10:29:12,22.0,52.309243,4.63066,0,Hoofddorp,NL
Amsterdam,Amsterdam_T3,02:00:00:c3:7e:da,2026-08-26 10:20:43,24.6,52.298948,4.64121,0,Hoofddorp,NL
Amsterdam,Amsterdam_T3,02:00:00:65:31:6e,2026-08-26 10:28:42,21.5,52.3043126639953,4.65336717353921,0,Haarlemmermeer,NL
Amsterdam,Amsterdam_T3,02:00:00:20:c6:0e,2026-08-26 10:23:04,22.1,52.309175,4.656132,0,Hoofddorp,NL
Amsterdam,Amsterdam_T3,02:00:00:01:cc:ce,2026-08-26 10:21:46,21.8,52.297203,4.664856,0,Hoofddorp,NL
Amsterdam,Amsterdam_T3,02:00:00:b5:16:b8,2026-08-26 10:22:29,22.9,52.2970073,4.6658259,0,Hoofddorp,NL
Amsterdam,Amsterdam_T3,02:00:00:9d:0f:26,2026-08-26 10:23:27,30.4,52.3032026,4.67342200000001,0,Hoofddorp,NL
Amsterdam,Amsterdam_T3,02:00:00:2f:12:b0,2026-08-26 10:20:41,20.2,52.3060853,4.69070409999995,0,Haarlemmermeer,NL
Amsterdam,Amsterdam_T3,02:00:00:a9:8f:80,2026-08-26 10:24:38,21.9,52.310488,4.698286,0,Hoofddorp,NL
Amsterdam,Amsterdam_T3,02:00:00:64:14:e4,2026-08-26 10:24:39,23.6,52.303541,4.709213,0,Hoofddorp,NL
Rotterdam,Rotterdam_T2,02:00:00:a4:6d:fc,2026-08-26 10:25:58,21.0,51.968663,4.534782,0,Bergschenhoek,NL
Rotterdam,Rotterdam_T2,02:00:00:90:bb:50,2026-08-26 10:29:55,19.4,51.971506,4.548025,0,Rotterdam,NL
Rotterdam,Rotterdam_T2,02:00:00:b5:af:36,2026-08-26 10:28:46,20.5,51.9659630844747,4.55859189999416,0,Rotterdam,NL
Rotterdam,Rotterdam_T2,02:00:00:34:08:04,2026-08-26 10:26:31,20.1,51.968827,4.568496,0,Rotterdam,NL
Rotterdam,Rotterdam_T2,02:00:00:7f:ae:26,2026-08-26 10:28:06,21.8,51.9795989990234,4.58760023117065,0,Rotterdam,NL
Rotterdam,Rotterdam_T2,02:00:00:5f:42:fa,2026-08-26 10:27:05,21.8,51.97819,4.591346,0,Rotterdam,NL
Rotterdam,Rotterdam_T2,02:00:00:34:0b:82,2026-08-26 10:27:30,23.0,51.968129,4.614646,0,Zuidplas,NL
Rotterdam,Rotterdam_T2,02:00:00:a9:6a:c2,2026-08-26 10:22:13,21.1,51.9733238220215,4.61480712890625,0,Nieuwerkerk aan den IJssel,NL
Rotterdam,Rotterdam_T2,02:00:00:64:06:f4,2026-08-26 10:29:50,20.8,51.9716796875,4.61985063552856,0,Zuidplas,NL
Rotterdam,Rotterdam_T2,02:00:00:58:e8:9e,2026-08-26 10:28:32,20.9,51.974,4.622654,0,Zuidplas,NL
Rotterdam,Rotterdam_T2,02:00:00:b5:30:82,2026-08-26 10:28:59,20.6,51.967589,4.629716,4,Nieuwerkerk aan den IJssel,NL
Rotterdam,Rotterdam_T2,02:00:00:a4:5b:fe,2026-08-26 10:30:17,25.7,51.969716,4.777652,0,Stolwijk,NL
Rotterdam,Rotterdam_T2,02:00:00:65:3b:ba,2026-08-26 10:23:02,21.3,51.991788,4.502828,0,Bergschenhoek,NL
Rotterdam,Rotterdam_T2,02:00:00:00:d6:ce,2026-08-26 10:26:27,20.8,51.993816,4.501591,0,Bergschenhoek,NL
Rotterdam,Rotterdam_T2,02:00:00:70:50:30,2026-08-26 10:24:03,20.4,51.994061,4.502311,0,Bergschenhoek,NL
Rotterdam,Rotterdam_T2,02:00:00:02:8c:ea,2026-08-26 10:27:47,20.1,51.983132,4.581831,0,Rotterdam,NL
Rotterdam,Rotterdam_T2,02:00:00:2e:db:da,2026-08-26 10:24:43,20.5,51.983974,4.593346,0,Rotterdam,NL
Rotterdam,Rotterdam_T2,02:00:00:a4:42:3a,2026-08-26 10:27:13,20.8,51.988331,4.591991,0,Rotterdam,NL
Rotterdam,Rotterdam_T2,02:00:00:a2:1f:ec,2026-08-26 10:28:40,21.5,51.990725,4.639939,0,Moordrecht,NL
Rotterdam,Rotterdam_T2,02:00:00:bd:d1:ea,2026-08-26 10:21:44,22.3,51.987328174681,4.65701222419739,0,Zuidplas,NL
Rotterdam,Rotterdam_T2,02:00:00:6b:41:d4,2026-08-26 10:23:20,24.8,51.98762,4.657338,0,Moordrecht,NL
Rotterdam,Rotterdam_T2,02:00:00:04:65:f8,2026-08-26 10:29:20,22.0,51.9878843834894,4.66050112362697,0,Zuidplas,NL
Rotterdam,Rotterdam_T2,02:00:00:70:3b:14,2026-08-26 10:28:13,21.1,51.986498,4.665578,0,Moordrecht,NL
Rotterdam,Rotterdam_T2,02:00:00:2b:42:2c,2026-08-26 10:22:04,23.4,51.986927,4.668121,0,Moordrecht,NL
Rotterdam,Rotterdam_T2,02:00:00:2c:fe:70,2026-08-26 10:26:14,20.6,51.986725,4.670155,0,Zuidplas,NL
Rotterdam,Rotterdam_T2,02:00:00:3c:2d:48,2026-08-26 10:26:34,20.4,51.995835,4.50290500000009,0,Bergschenhoek,NL
Rotterdam,Rotterdam_T2,02:00:00:9b:60:fa,2026-08-26 10:24:38,20.3,51.996239,4.504227,0,Bergschenhoek,NL
Rotterdam,Rotterdam_T2,02:00:00:1f:44:ec,2026-08-26 10:21:47,21.0,52.006668,4.527489,0,Bleiswijk,NL
Rotterdam,Rotterdam_T2,02:00:00:36:92:fa,2026-08-26 10:21:41,21.3,52.0066446232641,4.54385520232486,0,Lansingerland,NL
Rotterdam,Rotterdam_T2,02:00:00:b9:1e:62,2026-08-26 10:23:52,20.1,52.008555,4.578151,0,Zevenhuizen,NL
Rotterdam,Rotterdam_T2,02:00:00:02:9c:3c,2026-08-26 10:24:37,21.3,52.004082,4.591186,0,Zevenhuizen,NL
Rotterdam,Rotterdam_T2,02:00:00:31:b1:ee,2026-08-26 10:21:07,21.4,52.0053634643555,4.67185115814209,0,Gouda,NL
Rotterdam,Rotterdam_T2,02:00:00:1c:81:14,2026-08-26 10:25:13,20.6,52.006253,4.676457,0,Gouda,NL
Rotterdam,Rotterdam_T2,02:00:00:c3:82:74,2026-08-26 10:28:14,22.8,52.0050621032715,4.69740343093872,0,Gouda,NL
Rotterdam,Rotterdam_T2,02:00:00:9c:fc:34,2026-08-26 10:25:13,21.1,52.006517,4.697587,0,Gouda,NL
Rotterdam,Rotterdam_T2,02:00:00:01:82:4c,2026-08-26 10:25:25,22.2,52.0091504,4.74227189999999,-2,Gouda,NL
Rotterdam,Rotterdam_T2,02:00:00:36:8e:42,2026-08-26 10:26:00,21.5,52.0073224100963,4.75079980474109,1,Gouda,NL
Rotterdam,Rotterdam_T2,02:00:00:bd:fd:30,2026-08-26 10:29:39,21.4,52.005627,4.752615,0,Gouda,NL
Rotterdam,Rotterdam_T2,02:00:00:2e:af:ec,2026-08-26 10:22:08,21.6,51.998085,4.775884,0,Haastrecht,NL
Rotterdam,Rotterdam_T2,02:00:00:74:4f:9a,2026-08-26 10:26:08,22.1,51.995649,4.777255,0,Haastrecht,NL
Rotterdam,Rotterdam_T2,02:00:00:01:d0:28,2026-08-26 10:21:56,22.0,52.0096,4.5349,0,Bleiswijk,NL
Rotterdam,Rotterdam_T2,02:00:00:27:69:00,2026-08-26 10:28:28,20.8,52.009366,4.5401691,0,Lansingerland,NL
Rotterdam,Rotterdam_T2,02:00:00:a4:5a:94,2026-08-26 10:21:37,21.3,52.01218,4.544645,0,Bleiswijk,NL
Rotterdam,Rotterdam_T2,02:00:00:32:e0:86,2026-08-26 10:21:14,20.4,52.0115203857422,4.58011436462402,0,Zuidplas,NL
Rotterdam,Rotterdam_T2,02:00:00:a9:bb:04,2026-08-26 10:28:27,21.8,52.009836,4.596351,0,Zevenhuizen,NL
Rotterdam,Rotterdam_T2,02:00:00:02:df:22,2026-08-26 10:20:36,20.7,52.0099768804583,4.6926795618518,0,Gouda,NL
Rotterdam,Rotterdam_T2,02:00:00:a9:a1:cc,2026-08-26 10:24:08,25.9,52.0097808837891,4.69422388076782,0,Gouda,NL
Rotterdam,Rotterdam_T2,02:00:00:c3:9b:4c,2026-08-26 10:28:29,20.7,52.01994,4.696581,0,Gouda,NL
Rotterdam,Rotterdam_T2,02:00:00:53:2e:98,2026-08-26 10:24:27,22.1,52.012756,4.712701,1,Gouda,NL
Rotterdam,Rotterdam_T2,02:00:00:36:e7:7e,2026-08-26 10:26:25,21.5,52.0144178,4.71279070000003,2,Gouda,NL
Rotterdam,Rotterdam_T2,02:00:00:6b:8d:52,2026-08-26 10:24:07,22.2,52.015969,4.71499099999998,0,Gouda,NL
Rotterdam,Rotterdam_T2,02:00:00:63:06:c0,2026-08-26 10:20:52,20.3,52.013402,4.73985099999995,0,Gouda,NL
Rotterdam,Rotterdam_T2,02:00:00:b5:a6:64,2026-08-26 10:29:50,20.8,52.011536,4.750849,0,Gouda,NL
Rotterdam,Rotterdam_T2,02:00:00:5f:34:26,2026-08-26 10:23:50,21.9,52.027057,4.500283,0,Berkel en Rodenrijs,NL
Rotterdam,Rotterdam_T2,02:00:00:bd:e3:d4,2026-08-26 10:25:34,21.7,52.027363,4.6115017,0,,NL
Rotterdam,Rotterdam_T2,02:00:00:a4:7a:ce,2026-08-26 10:20:39,22.7,52.02744,4.64476000000001,0,Waddinxveen,NL
Rotterdam,Rotterdam_T2,02:00:00:3f:57:ca,2026-08-26 10:26:45,21.0,52.025922,4.647242,0,Waddinxveen,NL
Rotterdam,Rotterdam_T2,02:00:00:90:d2:dc,2026-08-26 10:24:28,19.8,52.024118,4.709983,0,Gouda,NL
Rotterdam,Rotterdam_T2,02:00:00:a4:27:b6,2026-08-26 10:28:53,23.4,52.031474,4.693968,0,Gouda,NL
Rotterdam,Rotterdam_T2,02:00:00:83:b5:e4,2026-08-26 10:21:44,20.4,52.031819,4.694159,0,Gouda,NL
Rotterdam,Rotterdam_T2,02:00:00:3f:09:64,2026-08-26 10:25:39,20.5,52.030553,4.710979,1,Gouda,NL
Rotterdam,Rotterdam_T2,02:00:00:2c:f2:f6,2026-08-26 10:26:18,20.3,52.0341813,4.76989989999997,0,Reeuwijk,NL
Rotterdam,Rotterdam_T2,02:00:00:28:69:d6,2026-08-26 10:27:25,20.6,52.051635,4.54056,0,Zoetermeer,NL
Rotterdam,Rotterdam_T2,02:00:00:bd:d6:d4,2026-08-26 10:30:35,21.4,52.0429039001465,4.56850099563599,0,Moerkapelle,NL
Rotterdam,Rotterdam_T2,02:00:00:12:9c:b6,2026-08-26 10:26:28,24.0,52.047075,4.581155,0,Moerkapelle,NL
Rotterdam,Rotterdam_T2,02:00:00:6b:54:0e,2026-08-26 10:28:25,22.1,52.0469036,4.5818362,0,Zuidplas,NL
Rotterdam,Rotterdam_T2,02:00:00:a9:50:60,2026-08-26 10:19:56,20.9,52.0481010029608,4.58891205763108,0,Moerkapelle,NL
Rotterdam,Rotterdam_T2,02:00:00:c6:2c:4e,2026-08-26 10:24:19,23.2,52.0423368,4.647712,0,Waddinxveen,NL
Rotterdam,Rotterdam_T2,02:00:00:a4:2b:5a,2026-08-26 10:30:14,22.3,52.0508003234863,4.65340995788574,0,Waddinxveen,NL
Rotterdam,Rotterdam_T2,02:00:00:12:d1:de,2026-08-26 10:25:13,20.0,52.0387736455856,4.71039086580277,0,Gouda,NL
Rotterdam,Rotterdam_T2,02:00:00:bc:f9:c4,2026-08-26 10:23:15,22.9,52.0450706481934,4.72107648849487,1,Reeuwijk,NL
Rotterdam,Rotterdam_T2,02:00:00:b0:96:c0,2026-08-26 10:27:56,21.1,52.046334,4.729393,0,Reeuwijk,NL
Rotterdam,Rotterdam_T2,02:00:00:03:61:0c,2026-08-26 10:24:05,21.1,52.055621,4.513738,0,Zoetermeer,NL
Rotterdam,Rotterdam_T2,02:00:00:a4:4c:f6,2026-08-26 10:20:58,21.0,52.058921,4.51239,0,Zoetermeer,NL
Rotterdam,Rotterdam_T2,02:00:00:70:51:3a,2026-08-26 10:27:19,21.1,52.05975,4.51295999999997,0,Zoetermeer,NL
Rotterdam,Rotterdam_T2,02:00:00:65:73:e2,2026-08-26 10:23:46,22.4,52.0525163699103,4.53838300704956,0,Zoetermeer,NL
Rotterdam,Rotterdam_T2,02:00:00:c2:8a:cc,2026-08-26 10:23:23,21.4,52.0567817687988,4.52878952026367,0,Zoetermeer,NL
Rotterdam,Rotterdam_T2,02:00:00:32:b4:ac,2026-08-26 10:21:06,21.0,52.06072,4.53268999999997,0,Zoetermeer,NL
Rotterdam,Rotterdam_T2,02:00:00:bd:fe:9e,2026-08-26 10:26:47,21.9,52.0654847,4.5471159,0,Zoetermeer,NL
Rotterdam,Rotterdam_T2,02:00:00:03:5d:56,2026-08-26 10:22:25,21.4,52.059434,4.549038,0,Zoetermeer,NL
Rotterdam,Rotterdam_T2,02:00:00:3b:e2:3c,2026-08-26 10:27:05,20.9,52.065163,4.6415434,0,Boskoop,NL
Rotterdam,Rotterdam_T2,02:00:00:53:4c:30,2026-08-26 10:24:28,20.6,52.067288,4.503179,0,Zoetermeer,NL
Rotterdam,Rotterdam_T2,02:00:00:7f:c3:e4,2026-08-26 10:22:00,20.0,52.069017,4.512417,0,Zoetermeer,NL
Rotterdam,Rotterdam_T2,02:00:00:2c:af:12,2026-08-26 10:19:44,21.0,52.071839,4.522063,0,Zoetermeer,NL
Rotterdam,Rotterdam_T2,02:00:00:31:d4:1e,2026-08-26 10:23:33,22.2,52.0712708307598,4.52524668339561,0,Zoetermeer,NL
Rotterdam,Rotterdam_T2,02:00:00:83:b0:90,2026-08-26 10:26:10,22.1,52.067223,4.540446,0,Zoetermeer,NL
Rotterdam,Rotterdam_T2,02:00:00:bc:d8:d8,2026-08-26 10:21:16,22.3,52.078945,4.5282216,0,Zoetermeer,NL
Rotterdam,Rotterdam_T2,02:00:00:c2:84:b0,2026-08-26 10:27:43,20.1,52.077968,4.554994,0,Benthuizen,NL
Rotterdam,Rotterdam_T2,02:00:00:a4:5c:8c,2026-08-26 10:24:26,21.2,52.077966,4.634319,0,Boskoop,NL
Rotterdam,Rotterdam_T2,02:00:00:9d:24:ac,2026-08-26 10:26:51,20.6,52.071222,4.654495,0,Boskoop,NL
Rotterdam,Rotterdam_T2,02:00:00:58:eb:b4,2026-08-26 10:25:07,22.1,52.078497,4.647538,0,Boskoop,NL
Rotterdam,Rotterdam_T2,02:00:00:b5:09:28,2026-08-26 10:24:43,20.3,52.0771903991699,4.65694856643677,0,Boskoop,NL
Rotterdam,Rotterdam_T2,02:00:00:01:97:de,2026-08-26 10:25:11,20.7,52.075744200514,4.66876566410065,0,Boskoop,NL
Rotterdam,Rotterdam_T2,02:00:00:83:fc:34,2026-08-26 10:25:40,20.4,52.068561,4.737938,0,Bodegraven,NL
Rotterdam,Rotterdam_T2,02:00:00:14:6b:1c,2026-08-26 10:28:41,20.5,52.0701836,4.7547272,0,Bodegraven,NL
Rotterdam,Rotterdam_T2,02:00:00:27:5f:b6,2026-08-26 10:22:48,21.7,52.0735674,4.7571882,0,Bodegraven,NL
Rotterdam,Rotterdam_T2,02:00:00:90:a4:f6,2026-08-26 10:25:22,23.0,52.076245,4.762831,0,Bodegraven,NL
Rotterdam,Rotterdam_T2,02:00:00:05:5e:c8,2026-08-26 10:28:22,20.5,52.093931,4.58023799999999,0,Hazerswoude-Dorp,NL
Rotterdam,Rotterdam_T2,02:00:00:3a:1c:f0,2026-08-26 10:20:00,22.7,52.0854873657227,4.67949485778809,0,Alphen aan den Rijn,NL
Rotterdam,Rotterdam_T2,02:00:00:c3:d1:8e,2026-08-26 10:24:53,20.9,52.081401,4.74397,0,Bodegraven,NL
Rotterdam,Rotterdam_T2,02:00:00:52:f3:dc,2026-08-26 10:20:35,22.6,52.0846323547526,4.75519414437641,0,Bodegraven,NL
Rotterdam,Rotterdam_T2,02:00:00:02:93:84,2026-08-26 10:29:36,21.5,52.1065561,4.72730620000004,2,Zwammerdam,NL
Rotterdam,Rotterdam_T2,02:00:00:b8:f3:62,2026-08-26 10:27:49,22.9,52.105595,4.728231,2,Zwammerdam,NL
Rotterdam,Rotterdam_T2,02:00:00:b9:15:1e,2026-08-26 10:26:56,21.1,52.107336,4.728494,0,Zwammerdam,NL
Rotterdam,Rotterdam_T2,02:00:00:b9:66:72,2026-08-26 10:21:20,20.1,52.11797,4.63812000000001,0,Alphen aan den Rijn,NL
Rotterdam,Rotterdam_T2,02:00:00:a9:98:16,2026-08-26 10:22:22,21.0,52.114834,4.641565,0,Alphen aan den Rijn,NL
Rotterdam,Rotterdam_T2,02:00:00:b5:10:00,2026-08-26 10:29:37,20.0,52.113394,4.643815,0,Alphen aan den Rijn,NL
Rotterdam,Rotterdam_T2,02:00:00:b9:53:6c,2026-08-26 10:19:58,20.6,52.118332,4.646001,0,Alphen aan den Rijn,NL
Rotterdam,Rotterdam_T2,02:00:00:01:91:4a,2026-08-26 10:26:33,23.3,52.121572,4.670743,0,Alphen aan den Rijn,NL
Rotterdam,Rotterdam_T2,02:00:00:3f:15:be,2026-08-26 10:23:35,21.9,52.1287078622217,4.58709000000001,0,Hazerswoude-Rijndijk,NL
Rotterdam,Rotterdam_T2,02:00:00:9d:1a:9e,2026-08-26 10:21:53,22.9,52.1290793345485,4.5915552598997,1,Hazerswoude-Rijndijk,NL
Rotterdam,Rotterdam_T2,02:00:00:28:b5:10,2026-08-26 10:28:31,21.4,52.131385,4.591423,0,Hazerswoude-Rijndijk,NL
Rotterdam,Rotterdam_T2,02:00:00:90:b0:c2,2026-08-26 10:24:47,22.1,52.129492,4.597735,0,Hazerswoude-Rijndijk,NL
Rotterdam,Rotterdam_T2,02:00:00:b5:2b:60,2026-08-26 10:27:22,27.9,52.1318893432617,4.59803009033203,2,Koudekerk aan den Rijn,NL
Rotterdam,Rotterdam_T2,02:00:00:12:cf:88,2026-08-26 10:28:25,32.2,52.1318521,4.598154,2,Koudekerk aan den Rijn,NL
Rotterdam,Rotterdam_T2,02:00:00:37:28:62,2026-08-26 10:30:28,21.3,52.1297193981244,4.65222171507776,0,Alphen aan den Rijn,NL
Rotterdam,Rotterdam_T2,02:00:00:6b:4b:3a,2026-08-26 10:21:38,21.1,52.1320819895829,4.64971125125885,0,Alphen aan den Rijn,NL
Rotterdam,Rotterdam_T2,02:00:00:9c:f8:96,2026-08-26 10:21:16,22.0,52.133517,4.650877,0,Alphen aan den Rijn,NL
Rotterdam,Rotterdam_T2,02:00:00:74:38:e4,2026-08-26 10:25:11,21.7,52.130098,4.66785,1,Alphen aan den Rijn,NL
Rotterdam,Rotterdam_T2,02:00:00:b2:ad:62,2026-08-26 10:27:44,23.9,52.13117,4.66671000000003,2,Alphen aan den Rijn,NL
Rotterdam,Rotterdam_T2,02:00:00:c2:34:94,2026-08-26 10:23:16,20.3,51.799317,4.558534,0,Puttershoek,NL
Rotterdam,Rotterdam_T2,02:00:00:bc:ca:a8,2026-08-26 10:21:16,20.2,51.8065071105957,4.559166431427,0,Puttershoek,NL
Rotterdam,Rotterdam_T2,02:00:00:12:80:42,2026-08-26 10:22:56,22.5,51.8035,4.5663,1,Puttershoek,NL
Rotterdam,Rotterdam_T2,02:00:00:bd:01:b0,2026-08-26 10:23:13,22.4,51.800308,4.578861,0,Puttershoek,NL
Rotterdam,Rotterdam_T2,02:00:00:04:5a:0a,2026-08-26 10:28:00,20.8,51.8028144836426,4.57104921340942,0,Hoeksche Waard,NL
Rotterdam,Rotterdam_T2,02:00:00:70:37:fe,2026-08-26 10:29:12,21.3,51.801144,4.652298,1,Dordrecht,NL
Rotterdam,Rotterdam_T2,02:00:00:01:82:34,2026-08-26 10:20:32,24.9,51.801489,4.666023,0,Dordrecht,NL
Rotterdam,Rotterdam_T2,02:00:00:65:55:2c,2026-08-26 10:28:46,20.6,51.804122,4.669069,0,Dordrecht,NL
Rotterdam,Rotterdam_T2,02:00:00:70:48:8e,2026-08-26 10:20:52,19.5,51.795653,4.671325,2,Dordrecht,NL
Rotterdam,Rotterdam_T2,02:00:00:a2:59:34,2026-08-26 10:23:58,21.1,51.794101,4.694167,0,Dordrecht,NL
Rotterdam,Rotterdam_T2,02:00:00:02:e6:40,2026-08-26 10:22:47,19.9,51.794481,4.702242,0,Dordrecht,NL
Rotterdam,Rotterdam_T2,02:00:00:05:ff:a0,2026-08-26 10:24:18,21.1,51.7949564,4.70649070000002,0,Dordrecht,NL
Rotterdam,Rotterdam_T2,02:00:00:73:c3:6a,2026-08-26 10:28:57,22.3,51.800587,4.721628,0,Dordrecht,NL
Rotterdam,Rotterdam_T2,02:00:00:2e:98:c2,2026-08-26 10:29:16,20.0,51.8027000427246,4.72160005569458,0,Dordrecht,NL
Rotterdam,Rotterdam_T2,02:00:00:ab:e3:7e,2026-08-26 10:24:56,20.2,51.7951201232099,4.73186731338501,1,Dordrecht,NL
Rotterdam,Rotterdam_T2,02:00:00:83:fd:8e,2026-08-26 10:22:46,20.8,51.8074509,4.57323399999998,0,Puttershoek,NL
Rotterdam,Rotterdam_T2,02:00:00:65:02:1c,2026-08-26 10:25:36,20.2,51.815606,4.596438,0,Zwijndrecht,NL
Rotterdam,Rotterdam_T2,02:00:00:03:5d:90,2026-08-26 10:26:38,20.5,51.8145148947276,4.61673617362976,0,Zwijndrecht,NL
Rotterdam,Rotterdam_T2,02:00:00:06:79:9e,2026-08-26 10:20:03,22.0,51.8092263212837,4.63623495422598,0,Zwijndrecht,NL
Rotterdam,Rotterdam_T2,02:00:00:58:eb:5a,2026-08-26 10:24:46,22.7,51.811073,4.65763,4,Dordrecht,NL
Rotterdam,Rotterdam_T2,02:00:00:31:e5:26,2026-08-26 10:28:23,22.0,51.8192398,4.6432847,1,Zwijndrecht,NL
Rotterdam,Rotterdam_T2,02:00:00:2d:0a:22,2026-08-26 10:21:20,21.7,51.820895,4.643838,0,Zwijndrecht,NL
Rotterdam,Rotterdam_T2,02:00:00:90:71:d0,2026-08-26 10:25:40,21.0,51.8089773,4.6692312,1,Dordrecht,NL
Rotterdam,Rotterdam_T2,02:00:00:2b:45:d6,2026-08-26 10:23:42,19.8,51.8089773,4.6692312,1,Dordrecht,NL
Rotterdam,Rotterdam_T2,02:00:00:53:19:f2,2026-08-26 10:20:37,20.7,51.81028,4.67508,2,Dordrecht,NL
Rotterdam,Rotterdam_T2,02:00:00:33:e7:ec,2026-08-26 10:21:08,20.0,51.8094,4.6923,0,Dordrecht,NL
Rotterdam,Rotterdam_T2,02:00:00:b5:47:56,2026-08-26 10:23:15,21.4,51.818188,4.696665,0,Dordrecht,NL
Rotterdam,Rotterdam_T2,02:00:00:74:52:96,2026-08-26 10:27:17,20.6,51.808978,4.712347,1,Dordrecht,NL
Rotterdam,Rotterdam_T2,02:00:00:73:e7:5e,2026-08-26 10:23:24,19.9,51.812169,4.721084,3,Dordrecht,NL
Rotterdam,Rotterdam_T2,02:00:00:5f:2b:2a,2026-08-26 10:21:15,22.3,51.820938,4.776139,0,Sliedrecht,NL
Rotterdam,Rotterdam_T2,02:00:00:17:60:dc,2026-08-26 10:29:48,21.4,51.826808,4.635451,0,Hendrik-Ido-Ambacht,NL
Rotterdam,Rotterdam_T2,02:00:00:b5:04:f6,2026-08-26 10:21:51,21.8,51.83483,4.63553300000004,0,Hendrik-Ido-Ambacht,NL
Rotterdam,Rotterdam_T2,02:00:00:2c:8b:68,2026-08-26 10:26:45,20.1,51.8317451477051,4.63917684555054,0,Hendrik-Ido-Ambacht,NL
Rotterdam,Rotterdam_T2,02:00:00:96:ed:3c,2026-08-26 10:23:05,21.5,51.82454,4.641504,1,Zwijndrecht,NL
Rotterdam,Rotterdam_T2,02:00:00:ab:be:ca,2026-08-26 10:23:30,21.0,51.831313,4.650972,0,Hendrik-Ido-Ambacht,NL
Rotterdam,Rotterdam_T2,02:00:00:90:5e:02,2026-08-26 10:20:42,21.3,51.8328687987182,4.65461719960314,0,Hendrik-Ido-Ambacht,NL
Rotterdam,Rotterdam_T2,02:00:00:9c:fc:66,2026-08-26 10:21:27,18.3,51.8301,4.6825104,0,Papendrecht,NL
Rotterdam,Rotterdam_T2,02:00:00:3f:04:fa,2026-08-26 10:23:47,20.5,51.830445,4.684899,0,Papendrecht,NL
Rotterdam,Rotterdam_T2,02:00:00:2e:f5:66,2026-08-26 10:27:38,21.2,51.8246479517936,4.69556886943296,3,Papendrecht,NL
Rotterdam,Rotterdam_T2,02:00:00:02:f8:d2,2026-08-26 10:21:35,21.5,51.830784,4.693737,0,Papendrecht,NL
Rotterdam,Rotterdam_T2,02:00:00:53:0e:4e,2026-08-26 10:22:59,20.9,51.8293542,4.70676479999997,0,Papendrecht,NL
Rotterdam,Rotterdam_T2,02:00:00:01:6c:ba,2026-08-26 10:28:25,22.5,51.832822,4.716019,0,Papendrecht,NL
Rotterdam,Rotterdam_T2,02:00:00:70:34:ce,2026-08-26 10:20:28,18.8,51.831527,4.727391,0,Papendrecht,NL
Rotterdam,Rotterdam_T2,02:00:00:a4:2f:a0,2026-08-26 10:22:19,21.2,51.834282,4.725904,0,Papendrecht,NL
Rotterdam,Rotterdam_T2,02:00:00:2f:14:6c,2026-08-26 10:23:28,20.7,51.827919,4.736224,0,Sliedrecht,NL
Rotterdam,Rotterdam_T2,02:00:00:90:63:78,2026-08-26 10:30:01,21.4,51.829632,4.741648,0,Sliedrecht,NL
Rotterdam,Rotterdam_T2,02:00:00:2e:a2:60,2026-08-26 10:22:06,20.7,51.823319,4.769529,2,Sliedrecht,NL
Rotterdam,Rotterdam_T2,02:00:00:b9:51:62,2026-08-26 10:27:35,22.0,51.826993,4.768938,0,Sliedrecht,NL
Rotterdam,Rotterdam_T2,02:00:00:58:e7:dc,2026-08-26 10:28:18,21.2,51.82893,4.7746744,0,Sliedrecht,NL
Rotterdam,Rotterdam_T2,02:00:00:2b:47:3a,2026-08-26 10:28:39,20.3,51.8462791442871,4.50497102737427,0,Barendrecht,NL
Rotterdam,Rotterdam_T2,02:00:00:9c:e3:aa,2026-08-26 10:21:58,21.5,51.84917,4.527803,0,Barendrecht,NL
Rotterdam,Rotterdam_T2,02:00:00:c3:9b:62,2026-08-26 10:23:06,21.2,51.849767,4.528578,0,Barendrecht,NL
Rotterdam,Rotterdam_T2,02:00:00:13:6d:1e,2026-08-26 10:23:56,20.7,51.8457068299844,4.53018609416509,0,Barendrecht,NL
Rotterdam,Rotterdam_T2,02:00:00:bd:ca:ee,2026-08-26 10:19:36,21.2,51.837578,4.56538,0,Zwijndrecht,NL
Rotterdam,Rotterdam_T2,02:00:00:a4:32:cc,2026-08-26 10:27:37,21.0,51.837101,4.62578,0,Hendrik-Ido-Ambacht,NL
Rotterdam,Rotterdam_T2,02:00:00:65:6a:3c,2026-08-26 10:21:40,22.0,51.8427678236949,4.62538361549378,0,Hendrik-Ido-Ambacht,NL
Rotterdam,Rotterdam_T2,02:00:00:c3:9b:96,2026-08-26 10:24:27,20.2,51.8400840759277,4.62910270690918,0,Hendrik-Ido-Ambacht,NL
Rotterdam,Rotterdam_T2,02:00:00:bd:fd:d2,2026-08-26 10:27:54,20.0,51.8412863280112,4.64518904685974,0,Hendrik-Ido-Ambacht,NL
Rotterdam,Rotterdam_T2,02:00:00:1e:2a:48,2026-08-26 10:21:35,20.9,51.846038,4.644288,0,Hendrik-Ido-Ambacht,NL
Rotterdam,Rotterdam_T2,02:00:00:a2:47:2c,2026-08-26 10:23:42,19.9,51.84055,4.64857000000006,0,Hendrik-Ido-Ambacht,NL
Rotterdam,Rotterdam_T2,02:00:00:13:43:fc,2026-08-26 10:29:52,21.8,51.838594,4.687114,0,Papendrecht,NL
Rotterdam,Rotterdam_T2,02:00:00:05:4f:b4,2026-08-26 10:27:48,20.5,51.837783,4.6947,0,Papendrecht,NL
Rotterdam,Rotterdam_T2,02:00:00:52:ce:60,2026-08-26 10:23:08,21.1,51.837197,4.695891,0,Papendrecht,NL
Rotterdam,Rotterdam_T2,02:00:00:5f:4f:d4,2026-08-26 10:27:17,19.9,51.839607,4.695527,0,Papendrecht,NL
Rotterdam,Rotterdam_T2,02:00:00:90:bf:70,2026-08-26 10:28:28,22.0,51.845082,4.759073,0,Wijngaarden,NL
Rotterdam,Rotterdam_T2,02:00:00:58:d4:88,2026-08-26 10:27:50,20.8,51.845867,4.767669,0,Wijngaarden,NL
Rotterdam,Rotterdam_T2,02:00:00:b5:35:2e,2026-08-26 10:23:57,21.8,51.8509902954102,4.50090408325195,0,Barendrecht,NL
Rotterdam,Rotterdam_T2,02:00:00:bd:e3:60,2026-08-26 10:28:02,20.1,51.850858,4.506823,0,Barendrecht,NL
Rotterdam,Rotterdam_T2,02:00:00:34:01:5c,2026-08-26 10:22:47,22.0,51.851647,4.50759,0,Barendrecht,NL
Rotterdam,Rotterdam_T2,02:00:00:c6:1e:9c,2026-08-26 10:27:35,20.6,51.8512913,4.5388609,0,Barendrecht,NL
Rotterdam,Rotterdam_T2,02:00:00:a4:78:e8,2026-08-26 10:17:39,21.5,51.850333,4.540042,2,Barendrecht,NL
Rotterdam,Rotterdam_T2,02:00:00:12:da:32,2026-08-26 10:29:09,20.5,51.852342,4.53911900000002,0,Barendrecht,NL
Rotterdam,Rotterdam_T2,02:00:00:b2:c8:82,2026-08-26 10:20:32,20.7,51.851793,4.551932,0,Barendrecht,NL
Rotterdam,Rotterdam_T2,02:00:00:70:48:58,2026-08-26 10:22:06,19.9,51.8629,4.6191,0,Ridderkerk,NL
Rotterdam,Rotterdam_T2,02:00:00:c2:3e:26,2026-08-26 10:26:52,21.2,51.8606071472168,4.62559986114502,0,Ridderkerk,NL
Rotterdam,Rotterdam_T2,02:00:00:74:08:42,2026-08-26 10:30:05,21.1,51.8638061815087,4.66653974298046,0,Alblasserdam,NL
Rotterdam,Rotterdam_T2,02:00:00:9d:2a:ae,2026-08-26 10:24:55,20.2,51.8615989685059,4.67215013504028,0,Alblasserdam,NL
Rotterdam,Rotterdam_T2,02:00:00:32:df:04,2026-08-26 10:20:35,21.0,51.863296,4.674894,0,Alblasserdam,NL
Rotterdam,Rotterdam_T2,02:00:00:52:df:62,2026-08-26 10:24:11,21.5,51.873433,4.51783,0,Rotterdam,NL
Rotterdam,Rotterdam_T2,02:00:00:a2:2b:36,2026-08-26 10:26:05,21.4,51.869744,4.528011,0,Rotterdam,NL
Rotterdam,Rotterdam_T2,02:00:00:5e:ff:d4,2026-08-26 10:29:41,20.1,51.8771436,4.5560899,0,Rotterdam,NL
Rotterdam,Rotterdam_T2,02:00:00:1c:85:22,2026-08-26 10:28:42,19.8,51.870378,4.58902600000004,0,Ridderkerk,NL
Rotterdam,Rotterdam_T2,02:00:00:00:63:40,2026-08-26 10:19:38,20.9,51.8693408421565,4.5906463265419,0,Ridderkerk,NL
Rotterdam,Rotterdam_T2,02:00:00:7f:aa:16,2026-08-26 10:28:18,22.3,51.86648,4.60157,1,Ridderkerk,NL
Rotterdam,Rotterdam_T2,02:00:00:2b:1a:52,2026-08-26 10:24:36,21.2,51.867130128204,4.61134004556698,0,Ridderkerk,NL
Rotterdam,Rotterdam_T2,02:00:00:7b:03:7e,2026-08-26 10:26:46,21.4,51.865452,4.621353,0,Ridderkerk,NL
Rotterdam,Rotterdam_T2,02:00:00:1e:29:ba,2026-08-26 10:20:44,20.3,51.8652853599595,4.62251235910136,0,Ridderkerk,NL
Rotterdam,Rotterdam_T2,02:00:00:37:16:28,2026-08-26 10:20:29,20.8,51.872911,4.635849,2,Alblasserdam,NL
Rotterdam,Rotterdam_T2,02:00:00:a4:67:54,2026-08-26 10:29:32,20.4,51.8689765781368,4.65696570119653,0,Alblasserdam,NL
Rotterdam,Rotterdam_T2,02:00:00:a9:93:ca,2026-08-26 10:22:02,19.9,51.8696937561035,4.65859460830688,0,Alblasserdam,NL
Rotterdam,Rotterdam_T2,02:00:00:1e:29:cc,2026-08-26 10:25:01,20.8,51.86924,4.6605825,0,Alblasserdam,NL
Rotterdam,Rotterdam_T2,02:00:00:9d:2a:32,2026-08-26 10:21:55,21.2,51.869708,4.664244,0,Alblasserdam,NL
Rotterdam,Rotterdam_T2,02:00:00:9c:d9:88,2026-08-26 10:26:24,20.3,51.865708,4.672487,0,Alblasserdam,NL
Rotterdam,Rotterdam_T2,02:00:00:a4:89:38,2026-08-26 10:24:23,19.9,51.8930892944336,4.50360250473022,0,Rotterdam,NL
Rotterdam,Rotterdam_T2,02:00:00:c3:ad:1a,2026-08-26 10:29:32,22.2,51.8807193,4.50595980000008,0,Rotterdam,NL
Rotterdam,Rotterdam_T2,02:00:00:2b:11:06,2026-08-26 10:22:50,17.8,51.884715,4.5213637,1,Rotterdam,NL
Rotterdam,Rotterdam_T2,02:00:00:c2:2f:c0,2026-08-26 10:25:10,20.1,51.889758,4.545007,1,Rotterdam,NL
Rotterdam,Rotterdam_T2,02:00:00:8d:e1:c2,2026-08-26 10:19:46,19.4,51.8884899381623,4.54850133742931,0,Rotterdam,NL
Rotterdam,Rotterdam_T2,02:00:00:84:0b:be,2026-08-26 10:26:41,20.8,51.889212,4.579173,0,Ridderkerk,NL
Rotterdam,Rotterdam_T2,02:00:00:58:db:7c,2026-08-26 10:20:40,20.7,51.890317,4.584484,0,Ridderkerk,NL
Rotterdam,Rotterdam_T2,02:00:00:a4:31:1c,2026-08-26 10:21:30,21.3,51.879825592041,4.59871816635132,0,Ridderkerk,NL
Rotterdam,Rotterdam_T2,02:00:00:b5:1e:34,2026-08-26 10:21:58,21.6,51.8856163024902,4.63144016265869,0,Kinderdijk,NL
Rotterdam,Rotterdam_T2,02:00:00:2e:ef:ca,2026-08-26 10:25:27,20.7,51.884896,4.675329,0,Nieuw-Lekkerland,NL
Rotterdam,Rotterdam_T2,02:00:00:6b:33:b2,2026-08-26 10:27:00,21.2,51.88994,4.6878767,1,Nieuw-Lekkerland,NL
Rotterdam,Rotterdam_T2,02:00:00:bd:03:12,2026-08-26 10:22:03,20.1,51.883711,4.713311,0,Nieuw-Lekkerland,NL
Rotterdam,Rotterdam_T2,02:00:00:01:7f:1c,2026-08-26 10:19:01,22.3,51.8943,4.5082,0,Rotterdam,NL
Rotterdam,Rotterdam_T2,02:00:00:58:de:d6,2026-08-26 10:24:27,21.0,51.8943,4.5082,0,Rotterdam,NL
Rotterdam,Rotterdam_T2,02:00:00:b5:52:44,2026-08-26 10:24:26,20.0,51.897498,4.521842,3,Rotterdam,NL
Rotterdam,Rotterdam_T2,02:00:00:90:7f:7a,2026-08-26 10:23:22,19.7,51.898163,4.583361,2,Ridderkerk,NL
Rotterdam,Rotterdam_T2,02:00:00:a4:1d:76,2026-08-26 10:22:21,19.9,51.8956518077123,4.58617498801652,2,Ridderkerk,NL
Rotterdam,Rotterdam_T2,02:00:00:04:a2:ee,2026-08-26 10:24:56,20.1,51.89378,4.63195999999998,0,Krimpen aan de Lek,NL
Rotterdam,Rotterdam_T2,02:00:00:02:d1:3e,2026-08-26 10:28:36,21.7,51.8949535894151,4.63425776535564,5,Krimpenerwaard,NL
Rotterdam,Rotterdam_T2,02:00:00:b5:a5:ea,2026-08-26 10:29:13,18.7,51.8983399335402,4.74583000299793,0,Molenlanden,NL
Rotterdam,Rotterdam_T2,02:00:00:90:f8:1a,2026-08-26 10:29:40,21.4,51.90005,4.74020999999998,0,Streefkerk,NL
Rotterdam,Rotterdam_T2,02:00:00:70:58:6c,2026-08-26 10:24:52,21.2,51.898848,4.7463,0,Streefkerk,NL
Rotterdam,Rotterdam_T2,02:00:00:31:b2:be,2026-08-26 10:20:03,19.8,51.912961,4.502522,0,Rotterdam,NL
Rotterdam,Rotterdam_T2,02:00:00:21:1a:8c,2026-08-26 10:24:04,19.4,51.920843,4.512827,6,Rotterdam,NL
Rotterdam,Rotterdam_T2,02:00:00:00:e9:aa,2026-08-26 10:28:08,20.9,51.916282,4.516513,16,Rotterdam,NL
Rotterdam,Rotterdam_T2,02:00:00:70:3e:4c,2026-08-26 10:25:19,21.2,51.918575,4.553104,0,Capelle aan den IJssel,NL
Rotterdam,Rotterdam_T2,02:00:00:bd:0d:c0,2026-08-26 10:24:30,20.6,51.912598,4.5591,0,Capelle aan den IJssel,NL
Rotterdam,Rotterdam_T2,02:00:00:52:cb:e6,2026-08-26 10:27:04,20.5,51.9176414235296,4.55918770730171,2,Capelle aan den IJssel,NL
Rotterdam,Rotterdam_T2,02:00:00:c6:27:c0,2026-08-26 10:24:14,21.4,51.918131,4.570922,0,Capelle aan den IJssel,NL
Rotterdam,Rotterdam_T2,02:00:00:6b:2a:74,2026-08-26 10:22:18,20.8,51.910033,4.590531,0,Krimpen aan den IJssel,NL
Rotterdam,Rotterdam_T2,02:00:00:64:24:32,2026-08-26 10:24:58,21.2,51.921873,4.57045,0,Capelle aan den IJssel,NL
Rotterdam,Rotterdam_T2,02:00:00:03:dd:5e,2026-08-26 10:24:31,19.8,51.9143534,4.59623250000004,0,Krimpen aan den IJssel,NL
Rotterdam,Rotterdam_T2,02:00:00:c3:da:1e,2026-08-26 10:27:38,21.4,51.9144,4.6006,0,Krimpen aan den IJssel,NL
Rotterdam,Rotterdam_T2,02:00:00:3d:24:60,2026-08-26 10:20:02,20.7,51.9092152187443,4.60752285502784,0,Krimpen aan den IJssel,NL
Rotterdam,Rotterdam_T2,02:00:00:63:44:d2,2026-08-26 10:21:49,19.9,51.91956969428,4.6570497751236,0,Ouderkerk aan den IJssel,NL
Rotterdam,Rotterdam_T2,02:00:00:34:04:94,2026-08-26 10:28:21,20.9,51.9094901,4.68375689999993,0,Krimpenerwaard,NL
Rotterdam,Rotterdam_T2,02:00:00:03:5d:4c,2026-08-26 10:23:49,20.2,51.92282,4.518588,1,Rotterdam,NL
Rotterdam,Rotterdam_T2,02:00:00:c3:80:a6,2026-08-26 10:27:08,21.1,51.931264,4.550389,0,Rotterdam,NL
Rotterdam,Rotterdam_T2,02:00:00:3c:00:22,2026-08-26 10:27:32,21.6,51.93424,4.553542,0,Rotterdam,NL
Rotterdam,Rotterdam_T2,02:00:00:1c:81:2e,2026-08-26 10:26:13,21.2,51.924802,4.565114,0,Rotterdam,NL
Rotterdam,Rotterdam_T2,02:00:00:bd:1a:90,2026-08-26 10:27:25,23.4,51.9268074035645,4.57429313659668,1,Capelle aan den IJssel,NL
Rotterdam,Rotterdam_T2,02:00:00:2f:0c:10,2026-08-26 10:27:51,22.3,51.9344479606926,4.59018536167076,0,Capelle aan den IJssel,NL
Rotterdam,Rotterdam_T2,02:00:00:63:42:f8,2026-08-26 10:21:30,20.8,51.9293733342703,4.59409007318868,0,Capelle aan den IJssel,NL
Rotterdam,Rotterdam_T2,02:00:00:1e:01:bc,2026-08-26 10:24:10,21.1,51.932337,4.606086,0,Capelle aan den IJssel,NL
Rotterdam,Rotterdam_T2,02:00:00:83:d0:98,2026-08-26 10:22:25,20.1,51.929055,4.61168,0,Capelle aan den IJssel,NL
Rotterdam,Rotterdam_T2,02:00:00:5f:3b:64,2026-08-26 10:22:32,20.8,51.934994,4.73829,0,Krimpenerwaard,NL
Rotterdam,Rotterdam_T2,02:00:00:27:89:3a,2026-08-26 10:19:56,21.1,51.949039,4.503576,0,Rotterdam,NL
Rotterdam,Rotterdam_T2,02:00:00:65:4e:e0,2026-08-26 10:23:09,19.1,51.945285,4.535755,0,Rotterdam,NL
Rotterdam,Rotterdam_T2,02:00:00:01:28:b8,2026-08-26 10:23:43,20.4,51.9411495701722,4.56710300000004,0,Capelle aan den IJssel,NL
Rotterdam,Rotterdam_T2,02:00:00:33:f2:74,2026-08-26 10:25:58,22.2,51.94695,4.5638,0,Rotterdam,NL
Rotterdam,Rotterdam_T2,02:00:00:bd:c2:20,2026-08-26 10:24:11,22.4,51.949393,4.572462,0,Capelle aan den IJssel,NL
Rotterdam,Rotterdam_T2,02:00:00:7f:8e:30,2026-08-26 10:29:58,19.7,51.94716,4.577374,0,Capelle aan den IJssel,NL
Rotterdam,Rotterdam_T2,02:00:00:b5:01:6e,2026-08-26 10:28:27,20.8,51.947535,4.577741,0,Capelle aan den IJssel,NL
Rotterdam,Rotterdam_T2,02:00:00:36:d9:ea,2026-08-26 10:00:51,18.8,51.937104,4.611066,0,Capelle aan den IJssel,NL
Rotterdam,Rotterdam_T2,02:00:00:73:ee:82,2026-08-26 10:27:12,20.4,51.943974,4.7075996,0,Krimpenerwaard,NL
Rotterdam,Rotterdam_T2,02:00:00:90:c6:f6,2026-08-26 10:23:18,21.0,51.9442388535085,4.70877000000014,0,Berkenwoude,NL
Rotterdam,Rotterdam_T2,02:00:00:03:a2:42,2026-08-26 10:28:00,20.0,51.959495,4.500036,0,Rotterdam,NL
Rotterdam,Rotterdam_T2,02:00:00:13:85:7e,2026-08-26 10:24:40,20.9,51.956141511216,4.50468333618164,0,Rotterdam,NL
Rotterdam,Rotterdam_T2,02:00:00:2a:d5:58,2026-08-26 10:25:51,19.6,51.9642850413781,4.50498007983016,0,Rotterdam,NL
Rotterdam,Rotterdam_T2,02:00:00:2f:0f:2e,2026-08-26 10:24:22,20.3,51.9536204,4.5346555,0,Rotterdam,NL
Rotterdam,Rotterdam_T2,02:00:00:90:b5:0c,2026-08-26 10:20:13,19.6,51.954033,4.534729,0,Rotterdam,NL
Rotterdam,Rotterdam_T2,02:00:00:a9:a6:c2,2026-08-26 10:20:17,19.9,51.9637222290039,4.52992153167725,0,Rotterdam,NL
Rotterdam,Rotterdam_T2,02:00:00:03:cb:de,2026-08-26 10:27:33,24.2,51.9617,4.5476,0,Rotterdam,NL
Rotterdam,Rotterdam_T2,02:00:00:bc:ab:08,2026-08-26 10:25:06,20.5,51.955691,4.5518,0,Rotterdam,NL
Rotterdam,Rotterdam_T2,02:00:00:36:e3:e0,2026-08-26 10:24:46,20.3,51.9613543477029,4.55115616321564,0,Rotterdam,NL
Rotterdam,Rotterdam_T2,02:00:00:33:c5:7e,2026-08-26 10:24:38,21.0,51.9549659,4.58058359999995,0,Capelle aan den IJssel,NL
Rotterdam,Rotterdam_T2,02:00:00:2e:a5:98,2026-08-26 10:26:17,20.7,51.964966611571,4.57781134581205,0,Rotterdam,NL
Rotterdam,Rotterdam_T2,02:00:00:13:43:b2,2026-08-26 10:29:14,19.9,51.9569458952657,4.58524636924699,0,Capelle aan den IJssel,NL
Rotterdam,Rotterdam_T2,02:00:00:52:e9:96,2026-08-26 10:27:31,21.2,51.9518241882324,4.59466314315796,0,Capelle aan den IJssel,NL
Rotterdam,Rotterdam_T2,02:00:00:1b:2e:28,2026-08-26 10:22:00,20.0,51.951768,4.597816,0,Capelle aan den IJssel,NL
Rotterdam,Rotterdam_T2,02:00:00:c2:37:e4,2026-08-26 10:21:11,20.3,51.964299,4.598212,0,Nieuwerkerk aan den IJssel,NL
Rotterdam,Rotterdam_T2,02:00:00:9b:4c:a4,2026-08-26 10:26:04,19.9,51.9777136658191,4.23938155174255,2,De Lier,NL
Rotterdam,Rotterdam_T2,02:00:00:9b:5b:c6,2026-08-26 10:20:06,20.9,51.977076,4.253869,0,De Lier,NL
Rotterdam,Rotterdam_T2,02:00:00:69:27:02,2026-08-26 10:24:01,19.6,51.9722182620618,4.31247174739838,0,Midden-Delfland,NL
Rotterdam,Rotterdam_T2,02:00:00:80:15:88,2026-08-26 10:25:17,19.9,51.972873,4.316429,0,Schipluiden,NL
Rotterdam,Rotterdam_T2,02:00:00:31:bb:04,2026-08-26 10:24:47,20.1,51.9756235520416,4.31817887889974,0,Midden-Delfland,NL
Rotterdam,Rotterdam_T2,02:00:00:c2:41:46,2026-08-26 10:23:25,20.5,51.975427,4.318863,0,Schipluiden,NL
Rotterdam,Rotterdam_T2,02:00:00:36:d0:7c,2026-08-26 10:27:19,21.1,51.979279,4.462594,0,Berkel en Rodenrijs,NL
Rotterdam,Rotterdam_T2,02:00:00:a9:76:1c,2026-08-26 10:21:21,21.4,51.981891,4.2977,0,De Lier,NL
Rotterdam,Rotterdam_T2,02:00:00:ab:ec:9e,2026-08-26 10:20:53,21.0,51.9851341247559,4.3366641998291,0,Delft,NL
Rotterdam,Rotterdam_T2,02:00:00:2e:f4:ba,2026-08-26 10:24:51,21.1,51.987071,4.335942,0,Delft,NL
Rotterdam,Rotterdam_T2,02:00:00:1b:0b:86,2026-08-26 10:29:10,20.7,51.986908,4.33956,1,Delft,NL
Rotterdam,Rotterdam_T2,02:00:00:ab:ef:78,2026-08-26 10:24:10,22.3,51.983687,4.36361,0,Delft,NL
Rotterdam,Rotterdam_T2,02:00:00:29:47:04,2026-08-26 10:29:48,21.9,51.981086,4.464655,0,Berkel en Rodenrijs,NL
Rotterdam,Rotterdam_T2,02:00:00:9c:f8:c8,2026-08-26 10:23:18,19.9,51.985931,4.466015,0,Berkel en Rodenrijs,NL
Rotterdam,Rotterdam_T2,02:00:00:74:0c:06,2026-08-26 10:27:29,20.5,51.9869778032792,4.46788129716243,0,Berkel en Rodenrijs,NL
Rotterdam,Rotterdam_T2,02:00:00:00:e7:18,2026-08-26 10:24:59,21.5,51.9865055199817,4.49336396638479,0,Bergschenhoek,NL
Rotterdam,Rotterdam_T2,02:00:00:96:b6:04,2026-08-26 10:24:23,20.3,51.99125,4.4877768,0,Bergschenhoek,NL
Rotterdam,Rotterdam_T2,02:00:00:2e:bb:3e,2026-08-26 10:25:07,20.2,51.9890286,4.48875720000001,0,Lansingerland,NL
Rotterdam,Rotterdam_T2,02:00:00:b4:ff:28,2026-08-26 10:21:43,22.0,52.0091355113173,4.31912079992133,0,Den Hoorn,NL
Rotterdam,Rotterdam_T2,02:00:00:27:41:d4,2026-08-26 10:25:15,21.2,52.000913,4.326118,0,Den Hoorn,NL
Rotterdam,Rotterdam_T2,02:00:00:58:d1:1c,2026-08-26 10:21:51,20.2,51.9999732971191,4.3280463218689,0,Midden-Delfland,NL
Rotterdam,Rotterdam_T2,02:00:00:9c:db:ea,2026-08-26 10:21:48,21.3,52.000331,4.336122,0,Den Hoorn,NL
Rotterdam,Rotterdam_T2,02:00:00:63:3c:0e,2026-08-26 10:28:38,20.4,52.0024395,4.33742328571429,2,Midden-Delfland,NL
Rotterdam,Rotterdam_T2,02:00:00:3f:20:18,2026-08-26 10:24:31,21.0,52.0031479623561,4.33911877594167,0,Midden-Delfland,NL
Rotterdam,Rotterdam_T2,02:00:00:a9:cf:96,2026-08-26 10:27:40,19.9,52.0042,4.366748,3,Delft,NL
Rotterdam,Rotterdam_T2,02:00:00:2b:0c:ca,2026-08-26 10:28:26,20.5,52.004136,4.367653,2,Delft,NL
Rotterdam,Rotterdam_T2,02:00:00:b9:42:f0,2026-08-26 10:24:48,20.6,52.0021934509277,4.38102626800537,0,Delft,NL
Rotterdam,Rotterdam_T2,02:00:00:36:b9:26,2026-08-26 10:25:27,21.6,52.002996,4.390715,0,Pijnacker-Nootdorp,NL
Rotterdam,Rotterdam_T2,02:00:00:02:d4:ca,2026-08-26 10:29:11,20.5,52.006451,4.393051,0,Delfgauw,NL
Rotterdam,Rotterdam_T2,02:00:00:02:d9:bc,2026-08-26 10:29:09,20.8,52.0073567269022,4.39232110977173,0,Delfgauw,NL
Rotterdam,Rotterdam_T2,02:00:00:a9:6d:0c,2026-08-26 10:20:12,20.6,52.00874,4.427,0,Pijnacker,NL
Rotterdam,Rotterdam_T2,02:00:00:13:13:f4,2026-08-26 10:21:03,20.6,52.0072021484375,4.43953990936279,0,Pijnacker-Nootdorp,NL
Rotterdam,Rotterdam_T2,02:00:00:74:30:02,2026-08-26 10:22:32,23.3,52.008091,4.438843,0,Pijnacker,NL
Rotterdam,Rotterdam_T2,02:00:00:b5:72:ac,2026-08-26 10:26:25,20.5,52.0029632,4.44611320000001,0,Pijnacker-Nootdorp,NL
Rotterdam,Rotterdam_T2,02:00:00:73:f9:b6,2026-08-26 10:21:53,21.0,51.996857,4.482029,0,Berkel en Rodenrijs,NL
Rotterdam,Rotterdam_T2,02:00:00:64:f2:d6,2026-08-26 10:21:48,20.0,51.996821,4.497728,0,Lansingerland,NL
Rotterdam,Rotterdam_T2,02:00:00:21:10:32,2026-08-26 10:27:51,22.3,52.005954,4.494528,0,Berkel en Rodenrijs,NL
Rotterdam,Rotterdam_T2,02:00:00:33:39:0e,2026-08-26 10:21:23,20.7,52.0094959,4.22577910000002,1,Honselersdijk,NL
Rotterdam,Rotterdam_T2,02:00:00:29:2a:c0,2026-08-26 10:21:35,20.5,52.02337,4.220457,2,Westland,NL
Rotterdam,Rotterdam_T2,02:00:00:b5:8c:34,2026-08-26 10:22:42,20.1,52.010731,4.231847,0,Honselersdijk,NL
Rotterdam,Rotterdam_T2,02:00:00:b5:87:84,2026-08-26 10:23:53,20.7,52.017124,4.2579894,0,Kwintsheul,NL
Rotterdam,Rotterdam_T2,02:00:00:28:75:9e,2026-08-26 10:22:08,20.7,52.019287,4.27351,0,Wateringen,NL
Rotterdam,Rotterdam_T2,02:00:00:bd:d9:7e,2026-08-26 10:23:12,19.9,52.020915,4.274324,0,Wateringen,NL
Rotterdam,Rotterdam_T2,02:00:00:12:f9:22,2026-08-26 10:20:37,21.6,52.0228,4.2876,0,Wateringen,NL
Rotterdam,Rotterdam_T2,02:00:00:19:17:0e,2026-08-26 10:30:10,20.2,52.018548,4.295847,0,The Hague,NL
Rotterdam,Rotterdam_T2,02:00:00:71:5c:e6,2026-08-26 10:22:45,20.8,52.01805,4.302916,0,The Hague,NL
Rotterdam,Rotterdam_T2,02:00:00:22:d7:70,2026-08-26 10:22:56,20.7,52.00943,4.317615,0,Den Hoorn,NL
Rotterdam,Rotterdam_T2,02:00:00:65:56:f6,2026-08-26 10:21:24,21.0,52.016088,4.329436,0,Rijswijk,NL
Rotterdam,Rotterdam_T2,02:00:00:13:04:72,2026-08-26 10:29:31,21.5,52.010011,4.334931,0,Delft,NL
Rotterdam,Rotterdam_T2,02:00:00:c6:15:f6,2026-08-26 10:28:02,20.6,52.009809,4.337796,0,Delft,NL
Rotterdam,Rotterdam_T2,02:00:00:af:74:3a,2026-08-26 10:30:07,21.3,52.0227279663086,4.33650016784668,0,Rijswijk,NL
Rotterdam,Rotterdam_T2,02:00:00:13:04:c2,2026-08-26 10:25:23,20.6,52.01145,4.342701,1,Delft,NL
Rotterdam,Rotterdam_T2,02:00:00:b5:6b:10,2026-08-26 10:26:48,21.1,52.009232,4.365134,1,Delft,NL
Rotterdam,Rotterdam_T2,02:00:00:03:03:36,2026-08-26 10:20:23,20.6,52.013937,4.35952,2,Delft,NL
Rotterdam,Rotterdam_T2,02:00:00:63:07:0a,2026-08-26 10:30:03,22.0,52.0161250297335,4.35983148643825,2,Delft,NL
Rotterdam,Rotterdam_T2,02:00:00:7f:be:72,2026-08-26 10:20:41,21.2,52.010014,4.396196,0,Delfgauw,NL
Rotterdam,Rotterdam_T2,02:00:00:b2:bc:36,2026-08-26 10:21:48,20.3,52.0110044,4.39716220000005,0,Delfgauw,NL
Rotterdam,Rotterdam_T2,02:00:00:28:c6:a0,2026-08-26 10:21:15,20.5,52.017348,4.430074,0,Pijnacker,NL
Rotterdam,Rotterdam_T2,02:00:00:12:50:a2,2026-08-26 10:28:13,21.0,52.017736,4.437464,0,Pijnacker,NL
Rotterdam,Rotterdam_T2,02:00:00:01:51:0e,2026-08-26 10:21:03,21.2,52.009215,4.450908,0,Pijnacker,NL
Rotterdam,Rotterdam_T2,02:00:00:05:5e:6c,2026-08-26 10:23:59,21.5,52.025398,4.250405,0,Kwintsheul,NL
Rotterdam,Rotterdam_T2,02:00:00:70:54:ae,2026-08-26 10:24:24,21.4,52.0250261772123,4.27339867029308,1,Westland,NL
Rotterdam,Rotterdam_T2,02:00:00:05:48:58,2026-08-26 10:25:16,21.0,52.027597,4.271085,1,Wateringen,NL
Rotterdam,Rotterdam_T2,02:00:00:7f:ca:ac,2026-08-26 10:21:08,21.8,52.02969,4.2733474,0,Wateringen,NL
Rotterdam,Rotterdam_T2,02:00:00:28:a6:bc,2026-08-26 10:24:35,20.7,52.0282,4.2894,0,The Hague,NL
Rotterdam,Rotterdam_T2,02:00:00:8d:db:56,2026-08-26 10:26:53,20.7,52.028558,4.290961,0,The Hague,NL
Rotterdam,Rotterdam_T2,02:00:00:2c:fa:1c,2026-08-26 10:28:49,20.6,52.030983,4.29965,0,Rijswijk,NL
Rotterdam,Rotterdam_T2,02:00:00:53:21:c0,2026-08-26 10:27:07,19.7,52.026369,4.315001,5,Rijswijk,NL
Rotterdam,Rotterdam_T2,02:00:00:02:b3:4e,2026-08-26 10:22:28,19.8,52.0342742560364,4.31400057155358,5,Rijswijk,NL
Rotterdam,Rotterdam_T2,02:00:00:bc:cf:a6,2026-08-26 10:20:31,21.7,52.027324,4.337618,0,Rijswijk,NL
Rotterdam,Rotterdam_T2,02:00:00:31:d6:92,2026-08-26 10:26:03,20.6,52.02583,4.35241999999998,1,Rijswijk,NL
Rotterdam,Rotterdam_T2,02:00:00:7a:8c:d8,2026-08-26 10:27:30,20.1,52.03445,4.3570523,0,The Hague,NL
Rotterdam,Rotterdam_T2,02:00:00:01:57:92,2026-08-26 10:24:57,20.8,52.031365,4.377341,0,The Hague,NL
Rotterdam,Rotterdam_T2,02:00:00:a9:4a:ba,2026-08-26 10:25:03,20.4,52.0350194,4.3863817,0,The Hague,NL
Rotterdam,Rotterdam_T2,02:00:00:a9:7d:2a,2026-08-26 10:25:32,20.8,52.0370407104492,4.387122631073,0,The Hague,NL
Rotterdam,Rotterdam_T2,02:00:00:a4:16:6e,2026-08-26 10:20:42,20.1,52.0251917647022,4.42625571616408,0,Pijnacker,NL
Rotterdam,Rotterdam_T2,02:00:00:03:5e:4a,2026-08-26 10:27:35,20.7,52.0296166,4.455603,0,Pijnacker-Nootdorp,NL
Rotterdam,Rotterdam_T2,02:00:00:14:3f:68,2026-08-26 10:22:54,21.0,52.0245126066557,4.47967126733552,0,Berkel en Rodenrijs,NL
Rotterdam,Rotterdam_T2,02:00:00:b0:a4:94,2026-08-26 10:28:43,21.2,52.0349044799805,4.49338150024414,0,Zoetermeer,NL
Rotterdam,Rotterdam_T2,02:00:00:7f:ce:6a,2026-08-26 10:20:46,22.3,52.039398,4.222245,0,The Hague,NL
Rotterdam,Rotterdam_T2,02:00:00:05:53:60,2026-08-26 10:28:40,20.2,52.041561,4.223035,0,The Hague,NL
Rotterdam,Rotterdam_T2,02:00:00:b5:81:58,2026-08-26 10:20:37,20.0,52.04823,4.21922900000002,1,The Hague,NL
Rotterdam,Rotterdam_T2,02:00:00:63:20:26,2026-08-26 10:21:51,20.8,52.05232,4.251573,1,The Hague,NL
Rotterdam,Rotterdam_T2,02:00:00:33:c3:b6,2026-08-26 10:27:21,21.8,52.041359,4.261745,2,The Hague,NL
Rotterdam,Rotterdam_T2,02:00:00:3d:1d:84,2026-08-26 10:27:38,21.5,52.0434,4.2591,0,The Hague,NL
Rotterdam,Rotterdam_T2,02:00:00:b4:ee:a0,2026-08-26 10:22:39,20.5,52.039697,4.2956717,1,Rijswijk,NL
Rotterdam,Rotterdam_T2,02:00:00:af:80:9a,2026-08-26 10:21:07,21.1,52.0515206687929,4.30651038776614,5,The Hague,NL
Rotterdam,Rotterdam_T2,02:00:00:b5:80:d2,2026-08-26 10:27:46,21.0,52.0440782777029,4.33701086525241,6,Rijswijk,NL
Rotterdam,Rotterdam_T2,02:00:00:1c:7e:ae,2026-08-26 10:26:35,21.1,52.038915,4.366131,0,The Hague,NL
Rotterdam,Rotterdam_T2,02:00:00:32:ec:98,2026-08-26 10:24:38,20.7,52.03866,4.3676095,0,The Hague,NL
Rotterdam,Rotterdam_T2,02:00:00:33:d0:1a,2026-08-26 10:28:19,20.5,52.04705,4.3624587,0,The Hague,NL
Rotterdam,Rotterdam_T2,02:00:00:36:a2:d2,2026-08-26 10:25:47,21.4,52.050151,4.383387,0,The Hague,NL
Rotterdam,Rotterdam_T2,02:00:00:7f:a7:ea,2026-08-26 10:29:14,20.5,52.0380073,4.38669640000001,-2,Den Haag,NL
Rotterdam,Rotterdam_T2,02:00:00:7f:cc:34,2026-08-26 10:27:51,20.8,52.04027,4.386554,0,Nootdorp,NL
Rotterdam,Rotterdam_T2,02:00:00:04:95:2e,2026-08-26 10:29:09,22.8,52.051678,4.459339,0,Zoetermeer,NL
Rotterdam,Rotterdam_T2,02:00:00:c2:39:7e,2026-08-26 10:26:19,20.5,52.040937,4.464689,0,Zoetermeer,NL
Rotterdam,Rotterdam_T2,02:00:00:70:19:8e,2026-08-26 10:21:59,21.6,52.0391425410585,4.47068751201742,0,Pijnacker,NL
Rotterdam,Rotterdam_T2,02:00:00:84:71:4e,2026-08-26 10:21:57,21.0,52.04283,4.481998,0,Zoetermeer,NL
Rotterdam,Rotterdam_T2,02:00:00:9d:26:50,2026-08-26 10:28:54,20.7,52.0430906,4.4821536,0,Zoetermeer,NL
Rotterdam,Rotterdam_T2,02:00:00:b5:76:3c,2026-08-26 10:23:08,20.5,52.04015,4.484624,0,Zoetermeer,NL
Rotterdam,Rotterdam_T2,02:00:00:00:0d:c6,2026-08-26 10:20:02,20.3,52.0604822,4.22709759999997,5,The Hague,NL
Rotterdam,Rotterdam_T2,02:00:00:bd:ce:ec,2026-08-26 10:29:07,21.9,52.056333,4.232107,4,The Hague,NL
Rotterdam,Rotterdam_T2,02:00:00:70:28:12,2026-08-26 10:25:08,19.8,52.05711,4.232334,7,The Hague,NL
Rotterdam,Rotterdam_T2,02:00:00:58:eb:68,2026-08-26 10:20:39,21.3,52.056455,4.25136,1,The Hague,NL
Rotterdam,Rotterdam_T2,02:00:00:af:4e:6a,2026-08-26 10:20:34,20.5,52.0585479736328,4.26001405715942,1,The Hague,NL
Rotterdam,Rotterdam_T2,02:00:00:b2:b9:f8,2026-08-26 10:28:06,20.8,52.053307,4.264459,2,The Hague,NL
Rotterdam,Rotterdam_T2,02:00:00:1c:6a:60,2026-08-26 10:24:27,20.1,52.0528657,4.27534449999996,3,The Hague,NL
Rotterdam,Rotterdam_T2,02:00:00:a9:f2:30,2026-08-26 10:21:27,21.4,52.0575,4.2698,1,The Hague,NL
Rotterdam,Rotterdam_T2,02:00:00:90:b2:b8,2026-08-26 10:28:39,20.2,52.061347,4.271548,0,The Hague,NL
Rotterdam,Rotterdam_T2,02:00:00:32:c7:32,2026-08-26 10:28:03,20.3,52.055505,4.298573,0,The Hague,NL
Rotterdam,Rotterdam_T2,02:00:00:84:5b:7a,2026-08-26 10:25:13,21.9,52.058479,4.307849,1,The Hague,NL
Rotterdam,Rotterdam_T2,02:00:00:36:e5:24,2026-08-26 10:28:10,23.9,52.0534941858492,4.31175827980042,0,The Hague,NL
Rotterdam,Rotterdam_T2,02:00:00:29:2d:00,2026-08-26 10:20:26,22.4,52.0573602189514,4.31402668796871,3,The Hague,NL
Rotterdam,Rotterdam_T2,02:00:00:c5:33:8e,2026-08-26 10:24:00,20.6,52.0541152954102,4.31790542602539,2,The Hague,NL
Rotterdam,Rotterdam_T2,02:00:00:6b:31:84,2026-08-26 10:21:19,20.4,52.0592533,4.3277548,2,The Hague,NL
Rotterdam,Rotterdam_T2,02:00:00:6b:28:e4,2026-08-26 10:23:49,21.1,52.054781,4.338274,1,Rijswijk,NL
Rotterdam,Rotterdam_T2,02:00:00:bd:cb:3e,2026-08-26 10:29:14,20.1,52.056893,4.338716,3,Rijswijk,NL
Rotterdam,Rotterdam_T2,02:00:00:a4:49:04,2026-08-26 10:25:10,21.3,52.0556912815337,4.34021632718826,3,Rijswijk,NL
Rotterdam,Rotterdam_T2,02:00:00:90:7d:2a,2026-08-26 10:20:57,21.3,52.058655,4.3924623,0,The Hague,NL
Rotterdam,Rotterdam_T2,02:00:00:52:db:7e,2026-08-26 10:30:02,21.4,52.065982,4.394288,0,The Hague,NL
Rotterdam,Rotterdam_T2,02:00:00:16:13:c6,2026-08-26 10:27:08,22.4,52.0577913193717,4.39479947090149,0,The Hague,NL
Rotterdam,Rotterdam_T2,02:00:00:12:a3:f4,2026-08-26 10:22:24,21.3,52.059226,4.411559,0,The Hague,NL
Rotterdam,Rotterdam_T2,02:00:00:5f:25:a2,2026-08-26 10:21:47,21.1,52.063211,4.411913,0,The Hague,NL
Rotterdam,Rotterdam_T2,02:00:00:bd:f9:68,2026-08-26 10:22:31,19.6,52.0638475603448,4.41756284853375,0,The Hague,NL
Rotterdam,Rotterdam_T2,02:00:00:5e:fb:6e,2026-08-26 10:25:02,24.0,52.054639612905,4.4578184056046,0,Zoetermeer,NL
Rotterdam,Rotterdam_T2,02:00:00:b5:b8:f8,2026-08-26 10:24:05,21.1,52.058436,4.45896010000001,0,Zoetermeer,NL
Rotterdam,Rotterdam_T2,02:00:00:3d:29:16,2026-08-26 10:23:21,22.7,52.056976,4.465749,0,Zoetermeer,NL
Rotterdam,Rotterdam_T2,02:00:00:90:e0:c8,2026-08-26 10:23:49,20.7,52.056016,4.482655,1,Zoetermeer,NL
Rotterdam,Rotterdam_T2,02:00:00:53:56:96,2026-08-26 10:25:49,21.3,52.0613346,4.4883785,2,Zoetermeer,NL
Rotterdam,Rotterdam_T2,02:00:00:01:91:08,2026-08-26 10:20:01,20.3,52.064108,4.491769,0,Zoetermeer,NL
Rotterdam,Rotterdam_T2,02:00:00:bd:ed:76,2026-08-26 10:21:53,20.6,52.069173,4.220754,12,The Hague,NL
Rotterdam,Rotterdam_T2,02:00:00:b2:af:2a,2026-08-26 10:20:13,22.7,52.067112,4.237576,4,The Hague,NL
Rotterdam,Rotterdam_T2,02:00:00:13:4e:18,2026-08-26 10:25:52,21.2,52.070105,4.23797,5,The Hague,NL
Rotterdam,Rotterdam_T2,02:00:00:1c:7f:64,2026-08-26 10:24:07,21.1,52.0743044529233,4.2459826422213,4,The Hague,NL
Rotterdam,Rotterdam_T2,02:00:00:af:67:ca,2026-08-26 10:24:56,20.2,52.0680697978153,4.25281722806606,3,The Hague,NL
Rotterdam,Rotterdam_T2,02:00:00:33:dc:9c,2026-08-26 10:21:03,20.9,52.0689815,4.25234909999999,0,The Hague,NL
Rotterdam,Rotterdam_T2,02:00:00:b5:07:b6,2026-08-26 10:21:58,21.0,52.073517,4.267079,4,The Hague,NL
Rotterdam,Rotterdam_T2,02:00:00:a4:2b:da,2026-08-26 10:26:22,23.0,52.0729,4.2713,4,The Hague,NL
Rotterdam,Rotterdam_T2,02:00:00:36:b2:42,2026-08-26 10:20:14,20.6,52.067452,4.281116,4,The Hague,NL
Rotterdam,Rotterdam_T2,02:00:00:65:54:d0,2026-08-26 10:20:57,21.8,52.0732832781559,4.29107268344232,2,The Hague,NL
Rotterdam,Rotterdam_T2,02:00:00:02:7a:f6,2026-08-26 10:27:48,21.4,52.0689179,4.3058197,2,The Hague,NL
Rotterdam,Rotterdam_T2,02:00:00:c3:9b:c4,2026-08-26 10:20:19,22.7,52.0758,4.2925,3,The Hague,NL
Rotterdam,Rotterdam_T2,02:00:00:64:fc:02,2026-08-26 10:23:36,21.5,52.072267,4.320268,5,The Hague,NL
Rotterdam,Rotterdam_T2,02:00:00:3f:48:00,2026-08-26 10:29:52,23.0,52.0710033960706,4.32261879386951,4,The Hague,NL
Rotterdam,Rotterdam_T2,02:00:00:27:57:8e,2026-08-26 10:23:29,21.1,52.0758551732259,4.31446773580824,5,The Hague,NL
Rotterdam,Rotterdam_T2,02:00:00:73:bf:68,2026-08-26 10:26:07,21.8,52.07701,4.3427534,1,Voorburg,NL
Rotterdam,Rotterdam_T2,02:00:00:65:6f:8c,2026-08-26 10:23:19,21.9,52.070291,4.352665,0,Voorburg,NL
Rotterdam,Rotterdam_T2,02:00:00:02:c5:da,2026-08-26 10:30:28,22.5,52.0708223,4.3574454,3,Voorburg,NL
Rotterdam,Rotterdam_T2,02:00:00:5e:d3:e0,2026-08-26 10:27:41,21.1,52.0747919334922,4.3629991169802,3,Voorburg,NL
Rotterdam,Rotterdam_T2,02:00:00:83:fd:6c,2026-08-26 10:25:42,21.4,52.075134,4.376925,1,Voorburg,NL
Rotterdam,Rotterdam_T2,02:00:00:33:cc:30,2026-08-26 10:22:02,20.3,52.08009,4.361759,3,Voorburg,NL
Rotterdam,Rotterdam_T2,02:00:00:5f:58:86,2026-08-26 10:23:19,20.5,52.078355,4.3865255,0,Leidschendam-Voorburg,NL
Rotterdam,Rotterdam_T2,02:00:00:39:f8:c2,2026-08-26 10:23:14,20.2,52.078976,4.387728,0,Voorburg,NL
Rotterdam,Rotterdam_T2,02:00:00:bd:ca:72,2026-08-26 10:24:22,20.9,52.080704,4.394138,1,Leidschendam,NL
Rotterdam,Rotterdam_T2,02:00:00:8d:c5:a2,2026-08-26 10:23:53,21.3,52.071539,4.408314,0,The Hague,NL
Rotterdam,Rotterdam_T2,02:00:00:a4:45:56,2026-08-26 10:20:07,21.8,52.0678863525391,4.47134017944336,0,Zoetermeer,NL
Rotterdam,Rotterdam_T2,02:00:00:b9:11:7c,2026-08-26 10:20:27,22.4,52.0680732727051,4.47749948501587,0,Zoetermeer,NL
Rotterdam,Rotterdam_T2,02:00:00:28:a6:32,2026-08-26 10:22:27,21.4,52.0709019617043,4.49143366943841,0,Zoetermeer,NL
Rotterdam,Rotterdam_T2,02:00:00:06:8d:26,2026-08-26 10:22:21,21.4,52.0732626253946,4.49771213376639,0,Zoetermeer,NL
Rotterdam,Rotterdam_T2,02:00:00:33:e4:42,2026-08-26 10:28:34,21.3,52.093006,4.260304,9,The Hague,NL
Rotterdam,Rotterdam_T2,02:00:00:3c:f5:1e,2026-08-26 10:24:00,21.1,52.084589,4.265981,5,The Hague,NL
Rotterdam,Rotterdam_T2,02:00:00:b5:95:58,2026-08-26 10:27:10,20.4,52.082624,4.273059,6,The Hague,NL
Rotterdam,Rotterdam_T2,02:00:00:63:3d:96,2026-08-26 10:22:25,21.2,52.091522,4.27206509999998,10,The Hague,NL
Rotterdam,Rotterdam_T2,02:00:00:5f:01:3e,2026-08-26 10:22:57,21.9,52.0857754375627,4.28943129957341,8,The Hague,NL
Rotterdam,Rotterdam_T2,02:00:00:7f:9c:8a,2026-08-26 10:28:45,22.5,52.081812,4.293372,5,The Hague,NL
Rotterdam,Rotterdam_T2,02:00:00:12:79:22,2026-08-26 10:24:29,21.4,52.081968,4.293328,5,The Hague,NL
Rotterdam,Rotterdam_T2,02:00:00:12:4f:d6,2026-08-26 10:22:38,21.2,52.0854341645785,4.31251781803931,6,The Hague,NL
Rotterdam,Rotterdam_T2,02:00:00:b5:a4:2c,2026-08-26 10:29:22,22.6,52.085269,4.312957,5,The Hague,NL
Rotterdam,Rotterdam_T2,02:00:00:74:5d:f2,2026-08-26 10:29:56,21.5,52.094542,4.314409,14,The Hague,NL
Rotterdam,Rotterdam_T2,02:00:00:33:06:e6,2026-08-26 10:24:57,20.3,52.0825767,4.33901500000003,5,The Hague,NL
Rotterdam,Rotterdam_T2,02:00:00:70:53:1a,2026-08-26 10:25:00,20.8,52.0839525958057,4.34141420312182,2,The Hague,NL
Rotterdam,Rotterdam_T2,02:00:00:2f:2d:b0,2026-08-26 10:26:15,20.6,52.0884,4.343069,3,The Hague,NL
Rotterdam,Rotterdam_T2,02:00:00:9d:0b:76,2026-08-26 10:21:21,20.9,52.08924,4.360338,1,The Hague,NL
Rotterdam,Rotterdam_T2,02:00:00:58:73:b6,2026-08-26 10:24:56,20.9,52.0829561696853,4.36915000000003,1,Leidschendam-Voorburg,NL
Rotterdam,Rotterdam_T2,02:00:00:8d:e6:d2,2026-08-26 10:25:17,21.0,52.08936,4.371075,2,Voorburg,NL
Rotterdam,Rotterdam_T2,02:00:00:2b:23:24,2026-08-26 10:22:56,20.3,52.0822677612305,4.38621425628662,3,Leidschendam-Voorburg,NL
Rotterdam,Rotterdam_T2,02:00:00:b5:4f:c8,2026-08-26 10:24:51,21.8,52.083479,4.387075,2,Leidschendam,NL
Rotterdam,Rotterdam_T2,02:00:00:7f:b9:18,2026-08-26 10:21:21,21.3,52.08124,4.39291000000004,3,Leidschendam,NL
Rotterdam,Rotterdam_T2,02:00:00:02:a4:56,2026-08-26 10:22:49,22.7,52.09136,4.406312,2,Leidschendam,NL
Rotterdam,Rotterdam_T2,02:00:00:6b:50:c6,2026-08-26 10:21:51,20.7,52.0912310197558,4.40687429507307,3,Leidschendam,NL
Rotterdam,Rotterdam_T2,02:00:00:2b:14:b6,2026-08-26 10:26:14,21.4,52.093886,4.470451,0,Leidschendam-Voorburg,NL
Rotterdam,Rotterdam_T2,02:00:00:28:a0:ca,2026-08-26 10:30:04,20.3,52.0942794,4.47121889999994,0,Leidschendam-Voorburg,NL
Rotterdam,Rotterdam_T2,02:00:00:c2:46:e6,2026-08-26 10:25:16,22.3,52.1023684600997,4.26914454981171,9,The Hague,NL
Rotterdam,Rotterdam_T2,02:00:00:a2:47:68,2026-08-26 10:29:05,21.5,52.101233,4.270174,9,The Hague,NL
Rotterdam,Rotterdam_T2,02:00:00:03:b5:0e,2026-08-26 10:23:24,21.0,52.104506,4.268526,11,The Hague,NL
Rotterdam,Rotterdam_T2,02:00:00:bd:dc:50,2026-08-26 10:28:28,20.4,52.100603,4.300766,7,The Hague,NL
Rotterdam,Rotterdam_T2,02:00:00:2b:5c:e4,2026-08-26 10:29:47,20.6,52.1022,4.30135000000003,9,The Hague,NL
Rotterdam,Rotterdam_T2,02:00:00:13:4f:12,2026-08-26 10:21:18,21.2,52.0992527419219,4.31103944778442,4,The Hague,NL
Rotterdam,Rotterdam_T2,02:00:00:02:d6:b2,2026-08-26 10:25:06,21.3,52.10552,4.32258000000006,6,The Hague,NL
Rotterdam,Rotterdam_T2,02:00:00:64:35:f0,2026-08-26 10:20:18,19.7,52.0971897757407,4.33524702658857,1,The Hague,NL
Rotterdam,Rotterdam_T2,02:00:00:53:49:e8,2026-08-26 10:22:23,22.0,52.1093510610785,4.37356660986006,0,Wassenaar,NL
Rotterdam,Rotterdam_T2,02:00:00:22:e3:b6,2026-08-26 10:24:47,22.1,52.100779,4.39522,0,Leidschendam,NL
Rotterdam,Rotterdam_T2,02:00:00:84:17:0a,2026-08-26 10:28:11,22.3,52.10114,4.395529,0,Leidschendam,NL
Rotterdam,Rotterdam_T2,02:00:00:b2:b5:0e,2026-08-26 10:29:07,21.9,52.095997,4.414338,0,Leidschendam,NL
Rotterdam,Rotterdam_T2,02:00:00:7f:9c:26,2026-08-26 10:27:22,20.7,52.102006,4.407729,1,Leidschendam,NL
Rotterdam,Rotterdam_T2,02:00:00:01:7d:a8,2026-08-26 10:25:27,22.4,52.110059,4.27961500000007,7,The Hague,NL
Rotterdam,Rotterdam_T2,02:00:00:ab:ee:62,2026-08-26 10:23:51,20.8,52.1106910705566,4.28558301925659,9,The Hague,NL
Rotterdam,Rotterdam_T2,02:00:00:a4:6d:5a,2026-08-26 10:26:27,19.4,52.1107146213087,4.28671707760065,8,The Hague,NL
Rotterdam,Rotterdam_T2,02:00:00:33:fd:7c,2026-08-26 10:27:30,20.1,52.111572,4.372817,3,Wassenaar,NL
Rotterdam,Rotterdam_T2,02:00:00:a4:5c:34,2026-08-26 10:27:47,21.6,52.111214,4.436711,0,Voorschoten,NL
Rotterdam,Rotterdam_T2,02:00:00:73:be:68,2026-08-26 10:21:52,22.4,52.117177,4.443719,0,Voorschoten,NL
Rotterdam,Rotterdam_T2,02:00:00:c5:37:c4,2026-08-26 10:27:12,20.6,52.114344,4.444795,0,Voorschoten,NL
Rotterdam,Rotterdam_T2,02:00:00:3b:ff:70,2026-08-26 10:29:25,22.2,52.1277061891672,4.36202768103674,6,Wassenaar,NL
Rotterdam,Rotterdam_T2,02:00:00:a4:47:d4,2026-08-26 10:28:42,21.2,52.12634,4.384166,2,Wassenaar,NL
Rotterdam,Rotterdam_T2,02:00:00:7a:6c:b0,2026-08-26 10:24:28,21.6,52.12483,4.4367504,1,Voorschoten,NL
Rotterdam,Rotterdam_T2,02:00:00:70:45:0e,2026-08-26 10:21:17,20.7,52.126899,4.437364,0,Voorschoten,NL
Rotterdam,Rotterdam_T2,02:00:00:bd:d9:62,2026-08-26 10:21:31,22.3,52.130948,4.456233,0,Voorschoten,NL
Rotterdam,Rotterdam_T2,02:00:00:04:77:ec,2026-08-26 10:25:11,24.4,52.137813,4.466427,0,Voorschoten,NL
Rotterdam,Rotterdam_T2,02:00:00:13:48:f2,2026-08-26 10:22:13,21.4,52.1383267055258,4.46930246147369,4,Leiden,NL
Rotterdam,Rotterdam_T2,02:00:00:7f:98:b0,2026-08-26 10:30:28,23.1,51.793851,4.277562,0,Goudswaard,NL
Rotterdam,Rotterdam_T2,02:00:00:84:01:f4,2026-08-26 10:20:56,20.2,51.795956,4.316063,0,Piershil,NL
Rotterdam,Rotterdam_T2,02:00:00:a4:53:38,2026-08-26 10:27:49,20.3,51.8061561584473,4.34367895126343,0,Nieuw-Beijerland,NL
Rotterdam,Rotterdam_T2,02:00:00:70:24:c0,2026-08-26 10:29:24,20.3,51.79538,4.47853999999995,0,Hoeksche Waard,NL
Rotterdam,Rotterdam_T2,02:00:00:8d:cf:32,2026-08-26 10:28:25,21.2,51.7989258,4.48003469999999,1,Mijnsheerenland,NL
Rotterdam,Rotterdam_T2,02:00:00:17:f3:8c,2026-08-26 10:24:20,19.4,51.813893,4.338688,0,Hoeksche Waard,NL
Rotterdam,Rotterdam_T2,02:00:00:12:63:46,2026-08-26 10:24:49,21.0,51.816084,4.404314,0,Oud-Beijerland,NL
Rotterdam,Rotterdam_T2,02:00:00:19:32:0a,2026-08-26 10:25:38,20.4,51.8201,4.4265,0,Oud-Beijerland,NL
Rotterdam,Rotterdam_T2,02:00:00:1d:ee:0c,2026-08-26 10:22:03,19.8,51.814618,4.431096,0,Hoeksche Waard,NL
Rotterdam,Rotterdam_T2,02:00:00:a9:d0:4e,2026-08-26 10:27:30,20.4,51.816875,4.432654,0,Oud-Beijerland,NL
Rotterdam,Rotterdam_T2,02:00:00:b0:a7:c6,2026-08-26 10:25:42,20.5,51.8194923400879,4.42992401123047,0,Oud-Beijerland,NL
Rotterdam,Rotterdam_T2,02:00:00:52:d6:1c,2026-08-26 10:23:17,20.5,51.8273166908673,4.24860230421604,0,Nissewaard,NL
Rotterdam,Rotterdam_T2,02:00:00:c6:18:06,2026-08-26 10:26:32,20.6,51.82763,4.25183,0,Zuidland,NL
Rotterdam,Rotterdam_T2,02:00:00:63:0e:9a,2026-08-26 10:25:05,21.4,51.8228896113569,4.25690523338619,0,Nissewaard,NL
Rotterdam,Rotterdam_T2,02:00:00:12:ed:2e,2026-08-26 10:23:26,19.7,51.832122,4.281581,0,Simonshaven,NL
Rotterdam,Rotterdam_T2,02:00:00:bc:cb:30,2026-08-26 10:22:59,20.3,51.833767,4.297901,0,Simonshaven,NL
Rotterdam,Rotterdam_T2,02:00:00:2e:be:70,2026-08-26 10:21:30,21.1,51.828405,4.320218,0,Nissewaard,NL
Rotterdam,Rotterdam_T2,02:00:00:83:80:70,2026-08-26 10:20:35,20.3,51.828982,4.321931,0,Spijkenisse,NL
Rotterdam,Rotterdam_T2,02:00:00:b2:c5:16,2026-08-26 10:22:08,20.4,51.833293,4.327577,0,Spijkenisse,NL
Rotterdam,Rotterdam_T2,02:00:00:1c:5d:d8,2026-08-26 10:29:29,21.1,51.831596,4.34732,0,Spijkenisse,NL
Rotterdam,Rotterdam_T2,02:00:00:74:30:f8,2026-08-26 10:21:24,20.3,51.83397,4.33733000000001,0,Spijkenisse,NL
Rotterdam,Rotterdam_T2,02:00:00:33:d1:48,2026-08-26 10:28:29,20.5,51.835362,4.340818,0,Spijkenisse,NL
Rotterdam,Rotterdam_T2,02:00:00:a2:45:50,2026-08-26 10:24:53,21.0,51.833564,4.369612,0,Spijkenisse,NL
Rotterdam,Rotterdam_T2,02:00:00:8d:ce:38,2026-08-26 10:22:28,20.0,51.833848,4.370394,0,Spijkenisse,NL
Rotterdam,Rotterdam_T2,02:00:00:b9:1f:9e,2026-08-26 10:25:12,20.8,51.826743,4.418683,2,Oud-Beijerland,NL
Rotterdam,Rotterdam_T2,02:00:00:2f:24:b0,2026-08-26 10:26:01,20.9,51.82603,4.423475,1,Oud-Beijerland,NL
Rotterdam,Rotterdam_T2,02:00:00:c2:4d:24,2026-08-26 10:21:53,20.5,51.826379,4.423903,1,Oud-Beijerland,NL
Rotterdam,Rotterdam_T2,02:00:00:b0:92:a0,2026-08-26 10:22:28,20.7,51.825342,4.484375,0,Heinenoord,NL
Rotterdam,Rotterdam_T2,02:00:00:13:7c:72,2026-08-26 10:28:46,20.0,51.8485857,4.30565690000003,0,Nissewaard,NL
Rotterdam,Rotterdam_T2,02:00:00:00:c4:a2,2026-08-26 10:23:07,21.0,51.835934,4.315718,0,Spijkenisse,NL
Rotterdam,Rotterdam_T2,02:00:00:90:af:46,2026-08-26 10:24:08,19.5,51.83904,4.319577,0,Spijkenisse,NL
Rotterdam,Rotterdam_T2,02:00:00:65:34:82,2026-08-26 10:23:02,19.9,51.8423805236816,4.31939363479614,0,Spijkenisse,NL
Rotterdam,Rotterdam_T2,02:00:00:7f:c0:78,2026-08-26 10:24:55,20.8,51.84996,4.3388395,0,Spijkenisse,NL
Rotterdam,Rotterdam_T2,02:00:00:a4:28:8e,2026-08-26 10:30:12,20.4,51.8376655578613,4.34094619750977,1,Spijkenisse,NL
Rotterdam,Rotterdam_T2,02:00:00:7a:77:68,2026-08-26 10:26:05,20.3,51.846795,4.341356,1,Spijkenisse,NL
Rotterdam,Rotterdam_T2,02:00:00:2a:ee:60,2026-08-26 10:19:48,20.2,51.836635,4.368071,0,Nissewaard,NL
Rotterdam,Rotterdam_T2,02:00:00:8d:ca:84,2026-08-26 10:25:17,20.3,51.836617,4.371667,0,Spijkenisse,NL
Rotterdam,Rotterdam_T2,02:00:00:12:fb:d2,2026-08-26 10:25:34,21.7,51.8374458439446,4.37149661379999,1,Nissewaard,NL
Rotterdam,Rotterdam_T2,02:00:00:13:6b:d6,2026-08-26 10:27:27,21.6,51.848988,4.417614,0,Poortugaal,NL
Rotterdam,Rotterdam_T2,02:00:00:b5:35:7a,2026-08-26 10:30:29,20.0,51.8507194519043,4.32065153121948,0,Spijkenisse,NL
Rotterdam,Rotterdam_T2,02:00:00:b5:0b:cc,2026-08-26 10:20:14,19.3,51.857194,4.316324,0,Spijkenisse,NL
Rotterdam,Rotterdam_T2,02:00:00:a2:46:e2,2026-08-26 10:24:19,19.5,51.857365,4.316291,0,Spijkenisse,NL
Rotterdam,Rotterdam_T2,02:00:00:6b:34:e8,2026-08-26 10:23:20,18.8,51.853658,4.341445,9,Spijkenisse,NL
Rotterdam,Rotterdam_T2,02:00:00:96:c1:f0,2026-08-26 10:28:07,19.5,51.8526191711426,4.34237861633301,5,Spijkenisse,NL
Rotterdam,Rotterdam_T2,02:00:00:17:5c:2a,2026-08-26 10:23:31,19.1,51.852885,4.342628,5,Spijkenisse,NL
Rotterdam,Rotterdam_T2,02:00:00:5f:22:3e,2026-08-26 10:30:17,19.5,51.8544044494629,4.3646936416626,0,Rotterdam,NL
Rotterdam,Rotterdam_T2,02:00:00:83:df:7c,2026-08-26 10:20:25,20.8,51.852008,4.377223,1,Hoogvliet,NL
Rotterdam,Rotterdam_T2,02:00:00:b2:be:60,2026-08-26 10:29:21,20.1,51.857295,4.394365,1,Poortugaal,NL
Rotterdam,Rotterdam_T2,02:00:00:bc:d0:3e,2026-08-26 10:28:44,20.3,51.858581,4.392577,0,Poortugaal,NL
Rotterdam,Rotterdam_T2,02:00:00:bc:e1:0c,2026-08-26 10:21:43,19.6,51.8635694,4.39623120000001,0,Poortugaal,NL
Rotterdam,Rotterdam_T2,02:00:00:01:05:d0,2026-08-26 10:28:09,21.4,51.851921,4.423444,0,Rhoon,NL
Rotterdam,Rotterdam_T2,02:00:00:84:84:1e,2026-08-26 10:25:04,20.8,51.858887,4.421957,0,Rhoon,NL
Rotterdam,Rotterdam_T2,02:00:00:a2:5c:12,2026-08-26 10:18:57,20.6,51.8594623479853,4.42698154071272,0,Rhoon,NL
Rotterdam,Rotterdam_T2,02:00:00:a2:32:24,2026-08-26 10:21:22,20.5,51.857958,4.432325,0,Rhoon,NL
Rotterdam,Rotterdam_T2,02:00:00:5f:34:da,2026-08-26 10:25:53,21.6,51.8547049,4.47099120000005,0,Rhoon,NL
Rotterdam,Rotterdam_T2,02:00:00:02:c7:50,2026-08-26 10:28:25,22.3,51.856688,4.472128,0,Rhoon,NL
Rotterdam,Rotterdam_T2,02:00:00:03:74:d0,2026-08-26 10:21:05,20.5,51.8517608642578,4.49835109710693,0,Barendrecht,NL
Rotterdam,Rotterdam_T2,02:00:00:3f:01:d8,2026-08-26 10:29:58,19.8,51.8569415,4.4865023,0,Barendrecht,NL
Rotterdam,Rotterdam_T2,02:00:00:2a:d4:c8,2026-08-26 10:21:29,21.6,51.8570636,4.48758950000001,0,Barendrecht,NL
Rotterdam,Rotterdam_T2,02:00:00:bd:e9:04,2026-08-26 10:26:33,20.8,51.866558,4.375568,0,Hoogvliet,NL
Rotterdam,Rotterdam_T2,02:00:00:01:01:b4,2026-08-26 10:26:49,20.5,51.8652629979766,4.39664993821385,0,Albrandswaard,NL
Rotterdam,Rotterdam_T2,02:00:00:a2:60:fc,2026-08-26 10:21:01,20.4,51.874794,4.466563,0,Rotterdam,NL
Rotterdam,Rotterdam_T2,02:00:00:1c:87:14,2026-08-26 10:20:22,24.4,51.874054,4.483835,0,Rotterdam,NL
Rotterdam,Rotterdam_T2,02:00:00:73:c0:3a,2026-08-26 10:21:59,21.4,51.887171,4.383392,0,Pernis,NL
Rotterdam,Rotterdam_T2,02:00:00:32:e7:f8,2026-08-26 10:24:41,20.7,51.892172,4.386614,3,Pernis,NL
Rotterdam,Rotterdam_T2,02:00:00:1f:7e:90,2026-08-26 10:21:12,20.8,51.8847667,4.4695263,0,Rotterdam,NL
Rotterdam,Rotterdam_T2,02:00:00:12:73:96,2026-08-26 10:28:26,20.8,51.890287,4.477402,2,Rotterdam,NL
Rotterdam,Rotterdam_T2,02:00:00:c3:9b:aa,2026-08-26 10:21:03,20.2,51.888355255127,4.49187803268433,6,Rotterdam,NL
Rotterdam,Rotterdam_T2,02:00:00:c2:33:4e,2026-08-26 10:23:23,20.4,51.907263,4.232915,1,Rozenburg,NL
Rotterdam,Rotterdam_T2,02:00:00:02:d9:74,2026-08-26 10:27:47,19.9,51.9018321151561,4.23758983612055,2,Rozenburg,NL
Rotterdam,Rotterdam_T2,02:00:00:27:7d:68,2026-08-26 10:24:28,21.0,51.902208,4.248835,4,Rozenburg,NL
Rotterdam,Rotterdam_T2,02:00:00:37:27:ba,2026-08-26 10:25:43,20.4,51.906634,4.321553,0,Vlaardingen,NL
Rotterdam,Rotterdam_T2,02:00:00:63:17:f6,2026-08-26 10:21:19,20.1,51.902018,4.342717,3,Vlaardingen,NL
Rotterdam,Rotterdam_T2,02:00:00:a9:ce:0a,2026-08-26 10:23:38,19.1,51.907543182373,4.35149145126343,2,Vlaardingen,NL
Rotterdam,Rotterdam_T2,02:00:00:c2:45:d6,2026-08-26 10:21:23,20.5,51.905582,4.405567,0,Schiedam,NL
Rotterdam,Rotterdam_T2,02:00:00:9d:29:a2,2026-08-26 10:19:58,19.9,51.901312,4.458192,6,Rotterdam,NL
Rotterdam,Rotterdam_T2,02:00:00:1f:6b:c0,2026-08-26 10:22:11,19.4,51.8992767333984,4.48442125320435,2,Rotterdam,NL
Rotterdam,Rotterdam_T2,02:00:00:2b:09:b6,2026-08-26 10:24:19,20.2,51.8965726546856,4.49371075471399,8,Rotterdam,NL
Rotterdam,Rotterdam_T2,02:00:00:3c:f6:d6,2026-08-26 10:08:41,20.3,51.907451,4.499961,5,Rotterdam,NL
Rotterdam,Rotterdam_T2,02:00:00:3c:fa:c8,2026-08-26 10:22:08,21.2,51.911378,4.236979,2,Rotterdam,NL
Rotterdam,Rotterdam_T2,02:00:00:01:7c:12,2026-08-26 10:24:10,20.4,51.920774,4.237957,2,Maassluis,NL
Rotterdam,Rotterdam_T2,02:00:00:18:f8:10,2026-08-26 10:28:21,21.6,51.9087995610964,4.24184925481109,1,Rozenburg,NL
Rotterdam,Rotterdam_T2,02:00:00:83:ef:60,2026-08-26 10:17:47,21.2,51.909076,4.242459,3,Rozenburg,NL
Rotterdam,Rotterdam_T2,02:00:00:a9:4f:c2,2026-08-26 10:23:35,20.5,51.916124,4.24886000000006,3,Maassluis,NL
Rotterdam,Rotterdam_T2,02:00:00:a2:70:a6,2026-08-26 10:22:41,20.5,51.913362,4.256699,5,Maassluis,NL
Rotterdam,Rotterdam_T2,02:00:00:bc:f6:62,2026-08-26 10:26:10,20.0,51.913163646918,4.31969458235608,0,Vlaardingen,NL
Rotterdam,Rotterdam_T2,02:00:00:12:a4:34,2026-08-26 10:21:35,20.6,51.909151,4.332132,2,Vlaardingen,NL
Rotterdam,Rotterdam_T2,02:00:00:74:5d:08,2026-08-26 10:20:46,20.0,51.912452208961,4.3338788262849,0,Vlaardingen,NL
Rotterdam,Rotterdam_T2,02:00:00:2b:20:2a,2026-08-26 10:28:12,20.6,51.9141002514251,4.33724462985993,1,Vlaardingen,NL
Rotterdam,Rotterdam_T2,02:00:00:bd:0a:46,2026-08-26 10:28:37,20.7,51.909511,4.348642,4,Vlaardingen,NL
Rotterdam,Rotterdam_T2,02:00:00:1f:5d:38,2026-08-26 10:21:00,20.2,51.91295,4.34258000000006,2,Vlaardingen,NL
Rotterdam,Rotterdam_T2,02:00:00:58:c6:ce,2026-08-26 10:26:46,20.4,51.9178282,4.3598377,1,Vlaardingen,NL
Rotterdam,Rotterdam_T2,02:00:00:7f:be:10,2026-08-26 10:29:49,20.3,51.91672,4.3632045,2,Vlaardingen,NL
Rotterdam,Rotterdam_T2,02:00:00:53:5b:da,2026-08-26 10:24:20,20.0,51.908555,4.401612,2,Schiedam,NL
Rotterdam,Rotterdam_T2,02:00:00:7f:b3:02,2026-08-26 10:20:21,21.4,51.91247,4.4030027,4,Schiedam,NL
Rotterdam,Rotterdam_T2,02:00:00:b9:1f:4a,2026-08-26 10:23:06,19.8,51.9213366779173,4.40755754480418,11,Schiedam,NL
Rotterdam,Rotterdam_T2,02:00:00:2a:f8:5e,2026-08-26 10:21:10,20.5,51.915024,4.4355793,9,Rotterdam,NL
Rotterdam,Rotterdam_T2,02:00:00:b5:80:32,2026-08-26 10:28:37,20.7,51.918558,4.449248,4,Rotterdam,NL
Rotterdam,Rotterdam_T2,02:00:00:ab:ed:0a,2026-08-26 10:27:18,20.1,51.91357,4.450989,4,Rotterdam,NL
Rotterdam,Rotterdam_T2,02:00:00:a9:70:9e,2026-08-26 10:29:08,18.8,51.918565,4.454217,1,Rotterdam,NL
Rotterdam,Rotterdam_T2,02:00:00:84:0b:f4,2026-08-26 10:23:10,21.3,51.910764,4.459764,4,Rotterdam,NL
Rotterdam,Rotterdam_T2,02:00:00:33:2f:18,2026-08-26 10:23:44,21.1,51.911367,4.460016,4,Rotterdam,NL
Rotterdam,Rotterdam_T2,02:00:00:7f:8b:fa,2026-08-26 10:24:21,21.0,51.9101171296848,4.48145787979085,11,Rotterdam,NL
Rotterdam,Rotterdam_T2,02:00:00:9b:51:8a,2026-08-26 10:28:18,20.4,51.9145812294122,4.47774262764995,4,Rotterdam,NL
Rotterdam,Rotterdam_T2,02:00:00:5f:1e:ee,2026-08-26 10:24:21,19.7,51.9190216064453,4.48513317108154,14,Rotterdam,NL
Rotterdam,Rotterdam_T2,02:00:00:52:d3:56,2026-08-26 10:25:49,20.8,51.929916,4.232157,4,Maassluis,NL
Rotterdam,Rotterdam_T2,02:00:00:b9:51:52,2026-08-26 10:28:36,21.2,51.929904,4.233498,5,Maassluis,NL
Rotterdam,Rotterdam_T2,02:00:00:b9:59:00,2026-08-26 10:27:36,20.5,51.92626,4.237906,4,Maassluis,NL
Rotterdam,Rotterdam_T2,02:00:00:5f:15:be,2026-08-26 10:22:16,19.5,51.930806,4.250148,4,Maassluis,NL
Rotterdam,Rotterdam_T2,02:00:00:05:ee:ae,2026-08-26 10:25:30,21.1,51.9231280630933,4.25827900739023,0,Maassluis,NL
Rotterdam,Rotterdam_T2,02:00:00:01:cf:56,2026-08-26 10:20:46,20.7,51.9234903998484,4.25831994624131,0,Maassluis,NL
Rotterdam,Rotterdam_T2,02:00:00:7f:94:b0,2026-08-26 10:20:34,20.4,51.931354,4.269027,0,Maasland,NL
Rotterdam,Rotterdam_T2,02:00:00:29:09:70,2026-08-26 10:28:27,20.3,51.932986,4.267365,1,Maasland,NL
Rotterdam,Rotterdam_T2,02:00:00:b5:74:1c,2026-08-26 10:29:38,19.9,51.93374,4.26775999999999,0,Maasland,NL
Rotterdam,Rotterdam_T2,02:00:00:63:06:60,2026-08-26 10:24:33,22.7,51.934327,4.334653,0,Vlaardingen,NL
Rotterdam,Rotterdam_T2,02:00:00:bc:a8:9c,2026-08-26 10:22:08,20.4,51.931770324707,4.34035110473633,1,Vlaardingen,NL
Rotterdam,Rotterdam_T2,02:00:00:36:d7:e4,2026-08-26 10:29:52,20.5,51.9296493530273,4.34874200820923,0,Vlaardingen,NL
Rotterdam,Rotterdam_T2,02:00:00:bd:e2:4c,2026-08-26 10:26:15,20.2,51.935245,4.342573,0,Vlaardingen,NL
Rotterdam,Rotterdam_T2,02:00:00:bc:d1:1c,2026-08-26 10:20:58,21.5,51.9350965,4.36687449999998,2,Schiedam,NL
Rotterdam,Rotterdam_T2,02:00:00:c6:23:6c,2026-08-26 10:25:30,20.8,51.934768,4.381632,0,Schiedam,NL
Rotterdam,Rotterdam_T2,02:00:00:ab:cb:62,2026-08-26 10:27:41,20.6,51.930617,4.445321,0,Rotterdam,NL
Rotterdam,Rotterdam_T2,02:00:00:74:09:f2,2026-08-26 10:25:08,20.0,51.92814,4.456759,1,Rotterdam,NL
Rotterdam,Rotterdam_T2,02:00:00:28:6f:3e,2026-08-26 10:29:58,22.1,51.9340316,4.4594037,5,Rotterdam,NL
Rotterdam,Rotterdam_T2,02:00:00:1f:5d:94,2026-08-26 10:21:24,21.3,51.936519,4.463171,1,Rotterdam,NL
Rotterdam,Rotterdam_T2,02:00:00:a9:49:dc,2026-08-26 10:27:38,21.1,51.9230452,4.48168170000002,3,Rotterdam,NL
Rotterdam,Rotterdam_T2,02:00:00:74:35:a2,2026-08-26 10:27:02,20.8,51.927002,4.4848413,4,Rotterdam,NL
Rotterdam,Rotterdam_T2,02:00:00:02:b1:f0,2026-08-26 10:30:01,21.0,51.933387,4.489811,3,Rotterdam,NL
Rotterdam,Rotterdam_T2,02:00:00:84:0e:9e,2026-08-26 10:28:02,20.4,51.939707,4.230973,0,Maassluis,NL
Rotterdam,Rotterdam_T2,02:00:00:12:fb:ba,2026-08-26 10:20:10,20.6,51.941607,4.230965,2,Maassluis,NL
Rotterdam,Rotterdam_T2,02:00:00:c3:e5:c8,2026-08-26 10:24:55,20.5,51.9393743374208,4.24159275841118,0,Maassluis,NL
Rotterdam,Rotterdam_T2,02:00:00:b5:53:1c,2026-08-26 10:27:40,19.6,51.949414,4.270392,0,Maasland,NL
Rotterdam,Rotterdam_T2,02:00:00:c5:33:20,2026-08-26 10:23:41,20.4,51.940538,4.34364800000001,0,Vlaardingen,NL
Rotterdam,Rotterdam_T2,02:00:00:70:4d:76,2026-08-26 10:19:54,20.2,51.940698,4.344899,0,Vlaardingen,NL
Rotterdam,Rotterdam_T2,02:00:00:7f:d3:b4,2026-08-26 10:25:40,20.4,51.937524,4.359107,1,,NL
Rotterdam,Rotterdam_T2,02:00:00:28:74:22,2026-08-26 10:21:31,19.5,51.939015,4.368109,0,Schiedam,NL
Rotterdam,Rotterdam_T2,02:00:00:b2:c3:a2,2026-08-26 10:27:08,20.9,51.9398735,4.37264590000001,0,Schiedam,NL
Rotterdam,Rotterdam_T2,02:00:00:bd:fb:70,2026-08-26 10:30:14,20.7,51.945864,4.366965,0,Schiedam,NL
Rotterdam,Rotterdam_T2,02:00:00:65:38:b0,2026-08-26 10:23:25,20.7,51.942,4.38433999999999,0,Schiedam,NL
Rotterdam,Rotterdam_T2,02:00:00:9c:d6:c8,2026-08-26 10:24:15,20.2,51.9391683837513,4.42066682686317,4,Rotterdam,NL
Rotterdam,Rotterdam_T2,02:00:00:96:bd:fa,2026-08-26 10:28:09,20.6,51.943919,4.426938,1,Rotterdam,NL
Rotterdam,Rotterdam_T2,02:00:00:90:8a:8e,2026-08-26 10:22:48,20.2,51.9372746579483,4.4418073394422,2,Rotterdam,NL
Rotterdam,Rotterdam_T2,02:00:00:2b:02:62,2026-08-26 10:23:22,20.2,51.939917,4.448351,0,Rotterdam,NL
Rotterdam,Rotterdam_T2,02:00:00:70:34:90,2026-08-26 10:29:40,20.1,51.9450199999999,4.44205000000004,0,Rotterdam,NL
Rotterdam,Rotterdam_T2,02:00:00:bd:e0:c8,2026-08-26 10:26:16,21.1,51.946104,4.46737,0,Rotterdam,NL
Rotterdam,Rotterdam_T2,02:00:00:af:8b:58,2026-08-26 10:30:28,21.5,51.9460220336914,4.47492647171021,0,Rotterdam,NL
Rotterdam,Rotterdam_T2,02:00:00:90:71:58,2026-08-26 10:20:16,20.4,51.93707,4.479222,3,Rotterdam,NL
Rotterdam,Rotterdam_T2,02:00:00:bc:e3:ec,2026-08-26 10:26:07,19.8,51.9374587797425,4.49468157586424,2,Rotterdam,NL
Rotterdam,Rotterdam_T2,02:00:00:bd:de:c6,2026-08-26 10:27:37,20.3,51.937429,4.495607,0,Rotterdam,NL
Rotterdam,Rotterdam_T2,02:00:00:17:e0:1e,2026-08-26 10:21:00,20.4,51.955246,4.314398,0,Maasland,NL
Rotterdam,Rotterdam_T2,02:00:00:a4:41:88,2026-08-26 10:26:00,19.8,51.955283,4.314406,0,Maasland,NL
Rotterdam,Rotterdam_T2,02:00:00:3f:16:82,2026-08-26 10:22:48,20.1,51.962066,4.395128,1,Rotterdam,NL
Rotterdam,Rotterdam_T2,02:00:00:65:28:6e,2026-08-26 10:25:35,20.8,51.95247,4.46971,0,Rotterdam,NL
Rotterdam,Rotterdam_T2,02:00:00:28:79:a0,2026-08-26 10:25:14,21.7,51.9583,4.4668,0,Rotterdam,NL
Rotterdam,Rotterdam_T2,02:00:00:7a:6d:be,2026-08-26 10:26:55,20.4,51.96209,4.471111,0,Rotterdam,NL
Rotterdam,Rotterdam_T2,02:00:00:19:c2:10,2026-08-26 10:20:50,20.8,51.96346,4.48096700000011,0,Rotterdam,NL
